 written on 30Sep2026 at 07:19:40 
  -2.6988037638089994        0.0000000000000000        2.6988037638089994     
   0.0000000000000000        2.6988037638089994        2.6988037638089994     
  -2.6988037638089994        2.6988037638089994        0.0000000000000000     
           8
          93
    4    6    2    2    2    1    2    2    1    1    2    6    2    2    2
    6    2    2    4    1    1    1    4    1    1    1    1    2    1    1
    1    2    2    1    1    2    4    2    1    2    1    1    1    1    2
    1    1    1    2    1    1    1    1    2    1    2    4    2    1    1
    2    2    1    1    1    2    1    1    1    1    4    1    1    1    4
    2    2    6    2    2    2    6    2    1    1    2    2    1    2    2
    2    6    4

   -3    1    1
    1    1    0.66173823E-01  0.32970201E-08
    2    1   -0.12788707E-01 -0.14009889E-08
    3    1   -0.12788705E-01 -0.10319381E-08
    4    1   -0.12788704E-01  0.41178512E-08
    5    1    0.44999231E-01 -0.16922350E-09
    6    1   -0.24315260E-01  0.13706342E-08
    7    1   -0.24315249E-01  0.62585139E-08
    8    1   -0.24315259E-01 -0.24969361E-08
    1    2   -0.12788707E-01 -0.25755009E-08
    2    2    0.66173821E-01  0.66794972E-08
    3    2   -0.12788708E-01 -0.36076081E-08
    4    2   -0.12788708E-01 -0.50689596E-09
    5    2   -0.23640157E-01 -0.19592389E-08
    6    2   -0.23731851E-01 -0.54093108E-08
    7    2    0.16202159E-01  0.28767417E-08
    8    2    0.16202160E-01 -0.26984924E-08
    1    3   -0.12788705E-01 -0.45003659E-09
    2    3   -0.12788711E-01 -0.30602060E-08
    3    3    0.66173825E-01  0.48066753E-08
    4    3   -0.12788707E-01  0.33457553E-09
    5    3   -0.23640157E-01 -0.20738785E-08
    6    3    0.16202165E-01  0.10980587E-07
    7    3   -0.23731859E-01 -0.34576835E-08
    8    3    0.16202160E-01  0.15074704E-08
    1    4   -0.12788706E-01 -0.18744734E-08
    2    4   -0.12788709E-01  0.37739757E-08
    3    4   -0.12788706E-01 -0.30488678E-08
    4    4    0.66173822E-01 -0.21181625E-09
    5    4   -0.23640162E-01 -0.94476783E-09
    6    4    0.16202161E-01 -0.25637780E-08
    7    4    0.16202158E-01  0.42642739E-08
    8    4   -0.23731851E-01  0.21930529E-09
    1    5    0.31809962E-01  0.30362470E-08
    2    5   -0.37384090E-01 -0.30801009E-08
    3    5   -0.37384096E-01 -0.89441309E-09
    4    5   -0.37384093E-01  0.84138099E-09
    5    5    0.76965819E-01  0.25935885E-08
    6    5   -0.14260032E-01 -0.21105169E-08
    7    5   -0.14260024E-01 -0.24706640E-08
    8    5   -0.14260026E-01  0.13483672E-08
    1    6    0.67311302E-02  0.30156725E-08
    2    6   -0.40337626E-02 -0.28964600E-08
    3    6   -0.70471190E-02  0.61204356E-09
    4    6   -0.70471210E-02 -0.77621708E-10
    5    6   -0.14260031E-01  0.20082845E-08
    6    6    0.76965828E-01  0.72761923E-08
    7    6   -0.14260035E-01  0.48264654E-08
    8    6   -0.14260034E-01  0.31354993E-08
    1    7    0.67311280E-02 -0.22845473E-08
    2    7   -0.70471222E-02  0.29519669E-08
    3    7   -0.40337610E-02 -0.23571774E-08
    4    7   -0.70471219E-02  0.11643197E-08
    5    7   -0.14260027E-01 -0.34337315E-08
    6    7   -0.14260035E-01 -0.42936850E-08
    7    7    0.76965822E-01  0.75185052E-08
    8    7   -0.14260030E-01 -0.23166700E-08
    1    8    0.67311241E-02 -0.44045756E-08
    2    8   -0.70471220E-02  0.44436088E-09
    3    8   -0.70471177E-02 -0.83076846E-09
    4    8   -0.40337608E-02  0.37156852E-08
    5    8   -0.14260028E-01 -0.52760062E-08
    6    8   -0.14260034E-01 -0.40643553E-08
    7    8   -0.14260028E-01 -0.26316406E-08
    8    8    0.76965821E-01 -0.21744235E-08

   -2   -2    2
    1    1    0.19796810E-01 -0.16548987E-16
    2    1   -0.83385966E-02  0.14605447E-08
    3    1   -0.83385978E-02 -0.22981736E-08
    4    1   -0.83385985E-02 -0.68483102E-08
    5    1    0.21334724E-01  0.26698182E-08
    6    1   -0.18153178E-02 -0.76754279E-09
    7    1   -0.18153132E-02 -0.28177480E-08
    8    1   -0.18153159E-02 -0.12298995E-08
    1    2   -0.83385966E-02 -0.14605447E-08
    2    2    0.19796804E-01  0.24609827E-16
    3    2   -0.83385969E-02 -0.71560015E-08
    4    2   -0.83385968E-02 -0.60977050E-08
    5    2   -0.72245539E-02 -0.75110115E-08
    6    2   -0.54258633E-02  0.34324780E-08
    7    2    0.10722790E-01 -0.12067411E-08
    8    2    0.10722792E-01 -0.24738369E-08
    1    3   -0.83385978E-02  0.22981736E-08
    2    3   -0.83385969E-02  0.71560016E-08
    3    3    0.19796807E-01  0.12689450E-16
    4    3   -0.83385982E-02 -0.30925048E-08
    5    3   -0.72245538E-02  0.21873098E-08
    6    3    0.10722792E-01 -0.21049962E-08
    7    3   -0.54258635E-02  0.29465473E-08
    8    3    0.10722790E-01 -0.79360493E-09
    1    4   -0.83385985E-02  0.68483102E-08
    2    4   -0.83385968E-02  0.60977049E-08
    3    4   -0.83385982E-02  0.30925048E-08
    4    4    0.19796810E-01 -0.17722128E-16
    5    4   -0.72245569E-02  0.58605972E-10
    6    4    0.10722794E-01 -0.91961500E-09
    7    4    0.10722789E-01 -0.14928551E-08
    8    4   -0.54258602E-02  0.78523140E-08
    1    5    0.21334724E-01 -0.26698182E-08
    2    5   -0.72245539E-02  0.75110115E-08
    3    5   -0.72245538E-02 -0.21873098E-08
    4    5   -0.72245569E-02 -0.58605938E-10
    5    5    0.18964293E-01 -0.73889802E-17
    6    5   -0.89361903E-02  0.82523436E-08
    7    5   -0.89361884E-02 -0.56987205E-09
    8    5   -0.89361917E-02  0.41211879E-08
    1    6   -0.18153178E-02  0.76754281E-09
    2    6   -0.54258633E-02 -0.34324780E-08
    3    6    0.10722792E-01  0.21049962E-08
    4    6    0.10722794E-01  0.91961497E-09
    5    6   -0.89361903E-02 -0.82523436E-08
    6    6    0.18964290E-01 -0.19733213E-16
    7    6   -0.89361887E-02 -0.56969487E-08
    8    6   -0.89361922E-02 -0.24635404E-08
    1    7   -0.18153132E-02  0.28177480E-08
    2    7    0.10722790E-01  0.12067411E-08
    3    7   -0.54258635E-02 -0.29465473E-08
    4    7    0.10722789E-01  0.14928551E-08
    5    7   -0.89361884E-02  0.56987206E-09
    6    7   -0.89361887E-02  0.56969487E-08
    7    7    0.18964290E-01 -0.78064008E-17
    8    7   -0.89361905E-02  0.31234932E-08
    1    8   -0.18153159E-02  0.12298996E-08
    2    8    0.10722792E-01  0.24738369E-08
    3    8    0.10722790E-01  0.79360495E-09
    4    8   -0.54258602E-02 -0.78523140E-08
    5    8   -0.89361917E-02 -0.41211879E-08
    6    8   -0.89361922E-02  0.24635404E-08
    7    8   -0.89361905E-02 -0.31234932E-08
    8    8    0.18964291E-01 -0.96272638E-17

   -2   -1    1
    1    1   -0.21346949E-01  0.70244804E-09
    2    1    0.70221678E-02  0.38371721E-08
    3    1    0.14734880E-01 -0.12315106E-08
    4    1    0.70221641E-02  0.91727254E-09
    5    1   -0.18955236E-01 -0.29817449E-08
    6    1    0.87305029E-02  0.16507541E-08
    7    1   -0.27366979E-01 -0.18596215E-08
    8    1    0.87305036E-02 -0.56821102E-09
    1    2    0.41504714E-02 -0.14093184E-08
    2    2   -0.36990328E-02 -0.22977354E-08
    3    2    0.70221619E-02  0.15556384E-08
    4    2   -0.18888274E-01  0.36670798E-08
    5    2    0.25253693E-01 -0.24413632E-08
    6    2   -0.20478222E-01  0.55426446E-08
    7    2   -0.23052513E-01 -0.14182647E-08
    8    2    0.20173472E-01 -0.10098643E-08
    1    3   -0.13866619E-03  0.27128456E-08
    2    3    0.41504677E-02 -0.20008395E-09
    3    3   -0.21346940E-01 -0.38964811E-08
    4    3    0.41504722E-02 -0.62707433E-09
    5    3   -0.50768302E-02  0.46659512E-08
    6    3   -0.13809289E-01 -0.59810718E-08
    7    3    0.52128715E-01  0.52768486E-09
    8    3   -0.13809287E-01  0.23745561E-08
    1    4    0.41504743E-02  0.15391887E-08
    2    4   -0.18888275E-01 -0.13920051E-09
    3    4    0.70221616E-02 -0.23006163E-09
    4    4   -0.36990328E-02 -0.33216214E-08
    5    4    0.25253694E-01  0.89264570E-09
    6    4    0.20173480E-01  0.24684998E-08
    7    4   -0.23052516E-01  0.16315263E-08
    8    4   -0.20478222E-01 -0.75516454E-09
    1    5   -0.54258662E-02  0.44500699E-09
    2    5    0.10722795E-01  0.25520291E-08
    3    5   -0.18153171E-02  0.14174681E-08
    4    5    0.10722791E-01  0.90354381E-09
    5    5   -0.29279928E-01 -0.30296480E-08
    6    5    0.11044797E-01 -0.56513000E-09
    7    5    0.82451152E-02 -0.68770117E-09
    8    5    0.11044802E-01 -0.98507955E-09
    1    6    0.10722793E-01 -0.13256175E-09
    2    6   -0.54258651E-02 -0.15114759E-08
    3    6   -0.18153156E-02  0.12432297E-08
    4    6    0.10722793E-01 -0.38224559E-08
    5    6   -0.15692604E-02  0.17578229E-08
    6    6    0.28526654E-02 -0.14656777E-08
    7    6    0.11044801E-01 -0.15493620E-08
    8    6   -0.14244327E-01 -0.29965386E-08
    1    7   -0.72245553E-02  0.19999113E-08
    2    7   -0.72245529E-02  0.62205490E-08
    3    7    0.21334722E-01 -0.15964305E-08
    4    7   -0.72245549E-02 -0.17909818E-08
    5    7    0.81920929E-02  0.21892094E-08
    6    7   -0.15692587E-02  0.22299348E-08
    7    7   -0.29279923E-01  0.15305775E-08
    8    7   -0.15692623E-02 -0.14739834E-08
    1    8    0.10722792E-01  0.11500046E-09
    2    8    0.10722792E-01 -0.65035278E-09
    3    8   -0.18153134E-02  0.42184557E-08
    4    8   -0.54258651E-02 -0.54767484E-08
    5    8   -0.15692634E-02  0.95011046E-09
    6    8   -0.14244328E-01  0.41178980E-08
    7    8    0.11044801E-01 -0.60998078E-09
    8    8    0.28526607E-02 -0.14889639E-08

   -2   -1    2
    1    1   -0.21346942E-01 -0.60733620E-09
    2    1    0.14734879E-01 -0.49168638E-08
    3    1    0.70221600E-02  0.23030602E-08
    4    1    0.70221653E-02 -0.18799324E-09
    5    1   -0.18955232E-01  0.21696972E-08
    6    1   -0.27366980E-01 -0.46896447E-08
    7    1    0.87305032E-02 -0.32936356E-08
    8    1    0.87305069E-02 -0.50207855E-08
    1    2   -0.13866772E-03 -0.51165072E-10
    2    2   -0.21346943E-01  0.18852220E-08
    3    2    0.41504723E-02 -0.19554202E-08
    4    2    0.41504697E-02 -0.11539409E-08
    5    2   -0.50768254E-02  0.15084661E-08
    6    2    0.52128717E-01  0.47794918E-08
    7    2   -0.13809295E-01  0.20090312E-08
    8    2   -0.13809289E-01 -0.19551571E-09
    1    3    0.41504745E-02 -0.10991180E-08
    2    3    0.70221600E-02 -0.96948322E-09
    3    3   -0.36990357E-02  0.35411932E-08
    4    3   -0.18888273E-01  0.31008891E-08
    5    3    0.25253694E-01 -0.56194869E-08
    6    3   -0.23052520E-01  0.25817528E-08
    7    3   -0.20478218E-01 -0.31658158E-08
    8    3    0.20173475E-01  0.24062100E-08
    1    4    0.41504708E-02 -0.88631761E-09
    2    4    0.70221626E-02  0.15630202E-08
    3    4   -0.18888272E-01  0.43678513E-09
    4    4   -0.36990374E-02  0.70485379E-09
    5    4    0.25253691E-01 -0.18058387E-08
    6    4   -0.23052517E-01  0.77079754E-09
    7    4    0.20173481E-01 -0.15049266E-09
    8    4   -0.20478221E-01  0.11917210E-08
    1    5   -0.54258666E-02  0.12866137E-08
    2    5   -0.18153135E-02 -0.40915285E-08
    3    5    0.10722792E-01  0.67104128E-09
    4    5    0.10722794E-01 -0.79704029E-09
    5    5   -0.29279928E-01  0.30127105E-08
    6    5    0.82451169E-02 -0.36649345E-08
    7    5    0.11044796E-01 -0.68541814E-09
    8    5    0.11044802E-01 -0.32848900E-08
    1    6   -0.72245529E-02 -0.52917873E-08
    2    6    0.21334720E-01  0.10374707E-08
    3    6   -0.72245539E-02 -0.10070891E-07
    4    6   -0.72245540E-02 -0.10097532E-07
    5    6    0.81920945E-02  0.14223786E-08
    6    6   -0.29279925E-01  0.11256128E-08
    7    6   -0.15692595E-02 -0.10294125E-08
    8    6   -0.15692615E-02 -0.14841357E-08
    1    7    0.10722788E-01 -0.24115478E-09
    2    7   -0.18153186E-02 -0.25852075E-08
    3    7   -0.54258619E-02  0.14972368E-08
    4    7    0.10722792E-01  0.45549416E-09
    5    7   -0.15692601E-02 -0.10524074E-09
    6    7    0.11044796E-01  0.20565192E-08
    7    7    0.28526615E-02 -0.20236388E-08
    8    7   -0.14244329E-01  0.56928510E-09
    1    8    0.10722796E-01  0.22734306E-08
    2    8   -0.18153167E-02  0.38484445E-09
    3    8    0.10722791E-01  0.29261491E-09
    4    8   -0.54258638E-02 -0.57878818E-08
    5    8   -0.15692585E-02  0.13104368E-08
    6    8    0.11044797E-01 -0.78950937E-09
    7    8   -0.14244330E-01 -0.37053413E-09
    8    8    0.28526601E-02 -0.12125882E-08

   -2    0    0
    1    1    0.22979555E-02  0.40594421E-15
    2    1    0.78898101E-02 -0.24633821E-08
    3    1   -0.10906067E+00  0.30250629E-08
    4    1    0.78898149E-02  0.36178981E-08
    5    1    0.52128722E-01 -0.20482380E-08
    6    1   -0.13809293E-01 -0.65688428E-09
    7    1   -0.50768253E-02  0.11473663E-08
    8    1   -0.13809289E-01  0.26723696E-08
    1    2    0.78898101E-02  0.24633819E-08
    2    2    0.18569526E-01  0.35757579E-15
    3    2    0.78898174E-02 -0.11955190E-09
    4    2    0.11435749E-01 -0.20163593E-08
    5    2   -0.23052519E-01  0.12413743E-08
    6    2   -0.20478221E-01  0.20530767E-08
    7    2    0.25253688E-01 -0.19772503E-08
    8    2    0.20173474E-01 -0.38168120E-08
    1    3   -0.10906067E+00 -0.30250631E-08
    2    3    0.78898174E-02  0.11955171E-09
    3    3    0.22979479E-02  0.40137277E-15
    4    3    0.78898175E-02  0.27046276E-08
    5    3   -0.27366976E-01 -0.38353091E-08
    6    3    0.87305053E-02 -0.13012771E-08
    7    3   -0.18955233E-01  0.21965570E-08
    8    3    0.87305023E-02  0.17314401E-08
    1    4    0.78898149E-02 -0.36178983E-08
    2    4    0.11435749E-01  0.20163590E-08
    3    4    0.78898175E-02 -0.27046278E-08
    4    4    0.18569530E-01  0.36722117E-15
    5    4   -0.23052524E-01  0.10248116E-08
    6    4    0.20173479E-01 -0.19337123E-08
    7    4    0.25253689E-01  0.21951838E-09
    8    4   -0.20478220E-01 -0.38671777E-08
    1    5    0.52128722E-01  0.20482382E-08
    2    5   -0.23052519E-01 -0.12413746E-08
    3    5   -0.27366976E-01  0.38353088E-08
    4    5   -0.23052524E-01 -0.10248119E-08
    5    5    0.83420590E-01  0.35502085E-15
    6    5   -0.22176204E-03  0.24464729E-08
    7    5   -0.40569527E-01 -0.27187617E-08
    8    5   -0.22175680E-03  0.56128156E-08
    1    6   -0.13809293E-01  0.65688432E-09
    2    6   -0.20478221E-01 -0.20530769E-08
    3    6    0.87305053E-02  0.13012771E-08
    4    6    0.20173479E-01  0.19337123E-08
    5    6   -0.22176204E-03 -0.24464731E-08
    6    6   -0.68937593E-01  0.38663884E-15
    7    6   -0.22175874E-03  0.57484202E-08
    8    6   -0.35877302E-01  0.14241268E-07
    1    7   -0.50768253E-02 -0.11473663E-08
    2    7    0.25253688E-01  0.19772503E-08
    3    7   -0.18955233E-01 -0.21965571E-08
    4    7    0.25253689E-01 -0.21951840E-09
    5    7   -0.40569527E-01  0.27187614E-08
    6    7   -0.22175874E-03 -0.57484203E-08
    7    7    0.83420579E-01  0.38345255E-15
    8    7   -0.22175794E-03  0.29863453E-08
    1    8   -0.13809289E-01 -0.26723696E-08
    2    8    0.20173474E-01  0.38168120E-08
    3    8    0.87305023E-02 -0.17314401E-08
    4    8   -0.20478220E-01  0.38671775E-08
    5    8   -0.22175680E-03 -0.56128157E-08
    6    8   -0.35877302E-01 -0.14241269E-07
    7    8   -0.22175794E-03 -0.29863455E-08
    8    8   -0.68937597E-01  0.37768147E-15

   -2    0    1
    1    1    0.12334902E-02 -0.17221550E-08
    2    1    0.45258325E-01  0.25274219E-08
    3    1    0.45258323E-01 -0.15347896E-08
    4    1   -0.36753903E-01  0.12330355E-10
    5    1   -0.23731850E-01  0.27343136E-08
    6    1    0.16202165E-01  0.50718319E-08
    7    1    0.16202161E-01  0.56557967E-08
    8    1   -0.23640167E-01  0.16444124E-08
    1    2   -0.16217279E-03  0.70455972E-09
    2    2   -0.18053365E-01 -0.68589778E-09
    3    2   -0.31280213E-02 -0.71091151E-09
    4    2    0.19283887E-01 -0.22729835E-08
    5    2    0.16202159E-01  0.28153107E-08
    6    2   -0.23731854E-01 -0.65360883E-08
    7    2    0.16202164E-01 -0.26036834E-08
    8    2   -0.23640155E-01 -0.10413388E-08
    1    3   -0.16217587E-03  0.45772924E-08
    2    3   -0.31280185E-02 -0.15597620E-08
    3    3   -0.18053361E-01  0.11489326E-08
    4    3    0.19283881E-01  0.56631254E-09
    5    3    0.16202161E-01  0.19629391E-08
    6    3    0.16202164E-01  0.54480210E-08
    7    3   -0.23731855E-01  0.20180248E-08
    8    3   -0.23640161E-01 -0.31162302E-10
    1    4   -0.24789830E-01 -0.20507189E-08
    2    4    0.29529860E-01  0.29878408E-09
    3    4    0.29529854E-01 -0.21875842E-08
    4    4   -0.21071014E-01  0.20406761E-08
    5    4   -0.24315259E-01 -0.26695803E-08
    6    4   -0.24315262E-01 -0.68616893E-08
    7    4   -0.24315256E-01  0.11479719E-09
    8    4    0.44999234E-01 -0.10527584E-08
    1    5    0.17314631E-01 -0.24422428E-08
    2    5   -0.17361549E-01  0.29541067E-08
    3    5   -0.17361548E-01 -0.18504104E-08
    4    5   -0.92792728E-02  0.11537894E-08
    5    5    0.13745650E-02 -0.15591289E-08
    6    5    0.35816434E-01  0.50684036E-08
    7    5    0.35816432E-01  0.44413780E-08
    8    5   -0.37254969E-02  0.24369083E-09
    1    6    0.10793119E-03 -0.44266853E-08
    2    6    0.20736068E-01  0.13498061E-08
    3    6    0.64728193E-02  0.51343614E-09
    4    6   -0.10637127E-01  0.21803207E-08
    5    6    0.10454538E-02 -0.42323653E-08
    6    6   -0.24726272E-01  0.27715887E-08
    7    6   -0.11628878E-01  0.21014473E-08
    8    6    0.14731033E-01 -0.12297956E-08
    1    7    0.10793093E-03 -0.12222526E-09
    2    7    0.64728242E-02 -0.29296250E-09
    3    7    0.20736064E-01 -0.58383694E-09
    4    7   -0.10637125E-01  0.99463461E-09
    5    7    0.10454507E-02 -0.17036088E-08
    6    7   -0.11628881E-01 -0.23301735E-08
    7    7   -0.24726268E-01 -0.60353889E-09
    8    7    0.14731033E-01  0.84664689E-09
    1    8    0.16431326E-02  0.63032968E-09
    2    8   -0.20074038E-01  0.80112652E-09
    3    8   -0.20074039E-01 -0.10136465E-08
    4    8    0.37837618E-01  0.19829561E-09
    5    8   -0.45267893E-01  0.32680983E-08
    6    8    0.53549969E-01 -0.17321189E-08
    7    8    0.53549957E-01  0.29119901E-09
    8    8   -0.51082805E-02  0.28100386E-08

   -2    0    2
    1    1    0.22979523E-02 -0.11224882E-16
    2    1   -0.10906067E+00  0.16843308E-08
    3    1    0.78898175E-02  0.37417982E-09
    4    1    0.78898164E-02  0.34683148E-08
    5    1    0.52128717E-01 -0.34216111E-08
    6    1   -0.50768286E-02 -0.22224933E-08
    7    1   -0.13809284E-01  0.29994796E-08
    8    1   -0.13809287E-01  0.21273422E-08
    1    2   -0.10906067E+00 -0.16843308E-08
    2    2    0.22979481E-02 -0.21653763E-16
    3    2    0.78898156E-02  0.10857619E-08
    4    2    0.78898125E-02 -0.26586967E-08
    5    2   -0.27366973E-01 -0.64517158E-09
    6    2   -0.18955231E-01 -0.10499067E-08
    7    2    0.87304990E-02 -0.12568078E-08
    8    2    0.87305028E-02 -0.10864289E-08
    1    3    0.78898175E-02 -0.37417984E-09
    2    3    0.78898156E-02 -0.10857619E-08
    3    3    0.18569527E-01 -0.57623786E-17
    4    3    0.11435750E-01 -0.27837656E-08
    5    3   -0.23052519E-01  0.48558111E-08
    6    3    0.25253692E-01  0.38283296E-08
    7    3   -0.20478218E-01  0.46300953E-09
    8    3    0.20173472E-01 -0.35911848E-08
    1    4    0.78898164E-02 -0.34683148E-08
    2    4    0.78898125E-02  0.26586967E-08
    3    4    0.11435750E-01  0.27837656E-08
    4    4    0.18569529E-01 -0.16023310E-16
    5    4   -0.23052519E-01 -0.36882084E-08
    6    4    0.25253692E-01  0.15936265E-08
    7    4    0.20173471E-01 -0.27167197E-08
    8    4   -0.20478218E-01  0.97237166E-09
    1    5    0.52128717E-01  0.34216112E-08
    2    5   -0.27366973E-01  0.64517158E-09
    3    5   -0.23052519E-01 -0.48558111E-08
    4    5   -0.23052519E-01  0.36882084E-08
    5    5    0.83420583E-01 -0.20011310E-18
    6    5   -0.40569528E-01 -0.70036279E-08
    7    5   -0.22175032E-03  0.30279158E-08
    8    5   -0.22175434E-03  0.40410216E-08
    1    6   -0.50768286E-02  0.22224933E-08
    2    6   -0.18955231E-01  0.10499067E-08
    3    6    0.25253692E-01 -0.38283296E-08
    4    6    0.25253692E-01 -0.15936265E-08
    5    6   -0.40569528E-01  0.70036279E-08
    6    6    0.83420583E-01 -0.23344863E-16
    7    6   -0.22177023E-03  0.32116906E-08
    8    6   -0.22176647E-03  0.12574609E-08
    1    7   -0.13809284E-01 -0.29994796E-08
    2    7    0.87304990E-02  0.12568078E-08
    3    7   -0.20478218E-01 -0.46300948E-09
    4    7    0.20173471E-01  0.27167196E-08
    5    7   -0.22175032E-03 -0.30279158E-08
    6    7   -0.22177023E-03 -0.32116906E-08
    7    7   -0.68937591E-01  0.20227444E-16
    8    7   -0.35877296E-01 -0.23285489E-08
    1    8   -0.13809287E-01 -0.21273422E-08
    2    8    0.87305028E-02  0.10864289E-08
    3    8    0.20173472E-01  0.35911848E-08
    4    8   -0.20478218E-01 -0.97237170E-09
    5    8   -0.22175434E-03 -0.40410215E-08
    6    8   -0.22176647E-03 -0.12574609E-08
    7    8   -0.35877296E-01  0.23285489E-08
    8    8   -0.68937597E-01  0.27985458E-16

   -2    1   -1
    1    1   -0.21346949E-01 -0.70244801E-09
    2    1    0.41504714E-02  0.14093184E-08
    3    1   -0.13866619E-03 -0.27128456E-08
    4    1    0.41504743E-02 -0.15391887E-08
    5    1   -0.54258662E-02 -0.44500696E-09
    6    1    0.10722793E-01  0.13256175E-09
    7    1   -0.72245553E-02 -0.19999113E-08
    8    1    0.10722792E-01 -0.11500046E-09
    1    2    0.70221678E-02 -0.38371721E-08
    2    2   -0.36990328E-02  0.22977354E-08
    3    2    0.41504677E-02  0.20008395E-09
    4    2   -0.18888275E-01  0.13920053E-09
    5    2    0.10722795E-01 -0.25520291E-08
    6    2   -0.54258651E-02  0.15114759E-08
    7    2   -0.72245529E-02 -0.62205490E-08
    8    2    0.10722792E-01  0.65035278E-09
    1    3    0.14734880E-01  0.12315105E-08
    2    3    0.70221619E-02 -0.15556384E-08
    3    3   -0.21346940E-01  0.38964811E-08
    4    3    0.70221616E-02  0.23006166E-09
    5    3   -0.18153171E-02 -0.14174681E-08
    6    3   -0.18153156E-02 -0.12432297E-08
    7    3    0.21334722E-01  0.15964305E-08
    8    3   -0.18153134E-02 -0.42184557E-08
    1    4    0.70221641E-02 -0.91727250E-09
    2    4   -0.18888274E-01 -0.36670798E-08
    3    4    0.41504722E-02  0.62707430E-09
    4    4   -0.36990328E-02  0.33216214E-08
    5    4    0.10722791E-01 -0.90354383E-09
    6    4    0.10722793E-01  0.38224559E-08
    7    4   -0.72245549E-02  0.17909818E-08
    8    4   -0.54258651E-02  0.54767483E-08
    1    5   -0.18955236E-01  0.29817448E-08
    2    5    0.25253693E-01  0.24413632E-08
    3    5   -0.50768302E-02 -0.46659512E-08
    4    5    0.25253694E-01 -0.89264569E-09
    5    5   -0.29279928E-01  0.30296480E-08
    6    5   -0.15692604E-02 -0.17578228E-08
    7    5    0.81920929E-02 -0.21892095E-08
    8    5   -0.15692634E-02 -0.95011043E-09
    1    6    0.87305029E-02 -0.16507541E-08
    2    6   -0.20478222E-01 -0.55426447E-08
    3    6   -0.13809289E-01  0.59810718E-08
    4    6    0.20173480E-01 -0.24684998E-08
    5    6    0.11044797E-01  0.56512999E-09
    6    6    0.28526654E-02  0.14656777E-08
    7    6   -0.15692587E-02 -0.22299347E-08
    8    6   -0.14244328E-01 -0.41178980E-08
    1    7   -0.27366979E-01  0.18596212E-08
    2    7   -0.23052513E-01  0.14182644E-08
    3    7    0.52128715E-01 -0.52768468E-09
    4    7   -0.23052516E-01 -0.16315266E-08
    5    7    0.82451152E-02  0.68770123E-09
    6    7    0.11044801E-01  0.15493621E-08
    7    7   -0.29279923E-01 -0.15305774E-08
    8    7    0.11044801E-01  0.60998076E-09
    1    8    0.87305036E-02  0.56821100E-09
    2    8    0.20173472E-01  0.10098643E-08
    3    8   -0.13809287E-01 -0.23745560E-08
    4    8   -0.20478222E-01  0.75516441E-09
    5    8    0.11044802E-01  0.98507953E-09
    6    8   -0.14244327E-01  0.29965386E-08
    7    8   -0.15692623E-02  0.14739835E-08
    8    8    0.28526607E-02  0.14889639E-08

   -2    1    0
    1    1   -0.18053367E-01  0.40715314E-08
    2    1   -0.31280201E-02 -0.20852305E-08
    3    1   -0.16217065E-03  0.21797075E-08
    4    1    0.19283882E-01 -0.34536233E-08
    5    1   -0.20478224E-01  0.27972856E-08
    6    1   -0.23052518E-01 -0.50616096E-08
    7    1    0.25253689E-01 -0.49135808E-08
    8    1    0.20173488E-01 -0.95965202E-09
    1    2   -0.31280218E-02 -0.16596997E-08
    2    2   -0.18053367E-01  0.37060595E-08
    3    2   -0.16217040E-03 -0.36614683E-08
    4    2    0.19283886E-01  0.34392161E-09
    5    2   -0.13809291E-01  0.15873360E-08
    6    2    0.52128718E-01  0.42599378E-09
    7    2   -0.50768317E-02  0.29251030E-08
    8    2   -0.13809295E-01 -0.34874874E-10
    1    3    0.45258327E-01  0.96530156E-09
    2    3    0.45258325E-01 -0.70736663E-10
    3    3    0.12334809E-02  0.16947308E-08
    4    3   -0.36753898E-01 -0.30993696E-08
    5    3    0.87305064E-02  0.72374211E-10
    6    3   -0.27366980E-01 -0.64204844E-09
    7    3   -0.18955228E-01 -0.32031305E-08
    8    3    0.87305006E-02 -0.15058312E-08
    1    4    0.29529857E-01 -0.28841556E-08
    2    4    0.29529856E-01 -0.36144456E-08
    3    4   -0.24789831E-01  0.33071821E-08
    4    4   -0.21071017E-01  0.29443570E-08
    5    4    0.20173480E-01 -0.32095420E-08
    6    4   -0.23052520E-01  0.58191628E-08
    7    4    0.25253694E-01  0.31239338E-09
    8    4   -0.20478222E-01  0.17894965E-08
    1    5   -0.97492746E-01 -0.28140719E-08
    2    5   -0.44583220E-01 -0.13693728E-08
    3    5    0.23042234E-01  0.25992939E-08
    4    5    0.44831339E-01  0.22487100E-09
    5    5   -0.24726276E-01 -0.21587205E-08
    6    5   -0.11628881E-01 -0.50412709E-08
    7    5    0.10454485E-02 -0.14603612E-08
    8    5    0.14731044E-01 -0.50892233E-08
    1    6    0.10523918E+00  0.66032675E-08
    2    6    0.68963748E-01 -0.61007168E-08
    3    6    0.10523918E+00  0.29608462E-08
    4    6   -0.97202976E-01 -0.48780237E-08
    5    6   -0.11628880E-01  0.72042108E-08
    6    6   -0.24726270E-01  0.54799172E-08
    7    6    0.10454522E-02 -0.58993802E-08
    8    6    0.14731033E-01 -0.25347337E-08
    1    7    0.23042219E-01  0.78650435E-09
    2    7   -0.44583225E-01  0.36237594E-08
    3    7   -0.97492739E-01  0.32438013E-08
    4    7    0.44831344E-01 -0.88084914E-10
    5    7    0.35816429E-01 -0.36004634E-08
    6    7    0.35816428E-01  0.28406034E-08
    7    7    0.13745610E-02 -0.30055396E-09
    8    7   -0.37254914E-02 -0.19774574E-08
    1    8   -0.95236621E-03  0.52285826E-08
    2    8   -0.25561625E+00 -0.43883772E-08
    3    8   -0.95236728E-03  0.66945078E-08
    4    8    0.96739189E-01 -0.14260344E-08
    5    8    0.53549969E-01  0.43768271E-08
    6    8    0.53549967E-01  0.19961274E-08
    7    8   -0.45267887E-01  0.24549458E-08
    8    8   -0.51082898E-02  0.29903769E-08

   -2    1    1
    1    1   -0.18053370E-01  0.16797095E-08
    2    1   -0.16217412E-03  0.18962338E-08
    3    1   -0.31280241E-02  0.30152665E-08
    4    1    0.19283886E-01 -0.44227640E-08
    5    1   -0.20478219E-01  0.17947076E-08
    6    1    0.25253690E-01  0.96935385E-09
    7    1   -0.23052520E-01 -0.55589090E-08
    8    1    0.20173474E-01 -0.83318485E-09
    1    2    0.45258324E-01 -0.25580903E-08
    2    2    0.12334905E-02 -0.27414913E-08
    3    2    0.45258322E-01  0.24713103E-08
    4    2   -0.36753899E-01  0.70753924E-08
    5    2    0.87305023E-02 -0.38865860E-08
    6    2   -0.18955233E-01  0.51191987E-08
    7    2   -0.27366969E-01 -0.69245987E-09
    8    2    0.87305027E-02 -0.43114714E-08
    1    3   -0.31280221E-02 -0.28101156E-08
    2    3   -0.16217662E-03  0.43444042E-08
    3    3   -0.18053362E-01 -0.42655932E-08
    4    3    0.19283881E-01 -0.13194835E-09
    5    3   -0.13809291E-01 -0.18225324E-09
    6    3   -0.50768251E-02 -0.87440418E-08
    7    3    0.52128713E-01  0.33005137E-08
    8    3   -0.13809285E-01  0.13979673E-09
    1    4    0.29529862E-01  0.68256433E-08
    2    4   -0.24789830E-01 -0.44097903E-08
    3    4    0.29529854E-01  0.12543231E-09
    4    4   -0.21071011E-01 -0.13266102E-08
    5    4    0.20173481E-01  0.19386853E-08
    6    4    0.25253692E-01  0.54323681E-09
    7    4   -0.23052514E-01  0.15525880E-08
    8    4   -0.20478224E-01 -0.64931058E-09
    1    5   -0.97492750E-01 -0.24468045E-08
    2    5    0.23042220E-01  0.31160897E-08
    3    5   -0.44583231E-01  0.15873171E-08
    4    5    0.44831347E-01 -0.31799889E-08
    5    5   -0.24726268E-01 -0.92667838E-09
    6    5    0.10454472E-02  0.48584081E-08
    7    5   -0.11628885E-01 -0.56583662E-08
    8    5    0.14731033E-01  0.31920976E-08
    1    6    0.23042226E-01 -0.12148279E-08
    2    6   -0.97492740E-01  0.45634133E-08
    3    6   -0.44583223E-01  0.93194961E-09
    4    6    0.44831345E-01 -0.16478073E-08
    5    6    0.35816427E-01 -0.57015456E-08
    6    6    0.13745589E-02 -0.43232428E-08
    7    6    0.35816432E-01 -0.21118686E-08
    8    6   -0.37254841E-02 -0.18089480E-08
    1    7    0.10523918E+00  0.20683125E-08
    2    7    0.10523919E+00 -0.62612637E-08
    3    7    0.68963758E-01 -0.25435142E-08
    4    7   -0.97202980E-01  0.28491681E-09
    5    7   -0.11628889E-01  0.66019278E-08
    6    7    0.10454543E-02  0.35821015E-08
    7    7   -0.24726270E-01  0.20955321E-08
    8    7    0.14731030E-01 -0.50765208E-08
    1    8   -0.95236951E-03 -0.18464576E-08
    2    8   -0.95235590E-03 -0.23735972E-08
    3    8   -0.25561624E+00  0.21241721E-08
    4    8    0.96739176E-01 -0.34290682E-09
    5    8    0.53549961E-01 -0.83257596E-09
    6    8   -0.45267886E-01  0.30964350E-08
    7    8    0.53549972E-01  0.51910230E-08
    8    8   -0.51082870E-02  0.13759380E-08

   -2    1    2
    1    1   -0.21346942E-01  0.60733621E-09
    2    1   -0.13866772E-03  0.51165086E-10
    3    1    0.41504745E-02  0.10991180E-08
    4    1    0.41504708E-02  0.88631759E-09
    5    1   -0.54258666E-02 -0.12866137E-08
    6    1   -0.72245529E-02  0.52917873E-08
    7    1    0.10722788E-01  0.24115478E-09
    8    1    0.10722796E-01 -0.22734306E-08
    1    2    0.14734879E-01  0.49168637E-08
    2    2   -0.21346943E-01 -0.18852220E-08
    3    2    0.70221600E-02  0.96948322E-09
    4    2    0.70221626E-02 -0.15630202E-08
    5    2   -0.18153135E-02  0.40915285E-08
    6    2    0.21334720E-01 -0.10374707E-08
    7    2   -0.18153186E-02  0.25852075E-08
    8    2   -0.18153167E-02 -0.38484445E-09
    1    3    0.70221600E-02 -0.23030602E-08
    2    3    0.41504723E-02  0.19554201E-08
    3    3   -0.36990357E-02 -0.35411932E-08
    4    3   -0.18888272E-01 -0.43678514E-09
    5    3    0.10722792E-01 -0.67104128E-09
    6    3   -0.72245539E-02  0.10070891E-07
    7    3   -0.54258619E-02 -0.14972368E-08
    8    3    0.10722791E-01 -0.29261491E-09
    1    4    0.70221653E-02  0.18799325E-09
    2    4    0.41504697E-02  0.11539409E-08
    3    4   -0.18888273E-01 -0.31008891E-08
    4    4   -0.36990374E-02 -0.70485381E-09
    5    4    0.10722794E-01  0.79704027E-09
    6    4   -0.72245540E-02  0.10097532E-07
    7    4    0.10722792E-01 -0.45549416E-09
    8    4   -0.54258638E-02  0.57878818E-08
    1    5   -0.18955232E-01 -0.21696972E-08
    2    5   -0.50768254E-02 -0.15084661E-08
    3    5    0.25253694E-01  0.56194869E-08
    4    5    0.25253691E-01  0.18058387E-08
    5    5   -0.29279928E-01 -0.30127105E-08
    6    5    0.81920945E-02 -0.14223786E-08
    7    5   -0.15692601E-02  0.10524073E-09
    8    5   -0.15692585E-02 -0.13104368E-08
    1    6   -0.27366980E-01  0.46896447E-08
    2    6    0.52128717E-01 -0.47794918E-08
    3    6   -0.23052520E-01 -0.25817528E-08
    4    6   -0.23052517E-01 -0.77079754E-09
    5    6    0.82451169E-02  0.36649345E-08
    6    6   -0.29279925E-01 -0.11256129E-08
    7    6    0.11044796E-01 -0.20565192E-08
    8    6    0.11044797E-01  0.78950937E-09
    1    7    0.87305032E-02  0.32936356E-08
    2    7   -0.13809295E-01 -0.20090312E-08
    3    7   -0.20478218E-01  0.31658158E-08
    4    7    0.20173481E-01  0.15049266E-09
    5    7    0.11044796E-01  0.68541816E-09
    6    7   -0.15692595E-02  0.10294125E-08
    7    7    0.28526615E-02  0.20236388E-08
    8    7   -0.14244330E-01  0.37053410E-09
    1    8    0.87305069E-02  0.50207855E-08
    2    8   -0.13809289E-01  0.19551577E-09
    3    8    0.20173475E-01 -0.24062099E-08
    4    8   -0.20478221E-01 -0.11917211E-08
    5    8    0.11044802E-01  0.32848900E-08
    6    8   -0.15692615E-02  0.14841357E-08
    7    8   -0.14244329E-01 -0.56928508E-09
    8    8    0.28526601E-02  0.12125881E-08

   -2    2   -2
    1    1    0.19796810E-01 -0.10233802E-16
    2    1   -0.83385966E-02  0.14605448E-08
    3    1   -0.83385978E-02 -0.22981736E-08
    4    1   -0.83385985E-02 -0.68483102E-08
    5    1    0.21334724E-01  0.26698182E-08
    6    1   -0.18153178E-02 -0.76754279E-09
    7    1   -0.18153132E-02 -0.28177480E-08
    8    1   -0.18153159E-02 -0.12298996E-08
    1    2   -0.83385966E-02 -0.14605447E-08
    2    2    0.19796804E-01  0.24609828E-16
    3    2   -0.83385969E-02 -0.71560016E-08
    4    2   -0.83385968E-02 -0.60977050E-08
    5    2   -0.72245539E-02 -0.75110115E-08
    6    2   -0.54258633E-02  0.34324780E-08
    7    2    0.10722790E-01 -0.12067411E-08
    8    2    0.10722792E-01 -0.24738369E-08
    1    3   -0.83385978E-02  0.22981736E-08
    2    3   -0.83385969E-02  0.71560016E-08
    3    3    0.19796807E-01  0.63742673E-17
    4    3   -0.83385982E-02 -0.30925048E-08
    5    3   -0.72245538E-02  0.21873098E-08
    6    3    0.10722792E-01 -0.21049962E-08
    7    3   -0.54258635E-02  0.29465473E-08
    8    3    0.10722790E-01 -0.79360492E-09
    1    4   -0.83385985E-02  0.68483102E-08
    2    4   -0.83385968E-02  0.60977049E-08
    3    4   -0.83385982E-02  0.30925048E-08
    4    4    0.19796810E-01 -0.17722127E-16
    5    4   -0.72245569E-02  0.58605961E-10
    6    4    0.10722794E-01 -0.91961496E-09
    7    4    0.10722789E-01 -0.14928551E-08
    8    4   -0.54258602E-02  0.78523140E-08
    1    5    0.21334724E-01 -0.26698182E-08
    2    5   -0.72245539E-02  0.75110116E-08
    3    5   -0.72245538E-02 -0.21873098E-08
    4    5   -0.72245569E-02 -0.58605948E-10
    5    5    0.18964293E-01 -0.18177259E-16
    6    5   -0.89361903E-02  0.82523436E-08
    7    5   -0.89361884E-02 -0.56987204E-09
    8    5   -0.89361917E-02  0.41211879E-08
    1    6   -0.18153178E-02  0.76754280E-09
    2    6   -0.54258633E-02 -0.34324780E-08
    3    6    0.10722792E-01  0.21049962E-08
    4    6    0.10722794E-01  0.91961500E-09
    5    6   -0.89361903E-02 -0.82523436E-08
    6    6    0.18964290E-01 -0.19733211E-16
    7    6   -0.89361887E-02 -0.56969487E-08
    8    6   -0.89361922E-02 -0.24635404E-08
    1    7   -0.18153132E-02  0.28177480E-08
    2    7    0.10722790E-01  0.12067411E-08
    3    7   -0.54258635E-02 -0.29465473E-08
    4    7    0.10722789E-01  0.14928551E-08
    5    7   -0.89361884E-02  0.56987205E-09
    6    7   -0.89361887E-02  0.56969487E-08
    7    7    0.18964290E-01  0.29818797E-17
    8    7   -0.89361905E-02  0.31234932E-08
    1    8   -0.18153159E-02  0.12298996E-08
    2    8    0.10722792E-01  0.24738369E-08
    3    8    0.10722790E-01  0.79360493E-09
    4    8   -0.54258602E-02 -0.78523140E-08
    5    8   -0.89361917E-02 -0.41211879E-08
    6    8   -0.89361922E-02  0.24635404E-08
    7    8   -0.89361905E-02 -0.31234932E-08
    8    8    0.18964291E-01 -0.96272626E-17

   -2    2   -1
    1    1   -0.36990308E-02  0.50560736E-09
    2    1    0.70221610E-02  0.17980235E-08
    3    1    0.41504690E-02 -0.20092320E-08
    4    1   -0.18888274E-01  0.13424347E-08
    5    1    0.20736068E-01  0.37882642E-10
    6    1   -0.17361540E-01  0.37584846E-08
    7    1    0.64728223E-02  0.54520116E-08
    8    1   -0.20074044E-01 -0.13798665E-08
    1    2    0.41504706E-02  0.37983761E-09
    2    2   -0.21346939E-01 -0.19920218E-08
    3    2   -0.13866660E-03  0.11012404E-08
    4    2    0.41504725E-02 -0.12775087E-08
    5    2    0.10792500E-03 -0.10933934E-08
    6    2    0.17314626E-01 -0.20826910E-09
    7    2    0.10793192E-03 -0.13104835E-08
    8    2    0.16431368E-02 -0.16167315E-08
    1    3    0.70221593E-02  0.15295785E-08
    2    3    0.14734882E-01 -0.35662006E-09
    3    3   -0.21346940E-01 -0.24524365E-08
    4    3    0.70221614E-02  0.15040275E-08
    5    3    0.64728187E-02  0.24541761E-08
    6    3   -0.17361544E-01  0.13068434E-08
    7    3    0.20736065E-01  0.16710674E-08
    8    3   -0.20074040E-01 -0.43415577E-09
    1    4   -0.18888273E-01  0.44552313E-09
    2    4    0.70221641E-02  0.28670653E-08
    3    4    0.41504707E-02 -0.42213404E-08
    4    4   -0.36990345E-02 -0.39559681E-09
    5    4   -0.10637124E-01  0.30564812E-08
    6    4   -0.92792739E-02 -0.72523618E-08
    7    4   -0.10637126E-01 -0.93148848E-09
    8    4    0.37837623E-01  0.23168960E-08
    1    5    0.20736069E-01 -0.16613058E-08
    2    5    0.64728203E-02 -0.11105448E-08
    3    5    0.10792649E-03  0.15193654E-08
    4    5   -0.10637126E-01  0.23072013E-08
    5    5    0.28526661E-02 -0.32467135E-08
    6    5    0.11044796E-01  0.42210902E-08
    7    5   -0.15692576E-02  0.28843976E-08
    8    5   -0.14244334E-01 -0.12851684E-08
    1    6    0.64728260E-02 -0.30431459E-08
    2    6    0.20736067E-01  0.42565436E-08
    3    6    0.10792884E-03 -0.50486723E-08
    4    6   -0.10637131E-01  0.18947134E-08
    5    6   -0.15692569E-02  0.44685559E-09
    6    6   -0.29279927E-01 -0.51911473E-08
    7    6    0.81920939E-02  0.51112248E-09
    8    6   -0.15692587E-02  0.36861500E-08
    1    7   -0.17361541E-01 -0.23836822E-08
    2    7   -0.17361541E-01  0.16589129E-08
    3    7    0.17314625E-01 -0.78266709E-09
    4    7   -0.92792739E-02  0.16085597E-08
    5    7    0.11044800E-01 -0.24309410E-08
    6    7    0.82451174E-02 -0.69873229E-09
    7    7   -0.29279921E-01  0.29308719E-08
    8    7    0.11044796E-01 -0.88721876E-09
    1    8   -0.20074044E-01 -0.13871233E-08
    2    8   -0.20074038E-01  0.76874379E-09
    3    8    0.16431387E-02  0.11236979E-08
    4    8    0.37837618E-01 -0.17753059E-08
    5    8   -0.14244334E-01 -0.10153556E-09
    6    8    0.11044801E-01 -0.26168550E-08
    7    8   -0.15692647E-02 -0.23683738E-08
    8    8    0.28526650E-02  0.34998356E-09

   -2    2    0
    1    1    0.18569534E-01 -0.46757670E-18
    2    1    0.78898149E-02  0.22894590E-09
    3    1    0.78898166E-02 -0.95019943E-09
    4    1    0.11435742E-01  0.40771572E-08
    5    1    0.68963756E-01 -0.35671821E-08
    6    1   -0.44583229E-01  0.45173830E-08
    7    1   -0.44583214E-01  0.30824022E-08
    8    1   -0.25561625E+00  0.55096140E-08
    1    2    0.78898149E-02 -0.22894589E-09
    2    2    0.22979392E-02  0.46396215E-18
    3    2   -0.10906067E+00 -0.46584913E-10
    4    2    0.78898150E-02  0.69103704E-09
    5    2    0.10523919E+00 -0.12253067E-09
    6    2   -0.97492740E-01 -0.45999661E-08
    7    2    0.23042225E-01  0.37086157E-09
    8    2   -0.95236705E-03  0.84317909E-10
    1    3    0.78898166E-02  0.95019944E-09
    2    3   -0.10906067E+00  0.46584913E-10
    3    3    0.22979456E-02  0.14064982E-16
    4    3    0.78898188E-02  0.77716053E-09
    5    3    0.10523919E+00  0.26882442E-09
    6    3    0.23042225E-01  0.88585428E-09
    7    3   -0.97492735E-01  0.23539409E-09
    8    3   -0.95237447E-03 -0.42939840E-08
    1    4    0.11435742E-01 -0.40771572E-08
    2    4    0.78898150E-02 -0.69103705E-09
    3    4    0.78898188E-02 -0.77716053E-09
    4    4    0.18569531E-01  0.20794782E-17
    5    4   -0.97202984E-01  0.48211463E-10
    6    4    0.44831346E-01 -0.19273326E-08
    7    4    0.44831333E-01 -0.64852890E-09
    8    4    0.96739185E-01 -0.93283267E-09
    1    5    0.68963756E-01  0.35671821E-08
    2    5    0.10523919E+00  0.12253066E-09
    3    5    0.10523919E+00 -0.26882441E-09
    4    5   -0.97202984E-01 -0.48211456E-10
    5    5   -0.68937599E-01 -0.12000253E-16
    6    5   -0.22176204E-03  0.49076879E-09
    7    5   -0.22176254E-03  0.24320535E-08
    8    5   -0.35877300E-01  0.37576358E-08
    1    6   -0.44583229E-01 -0.45173830E-08
    2    6   -0.97492740E-01  0.45999661E-08
    3    6    0.23042225E-01 -0.88585432E-09
    4    6    0.44831346E-01  0.19273327E-08
    5    6   -0.22176204E-03 -0.49076879E-09
    6    6    0.83420587E-01  0.11661314E-16
    7    6   -0.40569531E-01  0.60044948E-08
    8    6   -0.22176824E-03  0.88552208E-09
    1    7   -0.44583214E-01 -0.30824022E-08
    2    7    0.23042225E-01 -0.37086155E-09
    3    7   -0.97492735E-01 -0.23539407E-09
    4    7    0.44831333E-01  0.64852889E-09
    5    7   -0.22176254E-03 -0.24320535E-08
    6    7   -0.40569531E-01 -0.60044948E-08
    7    7    0.83420578E-01  0.18355202E-16
    8    7   -0.22175375E-03  0.10142286E-07
    1    8   -0.25561625E+00 -0.55096140E-08
    2    8   -0.95236705E-03 -0.84317881E-10
    3    8   -0.95237447E-03  0.42939839E-08
    4    8    0.96739185E-01  0.93283266E-09
    5    8   -0.35877300E-01 -0.37576358E-08
    6    8   -0.22176824E-03 -0.88552209E-09
    7    8   -0.22175375E-03 -0.10142286E-07
    8    8   -0.68937595E-01  0.32418829E-16

   -2    2    1
    1    1   -0.36990308E-02 -0.50560735E-09
    2    1    0.41504706E-02 -0.37983761E-09
    3    1    0.70221593E-02 -0.15295785E-08
    4    1   -0.18888273E-01 -0.44552311E-09
    5    1    0.20736069E-01  0.16613058E-08
    6    1    0.64728260E-02  0.30431459E-08
    7    1   -0.17361541E-01  0.23836822E-08
    8    1   -0.20074044E-01  0.13871233E-08
    1    2    0.70221610E-02 -0.17980235E-08
    2    2   -0.21346939E-01  0.19920218E-08
    3    2    0.14734882E-01  0.35662005E-09
    4    2    0.70221641E-02 -0.28670653E-08
    5    2    0.64728203E-02  0.11105448E-08
    6    2    0.20736067E-01 -0.42565436E-08
    7    2   -0.17361541E-01 -0.16589129E-08
    8    2   -0.20074038E-01 -0.76874379E-09
    1    3    0.41504690E-02  0.20092320E-08
    2    3   -0.13866660E-03 -0.11012404E-08
    3    3   -0.21346940E-01  0.24524366E-08
    4    3    0.41504707E-02  0.42213404E-08
    5    3    0.10792649E-03 -0.15193654E-08
    6    3    0.10792884E-03  0.50486723E-08
    7    3    0.17314625E-01  0.78266710E-09
    8    3    0.16431387E-02 -0.11236979E-08
    1    4   -0.18888274E-01 -0.13424347E-08
    2    4    0.41504725E-02  0.12775087E-08
    3    4    0.70221614E-02 -0.15040275E-08
    4    4   -0.36990345E-02  0.39559681E-09
    5    4   -0.10637126E-01 -0.23072013E-08
    6    4   -0.10637131E-01 -0.18947134E-08
    7    4   -0.92792739E-02 -0.16085597E-08
    8    4    0.37837618E-01  0.17753060E-08
    1    5    0.20736068E-01 -0.37882622E-10
    2    5    0.10792500E-03  0.10933934E-08
    3    5    0.64728187E-02 -0.24541761E-08
    4    5   -0.10637124E-01 -0.30564812E-08
    5    5    0.28526661E-02  0.32467135E-08
    6    5   -0.15692569E-02 -0.44685560E-09
    7    5    0.11044800E-01  0.24309411E-08
    8    5   -0.14244334E-01  0.10153553E-09
    1    6   -0.17361540E-01 -0.37584846E-08
    2    6    0.17314626E-01  0.20826911E-09
    3    6   -0.17361544E-01 -0.13068435E-08
    4    6   -0.92792739E-02  0.72523618E-08
    5    6    0.11044796E-01 -0.42210902E-08
    6    6   -0.29279927E-01  0.51911474E-08
    7    6    0.82451174E-02  0.69873229E-09
    8    6    0.11044801E-01  0.26168551E-08
    1    7    0.64728223E-02 -0.54520116E-08
    2    7    0.10793192E-03  0.13104834E-08
    3    7    0.20736065E-01 -0.16710674E-08
    4    7   -0.10637126E-01  0.93148850E-09
    5    7   -0.15692576E-02 -0.28843976E-08
    6    7    0.81920939E-02 -0.51112249E-09
    7    7   -0.29279921E-01 -0.29308719E-08
    8    7   -0.15692647E-02  0.23683739E-08
    1    8   -0.20074044E-01  0.13798665E-08
    2    8    0.16431368E-02  0.16167315E-08
    3    8   -0.20074040E-01  0.43415579E-09
    4    8    0.37837623E-01 -0.23168960E-08
    5    8   -0.14244334E-01  0.12851684E-08
    6    8   -0.15692587E-02 -0.36861500E-08
    7    8    0.11044796E-01  0.88721874E-09
    8    8    0.28526650E-02 -0.34998358E-09

   -2    2    2
    1    1    0.19796810E-01 -0.43286826E-17
    2    1   -0.83385966E-02  0.14605447E-08
    3    1   -0.83385978E-02 -0.22981736E-08
    4    1   -0.83385985E-02 -0.68483102E-08
    5    1    0.21334724E-01  0.26698182E-08
    6    1   -0.18153178E-02 -0.76754281E-09
    7    1   -0.18153132E-02 -0.28177480E-08
    8    1   -0.18153159E-02 -0.12298996E-08
    1    2   -0.83385966E-02 -0.14605447E-08
    2    2    0.19796804E-01  0.36830131E-16
    3    2   -0.83385969E-02 -0.71560016E-08
    4    2   -0.83385968E-02 -0.60977050E-08
    5    2   -0.72245539E-02 -0.75110115E-08
    6    2   -0.54258633E-02  0.34324780E-08
    7    2    0.10722790E-01 -0.12067411E-08
    8    2    0.10722792E-01 -0.24738369E-08
    1    3   -0.83385978E-02  0.22981736E-08
    2    3   -0.83385969E-02  0.71560016E-08
    3    3    0.19796807E-01  0.18594571E-16
    4    3   -0.83385982E-02 -0.30925048E-08
    5    3   -0.72245538E-02  0.21873098E-08
    6    3    0.10722792E-01 -0.21049962E-08
    7    3   -0.54258635E-02  0.29465474E-08
    8    3    0.10722790E-01 -0.79360491E-09
    1    4   -0.83385985E-02  0.68483102E-08
    2    4   -0.83385968E-02  0.60977049E-08
    3    4   -0.83385982E-02  0.30925048E-08
    4    4    0.19796810E-01 -0.11817007E-16
    5    4   -0.72245569E-02  0.58605962E-10
    6    4    0.10722794E-01 -0.91961498E-09
    7    4    0.10722789E-01 -0.14928551E-08
    8    4   -0.54258602E-02  0.78523140E-08
    1    5    0.21334724E-01 -0.26698182E-08
    2    5   -0.72245539E-02  0.75110115E-08
    3    5   -0.72245538E-02 -0.21873098E-08
    4    5   -0.72245569E-02 -0.58605946E-10
    5    5    0.18964293E-01 -0.34661722E-17
    6    5   -0.89361903E-02  0.82523436E-08
    7    5   -0.89361884E-02 -0.56987206E-09
    8    5   -0.89361917E-02  0.41211879E-08
    1    6   -0.18153178E-02  0.76754280E-09
    2    6   -0.54258633E-02 -0.34324780E-08
    3    6    0.10722792E-01  0.21049962E-08
    4    6    0.10722794E-01  0.91961499E-09
    5    6   -0.89361903E-02 -0.82523436E-08
    6    6    0.18964290E-01 -0.15810407E-16
    7    6   -0.89361887E-02 -0.56969487E-08
    8    6   -0.89361922E-02 -0.24635404E-08
    1    7   -0.18153132E-02  0.28177480E-08
    2    7    0.10722790E-01  0.12067411E-08
    3    7   -0.54258635E-02 -0.29465473E-08
    4    7    0.10722789E-01  0.14928551E-08
    5    7   -0.89361884E-02  0.56987203E-09
    6    7   -0.89361887E-02  0.56969487E-08
    7    7    0.18964290E-01  0.69046852E-17
    8    7   -0.89361905E-02  0.31234932E-08
    1    8   -0.18153159E-02  0.12298996E-08
    2    8    0.10722792E-01  0.24738369E-08
    3    8    0.10722790E-01  0.79360494E-09
    4    8   -0.54258602E-02 -0.78523140E-08
    5    8   -0.89361917E-02 -0.41211879E-08
    6    8   -0.89361922E-02  0.24635404E-08
    7    8   -0.89361905E-02 -0.31234932E-08
    8    8    0.18964291E-01  0.50838239E-17

   -1   -2    1
    1    1   -0.36990303E-02  0.68799169E-09
    2    1   -0.18888274E-01  0.73213810E-09
    3    1    0.70221600E-02 -0.22885744E-08
    4    1    0.41504744E-02 -0.56137089E-09
    5    1    0.20736066E-01  0.28956752E-08
    6    1   -0.20074042E-01 -0.43411067E-08
    7    1   -0.17361541E-01 -0.17779434E-08
    8    1    0.64728243E-02 -0.27438488E-08
    1    2   -0.18888274E-01 -0.45861459E-09
    2    2   -0.36990319E-02 -0.34303641E-08
    3    2    0.70221598E-02  0.15595210E-08
    4    2    0.41504695E-02  0.32688994E-08
    5    2   -0.10637122E-01  0.17670765E-09
    6    2    0.37837617E-01  0.49313669E-08
    7    2   -0.92792761E-02 -0.75683332E-09
    8    2   -0.10637125E-01  0.40224839E-08
    1    3    0.41504701E-02 -0.72902348E-09
    2    3    0.41504691E-02  0.46025705E-08
    3    3   -0.21346940E-01 -0.41443251E-08
    4    3   -0.13866823E-03  0.41633659E-09
    5    3    0.10793100E-03 -0.27447679E-08
    6    3    0.16431358E-02 -0.43372772E-08
    7    3    0.17314626E-01  0.13080033E-08
    8    3    0.10793097E-03  0.12445167E-08
    1    4    0.70221597E-02 -0.39689916E-09
    2    4    0.70221623E-02  0.18131427E-09
    3    4    0.14734882E-01 -0.18577877E-09
    4    4   -0.21346942E-01 -0.20122238E-09
    5    4    0.64728195E-02  0.12171181E-08
    6    4   -0.20074041E-01  0.66256096E-09
    7    4   -0.17361545E-01 -0.11380504E-08
    8    4    0.20736065E-01 -0.18073220E-08
    1    5    0.20736067E-01  0.12920517E-08
    2    5   -0.10637125E-01 -0.40405559E-08
    3    5    0.64728215E-02  0.31735901E-08
    4    5    0.10793288E-03 -0.26776027E-08
    5    5    0.28526586E-02  0.34117799E-08
    6    5   -0.14244329E-01 -0.14817594E-08
    7    5    0.11044803E-01 -0.21351526E-08
    8    5   -0.15692616E-02 -0.48217693E-08
    1    6   -0.20074041E-01  0.32015459E-08
    2    6    0.37837619E-01  0.42171474E-08
    3    6   -0.20074040E-01 -0.30926610E-08
    4    6    0.16431336E-02 -0.32397980E-08
    5    6   -0.14244330E-01  0.15183550E-08
    6    6    0.28526639E-02 -0.58488944E-08
    7    6    0.11044796E-01 -0.56138702E-09
    8    6   -0.15692622E-02 -0.11107965E-08
    1    7    0.64728255E-02  0.56035958E-09
    2    7   -0.10637128E-01 -0.17410645E-08
    3    7    0.20736066E-01  0.37957776E-08
    4    7    0.10793431E-03 -0.40809045E-08
    5    7   -0.15692594E-02  0.21002157E-08
    6    7   -0.15692640E-02  0.32275306E-08
    7    7   -0.29279923E-01 -0.27212077E-08
    8    7    0.81920924E-02  0.43551969E-08
    1    8   -0.17361539E-01  0.15206834E-08
    2    8   -0.92792753E-02 -0.18836068E-08
    3    8   -0.17361543E-01 -0.37788833E-08
    4    8    0.17314623E-01  0.30181366E-08
    5    8    0.11044803E-01  0.35475305E-08
    6    8    0.11044804E-01  0.36480975E-08
    7    8    0.82451162E-02 -0.74776250E-09
    8    8   -0.29279926E-01 -0.66526833E-09

   -1   -2    2
    1    1   -0.36990362E-02  0.60776180E-09
    2    1    0.70221599E-02  0.24768004E-10
    3    1   -0.18888269E-01  0.21097718E-08
    4    1    0.41504711E-02  0.36957165E-09
    5    1    0.20736065E-01 -0.67225335E-09
    6    1   -0.17361544E-01  0.49995155E-08
    7    1   -0.20074038E-01 -0.14467809E-08
    8    1    0.64728239E-02  0.12422869E-08
    1    2    0.41504682E-02 -0.12906025E-08
    2    2   -0.21346940E-01  0.38683835E-09
    3    2    0.41504697E-02 -0.86763046E-09
    4    2   -0.13866774E-03 -0.48006130E-09
    5    2    0.10793034E-03  0.29989253E-09
    6    2    0.17314624E-01  0.96239341E-09
    7    2    0.16431344E-02  0.26352894E-08
    8    2    0.10793161E-03 -0.39577905E-09
    1    3   -0.18888272E-01 -0.21355275E-08
    2    3    0.70221625E-02 -0.28097291E-08
    3    3   -0.36990352E-02  0.23446384E-08
    4    3    0.41504709E-02 -0.79022431E-09
    5    3   -0.10637126E-01  0.96528120E-09
    6    3   -0.92792697E-02 -0.31528758E-08
    7    3    0.37837620E-01 -0.55826523E-08
    8    3   -0.10637125E-01  0.20624777E-08
    1    4    0.70221603E-02  0.11290238E-08
    2    4    0.14734879E-01 -0.28628518E-08
    3    4    0.70221595E-02 -0.15367106E-08
    4    4   -0.21346939E-01  0.24630789E-08
    5    4    0.64728211E-02  0.98514936E-09
    6    4   -0.17361544E-01 -0.12082196E-08
    7    4   -0.20074041E-01  0.29904719E-08
    8    4    0.20736065E-01 -0.90341224E-09
    1    5    0.20736069E-01  0.41407784E-08
    2    5    0.64728196E-02  0.83006379E-09
    3    5   -0.10637124E-01  0.11341367E-08
    4    5    0.10793170E-03 -0.36570687E-08
    5    5    0.28526631E-02  0.10792231E-08
    6    5    0.11044797E-01  0.28219926E-08
    7    5   -0.14244329E-01 -0.14144834E-08
    8    5   -0.15692607E-02 -0.26496986E-08
    1    6    0.64728231E-02 -0.35765248E-08
    2    6    0.20736070E-01 -0.25003151E-08
    3    6   -0.10637128E-01  0.95990727E-09
    4    6    0.10793478E-03 -0.23576348E-08
    5    6   -0.15692631E-02  0.13259990E-08
    6    6   -0.29279924E-01 -0.37032698E-08
    7    6   -0.15692568E-02 -0.76901041E-10
    8    6    0.81920934E-02  0.19197666E-08
    1    7   -0.20074043E-01  0.78234241E-09
    2    7   -0.20074037E-01  0.19834675E-08
    3    7    0.37837620E-01 -0.25157204E-08
    4    7    0.16431330E-02  0.21196977E-08
    5    7   -0.14244330E-01  0.55100030E-09
    6    7    0.11044799E-01  0.10887908E-08
    7    7    0.28526551E-02  0.24113342E-08
    8    7   -0.15692548E-02 -0.18854509E-08
    1    8   -0.17361548E-01 -0.35438430E-10
    2    8   -0.17361544E-01  0.31765026E-08
    3    8   -0.92792687E-02 -0.50410041E-09
    4    8    0.17314624E-01  0.52161512E-10
    5    8    0.11044799E-01  0.40484477E-09
    6    8    0.82451191E-02  0.14859957E-08
    7    8    0.11044803E-01  0.40767351E-09
    8    8   -0.29279927E-01  0.40124339E-09

   -1   -1   -1
    1    1    0.66173823E-01 -0.32970201E-08
    2    1   -0.12788707E-01  0.25755009E-08
    3    1   -0.12788705E-01  0.45003660E-09
    4    1   -0.12788706E-01  0.18744734E-08
    5    1    0.31809962E-01 -0.30362470E-08
    6    1    0.67311302E-02 -0.30156725E-08
    7    1    0.67311280E-02  0.22845474E-08
    8    1    0.67311241E-02  0.44045756E-08
    1    2   -0.12788707E-01  0.14009890E-08
    2    2    0.66173821E-01 -0.66794972E-08
    3    2   -0.12788711E-01  0.30602060E-08
    4    2   -0.12788709E-01 -0.37739757E-08
    5    2   -0.37384090E-01  0.30801009E-08
    6    2   -0.40337626E-02  0.28964600E-08
    7    2   -0.70471222E-02 -0.29519669E-08
    8    2   -0.70471220E-02 -0.44436084E-09
    1    3   -0.12788705E-01  0.10319382E-08
    2    3   -0.12788708E-01  0.36076081E-08
    3    3    0.66173825E-01 -0.48066754E-08
    4    3   -0.12788706E-01  0.30488678E-08
    5    3   -0.37384096E-01  0.89441310E-09
    6    3   -0.70471190E-02 -0.61204361E-09
    7    3   -0.40337610E-02  0.23571774E-08
    8    3   -0.70471177E-02  0.83076843E-09
    1    4   -0.12788704E-01 -0.41178512E-08
    2    4   -0.12788708E-01  0.50689597E-09
    3    4   -0.12788707E-01 -0.33457553E-09
    4    4    0.66173822E-01  0.21181615E-09
    5    4   -0.37384093E-01 -0.84138096E-09
    6    4   -0.70471210E-02  0.77621671E-10
    7    4   -0.70471219E-02 -0.11643197E-08
    8    4   -0.40337608E-02 -0.37156853E-08
    1    5    0.44999231E-01  0.16922348E-09
    2    5   -0.23640157E-01  0.19592389E-08
    3    5   -0.23640157E-01  0.20738785E-08
    4    5   -0.23640162E-01  0.94476784E-09
    5    5    0.76965819E-01 -0.25935886E-08
    6    5   -0.14260031E-01 -0.20082845E-08
    7    5   -0.14260027E-01  0.34337315E-08
    8    5   -0.14260028E-01  0.52760062E-08
    1    6   -0.24315260E-01 -0.13706342E-08
    2    6   -0.23731851E-01  0.54093108E-08
    3    6    0.16202165E-01 -0.10980587E-07
    4    6    0.16202161E-01  0.25637780E-08
    5    6   -0.14260032E-01  0.21105169E-08
    6    6    0.76965828E-01 -0.72761924E-08
    7    6   -0.14260035E-01  0.42936850E-08
    8    6   -0.14260034E-01  0.40643553E-08
    1    7   -0.24315249E-01 -0.62585139E-08
    2    7    0.16202159E-01 -0.28767418E-08
    3    7   -0.23731859E-01  0.34576835E-08
    4    7    0.16202158E-01 -0.42642739E-08
    5    7   -0.14260024E-01  0.24706640E-08
    6    7   -0.14260035E-01 -0.48264654E-08
    7    7    0.76965822E-01 -0.75185053E-08
    8    7   -0.14260028E-01  0.26316407E-08
    1    8   -0.24315259E-01  0.24969361E-08
    2    8    0.16202160E-01  0.26984924E-08
    3    8    0.16202160E-01 -0.15074704E-08
    4    8   -0.23731851E-01 -0.21930531E-09
    5    8   -0.14260026E-01 -0.13483672E-08
    6    8   -0.14260034E-01 -0.31354993E-08
    7    8   -0.14260030E-01  0.23166700E-08
    8    8    0.76965821E-01  0.21744234E-08

   -1   -1    0
    1    1   -0.18053370E-01  0.73902378E-09
    2    1    0.29529856E-01  0.34325199E-09
    3    1    0.45258326E-01 -0.42289089E-08
    4    1   -0.31280212E-02 -0.19783157E-09
    5    1   -0.97492744E-01  0.32678922E-08
    6    1   -0.95236225E-03  0.46406019E-09
    7    1    0.23042219E-01  0.45913026E-08
    8    1    0.10523918E+00  0.39601815E-08
    1    2    0.19283888E-01 -0.11142389E-08
    2    2   -0.21071013E-01  0.31160291E-08
    3    2   -0.36753899E-01  0.10983957E-08
    4    2    0.19283885E-01 -0.29050715E-08
    5    2    0.44831339E-01 -0.22891738E-09
    6    2    0.96739185E-01 -0.11488369E-08
    7    2    0.44831347E-01 -0.50733706E-09
    8    2   -0.97202973E-01 -0.15854035E-08
    1    3   -0.16217422E-03  0.20178961E-08
    2    3   -0.24789827E-01 -0.67233774E-08
    3    3    0.12334833E-02  0.34738243E-08
    4    3   -0.16217370E-03  0.55853826E-09
    5    3    0.23042229E-01  0.12663268E-08
    6    3   -0.95236799E-03  0.89024598E-08
    7    3   -0.97492744E-01 -0.22339067E-08
    8    3    0.10523918E+00  0.38255730E-08
    1    4   -0.31280198E-02 -0.54146063E-09
    2    4    0.29529855E-01 -0.30279534E-09
    3    4    0.45258322E-01 -0.54761202E-09
    4    4   -0.18053367E-01  0.52417065E-08
    5    4   -0.44583220E-01 -0.14211006E-08
    6    4   -0.25561625E+00 -0.82311331E-08
    7    4   -0.44583228E-01  0.30026433E-08
    8    4    0.68963752E-01  0.45777527E-09
    1    5   -0.20478224E-01 -0.32098440E-08
    2    5    0.20173473E-01  0.25042733E-08
    3    5    0.87305049E-02 -0.25924114E-08
    4    5   -0.13809288E-01  0.24316026E-08
    5    5   -0.24726271E-01 -0.17221225E-08
    6    5    0.53549977E-01  0.13443027E-08
    7    5    0.35816428E-01  0.33182525E-08
    8    5   -0.11628888E-01 -0.23525679E-08
    1    6    0.20173484E-01 -0.40713476E-08
    2    6   -0.20478224E-01  0.11777099E-08
    3    6    0.87305020E-02 -0.13742224E-08
    4    6   -0.13809291E-01  0.55972307E-08
    5    6    0.14731040E-01 -0.69521943E-08
    6    6   -0.51082966E-02  0.38828767E-08
    7    6   -0.37254872E-02  0.39283997E-08
    8    6    0.14731034E-01 -0.19407055E-08
    1    7    0.25253689E-01 -0.14963522E-08
    2    7    0.25253692E-01  0.39773196E-08
    3    7   -0.18955229E-01  0.12761624E-08
    4    7   -0.50768292E-02 -0.12256277E-09
    5    7    0.10454495E-02 -0.33081953E-08
    6    7   -0.45267885E-01 -0.17076383E-08
    7    7    0.13745620E-02  0.40036230E-08
    8    7    0.10454513E-02 -0.38524014E-09
    1    8   -0.23052520E-01  0.34735499E-10
    2    8   -0.23052514E-01  0.85874777E-09
    3    8   -0.27366980E-01 -0.22107303E-09
    4    8    0.52128718E-01 -0.14673211E-08
    5    8   -0.11628886E-01 -0.65864764E-09
    6    8    0.53549973E-01 -0.45193882E-09
    7    8    0.35816429E-01 -0.24985634E-08
    8    8   -0.24726266E-01  0.28551385E-08

   -1   -1    1
    1    1    0.15101161E-01 -0.22928837E-08
    2    1    0.23175985E-01 -0.26438770E-08
    3    1    0.23175988E-01  0.16189654E-08
    4    1   -0.20485266E-01  0.32077476E-08
    5    1    0.84403686E-01 -0.48769539E-08
    6    1   -0.65115430E-01 -0.33477744E-08
    7    1   -0.65115422E-01 -0.88936370E-09
    8    1   -0.66583036E-01  0.43401173E-08
    1    2   -0.10234073E-01 -0.10887860E-08
    2    2    0.15101158E-01 -0.23760897E-09
    3    2   -0.20485263E-01 -0.27057068E-08
    4    2   -0.10234073E-01  0.51913396E-09
    5    2    0.38261478E-02 -0.21715254E-08
    6    2   -0.28993392E-02 -0.16861680E-08
    7    2    0.66282053E-02 -0.34825662E-08
    8    2    0.50212219E-02  0.11300011E-09
    1    3   -0.10234073E-01 -0.96375653E-09
    2    3   -0.20485263E-01  0.41415347E-08
    3    3    0.15101160E-01 -0.43902544E-09
    4    3   -0.10234072E-01  0.19465121E-08
    5    3    0.38261492E-02 -0.35371586E-08
    6    3    0.66282015E-02  0.64577248E-08
    7    3   -0.28993410E-02  0.62984833E-08
    8    3    0.50212234E-02 -0.44932925E-08
    1    4   -0.20485263E-01  0.45531948E-09
    2    4    0.23175981E-01  0.47900225E-10
    3    4    0.23175984E-01  0.75902327E-08
    4    4    0.15101164E-01 -0.32061289E-08
    5    4   -0.14246857E-01  0.23831285E-08
    6    4    0.35249306E-02 -0.29762425E-09
    7    4    0.35249244E-02 -0.31342170E-08
    8    4    0.92997729E-02  0.32135095E-08
    1    5    0.37837618E-01 -0.36832137E-09
    2    5   -0.20074038E-01 -0.20696509E-08
    3    5   -0.20074041E-01 -0.38512923E-09
    4    5    0.16431325E-02  0.44078424E-09
    5    5    0.39810805E-02  0.98687496E-09
    6    5    0.14609722E-01 -0.48474136E-08
    7    5    0.14609726E-01 -0.72005963E-09
    8    5   -0.72421617E-02  0.28423366E-08
    1    6   -0.10637127E-01  0.18640193E-09
    2    6    0.20736067E-01 -0.39268297E-08
    3    6    0.64728232E-02  0.52383862E-08
    4    6    0.10792987E-03  0.59415515E-09
    5    6   -0.87883176E-02  0.17171886E-08
    6    6    0.39810814E-02  0.70574648E-08
    7    6   -0.72421665E-02  0.17476690E-08
    8    6   -0.87883160E-02  0.24339627E-08
    1    7   -0.10637117E-01  0.12757916E-09
    2    7    0.64728216E-02  0.28837886E-09
    3    7    0.20736065E-01 -0.32938658E-10
    4    7    0.10792790E-03 -0.42502601E-08
    5    7   -0.87883128E-02  0.32426282E-08
    6    7   -0.72421650E-02 -0.61498147E-08
    7    7    0.39810821E-02 -0.71517347E-08
    8    7   -0.87883175E-02  0.74605303E-09
    1    8   -0.92792722E-02 -0.50016657E-08
    2    8   -0.17361546E-01  0.40199674E-08
    3    8   -0.17361547E-01 -0.11399614E-08
    4    8    0.17314627E-01  0.36711620E-08
    5    8   -0.72421597E-02 -0.10219417E-07
    6    8    0.14609720E-01 -0.35268924E-08
    7    8    0.14609724E-01  0.54243748E-08
    8    8    0.39810792E-02  0.10564392E-08

   -1   -1    2
    1    1   -0.18053366E-01 -0.16119160E-08
    2    1    0.45258329E-01  0.28833760E-08
    3    1    0.29529856E-01 -0.49446839E-08
    4    1   -0.31280235E-02  0.14106784E-08
    5    1   -0.97492744E-01  0.38646349E-08
    6    1    0.23042225E-01  0.18902586E-08
    7    1   -0.95237799E-03  0.32212594E-08
    8    1    0.10523918E+00 -0.18475828E-09
    1    2   -0.16217315E-03 -0.22152003E-08
    2    2    0.12334864E-02 -0.13371842E-08
    3    2   -0.24789829E-01 -0.23398745E-09
    4    2   -0.16217214E-03  0.44316607E-08
    5    2    0.23042220E-01 -0.50066758E-08
    6    2   -0.97492739E-01 -0.67011528E-08
    7    2   -0.95236089E-03 -0.22062823E-08
    8    2    0.10523919E+00  0.51259414E-09
    1    3    0.19283883E-01  0.15005806E-08
    2    3   -0.36753905E-01 -0.34291777E-08
    3    3   -0.21071012E-01  0.19993680E-08
    4    3    0.19283882E-01 -0.34953038E-08
    5    3    0.44831341E-01  0.51702179E-08
    6    3    0.44831349E-01  0.24407807E-08
    7    3    0.96739184E-01 -0.58360367E-08
    8    3   -0.97202977E-01  0.31758165E-08
    1    4   -0.31280238E-02  0.26437696E-08
    2    4    0.45258326E-01  0.44617653E-08
    3    4    0.29529858E-01 -0.38258380E-08
    4    4   -0.18053366E-01 -0.58240714E-09
    5    4   -0.44583217E-01  0.21329848E-08
    6    4   -0.44583231E-01 -0.38019837E-08
    7    4   -0.25561625E+00  0.57032032E-08
    8    4    0.68963746E-01 -0.67369687E-08
    1    5   -0.20478221E-01 -0.41883620E-08
    2    5    0.87305046E-02  0.30329503E-08
    3    5    0.20173475E-01 -0.12002556E-08
    4    5   -0.13809288E-01  0.90777946E-09
    5    5   -0.24726271E-01 -0.33932632E-08
    6    5    0.35816430E-01  0.17222812E-08
    7    5    0.53549968E-01  0.78882350E-08
    8    5   -0.11628883E-01  0.18101014E-08
    1    6    0.25253694E-01  0.23126729E-08
    2    6   -0.18955232E-01  0.56821748E-08
    3    6    0.25253690E-01 -0.22910892E-08
    4    6   -0.50768286E-02  0.52067330E-10
    5    6    0.10454562E-02 -0.83179731E-09
    6    6    0.13745576E-02  0.24997768E-08
    7    6   -0.45267891E-01  0.71043376E-08
    8    6    0.10454491E-02 -0.27942982E-08
    1    7    0.20173477E-01 -0.97268675E-09
    2    7    0.87305066E-02  0.31037397E-08
    3    7   -0.20478217E-01 -0.55629656E-08
    4    7   -0.13809292E-01  0.56824127E-08
    5    7    0.14731031E-01 -0.53516346E-08
    6    7   -0.37254883E-02 -0.48229120E-08
    7    7   -0.51082849E-02  0.53791692E-08
    8    7    0.14731031E-01 -0.59425184E-10
    1    8   -0.23052517E-01 -0.34367651E-08
    2    8   -0.27366974E-01 -0.71385957E-09
    3    8   -0.23052516E-01  0.30049079E-08
    4    8    0.52128713E-01  0.32100611E-09
    5    8   -0.11628887E-01 -0.38689008E-08
    6    8    0.35816430E-01  0.29855222E-08
    7    8    0.53549973E-01 -0.44437102E-08
    8    8   -0.24726264E-01  0.30836370E-08

   -1   -1    3
    1    1    0.66173823E-01 -0.32970200E-08
    2    1   -0.12788707E-01  0.25755009E-08
    3    1   -0.12788705E-01  0.45003659E-09
    4    1   -0.12788706E-01  0.18744734E-08
    5    1    0.31809962E-01 -0.30362470E-08
    6    1    0.67311302E-02 -0.30156726E-08
    7    1    0.67311280E-02  0.22845474E-08
    8    1    0.67311241E-02  0.44045755E-08
    1    2   -0.12788707E-01  0.14009889E-08
    2    2    0.66173821E-01 -0.66794972E-08
    3    2   -0.12788711E-01  0.30602060E-08
    4    2   -0.12788709E-01 -0.37739757E-08
    5    2   -0.37384090E-01  0.30801009E-08
    6    2   -0.40337626E-02  0.28964600E-08
    7    2   -0.70471222E-02 -0.29519668E-08
    8    2   -0.70471220E-02 -0.44436086E-09
    1    3   -0.12788705E-01  0.10319381E-08
    2    3   -0.12788708E-01  0.36076081E-08
    3    3    0.66173825E-01 -0.48066754E-08
    4    3   -0.12788706E-01  0.30488678E-08
    5    3   -0.37384096E-01  0.89441307E-09
    6    3   -0.70471190E-02 -0.61204356E-09
    7    3   -0.40337610E-02  0.23571774E-08
    8    3   -0.70471177E-02  0.83076843E-09
    1    4   -0.12788704E-01 -0.41178512E-08
    2    4   -0.12788708E-01  0.50689595E-09
    3    4   -0.12788707E-01 -0.33457555E-09
    4    4    0.66173822E-01  0.21181622E-09
    5    4   -0.37384093E-01 -0.84138097E-09
    6    4   -0.70471210E-02  0.77621735E-10
    7    4   -0.70471219E-02 -0.11643197E-08
    8    4   -0.40337608E-02 -0.37156853E-08
    1    5    0.44999231E-01  0.16922349E-09
    2    5   -0.23640157E-01  0.19592388E-08
    3    5   -0.23640157E-01  0.20738785E-08
    4    5   -0.23640162E-01  0.94476784E-09
    5    5    0.76965819E-01 -0.25935885E-08
    6    5   -0.14260031E-01 -0.20082845E-08
    7    5   -0.14260027E-01  0.34337315E-08
    8    5   -0.14260028E-01  0.52760062E-08
    1    6   -0.24315260E-01 -0.13706342E-08
    2    6   -0.23731851E-01  0.54093108E-08
    3    6    0.16202165E-01 -0.10980587E-07
    4    6    0.16202161E-01  0.25637780E-08
    5    6   -0.14260032E-01  0.21105169E-08
    6    6    0.76965828E-01 -0.72761923E-08
    7    6   -0.14260035E-01  0.42936850E-08
    8    6   -0.14260034E-01  0.40643553E-08
    1    7   -0.24315249E-01 -0.62585139E-08
    2    7    0.16202159E-01 -0.28767418E-08
    3    7   -0.23731859E-01  0.34576835E-08
    4    7    0.16202158E-01 -0.42642739E-08
    5    7   -0.14260024E-01  0.24706640E-08
    6    7   -0.14260035E-01 -0.48264654E-08
    7    7    0.76965822E-01 -0.75185052E-08
    8    7   -0.14260028E-01  0.26316406E-08
    1    8   -0.24315259E-01  0.24969361E-08
    2    8    0.16202160E-01  0.26984924E-08
    3    8    0.16202160E-01 -0.15074704E-08
    4    8   -0.23731851E-01 -0.21930531E-09
    5    8   -0.14260026E-01 -0.13483672E-08
    6    8   -0.14260034E-01 -0.31354993E-08
    7    8   -0.14260030E-01  0.23166700E-08
    8    8    0.76965821E-01  0.21744234E-08

   -1    0   -1
    1    1    0.12334896E-02 -0.26248528E-09
    2    1   -0.24789826E-01 -0.40629291E-08
    3    1   -0.16217635E-03  0.42027192E-08
    4    1   -0.16217421E-03 -0.16091485E-08
    5    1    0.17314629E-01  0.52392856E-09
    6    1    0.16431323E-02 -0.35087982E-08
    7    1    0.10793465E-03 -0.20880710E-08
    8    1    0.10793326E-03 -0.80677023E-09
    1    2   -0.36753903E-01  0.21021239E-08
    2    2   -0.21071011E-01  0.42678530E-08
    3    2    0.19283889E-01 -0.35811654E-08
    4    2    0.19283881E-01 -0.14467821E-08
    5    2   -0.92792756E-02  0.34677825E-10
    6    2    0.37837618E-01  0.89085694E-09
    7    2   -0.10637127E-01  0.12992942E-08
    8    2   -0.10637127E-01  0.18313955E-08
    1    3    0.45258324E-01 -0.93407567E-10
    2    3    0.29529855E-01 -0.21208151E-08
    3    3   -0.18053368E-01  0.35060876E-08
    4    3   -0.31280170E-02 -0.18966333E-08
    5    3   -0.17361547E-01  0.86097376E-09
    6    3   -0.20074037E-01  0.19289746E-08
    7    3    0.20736065E-01 -0.21301487E-08
    8    3    0.64728201E-02 -0.21062384E-08
    1    4    0.45258323E-01 -0.14828063E-08
    2    4    0.29529853E-01 -0.24946008E-08
    3    4   -0.31280204E-02 -0.24304392E-08
    4    4   -0.18053363E-01  0.16396065E-08
    5    4   -0.17361545E-01  0.24898999E-08
    6    4   -0.20074040E-01  0.29834792E-08
    7    4    0.64728223E-02 -0.30757066E-11
    8    4    0.20736066E-01  0.93601833E-09
    1    5   -0.23731849E-01 -0.40780396E-09
    2    5   -0.24315258E-01 -0.13119360E-08
    3    5    0.16202161E-01  0.20884781E-08
    4    5    0.16202162E-01  0.35453596E-09
    5    5    0.13745624E-02 -0.77830380E-09
    6    5   -0.45267894E-01 -0.21517931E-08
    7    5    0.10454540E-02  0.19459195E-09
    8    5    0.10454546E-02 -0.29693358E-08
    1    6   -0.23640165E-01  0.69964196E-08
    2    6    0.44999232E-01 -0.10445055E-07
    3    6   -0.23640163E-01  0.43890772E-08
    4    6   -0.23640164E-01 -0.21750870E-08
    5    6   -0.37254891E-02  0.56459136E-08
    6    6   -0.51082892E-02  0.55528193E-08
    7    6    0.14731033E-01 -0.57756023E-08
    8    6    0.14731036E-01 -0.22190760E-08
    1    7    0.16202161E-01 -0.50257783E-09
    2    7   -0.24315261E-01 -0.11536974E-08
    3    7   -0.23731850E-01  0.15183972E-08
    4    7    0.16202167E-01 -0.14134416E-08
    5    7    0.35816429E-01  0.23156941E-09
    6    7    0.53549964E-01  0.13618249E-08
    7    7   -0.24726270E-01 -0.33608908E-08
    8    7   -0.11628884E-01 -0.21069575E-08
    1    8    0.16202167E-01  0.44759658E-08
    2    8   -0.24315260E-01  0.55953891E-09
    3    8    0.16202164E-01  0.12151533E-08
    4    8   -0.23731851E-01 -0.48958953E-08
    5    8    0.35816435E-01  0.16769450E-08
    6    8    0.53549969E-01  0.61925814E-09
    7    8   -0.11628881E-01  0.56885888E-09
    8    8   -0.24726270E-01  0.43006319E-08

   -1    0    0
    1    1    0.10519072E+00  0.28962151E-08
    2    1    0.25613836E+00  0.76562136E-08
    3    1   -0.61090147E-01  0.77959505E-08
    4    1   -0.78370039E-01 -0.60387606E-08
    5    1   -0.28993447E-02 -0.20005857E-08
    6    1    0.66282071E-02  0.88276449E-08
    7    1    0.38261454E-02 -0.35386985E-08
    8    1    0.50212231E-02 -0.39981100E-08
    1    2   -0.78370044E-01 -0.52199118E-08
    2    2   -0.37997467E-01 -0.10221172E-08
    3    2   -0.78370042E-01 -0.57524587E-08
    4    2    0.57015480E-01  0.80957809E-08
    5    2    0.66282108E-02 -0.78500199E-08
    6    2   -0.28993418E-02 -0.77073036E-08
    7    2    0.38261518E-02  0.37695132E-08
    8    2    0.50212248E-02 -0.23393557E-09
    1    3   -0.61090137E-01  0.15573481E-08
    2    3    0.25613837E+00 -0.12026758E-08
    3    3    0.10519072E+00  0.24436341E-08
    4    3   -0.78370050E-01 -0.72367880E-08
    5    3   -0.65115439E-01  0.34886053E-08
    6    3   -0.65115432E-01 -0.56926368E-09
    7    3    0.84403684E-01 -0.50212658E-08
    8    3   -0.66583027E-01  0.71679924E-09
    1    4    0.25613837E+00  0.30859200E-08
    2    4   -0.42257933E+00 -0.16250632E-07
    3    4    0.25613838E+00 -0.93178475E-09
    4    4   -0.37997465E-01  0.26539849E-08
    5    4    0.35249221E-02  0.12660737E-07
    6    4    0.35249322E-02  0.49578155E-08
    7    4   -0.14246860E-01  0.19740710E-08
    8    4    0.92997763E-02  0.70857202E-09
    1    5   -0.28993482E-02  0.41840166E-08
    2    5    0.35249195E-02  0.23635977E-08
    3    5   -0.65115447E-01 -0.12968480E-08
    4    5    0.66282135E-02 -0.30681377E-08
    5    5   -0.18802079E-01  0.68383522E-08
    6    5   -0.31833374E-01  0.46499210E-08
    7    5   -0.20855591E+00 -0.42550295E-08
    8    5    0.19795978E+00 -0.35057645E-08
    1    6    0.50212308E-02 -0.47008520E-08
    2    6    0.92997735E-02  0.75276771E-08
    3    6   -0.66583026E-01  0.47008042E-08
    4    6    0.50212277E-02 -0.22064481E-08
    5    6    0.19795979E+00 -0.10128535E-07
    6    6    0.77261001E-01 -0.32017206E-08
    7    6    0.19795982E+00 -0.58332799E-08
    8    6   -0.40105134E+00  0.33540352E-08
    1    7    0.38261428E-02  0.49287622E-08
    2    7   -0.14246845E-01 -0.22207985E-09
    3    7    0.84403683E-01 -0.91627737E-08
    4    7    0.38261474E-02  0.20245154E-08
    5    7   -0.20855590E+00  0.10686795E-07
    6    7   -0.31833378E-01 -0.54502116E-08
    7    7   -0.18802131E-01  0.12989058E-07
    8    7    0.19795982E+00 -0.11366000E-07
    1    8    0.66282052E-02 -0.16343669E-09
    2    8    0.35249314E-02 -0.27703063E-08
    3    8   -0.65115432E-01 -0.76899558E-09
    4    8   -0.28993505E-02 -0.31041574E-08
    5    8   -0.31833367E-01  0.90976469E-08
    6    8    0.33084395E+00  0.11990588E-07
    7    8   -0.31833378E-01  0.30480087E-08
    8    8    0.77260995E-01 -0.19847593E-07

   -1    0    1
    1    1    0.10519073E+00 -0.25952478E-09
    2    1   -0.61090142E-01  0.17299990E-08
    3    1    0.25613837E+00  0.31871455E-08
    4    1   -0.78370047E-01  0.60991667E-09
    5    1   -0.28993472E-02  0.24412595E-08
    6    1    0.38261448E-02 -0.52017097E-08
    7    1    0.66282014E-02 -0.35835452E-08
    8    1    0.50212339E-02 -0.39743330E-08
    1    2   -0.61090144E-01  0.38415849E-08
    2    2    0.10519072E+00 -0.65893465E-08
    3    2    0.25613837E+00 -0.81001784E-08
    4    2   -0.78370045E-01  0.39757629E-08
    5    2   -0.65115425E-01  0.89315776E-08
    6    2    0.84403679E-01  0.95645805E-08
    7    2   -0.65115438E-01  0.98834892E-09
    8    2   -0.66583042E-01  0.61452609E-09
    1    3   -0.78370040E-01 -0.71744242E-11
    2    3   -0.78370048E-01  0.56692706E-08
    3    3   -0.37997478E-01 -0.90237075E-08
    4    3    0.57015491E-01  0.41227892E-08
    5    3    0.66282082E-02 -0.70646637E-08
    6    3    0.38261490E-02 -0.92352898E-08
    7    3   -0.28993425E-02  0.34128311E-08
    8    3    0.50212256E-02  0.25954284E-08
    1    4    0.25613837E+00 -0.50355790E-08
    2    4    0.25613837E+00 -0.12290603E-08
    3    4   -0.42257933E+00  0.13200277E-07
    4    4   -0.37997476E-01 -0.83257989E-08
    5    4    0.35249268E-02 -0.10511923E-09
    6    4   -0.14246860E-01  0.64744920E-08
    7    4    0.35249387E-02 -0.49791408E-08
    8    4    0.92997765E-02  0.26911701E-09
    1    5   -0.28993445E-02  0.17033779E-08
    2    5   -0.65115437E-01 -0.68202964E-08
    3    5    0.35249297E-02  0.90690797E-08
    4    5    0.66282116E-02 -0.46722635E-08
    5    5   -0.18802116E-01  0.77434684E-08
    6    5   -0.20855590E+00 -0.10179220E-07
    7    5   -0.31833373E-01 -0.18956714E-08
    8    5    0.19795983E+00 -0.38726663E-08
    1    6    0.38261479E-02  0.49137904E-08
    2    6    0.84403680E-01 -0.75387916E-08
    3    6   -0.14246857E-01 -0.76421266E-08
    4    6    0.38261475E-02 -0.47357288E-08
    5    6   -0.20855589E+00  0.17909062E-07
    6    6   -0.18802098E-01 -0.36433160E-08
    7    6   -0.31833385E-01  0.30821775E-08
    8    6    0.19795979E+00 -0.10771248E-07
    1    7    0.50212259E-02 -0.21289593E-08
    2    7   -0.66583041E-01 -0.72249930E-09
    3    7    0.92997766E-02  0.13107888E-07
    4    7    0.50212272E-02 -0.44019013E-08
    5    7    0.19795981E+00 -0.67160052E-08
    6    7    0.19795979E+00  0.12263117E-07
    7    7    0.77261006E-01 -0.14926241E-07
    8    7   -0.40105136E+00  0.11021041E-07
    1    8    0.66282027E-02  0.83037111E-08
    2    8   -0.65115435E-01 -0.92824156E-08
    3    8    0.35249364E-02 -0.92872407E-08
    4    8   -0.28993461E-02  0.34995384E-08
    5    8   -0.31833366E-01  0.74253765E-08
    6    8   -0.31833355E-01 -0.64575761E-08
    7    8    0.33084393E+00  0.17286487E-07
    8    8    0.77260987E-01  0.65921169E-08

   -1    0    2
    1    1    0.12334861E-02  0.20830033E-08
    2    1   -0.16217537E-03 -0.70927093E-09
    3    1   -0.24789829E-01 -0.28666839E-09
    4    1   -0.16217041E-03 -0.32369679E-08
    5    1    0.17314625E-01  0.16084197E-08
    6    1    0.10793418E-03  0.62923378E-09
    7    1    0.16431316E-02 -0.37730337E-08
    8    1    0.10792833E-03 -0.13506821E-08
    1    2    0.45258327E-01 -0.17751847E-08
    2    2   -0.18053366E-01  0.16920210E-08
    3    2    0.29529852E-01  0.48642207E-08
    4    2   -0.31280187E-02  0.28415846E-08
    5    2   -0.17361545E-01 -0.47257237E-08
    6    2    0.20736067E-01  0.27035900E-08
    7    2   -0.20074038E-01  0.23784974E-08
    8    2    0.64728223E-02 -0.10851552E-08
    1    3   -0.36753902E-01 -0.43259692E-08
    2    3    0.19283888E-01 -0.10741456E-08
    3    3   -0.21071013E-01  0.18940469E-08
    4    3    0.19283879E-01  0.41445615E-09
    5    3   -0.92792724E-02 -0.19052204E-08
    6    3   -0.10637129E-01 -0.50294075E-08
    7    3    0.37837622E-01  0.12550487E-08
    8    3   -0.10637122E-01  0.32981601E-08
    1    4    0.45258322E-01  0.42179505E-09
    2    4   -0.31280196E-02 -0.61696637E-10
    3    4    0.29529855E-01 -0.99664836E-09
    4    4   -0.18053362E-01  0.43208293E-08
    5    4   -0.17361547E-01 -0.21620037E-08
    6    4    0.64728219E-02  0.24516143E-09
    7    4   -0.20074043E-01  0.71668257E-08
    8    4    0.20736066E-01 -0.31856850E-09
    1    5   -0.23731852E-01  0.32187169E-08
    2    5    0.16202160E-01 -0.20265203E-08
    3    5   -0.24315257E-01 -0.12521048E-08
    4    5    0.16202164E-01 -0.56617685E-08
    5    5    0.13745654E-02  0.56766562E-08
    6    5    0.10454495E-02  0.42345856E-08
    7    5   -0.45267893E-01 -0.85439041E-08
    8    5    0.10454449E-02 -0.48979386E-08
    1    6    0.16202163E-01 -0.35066506E-08
    2    6   -0.23731852E-01 -0.13218924E-08
    3    6   -0.24315257E-01  0.57038146E-08
    4    6    0.16202165E-01 -0.46795647E-09
    5    6    0.35816427E-01 -0.65857029E-08
    6    6   -0.24726271E-01 -0.20635450E-08
    7    6    0.53549976E-01  0.12858831E-08
    8    6   -0.11628878E-01  0.23615802E-08
    1    7   -0.23640166E-01  0.38704691E-08
    2    7   -0.23640154E-01  0.48441539E-08
    3    7    0.44999233E-01 -0.47296985E-08
    4    7   -0.23640159E-01  0.23601023E-08
    5    7   -0.37254999E-02  0.84065102E-09
    6    7    0.14731035E-01  0.35927717E-08
    7    7   -0.51082930E-02  0.38866874E-08
    8    7    0.14731040E-01 -0.35537052E-08
    1    8    0.16202162E-01  0.11440025E-08
    2    8    0.16202161E-01 -0.16898898E-08
    3    8   -0.24315257E-01  0.41635868E-08
    4    8   -0.23731854E-01 -0.37942554E-08
    5    8    0.35816428E-01  0.98408272E-09
    6    8   -0.11628876E-01  0.11525400E-08
    7    8    0.53549970E-01  0.49969137E-09
    8    8   -0.24726268E-01  0.10028808E-08

   -1    1   -2
    1    1   -0.21346943E-01 -0.12474154E-08
    2    1    0.41504696E-02  0.18351790E-08
    3    1    0.41504700E-02 -0.38394685E-09
    4    1   -0.13867162E-03  0.19868022E-08
    5    1   -0.54258608E-02 -0.18292776E-08
    6    1    0.10722794E-01  0.14332898E-08
    7    1    0.10722787E-01  0.12469476E-08
    8    1   -0.72245549E-02  0.20722273E-08
    1    2    0.70221617E-02 -0.19966779E-08
    2    2   -0.36990295E-02 -0.15229696E-08
    3    2   -0.18888270E-01 -0.20355980E-08
    4    2    0.41504691E-02  0.16489951E-08
    5    2    0.10722790E-01 -0.11659757E-08
    6    2   -0.54258598E-02  0.50772110E-09
    7    2    0.10722793E-01 -0.10826285E-09
    8    2   -0.72245520E-02 -0.25327305E-08
    1    3    0.70221633E-02  0.17087961E-08
    2    3   -0.18888275E-01 -0.10184578E-08
    3    3   -0.36990307E-02  0.43765141E-09
    4    3    0.41504723E-02  0.13677742E-08
    5    3    0.10722791E-01 -0.20758217E-09
    6    3    0.10722791E-01  0.19959672E-08
    7    3   -0.54258601E-02 -0.23799775E-08
    8    3   -0.72245544E-02  0.62212634E-08
    1    4    0.14734880E-01  0.22819325E-08
    2    4    0.70221594E-02  0.62035143E-09
    3    4    0.70221607E-02  0.37878325E-09
    4    4   -0.21346940E-01 -0.13151072E-08
    5    4   -0.18153165E-02 -0.28238157E-09
    6    4   -0.18153185E-02 -0.21405548E-08
    7    4   -0.18153158E-02 -0.38519395E-09
    8    4    0.21334721E-01 -0.86175660E-08
    1    5   -0.18955233E-01 -0.33146156E-08
    2    5    0.25253687E-01  0.46186994E-08
    3    5    0.25253691E-01 -0.12787560E-08
    4    5   -0.50768281E-02 -0.20628647E-10
    5    5   -0.29279923E-01 -0.85610558E-09
    6    5   -0.15692617E-02 -0.85407302E-09
    7    5   -0.15692654E-02  0.53340664E-08
    8    5    0.81920918E-02  0.38352186E-08
    1    6    0.87305066E-02  0.61948870E-10
    2    6   -0.20478223E-01  0.19754828E-08
    3    6    0.20173475E-01 -0.18723213E-08
    4    6   -0.13809288E-01  0.15424575E-08
    5    6    0.11044802E-01  0.86078226E-09
    6    6    0.28526596E-02  0.24361157E-08
    7    6   -0.14244326E-01 -0.35414643E-08
    8    6   -0.15692617E-02 -0.11614729E-08
    1    7    0.87305034E-02 -0.18587766E-08
    2    7    0.20173478E-01  0.32835882E-08
    3    7   -0.20478221E-01 -0.30145372E-08
    4    7   -0.13809290E-01  0.19102388E-08
    5    7    0.11044797E-01 -0.29094915E-08
    6    7   -0.14244325E-01  0.90994400E-09
    7    7    0.28526590E-02  0.31141068E-08
    8    7   -0.15692618E-02 -0.24637845E-08
    1    8   -0.27366980E-01 -0.19643500E-08
    2    8   -0.23052508E-01  0.14773703E-08
    3    8   -0.23052517E-01  0.18816371E-08
    4    8    0.52128714E-01 -0.27165832E-08
    5    8    0.82451124E-02 -0.27746359E-08
    6    8    0.11044800E-01 -0.22041565E-09
    7    8    0.11044803E-01 -0.70440558E-09
    8    8   -0.29279921E-01 -0.12363333E-08

   -1    1   -1
    1    1    0.15101163E-01  0.44929477E-10
    2    1   -0.20485261E-01 -0.60863757E-09
    3    1   -0.10234074E-01 -0.16480182E-08
    4    1   -0.10234076E-01  0.22984651E-08
    5    1    0.37837619E-01 -0.13067701E-08
    6    1   -0.92792714E-02 -0.38528627E-08
    7    1   -0.10637119E-01  0.22500946E-08
    8    1   -0.10637125E-01  0.29912855E-08
    1    2   -0.20485264E-01  0.11368212E-08
    2    2    0.15101154E-01 -0.27489261E-09
    3    2   -0.10234074E-01  0.22336276E-08
    4    2   -0.10234073E-01 -0.25767052E-08
    5    2    0.16431374E-02 -0.15566447E-10
    6    2    0.17314624E-01  0.34117817E-08
    7    2    0.10793208E-03  0.11147741E-09
    8    2    0.10792804E-03 -0.16879429E-08
    1    3    0.23175986E-01 -0.93228140E-09
    2    3    0.23175987E-01  0.51299769E-08
    3    3    0.15101159E-01 -0.60540102E-08
    4    3   -0.20485266E-01  0.30709453E-08
    5    3   -0.20074036E-01 -0.85498007E-09
    6    3   -0.17361546E-01 -0.28745872E-08
    7    3    0.20736064E-01  0.71261399E-08
    8    3    0.64728216E-02 -0.18246523E-09
    1    4    0.23175989E-01 -0.46407922E-08
    2    4    0.23175981E-01  0.37120126E-08
    3    4   -0.20485269E-01  0.18374488E-08
    4    4    0.15101164E-01 -0.34972618E-08
    5    4   -0.20074038E-01 -0.32692975E-09
    6    4   -0.17361545E-01 -0.24969562E-08
    7    4    0.64728208E-02 -0.20323219E-08
    8    4    0.20736063E-01  0.92856205E-09
    1    5    0.84403684E-01 -0.28492126E-08
    2    5   -0.14246850E-01 -0.88881063E-08
    3    5    0.38261509E-02 -0.20114462E-08
    4    5    0.38261501E-02  0.43448289E-08
    5    5    0.39810757E-02  0.46364650E-09
    6    5   -0.72421609E-02 -0.19031542E-08
    7    5   -0.87883175E-02 -0.15830048E-08
    8    5   -0.87883115E-02  0.12096832E-08
    1    6   -0.66583038E-01  0.32367697E-08
    2    6    0.92997787E-02  0.12593300E-07
    3    6    0.50212335E-02 -0.38922954E-08
    4    6    0.50212204E-02 -0.14566821E-08
    5    6   -0.72421663E-02 -0.10060271E-08
    6    6    0.39810835E-02 -0.17735200E-08
    7    6   -0.87883240E-02  0.61851567E-08
    8    6   -0.87883190E-02  0.46153791E-08
    1    7   -0.65115422E-01 -0.26052597E-08
    2    7    0.35249231E-02 -0.63528666E-08
    3    7   -0.28993488E-02  0.17826598E-08
    4    7    0.66282059E-02 -0.27074723E-08
    5    7    0.14609725E-01  0.15236050E-08
    6    7    0.14609714E-01 -0.57890870E-08
    7    7    0.39810891E-02 -0.25043917E-08
    8    7   -0.72421667E-02  0.24838583E-08
    1    8   -0.65115431E-01  0.15721791E-08
    2    8    0.35249215E-02  0.44404264E-08
    3    8    0.66281980E-02 -0.94384840E-10
    4    8   -0.28993367E-02 -0.16645071E-08
    5    8    0.14609727E-01 -0.14091266E-08
    6    8    0.14609718E-01 -0.14972561E-08
    7    8   -0.72421594E-02 -0.26992540E-08
    8    8    0.39810772E-02 -0.12922269E-08

   -1    1    0
    1    1   -0.37997477E-01  0.23027984E-08
    2    1   -0.78370043E-01  0.15090163E-08
    3    1   -0.78370044E-01 -0.67350570E-08
    4    1    0.57015484E-01  0.26515528E-08
    5    1    0.96739181E-01 -0.72136232E-09
    6    1    0.44831345E-01  0.21867945E-10
    7    1    0.44831347E-01  0.59885735E-08
    8    1   -0.97202982E-01  0.39050374E-08
    1    2    0.25613837E+00 -0.79229557E-09
    2    2    0.10519072E+00 -0.25991313E-08
    3    2   -0.61090137E-01  0.84685006E-10
    4    2   -0.78370043E-01 -0.23630657E-08
    5    2   -0.95236450E-03 -0.16734329E-08
    6    2   -0.97492738E-01 -0.48636061E-08
    7    2    0.23042220E-01  0.22499546E-08
    8    2    0.10523920E+00  0.35182419E-08
    1    3    0.25613836E+00  0.59799957E-08
    2    3   -0.61090134E-01 -0.45921970E-08
    3    3    0.10519072E+00  0.35847133E-08
    4    3   -0.78370043E-01 -0.35930264E-08
    5    3   -0.95236386E-03  0.38632406E-08
    6    3    0.23042226E-01  0.50479230E-08
    7    3   -0.97492743E-01 -0.47023263E-08
    8    3    0.10523918E+00  0.14992190E-08
    1    4   -0.42257934E+00 -0.77950322E-08
    2    4    0.25613836E+00  0.78907064E-08
    3    4    0.25613836E+00 -0.69330913E-08
    4    4   -0.37997473E-01  0.28637127E-08
    5    4   -0.25561625E+00  0.37640096E-08
    6    4   -0.44583231E-01 -0.66212348E-08
    7    4   -0.44583241E-01  0.49768166E-08
    8    4    0.68963750E-01 -0.51310465E-08
    1    5   -0.93752585E+00 -0.21949716E-09
    2    5    0.11292323E+00  0.12433964E-07
    3    5    0.11292328E+00  0.25254312E-07
    4    5    0.10415985E+00 -0.44176610E-08
    5    5    0.77260994E-01 -0.75921952E-08
    6    5    0.19795981E+00  0.10802938E-07
    7    5    0.19795982E+00 -0.28341732E-08
    8    5   -0.40105138E+00  0.13458425E-08
    1    6    0.11292321E+00 -0.25833641E-07
    2    6   -0.93752585E+00 -0.16119266E-07
    3    6    0.11292320E+00 -0.29416355E-07
    4    6    0.10415986E+00  0.27251154E-07
    5    6   -0.31833346E-01  0.66806127E-08
    6    6   -0.18802106E-01 -0.50413984E-08
    7    6   -0.20855590E+00  0.65246110E-08
    8    6    0.19795980E+00 -0.58332379E-08
    1    7    0.11292325E+00  0.16008487E-07
    2    7    0.11292332E+00  0.14064952E-07
    3    7   -0.93752577E+00  0.22210510E-07
    4    7    0.10415982E+00 -0.11655384E-07
    5    7   -0.31833375E-01 -0.15214827E-07
    6    7   -0.20855588E+00 -0.56536584E-08
    7    7   -0.18802093E-01  0.68958890E-08
    8    7    0.19795979E+00  0.34243778E-08
    1    8   -0.22008306E+01 -0.94002049E-08
    2    8   -0.22008305E+01 -0.20480603E-07
    3    8   -0.22008306E+01  0.18005177E-07
    4    8    0.13754083E+01  0.11516215E-07
    5    8    0.33084394E+00 -0.16131312E-07
    6    8   -0.31833356E-01  0.22306937E-09
    7    8   -0.31833356E-01 -0.11661389E-07
    8    8    0.77261008E-01  0.57632608E-08

   -1    1    1
    1    1    0.15101165E-01  0.51284432E-09
    2    1   -0.10234072E-01 -0.14987077E-08
    3    1   -0.20485263E-01  0.59431544E-09
    4    1   -0.10234077E-01  0.63455581E-08
    5    1    0.37837622E-01 -0.47067166E-08
    6    1   -0.10637128E-01  0.37697970E-08
    7    1   -0.92792658E-02 -0.22643309E-09
    8    1   -0.10637125E-01  0.45273149E-08
    1    2    0.23175989E-01  0.16853453E-08
    2    2    0.15101152E-01  0.23229984E-08
    3    2    0.23175985E-01 -0.10949039E-08
    4    2   -0.20485266E-01 -0.64929730E-08
    5    2   -0.20074033E-01  0.29658067E-08
    6    2    0.20736066E-01 -0.54013669E-08
    7    2   -0.17361547E-01 -0.17945836E-08
    8    2    0.64728178E-02  0.96887541E-09
    1    3   -0.20485263E-01  0.17214386E-09
    2    3   -0.10234074E-01 -0.24295386E-08
    3    3    0.15101162E-01 -0.76665971E-09
    4    3   -0.10234075E-01  0.33558903E-08
    5    3    0.16431330E-02 -0.41188777E-09
    6    3    0.10793174E-03  0.46276864E-08
    7    3    0.17314624E-01  0.30271339E-08
    8    3    0.10792982E-03 -0.14755863E-08
    1    4    0.23175986E-01 -0.24729831E-08
    2    4   -0.20485267E-01 -0.19885033E-08
    3    4    0.23175982E-01  0.49770925E-08
    4    4    0.15101166E-01 -0.44370068E-08
    5    4   -0.20074039E-01  0.33579420E-08
    6    4    0.64728217E-02  0.14785814E-08
    7    4   -0.17361547E-01 -0.33068079E-08
    8    4    0.20736067E-01 -0.22661833E-08
    1    5    0.84403681E-01  0.14846827E-09
    2    5    0.38261566E-02  0.94682778E-09
    3    5   -0.14246859E-01  0.13280037E-08
    4    5    0.38261496E-02  0.70311002E-08
    5    5    0.39810775E-02 -0.52742040E-08
    6    5   -0.87883191E-02 -0.30793882E-08
    7    5   -0.72421605E-02  0.17337763E-08
    8    5   -0.87883113E-02  0.26740556E-08
    1    6   -0.65115440E-01 -0.26761650E-08
    2    6   -0.28993404E-02 -0.24687095E-08
    3    6    0.35249375E-02  0.49085405E-08
    4    6    0.66282058E-02  0.10518375E-09
    5    6    0.14609718E-01 -0.21032234E-08
    6    6    0.39810875E-02  0.48693409E-08
    7    6    0.14609719E-01  0.48472238E-08
    8    6   -0.72421673E-02  0.35159499E-08
    1    7   -0.66583021E-01  0.55693290E-09
    2    7    0.50212242E-02  0.53765484E-09
    3    7    0.92997788E-02  0.91908009E-09
    4    7    0.50212195E-02 -0.74010732E-08
    5    7   -0.72421602E-02  0.48508312E-08
    6    7   -0.87883236E-02 -0.30122893E-08
    7    7    0.39810826E-02 -0.56136680E-08
    8    7   -0.87883137E-02  0.49368674E-08
    1    8   -0.65115434E-01 -0.45697089E-08
    2    8    0.66282033E-02  0.44074665E-08
    3    8    0.35249320E-02 -0.28076141E-09
    4    8   -0.28993433E-02  0.26023941E-08
    5    8    0.14609721E-01 -0.35201724E-08
    6    8   -0.72421661E-02 -0.45225232E-08
    7    8    0.14609726E-01  0.29783655E-08
    8    8    0.39810828E-02 -0.88363736E-09

   -1    1    2
    1    1   -0.21346943E-01 -0.12474153E-08
    2    1    0.41504696E-02  0.18351790E-08
    3    1    0.41504700E-02 -0.38394683E-09
    4    1   -0.13867162E-03  0.19868022E-08
    5    1   -0.54258608E-02 -0.18292776E-08
    6    1    0.10722794E-01  0.14332898E-08
    7    1    0.10722787E-01  0.12469476E-08
    8    1   -0.72245549E-02  0.20722273E-08
    1    2    0.70221617E-02 -0.19966779E-08
    2    2   -0.36990295E-02 -0.15229696E-08
    3    2   -0.18888270E-01 -0.20355980E-08
    4    2    0.41504691E-02  0.16489951E-08
    5    2    0.10722790E-01 -0.11659756E-08
    6    2   -0.54258598E-02  0.50772111E-09
    7    2    0.10722793E-01 -0.10826284E-09
    8    2   -0.72245520E-02 -0.25327305E-08
    1    3    0.70221633E-02  0.17087961E-08
    2    3   -0.18888275E-01 -0.10184578E-08
    3    3   -0.36990307E-02  0.43765139E-09
    4    3    0.41504723E-02  0.13677742E-08
    5    3    0.10722791E-01 -0.20758215E-09
    6    3    0.10722791E-01  0.19959672E-08
    7    3   -0.54258601E-02 -0.23799775E-08
    8    3   -0.72245544E-02  0.62212634E-08
    1    4    0.14734880E-01  0.22819326E-08
    2    4    0.70221594E-02  0.62035140E-09
    3    4    0.70221607E-02  0.37878317E-09
    4    4   -0.21346940E-01 -0.13151071E-08
    5    4   -0.18153165E-02 -0.28238155E-09
    6    4   -0.18153185E-02 -0.21405548E-08
    7    4   -0.18153158E-02 -0.38519395E-09
    8    4    0.21334721E-01 -0.86175660E-08
    1    5   -0.18955233E-01 -0.33146155E-08
    2    5    0.25253687E-01  0.46186994E-08
    3    5    0.25253691E-01 -0.12787560E-08
    4    5   -0.50768281E-02 -0.20628656E-10
    5    5   -0.29279923E-01 -0.85610555E-09
    6    5   -0.15692617E-02 -0.85407306E-09
    7    5   -0.15692654E-02  0.53340664E-08
    8    5    0.81920918E-02  0.38352187E-08
    1    6    0.87305066E-02  0.61948911E-10
    2    6   -0.20478223E-01  0.19754829E-08
    3    6    0.20173475E-01 -0.18723213E-08
    4    6   -0.13809288E-01  0.15424574E-08
    5    6    0.11044802E-01  0.86078225E-09
    6    6    0.28526596E-02  0.24361157E-08
    7    6   -0.14244326E-01 -0.35414643E-08
    8    6   -0.15692617E-02 -0.11614730E-08
    1    7    0.87305034E-02 -0.18587766E-08
    2    7    0.20173478E-01  0.32835881E-08
    3    7   -0.20478221E-01 -0.30145371E-08
    4    7   -0.13809290E-01  0.19102387E-08
    5    7    0.11044797E-01 -0.29094915E-08
    6    7   -0.14244325E-01  0.90994402E-09
    7    7    0.28526590E-02  0.31141068E-08
    8    7   -0.15692618E-02 -0.24637845E-08
    1    8   -0.27366980E-01 -0.19643497E-08
    2    8   -0.23052508E-01  0.14773705E-08
    3    8   -0.23052517E-01  0.18816374E-08
    4    8    0.52128714E-01 -0.27165833E-08
    5    8    0.82451124E-02 -0.27746359E-08
    6    8    0.11044800E-01 -0.22041564E-09
    7    8    0.11044803E-01 -0.70440558E-09
    8    8   -0.29279921E-01 -0.12363333E-08

   -1    2   -2
    1    1   -0.36990362E-02  0.60776181E-09
    2    1    0.70221599E-02  0.24767983E-10
    3    1   -0.18888269E-01  0.21097718E-08
    4    1    0.41504711E-02  0.36957168E-09
    5    1    0.20736065E-01 -0.67225333E-09
    6    1   -0.17361544E-01  0.49995155E-08
    7    1   -0.20074038E-01 -0.14467809E-08
    8    1    0.64728239E-02  0.12422869E-08
    1    2    0.41504682E-02 -0.12906025E-08
    2    2   -0.21346940E-01  0.38683834E-09
    3    2    0.41504697E-02 -0.86763045E-09
    4    2   -0.13866774E-03 -0.48006130E-09
    5    2    0.10793034E-03  0.29989256E-09
    6    2    0.17314624E-01  0.96239343E-09
    7    2    0.16431344E-02  0.26352894E-08
    8    2    0.10793161E-03 -0.39577908E-09
    1    3   -0.18888272E-01 -0.21355275E-08
    2    3    0.70221625E-02 -0.28097291E-08
    3    3   -0.36990352E-02  0.23446384E-08
    4    3    0.41504709E-02 -0.79022431E-09
    5    3   -0.10637126E-01  0.96528119E-09
    6    3   -0.92792697E-02 -0.31528758E-08
    7    3    0.37837620E-01 -0.55826523E-08
    8    3   -0.10637125E-01  0.20624777E-08
    1    4    0.70221603E-02  0.11290238E-08
    2    4    0.14734879E-01 -0.28628518E-08
    3    4    0.70221595E-02 -0.15367106E-08
    4    4   -0.21346939E-01  0.24630789E-08
    5    4    0.64728211E-02  0.98514938E-09
    6    4   -0.17361544E-01 -0.12082196E-08
    7    4   -0.20074041E-01  0.29904719E-08
    8    4    0.20736065E-01 -0.90341225E-09
    1    5    0.20736069E-01  0.41407784E-08
    2    5    0.64728196E-02  0.83006378E-09
    3    5   -0.10637124E-01  0.11341367E-08
    4    5    0.10793170E-03 -0.36570687E-08
    5    5    0.28526631E-02  0.10792231E-08
    6    5    0.11044797E-01  0.28219926E-08
    7    5   -0.14244329E-01 -0.14144834E-08
    8    5   -0.15692607E-02 -0.26496986E-08
    1    6    0.64728231E-02 -0.35765248E-08
    2    6    0.20736070E-01 -0.25003151E-08
    3    6   -0.10637128E-01  0.95990726E-09
    4    6    0.10793478E-03 -0.23576348E-08
    5    6   -0.15692631E-02  0.13259990E-08
    6    6   -0.29279924E-01 -0.37032698E-08
    7    6   -0.15692568E-02 -0.76901031E-10
    8    6    0.81920934E-02  0.19197667E-08
    1    7   -0.20074043E-01  0.78234243E-09
    2    7   -0.20074037E-01  0.19834675E-08
    3    7    0.37837620E-01 -0.25157204E-08
    4    7    0.16431330E-02  0.21196977E-08
    5    7   -0.14244330E-01  0.55100027E-09
    6    7    0.11044799E-01  0.10887908E-08
    7    7    0.28526551E-02  0.24113342E-08
    8    7   -0.15692548E-02 -0.18854509E-08
    1    8   -0.17361548E-01 -0.35438437E-10
    2    8   -0.17361544E-01  0.31765026E-08
    3    8   -0.92792687E-02 -0.50410041E-09
    4    8    0.17314624E-01  0.52161514E-10
    5    8    0.11044799E-01  0.40484480E-09
    6    8    0.82451191E-02  0.14859957E-08
    7    8    0.11044803E-01  0.40767350E-09
    8    8   -0.29279927E-01  0.40124339E-09

   -1    2   -1
    1    1   -0.21071010E-01  0.13225573E-08
    2    1   -0.36753899E-01 -0.36405691E-08
    3    1    0.19283884E-01  0.48268835E-08
    4    1    0.19283880E-01 -0.28750059E-08
    5    1   -0.40337590E-02  0.19319123E-08
    6    1   -0.37384097E-01 -0.26915987E-08
    7    1   -0.70471176E-02 -0.38014592E-08
    8    1   -0.70471122E-02 -0.19530343E-08
    1    2   -0.24789831E-01 -0.13337439E-08
    2    2    0.12334869E-02  0.20037753E-08
    3    2   -0.16217493E-03 -0.40325669E-08
    4    2   -0.16217042E-03 -0.12327349E-09
    5    2    0.67311250E-02  0.25021122E-08
    6    2    0.31809969E-01 -0.11222833E-08
    7    2    0.67311263E-02  0.85989587E-09
    8    2    0.67311253E-02  0.26001597E-08
    1    3    0.29529856E-01 -0.78970654E-09
    2    3    0.45258325E-01  0.90479972E-09
    3    3   -0.18053366E-01 -0.52053472E-09
    4    3   -0.31280182E-02  0.65753852E-08
    5    3   -0.70471206E-02 -0.53191128E-08
    6    3   -0.37384099E-01  0.24867626E-08
    7    3   -0.40337572E-02  0.44277337E-08
    8    3   -0.70471161E-02  0.48679322E-09
    1    4    0.29529857E-01 -0.75497251E-09
    2    4    0.45258320E-01 -0.45614206E-08
    3    4   -0.31280239E-02  0.47117585E-08
    4    4   -0.18053362E-01 -0.21672715E-08
    5    4   -0.70471162E-02  0.24882874E-08
    6    4   -0.37384098E-01  0.56469172E-08
    7    4   -0.70471162E-02 -0.29966608E-08
    8    4   -0.40337632E-02 -0.55835987E-09
    1    5    0.92997793E-02  0.15494049E-08
    2    5   -0.66583021E-01  0.75968239E-09
    3    5    0.50212299E-02 -0.73855875E-09
    4    5    0.50212167E-02 -0.27918097E-08
    5    5   -0.51082933E-02  0.38427471E-09
    6    5   -0.37254909E-02 -0.79071607E-08
    7    5    0.14731032E-01 -0.16334855E-08
    8    5    0.14731037E-01 -0.22403480E-08
    1    6   -0.14246861E-01  0.36691689E-08
    2    6    0.84403670E-01 -0.10971576E-07
    3    6    0.38261484E-02  0.60149356E-08
    4    6    0.38261543E-02 -0.23584019E-09
    5    6   -0.45267890E-01  0.64139035E-08
    6    6    0.13745619E-02  0.99457690E-08
    7    6    0.10454459E-02 -0.65910828E-08
    8    6    0.10454492E-02 -0.46683132E-08
    1    7    0.35249358E-02  0.50594595E-08
    2    7   -0.65115444E-01 -0.78494838E-08
    3    7   -0.28993448E-02  0.66345421E-08
    4    7    0.66282098E-02 -0.53674558E-08
    5    7    0.53549972E-01  0.55739642E-08
    6    7    0.35816431E-01  0.77914935E-08
    7    7   -0.24726264E-01 -0.82007135E-08
    8    7   -0.11628883E-01 -0.10370196E-08
    1    8    0.35249345E-02  0.54490189E-08
    2    8   -0.65115439E-01  0.21367153E-08
    3    8    0.66282024E-02 -0.40809317E-08
    4    8   -0.28993413E-02  0.44800079E-08
    5    8    0.53549976E-01 -0.26508916E-08
    6    8    0.35816431E-01 -0.12444863E-08
    7    8   -0.11628880E-01  0.60128958E-08
    8    8   -0.24726269E-01 -0.21296726E-08

   -1    2    0
    1    1   -0.21071018E-01  0.49515960E-08
    2    1    0.19283887E-01 -0.82258554E-09
    3    1   -0.36753897E-01  0.65612940E-09
    4    1    0.19283883E-01 -0.36928606E-08
    5    1   -0.40337595E-02  0.16341800E-08
    6    1   -0.70471177E-02  0.16551098E-08
    7    1   -0.37384099E-01 -0.34150878E-08
    8    1   -0.70471198E-02  0.29064945E-08
    1    2    0.29529851E-01 -0.22152853E-08
    2    2   -0.18053364E-01  0.69301231E-09
    3    2    0.45258325E-01 -0.20289814E-08
    4    2   -0.31280198E-02  0.44545193E-08
    5    2   -0.70471198E-02 -0.48663361E-08
    6    2   -0.40337645E-02  0.22571676E-08
    7    2   -0.37384093E-01  0.44902928E-08
    8    2   -0.70471210E-02  0.45048236E-10
    1    3   -0.24789833E-01 -0.49708065E-08
    2    3   -0.16217321E-03 -0.28890986E-09
    3    3    0.12334840E-02  0.64015659E-09
    4    3   -0.16217066E-03 -0.26638250E-08
    5    3    0.67311205E-02  0.16158718E-08
    6    3    0.67311312E-02 -0.63286495E-08
    7    3    0.31809966E-01 -0.41160184E-08
    8    3    0.67311259E-02 -0.14204784E-09
    1    4    0.29529858E-01  0.17337184E-08
    2    4   -0.31280228E-02 -0.83314782E-09
    3    4    0.45258324E-01 -0.14826786E-08
    4    4   -0.18053362E-01  0.52103325E-08
    5    4   -0.70471198E-02  0.32164576E-08
    6    4   -0.70471193E-02  0.16722576E-08
    7    4   -0.37384096E-01  0.63203742E-08
    8    4   -0.40337608E-02 -0.56489491E-08
    1    5    0.92997862E-02  0.61719139E-08
    2    5    0.50212198E-02  0.20707823E-08
    3    5   -0.66583030E-01  0.10194144E-08
    4    5    0.50212208E-02 -0.70656423E-08
    5    5   -0.51082811E-02  0.21740441E-08
    6    5    0.14731035E-01 -0.28119329E-09
    7    5   -0.37254947E-02 -0.52722394E-08
    8    5    0.14731036E-01  0.33532735E-08
    1    6    0.35249260E-02 -0.71273009E-08
    2    6   -0.28993423E-02 -0.12111299E-08
    3    6   -0.65115430E-01  0.85686169E-08
    4    6    0.66282111E-02 -0.31553938E-08
    5    6    0.53549963E-01 -0.74036856E-09
    6    6   -0.24726271E-01 -0.42034194E-09
    7    6    0.35816437E-01 -0.30653835E-08
    8    6   -0.11628876E-01 -0.35348265E-08
    1    7   -0.14246861E-01  0.16856597E-08
    2    7    0.38261550E-02  0.92479413E-10
    3    7    0.84403681E-01 -0.72514165E-08
    4    7    0.38261490E-02  0.27970829E-08
    5    7   -0.45267900E-01  0.37290965E-08
    6    7    0.10454524E-02 -0.70377924E-09
    7    7    0.13745552E-02  0.78849668E-08
    8    7    0.10454514E-02 -0.66779425E-08
    1    8    0.35249196E-02 -0.55127885E-08
    2    8    0.66282137E-02  0.29736453E-08
    3    8   -0.65115425E-01  0.32060535E-08
    4    8   -0.28993496E-02 -0.29505086E-08
    5    8    0.53549960E-01 -0.32822188E-08
    6    8   -0.11628877E-01  0.23562374E-08
    7    8    0.35816438E-01 -0.19639466E-09
    8    8   -0.24726269E-01  0.31629617E-08

   -1    2    1
    1    1   -0.36990303E-02  0.68799170E-09
    2    1   -0.18888274E-01  0.73213811E-09
    3    1    0.70221600E-02 -0.22885744E-08
    4    1    0.41504744E-02 -0.56137086E-09
    5    1    0.20736066E-01  0.28956752E-08
    6    1   -0.20074042E-01 -0.43411067E-08
    7    1   -0.17361541E-01 -0.17779434E-08
    8    1    0.64728243E-02 -0.27438489E-08
    1    2   -0.18888274E-01 -0.45861460E-09
    2    2   -0.36990319E-02 -0.34303641E-08
    3    2    0.70221598E-02  0.15595209E-08
    4    2    0.41504695E-02  0.32688994E-08
    5    2   -0.10637122E-01  0.17670767E-09
    6    2    0.37837617E-01  0.49313669E-08
    7    2   -0.92792761E-02 -0.75683333E-09
    8    2   -0.10637125E-01  0.40224839E-08
    1    3    0.41504701E-02 -0.72902346E-09
    2    3    0.41504691E-02  0.46025705E-08
    3    3   -0.21346940E-01 -0.41443251E-08
    4    3   -0.13866823E-03  0.41633659E-09
    5    3    0.10793100E-03 -0.27447679E-08
    6    3    0.16431358E-02 -0.43372772E-08
    7    3    0.17314626E-01  0.13080033E-08
    8    3    0.10793097E-03  0.12445167E-08
    1    4    0.70221597E-02 -0.39689919E-09
    2    4    0.70221623E-02  0.18131423E-09
    3    4    0.14734882E-01 -0.18577871E-09
    4    4   -0.21346942E-01 -0.20122240E-09
    5    4    0.64728195E-02  0.12171181E-08
    6    4   -0.20074041E-01  0.66256097E-09
    7    4   -0.17361545E-01 -0.11380503E-08
    8    4    0.20736065E-01 -0.18073220E-08
    1    5    0.20736067E-01  0.12920517E-08
    2    5   -0.10637125E-01 -0.40405559E-08
    3    5    0.64728215E-02  0.31735900E-08
    4    5    0.10793288E-03 -0.26776027E-08
    5    5    0.28526586E-02  0.34117799E-08
    6    5   -0.14244329E-01 -0.14817594E-08
    7    5    0.11044803E-01 -0.21351526E-08
    8    5   -0.15692616E-02 -0.48217693E-08
    1    6   -0.20074041E-01  0.32015459E-08
    2    6    0.37837619E-01  0.42171474E-08
    3    6   -0.20074040E-01 -0.30926610E-08
    4    6    0.16431336E-02 -0.32397980E-08
    5    6   -0.14244330E-01  0.15183550E-08
    6    6    0.28526639E-02 -0.58488944E-08
    7    6    0.11044796E-01 -0.56138702E-09
    8    6   -0.15692622E-02 -0.11107965E-08
    1    7    0.64728255E-02  0.56035960E-09
    2    7   -0.10637128E-01 -0.17410645E-08
    3    7    0.20736066E-01  0.37957776E-08
    4    7    0.10793431E-03 -0.40809045E-08
    5    7   -0.15692594E-02  0.21002156E-08
    6    7   -0.15692640E-02  0.32275305E-08
    7    7   -0.29279923E-01 -0.27212077E-08
    8    7    0.81920924E-02  0.43551969E-08
    1    8   -0.17361539E-01  0.15206834E-08
    2    8   -0.92792753E-02 -0.18836068E-08
    3    8   -0.17361543E-01 -0.37788834E-08
    4    8    0.17314623E-01  0.30181366E-08
    5    8    0.11044803E-01  0.35475305E-08
    6    8    0.11044804E-01  0.36480975E-08
    7    8    0.82451162E-02 -0.74776256E-09
    8    8   -0.29279926E-01 -0.66526835E-09

   -1    3   -1
    1    1    0.66173823E-01 -0.32970201E-08
    2    1   -0.12788707E-01  0.25755009E-08
    3    1   -0.12788705E-01  0.45003659E-09
    4    1   -0.12788706E-01  0.18744734E-08
    5    1    0.31809962E-01 -0.30362470E-08
    6    1    0.67311302E-02 -0.30156725E-08
    7    1    0.67311280E-02  0.22845474E-08
    8    1    0.67311241E-02  0.44045756E-08
    1    2   -0.12788707E-01  0.14009890E-08
    2    2    0.66173821E-01 -0.66794972E-08
    3    2   -0.12788711E-01  0.30602060E-08
    4    2   -0.12788709E-01 -0.37739757E-08
    5    2   -0.37384090E-01  0.30801009E-08
    6    2   -0.40337626E-02  0.28964600E-08
    7    2   -0.70471222E-02 -0.29519669E-08
    8    2   -0.70471220E-02 -0.44436086E-09
    1    3   -0.12788705E-01  0.10319381E-08
    2    3   -0.12788708E-01  0.36076081E-08
    3    3    0.66173825E-01 -0.48066754E-08
    4    3   -0.12788706E-01  0.30488678E-08
    5    3   -0.37384096E-01  0.89441310E-09
    6    3   -0.70471190E-02 -0.61204355E-09
    7    3   -0.40337610E-02  0.23571774E-08
    8    3   -0.70471177E-02  0.83076843E-09
    1    4   -0.12788704E-01 -0.41178512E-08
    2    4   -0.12788708E-01  0.50689596E-09
    3    4   -0.12788707E-01 -0.33457554E-09
    4    4    0.66173822E-01  0.21181620E-09
    5    4   -0.37384093E-01 -0.84138097E-09
    6    4   -0.70471210E-02  0.77621640E-10
    7    4   -0.70471219E-02 -0.11643197E-08
    8    4   -0.40337608E-02 -0.37156852E-08
    1    5    0.44999231E-01  0.16922349E-09
    2    5   -0.23640157E-01  0.19592389E-08
    3    5   -0.23640157E-01  0.20738784E-08
    4    5   -0.23640162E-01  0.94476782E-09
    5    5    0.76965819E-01 -0.25935885E-08
    6    5   -0.14260031E-01 -0.20082844E-08
    7    5   -0.14260027E-01  0.34337315E-08
    8    5   -0.14260028E-01  0.52760062E-08
    1    6   -0.24315260E-01 -0.13706342E-08
    2    6   -0.23731851E-01  0.54093107E-08
    3    6    0.16202165E-01 -0.10980587E-07
    4    6    0.16202161E-01  0.25637780E-08
    5    6   -0.14260032E-01  0.21105169E-08
    6    6    0.76965828E-01 -0.72761923E-08
    7    6   -0.14260035E-01  0.42936850E-08
    8    6   -0.14260034E-01  0.40643553E-08
    1    7   -0.24315249E-01 -0.62585139E-08
    2    7    0.16202159E-01 -0.28767417E-08
    3    7   -0.23731859E-01  0.34576835E-08
    4    7    0.16202158E-01 -0.42642739E-08
    5    7   -0.14260024E-01  0.24706640E-08
    6    7   -0.14260035E-01 -0.48264654E-08
    7    7    0.76965822E-01 -0.75185052E-08
    8    7   -0.14260028E-01  0.26316407E-08
    1    8   -0.24315259E-01  0.24969361E-08
    2    8    0.16202160E-01  0.26984924E-08
    3    8    0.16202160E-01 -0.15074704E-08
    4    8   -0.23731851E-01 -0.21930530E-09
    5    8   -0.14260026E-01 -0.13483672E-08
    6    8   -0.14260034E-01 -0.31354993E-08
    7    8   -0.14260030E-01  0.23166700E-08
    8    8    0.76965821E-01  0.21744234E-08

    0   -2    0
    1    1    0.18569532E-01  0.39844365E-15
    2    1    0.11435745E-01 -0.10124916E-09
    3    1    0.78898203E-02  0.48761948E-09
    4    1    0.78898144E-02  0.30384187E-08
    5    1    0.68963751E-01 -0.43629830E-08
    6    1   -0.25561626E+00 -0.17615220E-09
    7    1   -0.44583218E-01  0.58111986E-08
    8    1   -0.44583219E-01  0.23192414E-08
    1    2    0.11435745E-01  0.10124891E-09
    2    2    0.18569526E-01  0.37705204E-15
    3    2    0.78898173E-02  0.17753192E-08
    4    2    0.78898147E-02 -0.17605467E-08
    5    2   -0.97202976E-01  0.24733869E-08
    6    2    0.96739191E-01 -0.32135559E-08
    7    2    0.44831334E-01 -0.19416078E-08
    8    2    0.44831338E-01 -0.26581673E-08
    1    3    0.78898203E-02 -0.48761967E-09
    2    3    0.78898173E-02 -0.17753194E-08
    3    3    0.22979449E-02  0.41638558E-15
    4    3   -0.10906067E+00  0.12187020E-08
    5    3    0.10523919E+00  0.13646979E-08
    6    3   -0.95237077E-03  0.70977642E-08
    7    3   -0.97492737E-01  0.52953758E-09
    8    3    0.23042222E-01 -0.25160321E-09
    1    4    0.78898144E-02 -0.30384189E-08
    2    4    0.78898147E-02  0.17605465E-08
    3    4   -0.10906067E+00 -0.12187021E-08
    4    4    0.22979450E-02  0.39454399E-15
    5    4    0.10523919E+00 -0.40976681E-08
    6    4   -0.95237077E-03  0.10985705E-09
    7    4    0.23042230E-01  0.11289667E-08
    8    4   -0.97492739E-01  0.33950103E-08
    1    5    0.68963751E-01  0.43629831E-08
    2    5   -0.97202976E-01 -0.24733872E-08
    3    5    0.10523919E+00 -0.13646982E-08
    4    5    0.10523919E+00  0.40976678E-08
    5    5   -0.68937602E-01  0.38219407E-15
    6    5   -0.35877309E-01 -0.69947463E-08
    7    5   -0.22176080E-03 -0.90429516E-09
    8    5   -0.22175391E-03  0.44611385E-09
    1    6   -0.25561626E+00  0.17615200E-09
    2    6    0.96739191E-01  0.32135559E-08
    3    6   -0.95237077E-03 -0.70977645E-08
    4    6   -0.95237077E-03 -0.10985732E-09
    5    6   -0.35877309E-01  0.69947461E-08
    6    6   -0.68937593E-01  0.37221557E-15
    7    6   -0.22175882E-03  0.43060878E-08
    8    6   -0.22176392E-03  0.45016397E-08
    1    7   -0.44583218E-01 -0.58111986E-08
    2    7    0.44831334E-01  0.19416078E-08
    3    7   -0.97492737E-01 -0.52953782E-09
    4    7    0.23042230E-01 -0.11289666E-08
    5    7   -0.22176080E-03  0.90429499E-09
    6    7   -0.22175882E-03 -0.43060880E-08
    7    7    0.83420581E-01  0.35924774E-15
    8    7   -0.40569528E-01 -0.13589330E-08
    1    8   -0.44583219E-01 -0.23192413E-08
    2    8    0.44831338E-01  0.26581673E-08
    3    8    0.23042222E-01  0.25160322E-09
    4    8   -0.97492739E-01 -0.33950105E-08
    5    8   -0.22175391E-03 -0.44611402E-09
    6    8   -0.22176392E-03 -0.45016399E-08
    7    8   -0.40569528E-01  0.13589328E-08
    8    8    0.83420581E-01  0.35918526E-15

    0   -2    1
    1    1   -0.21071015E-01  0.26460352E-08
    2    1    0.29529860E-01 -0.49226120E-10
    3    1    0.29529855E-01 -0.21559161E-08
    4    1   -0.24789829E-01  0.12880881E-08
    5    1    0.92997707E-02 -0.25296177E-08
    6    1    0.35249311E-02  0.64349220E-08
    7    1    0.35249223E-02  0.57662615E-08
    8    1   -0.14246852E-01  0.11357601E-08
    1    2    0.19283883E-01  0.43134846E-10
    2    2   -0.18053363E-01  0.23021568E-08
    3    2   -0.31280193E-02 -0.32067855E-08
    4    2   -0.16217189E-03 -0.42347560E-08
    5    2    0.50212166E-02  0.50567463E-08
    6    2   -0.28993395E-02 -0.12748420E-07
    7    2    0.66282100E-02 -0.48975104E-08
    8    2    0.38261518E-02  0.30476864E-08
    1    3    0.19283885E-01  0.43137507E-08
    2    3   -0.31280221E-02 -0.60981193E-08
    3    3   -0.18053363E-01  0.39879215E-08
    4    3   -0.16217366E-03  0.22618250E-08
    5    3    0.50212265E-02  0.50492079E-08
    6    3    0.66282030E-02  0.10552032E-07
    7    3   -0.28993436E-02 -0.27615099E-08
    8    3    0.38261467E-02 -0.37633824E-08
    1    4   -0.36753898E-01 -0.32283085E-09
    2    4    0.45258322E-01  0.80802249E-09
    3    4    0.45258322E-01 -0.29435839E-09
    4    4    0.12334795E-02  0.24644779E-08
    5    4   -0.66583011E-01 -0.36301342E-08
    6    4   -0.65115437E-01 -0.44426612E-08
    7    4   -0.65115441E-01 -0.28137625E-08
    8    4    0.84403677E-01 -0.39237561E-08
    1    5   -0.40337621E-02 -0.41672924E-08
    2    5   -0.70471194E-02  0.50593738E-08
    3    5   -0.70471207E-02 -0.95272858E-09
    4    5    0.67311271E-02  0.27964190E-08
    5    5   -0.51082945E-02 -0.67896176E-08
    6    5    0.53549973E-01  0.53059031E-08
    7    5    0.53549969E-01  0.77541898E-08
    8    5   -0.45267891E-01  0.26959985E-08
    1    6   -0.70471170E-02  0.18056189E-08
    2    6   -0.40337656E-02 -0.59361329E-08
    3    6   -0.70471176E-02  0.10309579E-08
    4    6    0.67311290E-02  0.48990304E-08
    5    6    0.14731039E-01 -0.31584374E-08
    6    6   -0.24726269E-01  0.95798917E-08
    7    6   -0.11628882E-01 -0.29727910E-08
    8    6    0.10454498E-02 -0.37471426E-08
    1    7   -0.70471193E-02 -0.74534973E-09
    2    7   -0.70471174E-02  0.29200468E-08
    3    7   -0.40337588E-02 -0.13509828E-08
    4    7    0.67311226E-02  0.24162988E-08
    5    7    0.14731037E-01 -0.38466946E-08
    6    7   -0.11628877E-01 -0.39115987E-08
    7    7   -0.24726263E-01 -0.10704465E-08
    8    7    0.10454430E-02  0.11641814E-08
    1    8   -0.37384096E-01  0.78722114E-09
    2    8   -0.37384093E-01 -0.30373622E-09
    3    8   -0.37384097E-01 -0.96103971E-09
    4    8    0.31809964E-01 -0.38069579E-08
    5    8   -0.37254958E-02  0.38687426E-08
    6    8    0.35816428E-01 -0.30532467E-08
    7    8    0.35816429E-01 -0.49465552E-08
    8    8    0.13745661E-02  0.34102909E-08

    0   -2    2
    1    1    0.18569530E-01 -0.56039569E-17
    2    1    0.78898143E-02 -0.29530760E-10
    3    1    0.11435747E-01  0.13332925E-08
    4    1    0.78898182E-02  0.14597319E-08
    5    1    0.68963762E-01  0.11365596E-09
    6    1   -0.44583234E-01 -0.12383214E-08
    7    1   -0.25561624E+00  0.46937477E-08
    8    1   -0.44583236E-01 -0.57874722E-09
    1    2    0.78898143E-02  0.29530753E-10
    2    2    0.22979467E-02 -0.57570719E-17
    3    2    0.78898129E-02 -0.28249687E-08
    4    2   -0.10906067E+00 -0.76591139E-09
    5    2    0.10523919E+00  0.24216464E-08
    6    2   -0.97492739E-01 -0.74464625E-08
    7    2   -0.95235513E-03  0.66303127E-09
    8    2    0.23042226E-01  0.20401588E-08
    1    3    0.11435747E-01 -0.13332925E-08
    2    3    0.78898129E-02  0.28249687E-08
    3    3    0.18569531E-01 -0.43156458E-17
    4    3    0.78898131E-02 -0.96176472E-09
    5    3   -0.97202979E-01 -0.16127364E-08
    6    3    0.44831349E-01  0.56860808E-10
    7    3    0.96739166E-01  0.24011722E-08
    8    3    0.44831346E-01 -0.14577175E-09
    1    4    0.78898182E-02 -0.14597319E-08
    2    4   -0.10906067E+00  0.76591138E-09
    3    4    0.78898131E-02  0.96176471E-09
    4    4    0.22979440E-02 -0.14398713E-16
    5    4    0.10523919E+00  0.42244315E-09
    6    4    0.23042222E-01 -0.70307937E-09
    7    4   -0.95235661E-03 -0.49015309E-09
    8    4   -0.97492739E-01 -0.89421699E-10
    1    5    0.68963762E-01 -0.11365598E-09
    2    5    0.10523919E+00 -0.24216464E-08
    3    5   -0.97202979E-01  0.16127364E-08
    4    5    0.10523919E+00 -0.42244315E-09
    5    5   -0.68937597E-01  0.76139878E-18
    6    5   -0.22176466E-03 -0.11505991E-09
    7    5   -0.35877302E-01 -0.24219430E-08
    8    5   -0.22176230E-03 -0.22937530E-09
    1    6   -0.44583234E-01  0.12383215E-08
    2    6   -0.97492739E-01  0.74464625E-08
    3    6    0.44831349E-01 -0.56860829E-10
    4    6    0.23042222E-01  0.70307937E-09
    5    6   -0.22176466E-03  0.11505993E-09
    6    6    0.83420584E-01  0.13812777E-16
    7    6   -0.22176491E-03  0.48679388E-08
    8    6   -0.40569529E-01  0.28687741E-08
    1    7   -0.25561624E+00 -0.46937477E-08
    2    7   -0.95235513E-03 -0.66303133E-09
    3    7    0.96739166E-01 -0.24011722E-08
    4    7   -0.95235661E-03  0.49015312E-09
    5    7   -0.35877302E-01  0.24219430E-08
    6    7   -0.22176491E-03 -0.48679388E-08
    7    7   -0.68937600E-01 -0.21216183E-16
    8    7   -0.22176867E-03 -0.21552922E-08
    1    8   -0.44583236E-01  0.57874723E-09
    2    8    0.23042226E-01 -0.20401588E-08
    3    8    0.44831346E-01  0.14577177E-09
    4    8   -0.97492739E-01  0.89421658E-10
    5    8   -0.22176230E-03  0.22937530E-09
    6    8   -0.40569529E-01 -0.28687741E-08
    7    8   -0.22176867E-03  0.21552922E-08
    8    8    0.83420581E-01  0.20088444E-16

    0   -1   -1
    1    1   -0.18053366E-01  0.43870247E-09
    2    1    0.29529856E-01 -0.17668013E-08
    3    1   -0.31280228E-02  0.38268981E-08
    4    1    0.45258322E-01 -0.21035754E-08
    5    1   -0.97492742E-01  0.38998548E-08
    6    1   -0.95236736E-03  0.45022682E-08
    7    1    0.10523917E+00 -0.31404349E-08
    8    1    0.23042225E-01 -0.10981289E-08
    1    2    0.19283884E-01 -0.51381608E-08
    2    2   -0.21071011E-01  0.81824163E-08
    3    2    0.19283883E-01 -0.51689650E-08
    4    2   -0.36753898E-01  0.39173418E-08
    5    2    0.44831342E-01 -0.38794914E-08
    6    2    0.96739184E-01 -0.18866425E-08
    7    2   -0.97202976E-01 -0.74921612E-09
    8    2    0.44831338E-01 -0.17443232E-08
    1    3   -0.31280217E-02 -0.24924765E-08
    2    3    0.29529852E-01 -0.44848136E-08
    3    3   -0.18053364E-01  0.42053521E-08
    4    3    0.45258323E-01  0.10529239E-08
    5    3   -0.44583229E-01 -0.39585621E-08
    6    3   -0.25561625E+00 -0.53075414E-08
    7    3    0.68963762E-01  0.26803124E-08
    8    3   -0.44583222E-01 -0.52471927E-09
    1    4   -0.16217608E-03  0.50537528E-08
    2    4   -0.24789826E-01 -0.39461259E-08
    3    4   -0.16217037E-03  0.23121599E-08
    4    4    0.12334849E-02 -0.43989747E-08
    5    4    0.23042214E-01  0.32914435E-08
    6    4   -0.95235834E-03  0.29658241E-08
    7    4    0.10523919E+00  0.10635460E-08
    8    4   -0.97492731E-01  0.23522457E-09
    1    5   -0.20478217E-01  0.29027217E-09
    2    5    0.20173475E-01  0.37675597E-08
    3    5   -0.13809294E-01 -0.13457421E-08
    4    5    0.87305025E-02 -0.24100713E-08
    5    5   -0.24726260E-01  0.11169781E-08
    6    5    0.53549964E-01  0.19237408E-08
    7    5   -0.11628888E-01 -0.14014740E-08
    8    5    0.35816424E-01  0.30421137E-08
    1    6    0.20173476E-01  0.15282564E-08
    2    6   -0.20478224E-01 -0.50625540E-08
    3    6   -0.13809288E-01  0.82231532E-08
    4    6    0.87305054E-02 -0.61644100E-09
    5    6    0.14731035E-01 -0.40039987E-08
    6    6   -0.51082933E-02  0.74040313E-08
    7    6    0.14731035E-01 -0.14753488E-08
    8    6   -0.37254866E-02 -0.18048495E-08
    1    7   -0.23052520E-01  0.98407309E-09
    2    7   -0.23052513E-01  0.25375060E-08
    3    7    0.52128712E-01 -0.36529868E-08
    4    7   -0.27366973E-01 -0.27657049E-08
    5    7   -0.11628887E-01  0.51250390E-08
    6    7    0.53549976E-01 -0.93826996E-09
    7    7   -0.24726271E-01 -0.26541006E-08
    8    7    0.35816431E-01 -0.27746521E-08
    1    8    0.25253688E-01 -0.14131328E-08
    2    8    0.25253690E-01  0.99380536E-09
    3    8   -0.50768237E-02  0.11231934E-09
    4    8   -0.18955231E-01  0.24141123E-09
    5    8    0.10454454E-02 -0.54966236E-09
    6    8   -0.45267883E-01  0.18547085E-08
    7    8    0.10454524E-02  0.27543904E-08
    8    8    0.13745620E-02 -0.50224959E-08

    0   -1    0
    1    1   -0.37997473E-01  0.69317231E-08
    2    1   -0.42257932E+00 -0.15059786E-07
    3    1    0.25613837E+00 -0.24324946E-09
    4    1    0.25613837E+00 -0.82666786E-08
    5    1   -0.93752585E+00  0.21675560E-07
    6    1   -0.22008306E+01 -0.37662734E-07
    7    1    0.11292323E+00  0.71722631E-08
    8    1    0.11292326E+00 -0.66058212E-08
    1    2    0.57015482E-01  0.46953113E-08
    2    2   -0.37997475E-01 -0.33557657E-08
    3    2   -0.78370048E-01 -0.61009740E-08
    4    2   -0.78370042E-01 -0.26476445E-09
    5    2    0.10415985E+00  0.59619765E-08
    6    2    0.13754083E+01  0.10608209E-07
    7    2    0.10415983E+00 -0.41459240E-08
    8    2    0.10415984E+00  0.10166576E-08
    1    3   -0.78370045E-01 -0.28168724E-08
    2    3    0.25613836E+00  0.52938020E-08
    3    3    0.10519072E+00 -0.33889054E-08
    4    3   -0.61090135E-01  0.40817930E-08
    5    3    0.11292327E+00  0.49007555E-09
    6    3   -0.22008306E+01 -0.31794194E-08
    7    3   -0.93752582E+00  0.17412628E-07
    8    3    0.11292322E+00  0.76868646E-08
    1    4   -0.78370042E-01  0.24777380E-08
    2    4    0.25613837E+00 -0.39608022E-08
    3    4   -0.61090135E-01  0.52823254E-09
    4    4    0.10519072E+00 -0.22450940E-08
    5    4    0.11292322E+00 -0.11098982E-07
    6    4   -0.22008306E+01 -0.11981450E-08
    7    4    0.11292332E+00  0.11046684E-07
    8    4   -0.93752581E+00  0.10370706E-07
    1    5    0.96739185E-01  0.89487094E-09
    2    5   -0.25561626E+00 -0.57914342E-08
    3    5   -0.95235513E-03  0.40625369E-08
    4    5   -0.95236284E-03  0.69408385E-09
    5    5    0.77260996E-01 -0.44218446E-08
    6    5    0.33084396E+00 -0.34224600E-08
    7    5   -0.31833359E-01 -0.68443216E-09
    8    5   -0.31833352E-01 -0.65383000E-08
    1    6   -0.97202980E-01  0.41229773E-08
    2    6    0.68963751E-01 -0.23285956E-08
    3    6    0.10523918E+00  0.17860225E-08
    4    6    0.10523919E+00 -0.19084620E-08
    5    6   -0.40105137E+00  0.11315034E-07
    6    6    0.77261015E-01 -0.11974961E-07
    7    6    0.19795977E+00 -0.59151613E-08
    8    6    0.19795980E+00 -0.85636030E-08
    1    7    0.44831344E-01 -0.40086758E-09
    2    7   -0.44583241E-01 -0.49161278E-09
    3    7   -0.97492740E-01  0.36662642E-08
    4    7    0.23042230E-01  0.60415183E-09
    5    7    0.19795981E+00 -0.87864564E-08
    6    7   -0.31833358E-01  0.13854936E-07
    7    7   -0.18802075E-01  0.10035908E-07
    8    7   -0.20855590E+00  0.23158605E-08
    1    8    0.44831344E-01  0.44329833E-08
    2    8   -0.44583230E-01  0.62961656E-09
    3    8    0.23042227E-01 -0.33227965E-08
    4    8   -0.97492739E-01 -0.11335248E-08
    5    8    0.19795981E+00  0.53707408E-08
    6    8   -0.31833366E-01  0.10798985E-08
    7    8   -0.20855589E+00  0.13366574E-08
    8    8   -0.18802110E-01  0.51790813E-08

    0   -1    1
    1    1   -0.37997485E-01 -0.25892551E-08
    2    1    0.25613836E+00  0.68258909E-08
    3    1   -0.42257932E+00  0.40555161E-08
    4    1    0.25613836E+00 -0.11795212E-07
    5    1   -0.93752575E+00  0.41416005E-08
    6    1    0.11292319E+00  0.21623009E-07
    7    1   -0.22008307E+01 -0.94744730E-08
    8    1    0.11292315E+00 -0.29854312E-07
    1    2   -0.78370044E-01 -0.28527455E-08
    2    2    0.10519072E+00  0.34650759E-08
    3    2    0.25613837E+00  0.84798590E-08
    4    2   -0.61090140E-01  0.89084805E-09
    5    2    0.11292332E+00 -0.73180725E-08
    6    2   -0.93752588E+00  0.27077084E-07
    7    2   -0.22008305E+01  0.87524076E-08
    8    2    0.11292317E+00 -0.12802423E-07
    1    3    0.57015490E-01 -0.38005807E-10
    2    3   -0.78370042E-01 -0.15268337E-08
    3    3   -0.37997484E-01 -0.10872712E-08
    4    3   -0.78370036E-01 -0.18784592E-08
    5    3    0.10415978E+00  0.25259958E-08
    6    3    0.10415988E+00 -0.28572790E-07
    7    3    0.13754083E+01  0.56853209E-09
    8    3    0.10415991E+00  0.17359956E-07
    1    4   -0.78370047E-01 -0.23954459E-08
    2    4   -0.61090133E-01  0.20402016E-08
    3    4    0.25613837E+00  0.38019154E-08
    4    4    0.10519072E+00  0.69928952E-08
    5    4    0.11292331E+00 -0.10396209E-07
    6    4    0.11292319E+00  0.33831890E-07
    7    4   -0.22008305E+01 -0.32553697E-07
    8    4   -0.93752592E+00 -0.12856423E-07
    1    5    0.96739184E-01 -0.27314895E-09
    2    5   -0.95237233E-03 -0.10273724E-09
    3    5   -0.25561626E+00 -0.32078779E-08
    4    5   -0.95237170E-03  0.40099739E-09
    5    5    0.77261017E-01 -0.20845411E-08
    6    5   -0.31833367E-01 -0.17440419E-08
    7    5    0.33084395E+00 -0.43789632E-08
    8    5   -0.31833362E-01  0.59680109E-08
    1    6    0.44831343E-01 -0.80462128E-08
    2    6   -0.97492738E-01  0.74105076E-08
    3    6   -0.44583229E-01 -0.13334027E-08
    4    6    0.23042228E-01 -0.79047822E-09
    5    6    0.19795979E+00 -0.11794307E-07
    6    6   -0.18802102E-01  0.16728327E-10
    7    6   -0.31833330E-01  0.38214069E-08
    8    6   -0.20855589E+00  0.99337225E-08
    1    7   -0.97202975E-01 -0.19889854E-09
    2    7    0.10523919E+00 -0.18059223E-08
    3    7    0.68963741E-01  0.21881829E-08
    4    7    0.10523919E+00 -0.30929478E-09
    5    7   -0.40105139E+00  0.20882136E-08
    6    7    0.19795981E+00  0.97218954E-08
    7    7    0.77260984E-01 -0.65184658E-08
    8    7    0.19795981E+00 -0.10960446E-07
    1    8    0.44831340E-01  0.90720834E-09
    2    8    0.23042230E-01 -0.23464105E-08
    3    8   -0.44583230E-01  0.32399064E-08
    4    8   -0.97492732E-01 -0.47571331E-08
    5    8    0.19795979E+00  0.74344734E-08
    6    8   -0.20855588E+00 -0.27325986E-08
    7    8   -0.31833334E-01 -0.59967137E-08
    8    8   -0.18802086E-01  0.91829628E-10

    0   -1    2
    1    1   -0.18053361E-01 -0.10506981E-08
    2    1   -0.31280202E-02  0.87669122E-09
    3    1    0.29529853E-01  0.25205068E-08
    4    1    0.45258322E-01  0.77035594E-09
    5    1   -0.97492739E-01  0.47113277E-09
    6    1    0.10523918E+00 -0.38885217E-08
    7    1   -0.95236948E-03 -0.35918480E-08
    8    1    0.23042227E-01 -0.18025961E-08
    1    2   -0.31280238E-02  0.36836067E-08
    2    2   -0.18053367E-01 -0.16565387E-08
    3    2    0.29529859E-01 -0.65782150E-09
    4    2    0.45258325E-01 -0.14869678E-09
    5    2   -0.44583217E-01  0.30700830E-08
    6    2    0.68963751E-01  0.49148897E-08
    7    2   -0.25561626E+00  0.17154830E-08
    8    2   -0.44583238E-01 -0.40594156E-08
    1    3    0.19283881E-01 -0.87678253E-09
    2    3    0.19283885E-01 -0.17241782E-08
    3    3   -0.21071013E-01 -0.80024942E-09
    4    3   -0.36753898E-01  0.79821666E-09
    5    3    0.44831337E-01 -0.82522135E-09
    6    3   -0.97202977E-01  0.51898219E-09
    7    3    0.96739187E-01 -0.17900720E-09
    8    3    0.44831347E-01  0.30041765E-08
    1    4   -0.16217255E-03  0.23104612E-08
    2    4   -0.16217262E-03 -0.19061823E-08
    3    4   -0.24789828E-01 -0.13939511E-08
    4    4    0.12334859E-02 -0.54470314E-09
    5    4    0.23042218E-01  0.24030754E-08
    6    4    0.10523918E+00  0.32818321E-08
    7    4   -0.95235360E-03 -0.38409049E-08
    8    4   -0.97492736E-01 -0.14323689E-08
    1    5   -0.20478218E-01 -0.23066396E-08
    2    5   -0.13809290E-01  0.36759476E-09
    3    5    0.20173474E-01  0.28884760E-08
    4    5    0.87305017E-02 -0.73229194E-10
    5    5   -0.24726267E-01 -0.15844165E-08
    6    5   -0.11628879E-01 -0.28415357E-08
    7    5    0.53549964E-01 -0.24291194E-08
    8    5    0.35816431E-01 -0.11078130E-08
    1    6   -0.23052517E-01  0.55401885E-08
    2    6    0.52128712E-01 -0.64701703E-08
    3    6   -0.23052518E-01 -0.93736782E-09
    4    6   -0.27366976E-01 -0.35774194E-08
    5    6   -0.11628883E-01  0.67927289E-08
    6    6   -0.24726268E-01 -0.60742955E-09
    7    6    0.53549966E-01 -0.84440557E-08
    8    6    0.35816430E-01 -0.30951977E-09
    1    7    0.20173474E-01  0.37978690E-08
    2    7   -0.13809296E-01 -0.22433333E-08
    3    7   -0.20478220E-01  0.22374679E-08
    4    7    0.87305100E-02  0.32452364E-09
    5    7    0.14731036E-01  0.47691764E-08
    6    7    0.14731034E-01  0.22157882E-08
    7    7   -0.51082809E-02  0.40957681E-08
    8    7   -0.37254925E-02 -0.34123037E-08
    1    8    0.25253692E-01  0.20455091E-08
    2    8   -0.50768267E-02 -0.16168456E-08
    3    8    0.25253693E-01 -0.19209163E-09
    4    8   -0.18955227E-01  0.18913348E-08
    5    8    0.10454508E-02  0.32574752E-08
    6    8    0.10454505E-02  0.47316394E-10
    7    8   -0.45267893E-01 -0.47262248E-09
    8    8    0.13745602E-02 -0.97103942E-09

    0    0   -2
    1    1    0.22979488E-02  0.40227825E-15
    2    1    0.78898172E-02 -0.28440119E-08
    3    1    0.78898156E-02 -0.20219530E-08
    4    1   -0.10906066E+00  0.68589559E-08
    5    1    0.52128711E-01 -0.41534076E-09
    6    1   -0.13809291E-01  0.61171757E-09
    7    1   -0.13809284E-01  0.10619501E-08
    8    1   -0.50768257E-02  0.24084084E-08
    1    2    0.78898172E-02  0.28440117E-08
    2    2    0.18569523E-01  0.36208836E-15
    3    2    0.11435743E-01 -0.47881648E-08
    4    2    0.78898129E-02 -0.21087147E-08
    5    2   -0.23052511E-01  0.30217167E-08
    6    2   -0.20478220E-01 -0.24063041E-08
    7    2    0.20173470E-01  0.43192402E-09
    8    2    0.25253687E-01  0.12793895E-08
    1    3    0.78898156E-02  0.20219529E-08
    2    3    0.11435743E-01  0.47881645E-08
    3    3    0.18569531E-01  0.37031792E-15
    4    3    0.78898124E-02 -0.22605494E-08
    5    3   -0.23052515E-01  0.20519606E-08
    6    3    0.20173477E-01 -0.13725601E-09
    7    3   -0.20478224E-01  0.13013088E-08
    8    3    0.25253687E-01 -0.10430373E-08
    1    4   -0.10906066E+00 -0.68589561E-08
    2    4    0.78898129E-02  0.21087146E-08
    3    4    0.78898124E-02  0.22605493E-08
    4    4    0.22979447E-02  0.38706638E-15
    5    4   -0.27366972E-01 -0.25600166E-08
    6    4    0.87305041E-02  0.40500515E-09
    7    4    0.87305021E-02 -0.16269046E-08
    8    4   -0.18955230E-01 -0.32695337E-08
    1    5    0.52128711E-01  0.41534094E-09
    2    5   -0.23052511E-01 -0.30217169E-08
    3    5   -0.23052515E-01 -0.20519609E-08
    4    5   -0.27366972E-01  0.25600163E-08
    5    5    0.83420572E-01  0.33631243E-15
    6    5   -0.22175612E-03  0.15944734E-08
    7    5   -0.22174635E-03  0.17515638E-08
    8    5   -0.40569522E-01 -0.55267634E-09
    1    6   -0.13809291E-01 -0.61171753E-09
    2    6   -0.20478220E-01  0.24063040E-08
    3    6    0.20173477E-01  0.13725602E-09
    4    6    0.87305041E-02 -0.40500516E-09
    5    6   -0.22175612E-03 -0.15944736E-08
    6    6   -0.68937587E-01  0.38987451E-15
    7    6   -0.35877309E-01  0.10818543E-07
    8    6   -0.22176665E-03  0.34460355E-09
    1    7   -0.13809284E-01 -0.10619501E-08
    2    7    0.20173470E-01 -0.43192400E-09
    3    7   -0.20478224E-01 -0.13013089E-08
    4    7    0.87305021E-02  0.16269046E-08
    5    7   -0.22174635E-03 -0.17515640E-08
    6    7   -0.35877309E-01 -0.10818543E-07
    7    7   -0.68937585E-01  0.41213899E-15
    8    7   -0.22176776E-03  0.27095214E-08
    1    8   -0.50768257E-02 -0.24084084E-08
    2    8    0.25253687E-01 -0.12793895E-08
    3    8    0.25253687E-01  0.10430373E-08
    4    8   -0.18955230E-01  0.32695336E-08
    5    8   -0.40569522E-01  0.55267609E-09
    6    8   -0.22176665E-03 -0.34460376E-09
    7    8   -0.22176776E-03 -0.27095216E-08
    8    8    0.83420577E-01  0.35396584E-15

    0    0   -1
    1    1    0.10519072E+00  0.15674456E-09
    2    1    0.25613836E+00  0.41336825E-08
    3    1   -0.78370041E-01 -0.63982729E-08
    4    1   -0.61090141E-01  0.83201979E-08
    5    1   -0.28993465E-02 -0.77275712E-09
    6    1    0.66282066E-02 -0.12511861E-08
    7    1    0.50212227E-02  0.74243196E-08
    8    1    0.38261476E-02  0.66824511E-09
    1    2   -0.78370043E-01 -0.33568082E-08
    2    2   -0.37997475E-01 -0.10798287E-07
    3    2    0.57015485E-01  0.89743304E-08
    4    2   -0.78370042E-01 -0.42703328E-08
    5    2    0.66282056E-02 -0.23295219E-09
    6    2   -0.28993413E-02 -0.25751935E-08
    7    2    0.50212262E-02 -0.20593412E-08
    8    2    0.38261513E-02 -0.32278409E-09
    1    3    0.25613837E+00  0.21380656E-08
    2    3   -0.42257932E+00 -0.11910988E-07
    3    3   -0.37997473E-01  0.24816649E-10
    4    3    0.25613837E+00 -0.66666087E-08
    5    3    0.35249304E-02  0.98753126E-08
    6    3    0.35249308E-02  0.65399614E-08
    7    3    0.92997748E-02 -0.57952652E-08
    8    3   -0.14246852E-01  0.33027599E-08
    1    4   -0.61090142E-01  0.37423003E-08
    2    4    0.25613837E+00  0.10025082E-07
    3    4   -0.78370040E-01 -0.37664013E-08
    4    4    0.10519070E+00 -0.14495833E-08
    5    4   -0.65115427E-01 -0.51572579E-09
    6    4   -0.65115431E-01 -0.43303053E-08
    7    4   -0.66583036E-01 -0.18850650E-08
    8    4    0.84403686E-01 -0.15992402E-08
    1    5   -0.28993487E-02  0.16948995E-08
    2    5    0.35249189E-02  0.77874721E-09
    3    5    0.66282076E-02 -0.20602397E-08
    4    5   -0.65115426E-01 -0.39188851E-09
    5    5   -0.18802118E-01 -0.56704436E-09
    6    5   -0.31833382E-01 -0.22626897E-09
    7    5    0.19795981E+00  0.40426865E-08
    8    5   -0.20855589E+00  0.13370491E-08
    1    6    0.50212313E-02 -0.51373048E-08
    2    6    0.92997770E-02  0.10402266E-07
    3    6    0.50212241E-02 -0.99836783E-08
    4    6   -0.66583028E-01  0.67397691E-08
    5    6    0.19795982E+00 -0.68275529E-08
    6    6    0.77261002E-01 -0.42140767E-08
    7    6   -0.40105135E+00  0.70144692E-08
    8    6    0.19795978E+00 -0.35551723E-08
    1    7    0.66281996E-02 -0.52717104E-08
    2    7    0.35249293E-02  0.15219850E-08
    3    7   -0.28993433E-02  0.63634123E-08
    4    7   -0.65115442E-01  0.29484367E-08
    5    7   -0.31833371E-01  0.30552179E-08
    6    7    0.33084395E+00  0.74859881E-08
    7    7    0.77260995E-01 -0.16516740E-07
    8    7   -0.31833376E-01  0.81810347E-08
    1    8    0.38261434E-02 -0.37964517E-08
    2    8   -0.14246844E-01 -0.16247345E-08
    3    8    0.38261473E-02  0.26400921E-08
    4    8    0.84403681E-01 -0.10174718E-08
    5    8   -0.20855591E+00  0.17124331E-09
    6    8   -0.31833359E-01 -0.11283834E-08
    7    8    0.19795980E+00 -0.32124943E-08
    8    8   -0.18802092E-01  0.71310718E-08

    0    0    0
    1    1    0.61672948E+01 -0.82365484E-17
    2    1   -0.17542070E+01 -0.10901875E-07
    3    1   -0.17542070E+01  0.92547111E-08
    4    1   -0.17542070E+01 -0.55750829E-08
    5    1    0.13754083E+01 -0.20096278E-07
    6    1    0.10415986E+00 -0.14329172E-07
    7    1    0.10415994E+00 -0.63331798E-09
    8    1    0.10415988E+00  0.20397454E-07
    1    2   -0.17542070E+01  0.10901875E-07
    2    2    0.61672948E+01  0.18313911E-16
    3    2   -0.17542070E+01  0.18082441E-07
    4    2   -0.17542071E+01  0.82166105E-08
    5    2   -0.22008306E+01  0.25167683E-08
    6    2   -0.93752586E+00  0.13093340E-07
    7    2    0.11292311E+00  0.13575253E-07
    8    2    0.11292321E+00 -0.15718869E-07
    1    3   -0.17542070E+01 -0.92547111E-08
    2    3   -0.17542070E+01 -0.18082441E-07
    3    3    0.61672948E+01 -0.85846789E-17
    4    3   -0.17542070E+01  0.23653057E-07
    5    3   -0.22008305E+01  0.19543704E-07
    6    3    0.11292319E+00  0.16648219E-07
    7    3   -0.93752597E+00  0.80757189E-08
    8    3    0.11292317E+00 -0.22668573E-07
    1    4   -0.17542070E+01  0.55750829E-08
    2    4   -0.17542071E+01 -0.82166105E-08
    3    4   -0.17542070E+01 -0.23653057E-07
    4    4    0.61672948E+01  0.33133388E-16
    5    4   -0.22008306E+01 -0.87292621E-08
    6    4    0.11292319E+00  0.26787298E-08
    7    4    0.11292314E+00 -0.97262536E-08
    8    4   -0.93752586E+00 -0.19124002E-07
    1    5    0.13754083E+01  0.20096278E-07
    2    5   -0.22008306E+01 -0.25167683E-08
    3    5   -0.22008305E+01 -0.19543704E-07
    4    5   -0.22008306E+01  0.87292621E-08
    5    5    0.60867128E+01  0.46830334E-17
    6    5   -0.17489927E+01  0.23030013E-07
    7    5   -0.17489926E+01  0.59314446E-08
    8    5   -0.17489926E+01  0.64955667E-09
    1    6    0.10415986E+00  0.14329172E-07
    2    6   -0.93752586E+00 -0.13093340E-07
    3    6    0.11292319E+00 -0.16648219E-07
    4    6    0.11292319E+00 -0.26787298E-08
    5    6   -0.17489927E+01 -0.23030013E-07
    6    6    0.60867124E+01  0.59116547E-17
    7    6   -0.17489928E+01 -0.16177464E-07
    8    6   -0.17489928E+01 -0.22932465E-07
    1    7    0.10415994E+00  0.63331798E-09
    2    7    0.11292311E+00 -0.13575253E-07
    3    7   -0.93752597E+00 -0.80757189E-08
    4    7    0.11292314E+00  0.97262536E-08
    5    7   -0.17489926E+01 -0.59314446E-08
    6    7   -0.17489928E+01  0.16177464E-07
    7    7    0.60867126E+01  0.97967831E-17
    8    7   -0.17489928E+01 -0.91574189E-08
    1    8    0.10415988E+00 -0.20397454E-07
    2    8    0.11292321E+00  0.15718869E-07
    3    8    0.11292317E+00  0.22668573E-07
    4    8   -0.93752586E+00  0.19124002E-07
    5    8   -0.17489926E+01 -0.64955667E-09
    6    8   -0.17489928E+01  0.22932465E-07
    7    8   -0.17489928E+01  0.91574189E-08
    8    8    0.60867124E+01  0.29444771E-16

    0    0    1
    1    1    0.10519072E+00 -0.15674456E-09
    2    1   -0.78370043E-01  0.33568082E-08
    3    1    0.25613837E+00 -0.21380656E-08
    4    1   -0.61090142E-01 -0.37423003E-08
    5    1   -0.28993487E-02 -0.16948995E-08
    6    1    0.50212313E-02  0.51373048E-08
    7    1    0.66281996E-02  0.52717104E-08
    8    1    0.38261434E-02  0.37964517E-08
    1    2    0.25613836E+00 -0.41336825E-08
    2    2   -0.37997475E-01  0.10798287E-07
    3    2   -0.42257932E+00  0.11910988E-07
    4    2    0.25613837E+00 -0.10025082E-07
    5    2    0.35249189E-02 -0.77874721E-09
    6    2    0.92997770E-02 -0.10402266E-07
    7    2    0.35249293E-02 -0.15219850E-08
    8    2   -0.14246844E-01  0.16247345E-08
    1    3   -0.78370041E-01  0.63982729E-08
    2    3    0.57015485E-01 -0.89743304E-08
    3    3   -0.37997473E-01 -0.24816649E-10
    4    3   -0.78370040E-01  0.37664013E-08
    5    3    0.66282076E-02  0.20602397E-08
    6    3    0.50212241E-02  0.99836783E-08
    7    3   -0.28993433E-02 -0.63634123E-08
    8    3    0.38261473E-02 -0.26400921E-08
    1    4   -0.61090141E-01 -0.83201979E-08
    2    4   -0.78370042E-01  0.42703328E-08
    3    4    0.25613837E+00  0.66666087E-08
    4    4    0.10519070E+00  0.14495833E-08
    5    4   -0.65115426E-01  0.39188851E-09
    6    4   -0.66583028E-01 -0.67397691E-08
    7    4   -0.65115442E-01 -0.29484367E-08
    8    4    0.84403681E-01  0.10174718E-08
    1    5   -0.28993465E-02  0.77275712E-09
    2    5    0.66282056E-02  0.23295219E-09
    3    5    0.35249304E-02 -0.98753126E-08
    4    5   -0.65115427E-01  0.51572579E-09
    5    5   -0.18802118E-01  0.56704436E-09
    6    5    0.19795982E+00  0.68275529E-08
    7    5   -0.31833371E-01 -0.30552179E-08
    8    5   -0.20855591E+00 -0.17124331E-09
    1    6    0.66282066E-02  0.12511861E-08
    2    6   -0.28993413E-02  0.25751935E-08
    3    6    0.35249308E-02 -0.65399614E-08
    4    6   -0.65115431E-01  0.43303053E-08
    5    6   -0.31833382E-01  0.22626897E-09
    6    6    0.77261002E-01  0.42140767E-08
    7    6    0.33084395E+00 -0.74859881E-08
    8    6   -0.31833359E-01  0.11283834E-08
    1    7    0.50212227E-02 -0.74243196E-08
    2    7    0.50212262E-02  0.20593412E-08
    3    7    0.92997748E-02  0.57952652E-08
    4    7   -0.66583036E-01  0.18850650E-08
    5    7    0.19795981E+00 -0.40426865E-08
    6    7   -0.40105135E+00 -0.70144692E-08
    7    7    0.77260995E-01  0.16516740E-07
    8    7    0.19795980E+00  0.32124943E-08
    1    8    0.38261476E-02 -0.66824511E-09
    2    8    0.38261513E-02  0.32278409E-09
    3    8   -0.14246852E-01 -0.33027599E-08
    4    8    0.84403686E-01  0.15992402E-08
    5    8   -0.20855589E+00 -0.13370491E-08
    6    8    0.19795978E+00  0.35551723E-08
    7    8   -0.31833376E-01 -0.81810347E-08
    8    8   -0.18802092E-01 -0.71310718E-08

    0    0    2
    1    1    0.22979488E-02 -0.37791758E-15
    2    1    0.78898172E-02 -0.28440117E-08
    3    1    0.78898156E-02 -0.20219529E-08
    4    1   -0.10906066E+00  0.68589561E-08
    5    1    0.52128711E-01 -0.41534094E-09
    6    1   -0.13809291E-01  0.61171753E-09
    7    1   -0.13809284E-01  0.10619501E-08
    8    1   -0.50768257E-02  0.24084084E-08
    1    2    0.78898172E-02  0.28440119E-08
    2    2    0.18569523E-01 -0.37705840E-15
    3    2    0.11435743E-01 -0.47881645E-08
    4    2    0.78898129E-02 -0.21087146E-08
    5    2   -0.23052511E-01  0.30217169E-08
    6    2   -0.20478220E-01 -0.24063040E-08
    7    2    0.20173470E-01  0.43192400E-09
    8    2    0.25253687E-01  0.12793895E-08
    1    3    0.78898156E-02  0.20219530E-08
    2    3    0.11435743E-01  0.47881648E-08
    3    3    0.18569531E-01 -0.36882884E-15
    4    3    0.78898124E-02 -0.22605493E-08
    5    3   -0.23052515E-01  0.20519609E-08
    6    3    0.20173477E-01 -0.13725602E-09
    7    3   -0.20478224E-01  0.13013089E-08
    8    3    0.25253687E-01 -0.10430373E-08
    1    4   -0.10906066E+00 -0.68589559E-08
    2    4    0.78898129E-02  0.21087147E-08
    3    4    0.78898124E-02  0.22605494E-08
    4    4    0.22979447E-02 -0.39312944E-15
    5    4   -0.27366972E-01 -0.25600163E-08
    6    4    0.87305041E-02  0.40500516E-09
    7    4    0.87305021E-02 -0.16269046E-08
    8    4   -0.18955230E-01 -0.32695336E-08
    1    5    0.52128711E-01  0.41534076E-09
    2    5   -0.23052511E-01 -0.30217167E-08
    3    5   -0.23052515E-01 -0.20519606E-08
    4    5   -0.27366972E-01  0.25600166E-08
    5    5    0.83420572E-01 -0.37384150E-15
    6    5   -0.22175612E-03  0.15944736E-08
    7    5   -0.22174635E-03  0.17515640E-08
    8    5   -0.40569522E-01 -0.55267609E-09
    1    6   -0.13809291E-01 -0.61171757E-09
    2    6   -0.20478220E-01  0.24063041E-08
    3    6    0.20173477E-01  0.13725601E-09
    4    6    0.87305041E-02 -0.40500515E-09
    5    6   -0.22175612E-03 -0.15944734E-08
    6    6   -0.68937587E-01 -0.39978352E-15
    7    6   -0.35877309E-01  0.10818543E-07
    8    6   -0.22176665E-03  0.34460376E-09
    1    7   -0.13809284E-01 -0.10619501E-08
    2    7    0.20173470E-01 -0.43192402E-09
    3    7   -0.20478224E-01 -0.13013088E-08
    4    7    0.87305021E-02  0.16269046E-08
    5    7   -0.22174635E-03 -0.17515638E-08
    6    7   -0.35877309E-01 -0.10818543E-07
    7    7   -0.68937585E-01 -0.37751906E-15
    8    7   -0.22176776E-03  0.27095216E-08
    1    8   -0.50768257E-02 -0.24084084E-08
    2    8    0.25253687E-01 -0.12793895E-08
    3    8    0.25253687E-01  0.10430373E-08
    4    8   -0.18955230E-01  0.32695337E-08
    5    8   -0.40569522E-01  0.55267634E-09
    6    8   -0.22176665E-03 -0.34460355E-09
    7    8   -0.22176776E-03 -0.27095214E-08
    8    8    0.83420577E-01 -0.35618803E-15

    0    1   -2
    1    1   -0.18053361E-01  0.10506981E-08
    2    1   -0.31280238E-02 -0.36836067E-08
    3    1    0.19283881E-01  0.87678253E-09
    4    1   -0.16217255E-03 -0.23104612E-08
    5    1   -0.20478218E-01  0.23066396E-08
    6    1   -0.23052517E-01 -0.55401885E-08
    7    1    0.20173474E-01 -0.37978690E-08
    8    1    0.25253692E-01 -0.20455091E-08
    1    2   -0.31280202E-02 -0.87669122E-09
    2    2   -0.18053367E-01  0.16565387E-08
    3    2    0.19283885E-01  0.17241782E-08
    4    2   -0.16217262E-03  0.19061823E-08
    5    2   -0.13809290E-01 -0.36759476E-09
    6    2    0.52128712E-01  0.64701703E-08
    7    2   -0.13809296E-01  0.22433333E-08
    8    2   -0.50768267E-02  0.16168456E-08
    1    3    0.29529853E-01 -0.25205068E-08
    2    3    0.29529859E-01  0.65782150E-09
    3    3   -0.21071013E-01  0.80024944E-09
    4    3   -0.24789828E-01  0.13939511E-08
    5    3    0.20173474E-01 -0.28884760E-08
    6    3   -0.23052518E-01  0.93736782E-09
    7    3   -0.20478220E-01 -0.22374679E-08
    8    3    0.25253693E-01  0.19209163E-09
    1    4    0.45258322E-01 -0.77035594E-09
    2    4    0.45258325E-01  0.14869678E-09
    3    4   -0.36753898E-01 -0.79821666E-09
    4    4    0.12334859E-02  0.54470313E-09
    5    4    0.87305017E-02  0.73229194E-10
    6    4   -0.27366976E-01  0.35774194E-08
    7    4    0.87305100E-02 -0.32452364E-09
    8    4   -0.18955227E-01 -0.18913348E-08
    1    5   -0.97492739E-01 -0.47113277E-09
    2    5   -0.44583217E-01 -0.30700830E-08
    3    5    0.44831337E-01  0.82522135E-09
    4    5    0.23042218E-01 -0.24030754E-08
    5    5   -0.24726267E-01  0.15844165E-08
    6    5   -0.11628883E-01 -0.67927289E-08
    7    5    0.14731036E-01 -0.47691764E-08
    8    5    0.10454508E-02 -0.32574752E-08
    1    6    0.10523918E+00  0.38885217E-08
    2    6    0.68963751E-01 -0.49148897E-08
    3    6   -0.97202977E-01 -0.51898219E-09
    4    6    0.10523918E+00 -0.32818321E-08
    5    6   -0.11628879E-01  0.28415357E-08
    6    6   -0.24726268E-01  0.60742950E-09
    7    6    0.14731034E-01 -0.22157882E-08
    8    6    0.10454505E-02 -0.47316394E-10
    1    7   -0.95236948E-03  0.35918480E-08
    2    7   -0.25561626E+00 -0.17154830E-08
    3    7    0.96739187E-01  0.17900720E-09
    4    7   -0.95235360E-03  0.38409049E-08
    5    7    0.53549964E-01  0.24291194E-08
    6    7    0.53549966E-01  0.84440557E-08
    7    7   -0.51082809E-02 -0.40957681E-08
    8    7   -0.45267893E-01  0.47262248E-09
    1    8    0.23042227E-01  0.18025961E-08
    2    8   -0.44583238E-01  0.40594156E-08
    3    8    0.44831347E-01 -0.30041765E-08
    4    8   -0.97492736E-01  0.14323689E-08
    5    8    0.35816431E-01  0.11078130E-08
    6    8    0.35816430E-01  0.30951977E-09
    7    8   -0.37254925E-02  0.34123037E-08
    8    8    0.13745602E-02  0.97103944E-09

    0    1   -1
    1    1   -0.37997485E-01  0.25892551E-08
    2    1   -0.78370044E-01  0.28527455E-08
    3    1    0.57015490E-01  0.38005807E-10
    4    1   -0.78370047E-01  0.23954459E-08
    5    1    0.96739184E-01  0.27314895E-09
    6    1    0.44831343E-01  0.80462128E-08
    7    1   -0.97202975E-01  0.19889854E-09
    8    1    0.44831340E-01 -0.90720834E-09
    1    2    0.25613836E+00 -0.68258909E-08
    2    2    0.10519072E+00 -0.34650759E-08
    3    2   -0.78370042E-01  0.15268337E-08
    4    2   -0.61090133E-01 -0.20402016E-08
    5    2   -0.95237233E-03  0.10273724E-09
    6    2   -0.97492738E-01 -0.74105076E-08
    7    2    0.10523919E+00  0.18059223E-08
    8    2    0.23042230E-01  0.23464105E-08
    1    3   -0.42257932E+00 -0.40555161E-08
    2    3    0.25613837E+00 -0.84798590E-08
    3    3   -0.37997484E-01  0.10872712E-08
    4    3    0.25613837E+00 -0.38019154E-08
    5    3   -0.25561626E+00  0.32078779E-08
    6    3   -0.44583229E-01  0.13334027E-08
    7    3    0.68963741E-01 -0.21881829E-08
    8    3   -0.44583230E-01 -0.32399064E-08
    1    4    0.25613836E+00  0.11795212E-07
    2    4   -0.61090140E-01 -0.89084805E-09
    3    4   -0.78370036E-01  0.18784592E-08
    4    4    0.10519072E+00 -0.69928952E-08
    5    4   -0.95237170E-03 -0.40099739E-09
    6    4    0.23042228E-01  0.79047822E-09
    7    4    0.10523919E+00  0.30929478E-09
    8    4   -0.97492732E-01  0.47571331E-08
    1    5   -0.93752575E+00 -0.41416005E-08
    2    5    0.11292332E+00  0.73180725E-08
    3    5    0.10415978E+00 -0.25259958E-08
    4    5    0.11292331E+00  0.10396209E-07
    5    5    0.77261017E-01  0.20845411E-08
    6    5    0.19795979E+00  0.11794307E-07
    7    5   -0.40105139E+00 -0.20882136E-08
    8    5    0.19795979E+00 -0.74344734E-08
    1    6    0.11292319E+00 -0.21623009E-07
    2    6   -0.93752588E+00 -0.27077084E-07
    3    6    0.10415988E+00  0.28572790E-07
    4    6    0.11292319E+00 -0.33831890E-07
    5    6   -0.31833367E-01  0.17440419E-08
    6    6   -0.18802102E-01 -0.16728327E-10
    7    6    0.19795981E+00 -0.97218954E-08
    8    6   -0.20855588E+00  0.27325986E-08
    1    7   -0.22008307E+01  0.94744730E-08
    2    7   -0.22008305E+01 -0.87524076E-08
    3    7    0.13754083E+01 -0.56853209E-09
    4    7   -0.22008305E+01  0.32553697E-07
    5    7    0.33084395E+00  0.43789632E-08
    6    7   -0.31833330E-01 -0.38214069E-08
    7    7    0.77260984E-01  0.65184658E-08
    8    7   -0.31833334E-01  0.59967137E-08
    1    8    0.11292315E+00  0.29854312E-07
    2    8    0.11292317E+00  0.12802423E-07
    3    8    0.10415991E+00 -0.17359956E-07
    4    8   -0.93752592E+00  0.12856423E-07
    5    8   -0.31833362E-01 -0.59680109E-08
    6    8   -0.20855589E+00 -0.99337225E-08
    7    8    0.19795981E+00  0.10960446E-07
    8    8   -0.18802086E-01 -0.91829599E-10

    0    1    0
    1    1   -0.37997473E-01 -0.69317231E-08
    2    1    0.57015482E-01 -0.46953113E-08
    3    1   -0.78370045E-01  0.28168724E-08
    4    1   -0.78370042E-01 -0.24777380E-08
    5    1    0.96739185E-01 -0.89487094E-09
    6    1   -0.97202980E-01 -0.41229773E-08
    7    1    0.44831344E-01  0.40086758E-09
    8    1    0.44831344E-01 -0.44329833E-08
    1    2   -0.42257932E+00  0.15059786E-07
    2    2   -0.37997475E-01  0.33557657E-08
    3    2    0.25613836E+00 -0.52938020E-08
    4    2    0.25613837E+00  0.39608022E-08
    5    2   -0.25561626E+00  0.57914342E-08
    6    2    0.68963751E-01  0.23285956E-08
    7    2   -0.44583241E-01  0.49161278E-09
    8    2   -0.44583230E-01 -0.62961656E-09
    1    3    0.25613837E+00  0.24324946E-09
    2    3   -0.78370048E-01  0.61009740E-08
    3    3    0.10519072E+00  0.33889054E-08
    4    3   -0.61090135E-01 -0.52823254E-09
    5    3   -0.95235513E-03 -0.40625369E-08
    6    3    0.10523918E+00 -0.17860225E-08
    7    3   -0.97492740E-01 -0.36662642E-08
    8    3    0.23042227E-01  0.33227965E-08
    1    4    0.25613837E+00  0.82666786E-08
    2    4   -0.78370042E-01  0.26476445E-09
    3    4   -0.61090135E-01 -0.40817930E-08
    4    4    0.10519072E+00  0.22450940E-08
    5    4   -0.95236284E-03 -0.69408385E-09
    6    4    0.10523919E+00  0.19084620E-08
    7    4    0.23042230E-01 -0.60415183E-09
    8    4   -0.97492739E-01  0.11335248E-08
    1    5   -0.93752585E+00 -0.21675560E-07
    2    5    0.10415985E+00 -0.59619765E-08
    3    5    0.11292327E+00 -0.49007555E-09
    4    5    0.11292322E+00  0.11098982E-07
    5    5    0.77260996E-01  0.44218446E-08
    6    5   -0.40105137E+00 -0.11315034E-07
    7    5    0.19795981E+00  0.87864564E-08
    8    5    0.19795981E+00 -0.53707408E-08
    1    6   -0.22008306E+01  0.37662734E-07
    2    6    0.13754083E+01 -0.10608209E-07
    3    6   -0.22008306E+01  0.31794194E-08
    4    6   -0.22008306E+01  0.11981450E-08
    5    6    0.33084396E+00  0.34224600E-08
    6    6    0.77261015E-01  0.11974961E-07
    7    6   -0.31833358E-01 -0.13854936E-07
    8    6   -0.31833366E-01 -0.10798985E-08
    1    7    0.11292323E+00 -0.71722631E-08
    2    7    0.10415983E+00  0.41459240E-08
    3    7   -0.93752582E+00 -0.17412628E-07
    4    7    0.11292332E+00 -0.11046684E-07
    5    7   -0.31833359E-01  0.68443216E-09
    6    7    0.19795977E+00  0.59151613E-08
    7    7   -0.18802075E-01 -0.10035908E-07
    8    7   -0.20855589E+00 -0.13366574E-08
    1    8    0.11292326E+00  0.66058212E-08
    2    8    0.10415984E+00 -0.10166576E-08
    3    8    0.11292322E+00 -0.76868646E-08
    4    8   -0.93752581E+00 -0.10370706E-07
    5    8   -0.31833352E-01  0.65383000E-08
    6    8    0.19795980E+00  0.85636030E-08
    7    8   -0.20855590E+00 -0.23158605E-08
    8    8   -0.18802110E-01 -0.51790813E-08

    0    1    1
    1    1   -0.18053366E-01 -0.43870250E-09
    2    1    0.19283884E-01  0.51381608E-08
    3    1   -0.31280217E-02  0.24924765E-08
    4    1   -0.16217608E-03 -0.50537528E-08
    5    1   -0.20478217E-01 -0.29027217E-09
    6    1    0.20173476E-01 -0.15282564E-08
    7    1   -0.23052520E-01 -0.98407309E-09
    8    1    0.25253688E-01  0.14131328E-08
    1    2    0.29529856E-01  0.17668013E-08
    2    2   -0.21071011E-01 -0.81824163E-08
    3    2    0.29529852E-01  0.44848136E-08
    4    2   -0.24789826E-01  0.39461259E-08
    5    2    0.20173475E-01 -0.37675597E-08
    6    2   -0.20478224E-01  0.50625540E-08
    7    2   -0.23052513E-01 -0.25375060E-08
    8    2    0.25253690E-01 -0.99380536E-09
    1    3   -0.31280228E-02 -0.38268981E-08
    2    3    0.19283883E-01  0.51689650E-08
    3    3   -0.18053364E-01 -0.42053521E-08
    4    3   -0.16217037E-03 -0.23121599E-08
    5    3   -0.13809294E-01  0.13457421E-08
    6    3   -0.13809288E-01 -0.82231532E-08
    7    3    0.52128712E-01  0.36529868E-08
    8    3   -0.50768237E-02 -0.11231934E-09
    1    4    0.45258322E-01  0.21035754E-08
    2    4   -0.36753898E-01 -0.39173418E-08
    3    4    0.45258323E-01 -0.10529239E-08
    4    4    0.12334849E-02  0.43989748E-08
    5    4    0.87305025E-02  0.24100713E-08
    6    4    0.87305054E-02  0.61644100E-09
    7    4   -0.27366973E-01  0.27657049E-08
    8    4   -0.18955231E-01 -0.24141123E-09
    1    5   -0.97492742E-01 -0.38998548E-08
    2    5    0.44831342E-01  0.38794914E-08
    3    5   -0.44583229E-01  0.39585621E-08
    4    5    0.23042214E-01 -0.32914435E-08
    5    5   -0.24726260E-01 -0.11169781E-08
    6    5    0.14731035E-01  0.40039987E-08
    7    5   -0.11628887E-01 -0.51250390E-08
    8    5    0.10454454E-02  0.54966236E-09
    1    6   -0.95236736E-03 -0.45022682E-08
    2    6    0.96739184E-01  0.18866425E-08
    3    6   -0.25561625E+00  0.53075414E-08
    4    6   -0.95235834E-03 -0.29658241E-08
    5    6    0.53549964E-01 -0.19237408E-08
    6    6   -0.51082933E-02 -0.74040314E-08
    7    6    0.53549976E-01  0.93826996E-09
    8    6   -0.45267883E-01 -0.18547085E-08
    1    7    0.10523917E+00  0.31404349E-08
    2    7   -0.97202976E-01  0.74921612E-09
    3    7    0.68963762E-01 -0.26803124E-08
    4    7    0.10523919E+00 -0.10635460E-08
    5    7   -0.11628888E-01  0.14014740E-08
    6    7    0.14731035E-01  0.14753488E-08
    7    7   -0.24726271E-01  0.26541005E-08
    8    7    0.10454524E-02 -0.27543904E-08
    1    8    0.23042225E-01  0.10981289E-08
    2    8    0.44831338E-01  0.17443232E-08
    3    8   -0.44583222E-01  0.52471927E-09
    4    8   -0.97492731E-01 -0.23522457E-09
    5    8    0.35816424E-01 -0.30421137E-08
    6    8   -0.37254866E-02  0.18048495E-08
    7    8    0.35816431E-01  0.27746521E-08
    8    8    0.13745620E-02  0.50224959E-08

    0    2   -2
    1    1    0.18569530E-01 -0.43503743E-17
    2    1    0.78898143E-02 -0.29530753E-10
    3    1    0.11435747E-01  0.13332925E-08
    4    1    0.78898182E-02  0.14597319E-08
    5    1    0.68963762E-01  0.11365598E-09
    6    1   -0.44583234E-01 -0.12383215E-08
    7    1   -0.25561624E+00  0.46937477E-08
    8    1   -0.44583236E-01 -0.57874723E-09
    1    2    0.78898143E-02  0.29530760E-10
    2    2    0.22979467E-02 -0.57570705E-17
    3    2    0.78898129E-02 -0.28249687E-08
    4    2   -0.10906067E+00 -0.76591138E-09
    5    2    0.10523919E+00  0.24216464E-08
    6    2   -0.97492739E-01 -0.74464625E-08
    7    2   -0.95235513E-03  0.66303133E-09
    8    2    0.23042226E-01  0.20401588E-08
    1    3    0.11435747E-01 -0.13332925E-08
    2    3    0.78898129E-02  0.28249687E-08
    3    3    0.18569531E-01 -0.55692287E-17
    4    3    0.78898131E-02 -0.96176471E-09
    5    3   -0.97202979E-01 -0.16127364E-08
    6    3    0.44831349E-01  0.56860829E-10
    7    3    0.96739166E-01  0.24011722E-08
    8    3    0.44831346E-01 -0.14577177E-09
    1    4    0.78898182E-02 -0.14597319E-08
    2    4   -0.10906067E+00  0.76591139E-09
    3    4    0.78898131E-02  0.96176472E-09
    4    4    0.22979440E-02 -0.14398714E-16
    5    4    0.10523919E+00  0.42244315E-09
    6    4    0.23042222E-01 -0.70307937E-09
    7    4   -0.95235661E-03 -0.49015312E-09
    8    4   -0.97492739E-01 -0.89421658E-10
    1    5    0.68963762E-01 -0.11365596E-09
    2    5    0.10523919E+00 -0.24216464E-08
    3    5   -0.97202979E-01  0.16127364E-08
    4    5    0.10523919E+00 -0.42244315E-09
    5    5   -0.68937597E-01 -0.13092081E-16
    6    5   -0.22176466E-03 -0.11505993E-09
    7    5   -0.35877302E-01 -0.24219430E-08
    8    5   -0.22176230E-03 -0.22937530E-09
    1    6   -0.44583234E-01  0.12383214E-08
    2    6   -0.97492739E-01  0.74464625E-08
    3    6    0.44831349E-01 -0.56860808E-10
    4    6    0.23042222E-01  0.70307937E-09
    5    6   -0.22176466E-03  0.11505991E-09
    6    6    0.83420584E-01  0.13812779E-16
    7    6   -0.22176491E-03  0.48679388E-08
    8    6   -0.40569529E-01  0.28687741E-08
    1    7   -0.25561624E+00 -0.46937477E-08
    2    7   -0.95235513E-03 -0.66303127E-09
    3    7    0.96739166E-01 -0.24011722E-08
    4    7   -0.95235661E-03  0.49015309E-09
    5    7   -0.35877302E-01  0.24219430E-08
    6    7   -0.22176491E-03 -0.48679388E-08
    7    7   -0.68937600E-01 -0.73627083E-17
    8    7   -0.22176867E-03 -0.21552922E-08
    1    8   -0.44583236E-01  0.57874722E-09
    2    8    0.23042226E-01 -0.20401588E-08
    3    8    0.44831346E-01  0.14577175E-09
    4    8   -0.97492739E-01  0.89421699E-10
    5    8   -0.22176230E-03  0.22937530E-09
    6    8   -0.40569529E-01 -0.28687741E-08
    7    8   -0.22176867E-03  0.21552922E-08
    8    8    0.83420581E-01  0.20088446E-16

    0    2   -1
    1    1   -0.21071015E-01 -0.26460351E-08
    2    1    0.19283883E-01 -0.43134846E-10
    3    1    0.19283885E-01 -0.43137507E-08
    4    1   -0.36753898E-01  0.32283085E-09
    5    1   -0.40337621E-02  0.41672924E-08
    6    1   -0.70471170E-02 -0.18056189E-08
    7    1   -0.70471193E-02  0.74534973E-09
    8    1   -0.37384096E-01 -0.78722114E-09
    1    2    0.29529860E-01  0.49226120E-10
    2    2   -0.18053363E-01 -0.23021567E-08
    3    2   -0.31280221E-02  0.60981193E-08
    4    2    0.45258322E-01 -0.80802249E-09
    5    2   -0.70471194E-02 -0.50593738E-08
    6    2   -0.40337656E-02  0.59361329E-08
    7    2   -0.70471174E-02 -0.29200468E-08
    8    2   -0.37384093E-01  0.30373622E-09
    1    3    0.29529855E-01  0.21559161E-08
    2    3   -0.31280193E-02  0.32067855E-08
    3    3   -0.18053363E-01 -0.39879215E-08
    4    3    0.45258322E-01  0.29435839E-09
    5    3   -0.70471207E-02  0.95272858E-09
    6    3   -0.70471176E-02 -0.10309579E-08
    7    3   -0.40337588E-02  0.13509828E-08
    8    3   -0.37384097E-01  0.96103971E-09
    1    4   -0.24789829E-01 -0.12880881E-08
    2    4   -0.16217189E-03  0.42347560E-08
    3    4   -0.16217366E-03 -0.22618250E-08
    4    4    0.12334795E-02 -0.24644779E-08
    5    4    0.67311271E-02 -0.27964190E-08
    6    4    0.67311290E-02 -0.48990304E-08
    7    4    0.67311226E-02 -0.24162988E-08
    8    4    0.31809964E-01  0.38069579E-08
    1    5    0.92997707E-02  0.25296177E-08
    2    5    0.50212166E-02 -0.50567463E-08
    3    5    0.50212265E-02 -0.50492079E-08
    4    5   -0.66583011E-01  0.36301342E-08
    5    5   -0.51082945E-02  0.67896177E-08
    6    5    0.14731039E-01  0.31584374E-08
    7    5    0.14731037E-01  0.38466946E-08
    8    5   -0.37254958E-02 -0.38687426E-08
    1    6    0.35249311E-02 -0.64349220E-08
    2    6   -0.28993395E-02  0.12748420E-07
    3    6    0.66282030E-02 -0.10552032E-07
    4    6   -0.65115437E-01  0.44426612E-08
    5    6    0.53549973E-01 -0.53059031E-08
    6    6   -0.24726269E-01 -0.95798917E-08
    7    6   -0.11628877E-01  0.39115987E-08
    8    6    0.35816428E-01  0.30532467E-08
    1    7    0.35249223E-02 -0.57662615E-08
    2    7    0.66282100E-02  0.48975104E-08
    3    7   -0.28993436E-02  0.27615099E-08
    4    7   -0.65115441E-01  0.28137625E-08
    5    7    0.53549969E-01 -0.77541898E-08
    6    7   -0.11628882E-01  0.29727910E-08
    7    7   -0.24726263E-01  0.10704464E-08
    8    7    0.35816429E-01  0.49465552E-08
    1    8   -0.14246852E-01 -0.11357601E-08
    2    8    0.38261518E-02 -0.30476864E-08
    3    8    0.38261467E-02  0.37633824E-08
    4    8    0.84403677E-01  0.39237561E-08
    5    8   -0.45267891E-01 -0.26959985E-08
    6    8    0.10454498E-02  0.37471426E-08
    7    8    0.10454430E-02 -0.11641814E-08
    8    8    0.13745661E-02 -0.34102908E-08

    0    2    0
    1    1    0.18569532E-01 -0.34070311E-15
    2    1    0.11435745E-01 -0.10124891E-09
    3    1    0.78898203E-02  0.48761967E-09
    4    1    0.78898144E-02  0.30384189E-08
    5    1    0.68963751E-01 -0.43629831E-08
    6    1   -0.25561626E+00 -0.17615200E-09
    7    1   -0.44583218E-01  0.58111986E-08
    8    1   -0.44583219E-01  0.23192413E-08
    1    2    0.11435745E-01  0.10124916E-09
    2    2    0.18569526E-01 -0.36209471E-15
    3    2    0.78898173E-02  0.17753194E-08
    4    2    0.78898147E-02 -0.17605465E-08
    5    2   -0.97202976E-01  0.24733872E-08
    6    2    0.96739191E-01 -0.32135559E-08
    7    2    0.44831334E-01 -0.19416078E-08
    8    2    0.44831338E-01 -0.26581673E-08
    1    3    0.78898203E-02 -0.48761948E-09
    2    3    0.78898173E-02 -0.17753192E-08
    3    3    0.22979449E-02 -0.36381025E-15
    4    3   -0.10906067E+00  0.12187021E-08
    5    3    0.10523919E+00  0.13646982E-08
    6    3   -0.95237077E-03  0.70977645E-08
    7    3   -0.97492737E-01  0.52953782E-09
    8    3    0.23042222E-01 -0.25160322E-09
    1    4    0.78898144E-02 -0.30384187E-08
    2    4    0.78898147E-02  0.17605467E-08
    3    4   -0.10906067E+00 -0.12187020E-08
    4    4    0.22979450E-02 -0.38565184E-15
    5    4    0.10523919E+00 -0.40976678E-08
    6    4   -0.95237077E-03  0.10985732E-09
    7    4    0.23042230E-01  0.11289666E-08
    8    4   -0.97492739E-01  0.33950105E-08
    1    5    0.68963751E-01  0.43629830E-08
    2    5   -0.97202976E-01 -0.24733869E-08
    3    5    0.10523919E+00 -0.13646979E-08
    4    5    0.10523919E+00  0.40976681E-08
    5    5   -0.68937602E-01 -0.40746402E-15
    6    5   -0.35877309E-01 -0.69947461E-08
    7    5   -0.22176080E-03 -0.90429499E-09
    8    5   -0.22175391E-03  0.44611402E-09
    1    6   -0.25561626E+00  0.17615220E-09
    2    6    0.96739191E-01  0.32135559E-08
    3    6   -0.95237077E-03 -0.70977642E-08
    4    6   -0.95237077E-03 -0.10985705E-09
    5    6   -0.35877309E-01  0.69947463E-08
    6    6   -0.68937593E-01 -0.41744247E-15
    7    6   -0.22175882E-03  0.43060880E-08
    8    6   -0.22176392E-03  0.45016399E-08
    1    7   -0.44583218E-01 -0.58111986E-08
    2    7    0.44831334E-01  0.19416078E-08
    3    7   -0.97492737E-01 -0.52953758E-09
    4    7    0.23042230E-01 -0.11289667E-08
    5    7   -0.22176080E-03  0.90429516E-09
    6    7   -0.22175882E-03 -0.43060878E-08
    7    7    0.83420581E-01 -0.35090616E-15
    8    7   -0.40569528E-01 -0.13589328E-08
    1    8   -0.44583219E-01 -0.23192414E-08
    2    8    0.44831338E-01  0.26581673E-08
    3    8    0.23042222E-01  0.25160321E-09
    4    8   -0.97492739E-01 -0.33950103E-08
    5    8   -0.22175391E-03 -0.44611385E-09
    6    8   -0.22176392E-03 -0.45016397E-08
    7    8   -0.40569528E-01  0.13589330E-08
    8    8    0.83420581E-01 -0.35096861E-15

    1   -3    1
    1    1    0.66173823E-01  0.32970201E-08
    2    1   -0.12788707E-01 -0.14009890E-08
    3    1   -0.12788705E-01 -0.10319381E-08
    4    1   -0.12788704E-01  0.41178512E-08
    5    1    0.44999231E-01 -0.16922349E-09
    6    1   -0.24315260E-01  0.13706342E-08
    7    1   -0.24315249E-01  0.62585139E-08
    8    1   -0.24315259E-01 -0.24969361E-08
    1    2   -0.12788707E-01 -0.25755009E-08
    2    2    0.66173821E-01  0.66794972E-08
    3    2   -0.12788708E-01 -0.36076081E-08
    4    2   -0.12788708E-01 -0.50689596E-09
    5    2   -0.23640157E-01 -0.19592389E-08
    6    2   -0.23731851E-01 -0.54093107E-08
    7    2    0.16202159E-01  0.28767417E-08
    8    2    0.16202160E-01 -0.26984924E-08
    1    3   -0.12788705E-01 -0.45003659E-09
    2    3   -0.12788711E-01 -0.30602060E-08
    3    3    0.66173825E-01  0.48066754E-08
    4    3   -0.12788707E-01  0.33457554E-09
    5    3   -0.23640157E-01 -0.20738784E-08
    6    3    0.16202165E-01  0.10980587E-07
    7    3   -0.23731859E-01 -0.34576835E-08
    8    3    0.16202160E-01  0.15074704E-08
    1    4   -0.12788706E-01 -0.18744734E-08
    2    4   -0.12788709E-01  0.37739757E-08
    3    4   -0.12788706E-01 -0.30488678E-08
    4    4    0.66173822E-01 -0.21181623E-09
    5    4   -0.23640162E-01 -0.94476782E-09
    6    4    0.16202161E-01 -0.25637780E-08
    7    4    0.16202158E-01  0.42642739E-08
    8    4   -0.23731851E-01  0.21930530E-09
    1    5    0.31809962E-01  0.30362470E-08
    2    5   -0.37384090E-01 -0.30801009E-08
    3    5   -0.37384096E-01 -0.89441310E-09
    4    5   -0.37384093E-01  0.84138097E-09
    5    5    0.76965819E-01  0.25935885E-08
    6    5   -0.14260032E-01 -0.21105169E-08
    7    5   -0.14260024E-01 -0.24706640E-08
    8    5   -0.14260026E-01  0.13483672E-08
    1    6    0.67311302E-02  0.30156725E-08
    2    6   -0.40337626E-02 -0.28964600E-08
    3    6   -0.70471190E-02  0.61204355E-09
    4    6   -0.70471210E-02 -0.77621640E-10
    5    6   -0.14260031E-01  0.20082844E-08
    6    6    0.76965828E-01  0.72761923E-08
    7    6   -0.14260035E-01  0.48264654E-08
    8    6   -0.14260034E-01  0.31354993E-08
    1    7    0.67311280E-02 -0.22845474E-08
    2    7   -0.70471222E-02  0.29519669E-08
    3    7   -0.40337610E-02 -0.23571774E-08
    4    7   -0.70471219E-02  0.11643197E-08
    5    7   -0.14260027E-01 -0.34337315E-08
    6    7   -0.14260035E-01 -0.42936850E-08
    7    7    0.76965822E-01  0.75185052E-08
    8    7   -0.14260030E-01 -0.23166700E-08
    1    8    0.67311241E-02 -0.44045756E-08
    2    8   -0.70471220E-02  0.44436086E-09
    3    8   -0.70471177E-02 -0.83076843E-09
    4    8   -0.40337608E-02  0.37156852E-08
    5    8   -0.14260028E-01 -0.52760062E-08
    6    8   -0.14260034E-01 -0.40643553E-08
    7    8   -0.14260028E-01 -0.26316407E-08
    8    8    0.76965821E-01 -0.21744235E-08

    1   -2   -1
    1    1   -0.36990303E-02 -0.68799169E-09
    2    1   -0.18888274E-01  0.45861460E-09
    3    1    0.41504701E-02  0.72902346E-09
    4    1    0.70221597E-02  0.39689919E-09
    5    1    0.20736067E-01 -0.12920517E-08
    6    1   -0.20074041E-01 -0.32015459E-08
    7    1    0.64728255E-02 -0.56035960E-09
    8    1   -0.17361539E-01 -0.15206834E-08
    1    2   -0.18888274E-01 -0.73213811E-09
    2    2   -0.36990319E-02  0.34303641E-08
    3    2    0.41504691E-02 -0.46025705E-08
    4    2    0.70221623E-02 -0.18131423E-09
    5    2   -0.10637125E-01  0.40405559E-08
    6    2    0.37837619E-01 -0.42171474E-08
    7    2   -0.10637128E-01  0.17410645E-08
    8    2   -0.92792753E-02  0.18836068E-08
    1    3    0.70221600E-02  0.22885744E-08
    2    3    0.70221598E-02 -0.15595209E-08
    3    3   -0.21346940E-01  0.41443251E-08
    4    3    0.14734882E-01  0.18577871E-09
    5    3    0.64728215E-02 -0.31735900E-08
    6    3   -0.20074040E-01  0.30926610E-08
    7    3    0.20736066E-01 -0.37957776E-08
    8    3   -0.17361543E-01  0.37788834E-08
    1    4    0.41504744E-02  0.56137086E-09
    2    4    0.41504695E-02 -0.32688994E-08
    3    4   -0.13866823E-03 -0.41633659E-09
    4    4   -0.21346942E-01  0.20122238E-09
    5    4    0.10793288E-03  0.26776027E-08
    6    4    0.16431336E-02  0.32397980E-08
    7    4    0.10793431E-03  0.40809045E-08
    8    4    0.17314623E-01 -0.30181366E-08
    1    5    0.20736066E-01 -0.28956752E-08
    2    5   -0.10637122E-01 -0.17670767E-09
    3    5    0.10793100E-03  0.27447679E-08
    4    5    0.64728195E-02 -0.12171181E-08
    5    5    0.28526586E-02 -0.34117798E-08
    6    5   -0.14244330E-01 -0.15183550E-08
    7    5   -0.15692594E-02 -0.21002156E-08
    8    5    0.11044803E-01 -0.35475305E-08
    1    6   -0.20074042E-01  0.43411067E-08
    2    6    0.37837617E-01 -0.49313669E-08
    3    6    0.16431358E-02  0.43372772E-08
    4    6   -0.20074041E-01 -0.66256097E-09
    5    6   -0.14244329E-01  0.14817594E-08
    6    6    0.28526639E-02  0.58488944E-08
    7    6   -0.15692640E-02 -0.32275305E-08
    8    6    0.11044804E-01 -0.36480975E-08
    1    7   -0.17361541E-01  0.17779434E-08
    2    7   -0.92792761E-02  0.75683333E-09
    3    7    0.17314626E-01 -0.13080033E-08
    4    7   -0.17361545E-01  0.11380503E-08
    5    7    0.11044803E-01  0.21351526E-08
    6    7    0.11044796E-01  0.56138702E-09
    7    7   -0.29279923E-01  0.27212077E-08
    8    7    0.82451162E-02  0.74776256E-09
    1    8    0.64728243E-02  0.27438489E-08
    2    8   -0.10637125E-01 -0.40224839E-08
    3    8    0.10793097E-03 -0.12445167E-08
    4    8    0.20736065E-01  0.18073220E-08
    5    8   -0.15692616E-02  0.48217693E-08
    6    8   -0.15692622E-02  0.11107965E-08
    7    8    0.81920924E-02 -0.43551969E-08
    8    8   -0.29279926E-01  0.66526839E-09

    1   -2    0
    1    1   -0.21071018E-01 -0.49515960E-08
    2    1    0.29529851E-01  0.22152853E-08
    3    1   -0.24789833E-01  0.49708065E-08
    4    1    0.29529858E-01 -0.17337184E-08
    5    1    0.92997862E-02 -0.61719139E-08
    6    1    0.35249260E-02  0.71273009E-08
    7    1   -0.14246861E-01 -0.16856597E-08
    8    1    0.35249196E-02  0.55127885E-08
    1    2    0.19283887E-01  0.82258554E-09
    2    2   -0.18053364E-01 -0.69301229E-09
    3    2   -0.16217321E-03  0.28890986E-09
    4    2   -0.31280228E-02  0.83314782E-09
    5    2    0.50212198E-02 -0.20707823E-08
    6    2   -0.28993423E-02  0.12111299E-08
    7    2    0.38261550E-02 -0.92479413E-10
    8    2    0.66282137E-02 -0.29736453E-08
    1    3   -0.36753897E-01 -0.65612940E-09
    2    3    0.45258325E-01  0.20289814E-08
    3    3    0.12334840E-02 -0.64015659E-09
    4    3    0.45258324E-01  0.14826786E-08
    5    3   -0.66583030E-01 -0.10194144E-08
    6    3   -0.65115430E-01 -0.85686169E-08
    7    3    0.84403681E-01  0.72514165E-08
    8    3   -0.65115425E-01 -0.32060535E-08
    1    4    0.19283883E-01  0.36928606E-08
    2    4   -0.31280198E-02 -0.44545193E-08
    3    4   -0.16217066E-03  0.26638250E-08
    4    4   -0.18053362E-01 -0.52103325E-08
    5    4    0.50212208E-02  0.70656423E-08
    6    4    0.66282111E-02  0.31553938E-08
    7    4    0.38261490E-02 -0.27970829E-08
    8    4   -0.28993496E-02  0.29505086E-08
    1    5   -0.40337595E-02 -0.16341800E-08
    2    5   -0.70471198E-02  0.48663361E-08
    3    5    0.67311205E-02 -0.16158718E-08
    4    5   -0.70471198E-02 -0.32164576E-08
    5    5   -0.51082811E-02 -0.21740441E-08
    6    5    0.53549963E-01  0.74036856E-09
    7    5   -0.45267900E-01 -0.37290965E-08
    8    5    0.53549960E-01  0.32822188E-08
    1    6   -0.70471177E-02 -0.16551098E-08
    2    6   -0.40337645E-02 -0.22571676E-08
    3    6    0.67311312E-02  0.63286495E-08
    4    6   -0.70471193E-02 -0.16722576E-08
    5    6    0.14731035E-01  0.28119329E-09
    6    6   -0.24726271E-01  0.42034197E-09
    7    6    0.10454524E-02  0.70377924E-09
    8    6   -0.11628877E-01 -0.23562374E-08
    1    7   -0.37384099E-01  0.34150878E-08
    2    7   -0.37384093E-01 -0.44902928E-08
    3    7    0.31809966E-01  0.41160184E-08
    4    7   -0.37384096E-01 -0.63203742E-08
    5    7   -0.37254947E-02  0.52722394E-08
    6    7    0.35816437E-01  0.30653835E-08
    7    7    0.13745552E-02 -0.78849668E-08
    8    7    0.35816438E-01  0.19639466E-09
    1    8   -0.70471198E-02 -0.29064945E-08
    2    8   -0.70471210E-02 -0.45048236E-10
    3    8    0.67311259E-02  0.14204784E-09
    4    8   -0.40337608E-02  0.56489491E-08
    5    8    0.14731036E-01 -0.33532735E-08
    6    8   -0.11628876E-01  0.35348265E-08
    7    8    0.10454514E-02  0.66779425E-08
    8    8   -0.24726269E-01 -0.31629618E-08

    1   -2    1
    1    1   -0.21071010E-01 -0.13225573E-08
    2    1   -0.24789831E-01  0.13337439E-08
    3    1    0.29529856E-01  0.78970654E-09
    4    1    0.29529857E-01  0.75497251E-09
    5    1    0.92997793E-02 -0.15494049E-08
    6    1   -0.14246861E-01 -0.36691689E-08
    7    1    0.35249358E-02 -0.50594595E-08
    8    1    0.35249345E-02 -0.54490189E-08
    1    2   -0.36753899E-01  0.36405691E-08
    2    2    0.12334869E-02 -0.20037753E-08
    3    2    0.45258325E-01 -0.90479972E-09
    4    2    0.45258320E-01  0.45614206E-08
    5    2   -0.66583021E-01 -0.75968239E-09
    6    2    0.84403670E-01  0.10971576E-07
    7    2   -0.65115444E-01  0.78494838E-08
    8    2   -0.65115439E-01 -0.21367153E-08
    1    3    0.19283884E-01 -0.48268835E-08
    2    3   -0.16217493E-03  0.40325669E-08
    3    3   -0.18053366E-01  0.52053475E-09
    4    3   -0.31280239E-02 -0.47117585E-08
    5    3    0.50212299E-02  0.73855875E-09
    6    3    0.38261484E-02 -0.60149356E-08
    7    3   -0.28993448E-02 -0.66345421E-08
    8    3    0.66282024E-02  0.40809317E-08
    1    4    0.19283880E-01  0.28750059E-08
    2    4   -0.16217042E-03  0.12327349E-09
    3    4   -0.31280182E-02 -0.65753852E-08
    4    4   -0.18053362E-01  0.21672715E-08
    5    4    0.50212167E-02  0.27918097E-08
    6    4    0.38261543E-02  0.23584019E-09
    7    4    0.66282098E-02  0.53674558E-08
    8    4   -0.28993413E-02 -0.44800079E-08
    1    5   -0.40337590E-02 -0.19319123E-08
    2    5    0.67311250E-02 -0.25021122E-08
    3    5   -0.70471206E-02  0.53191128E-08
    4    5   -0.70471162E-02 -0.24882874E-08
    5    5   -0.51082933E-02 -0.38427469E-09
    6    5   -0.45267890E-01 -0.64139035E-08
    7    5    0.53549972E-01 -0.55739642E-08
    8    5    0.53549976E-01  0.26508916E-08
    1    6   -0.37384097E-01  0.26915987E-08
    2    6    0.31809969E-01  0.11222833E-08
    3    6   -0.37384099E-01 -0.24867626E-08
    4    6   -0.37384098E-01 -0.56469172E-08
    5    6   -0.37254909E-02  0.79071607E-08
    6    6    0.13745619E-02 -0.99457689E-08
    7    6    0.35816431E-01 -0.77914935E-08
    8    6    0.35816431E-01  0.12444863E-08
    1    7   -0.70471176E-02  0.38014592E-08
    2    7    0.67311263E-02 -0.85989587E-09
    3    7   -0.40337572E-02 -0.44277337E-08
    4    7   -0.70471162E-02  0.29966608E-08
    5    7    0.14731032E-01  0.16334855E-08
    6    7    0.10454459E-02  0.65910828E-08
    7    7   -0.24726264E-01  0.82007135E-08
    8    7   -0.11628880E-01 -0.60128958E-08
    1    8   -0.70471122E-02  0.19530343E-08
    2    8    0.67311253E-02 -0.26001597E-08
    3    8   -0.70471161E-02 -0.48679322E-09
    4    8   -0.40337632E-02  0.55835987E-09
    5    8    0.14731037E-01  0.22403480E-08
    6    8    0.10454492E-02  0.46683132E-08
    7    8   -0.11628883E-01  0.10370196E-08
    8    8   -0.24726269E-01  0.21296726E-08

    1   -2    2
    1    1   -0.36990362E-02 -0.60776185E-09
    2    1    0.41504682E-02  0.12906025E-08
    3    1   -0.18888272E-01  0.21355275E-08
    4    1    0.70221603E-02 -0.11290238E-08
    5    1    0.20736069E-01 -0.41407784E-08
    6    1    0.64728231E-02  0.35765248E-08
    7    1   -0.20074043E-01 -0.78234243E-09
    8    1   -0.17361548E-01  0.35438437E-10
    1    2    0.70221599E-02 -0.24767983E-10
    2    2   -0.21346940E-01 -0.38683837E-09
    3    2    0.70221625E-02  0.28097291E-08
    4    2    0.14734879E-01  0.28628518E-08
    5    2    0.64728196E-02 -0.83006378E-09
    6    2    0.20736070E-01  0.25003151E-08
    7    2   -0.20074037E-01 -0.19834675E-08
    8    2   -0.17361544E-01 -0.31765026E-08
    1    3   -0.18888269E-01 -0.21097718E-08
    2    3    0.41504697E-02  0.86763045E-09
    3    3   -0.36990352E-02 -0.23446384E-08
    4    3    0.70221595E-02  0.15367106E-08
    5    3   -0.10637124E-01 -0.11341367E-08
    6    3   -0.10637128E-01 -0.95990726E-09
    7    3    0.37837620E-01  0.25157204E-08
    8    3   -0.92792687E-02  0.50410041E-09
    1    4    0.41504711E-02 -0.36957168E-09
    2    4   -0.13866774E-03  0.48006130E-09
    3    4    0.41504709E-02  0.79022431E-09
    4    4   -0.21346939E-01 -0.24630789E-08
    5    4    0.10793170E-03  0.36570687E-08
    6    4    0.10793478E-03  0.23576348E-08
    7    4    0.16431330E-02 -0.21196977E-08
    8    4    0.17314624E-01 -0.52161514E-10
    1    5    0.20736065E-01  0.67225333E-09
    2    5    0.10793034E-03 -0.29989256E-09
    3    5   -0.10637126E-01 -0.96528119E-09
    4    5    0.64728211E-02 -0.98514938E-09
    5    5    0.28526631E-02 -0.10792232E-08
    6    5   -0.15692631E-02 -0.13259990E-08
    7    5   -0.14244330E-01 -0.55100027E-09
    8    5    0.11044799E-01 -0.40484480E-09
    1    6   -0.17361544E-01 -0.49995155E-08
    2    6    0.17314624E-01 -0.96239343E-09
    3    6   -0.92792697E-02  0.31528758E-08
    4    6   -0.17361544E-01  0.12082196E-08
    5    6    0.11044797E-01 -0.28219926E-08
    6    6   -0.29279924E-01  0.37032698E-08
    7    6    0.11044799E-01 -0.10887908E-08
    8    6    0.82451191E-02 -0.14859957E-08
    1    7   -0.20074038E-01  0.14467809E-08
    2    7    0.16431344E-02 -0.26352894E-08
    3    7    0.37837620E-01  0.55826523E-08
    4    7   -0.20074041E-01 -0.29904719E-08
    5    7   -0.14244329E-01  0.14144834E-08
    6    7   -0.15692568E-02  0.76901031E-10
    7    7    0.28526551E-02 -0.24113342E-08
    8    7    0.11044803E-01 -0.40767350E-09
    1    8    0.64728239E-02 -0.12422869E-08
    2    8    0.10793161E-03  0.39577908E-09
    3    8   -0.10637125E-01 -0.20624777E-08
    4    8    0.20736065E-01  0.90341225E-09
    5    8   -0.15692607E-02  0.26496986E-08
    6    8    0.81920934E-02 -0.19197667E-08
    7    8   -0.15692548E-02  0.18854509E-08
    8    8   -0.29279927E-01 -0.40124337E-09

    1   -1   -2
    1    1   -0.21346943E-01  0.12474153E-08
    2    1    0.70221617E-02  0.19966779E-08
    3    1    0.70221633E-02 -0.17087961E-08
    4    1    0.14734880E-01 -0.22819326E-08
    5    1   -0.18955233E-01  0.33146155E-08
    6    1    0.87305066E-02 -0.61948911E-10
    7    1    0.87305034E-02  0.18587766E-08
    8    1   -0.27366980E-01  0.19643497E-08
    1    2    0.41504696E-02 -0.18351790E-08
    2    2   -0.36990295E-02  0.15229696E-08
    3    2   -0.18888275E-01  0.10184578E-08
    4    2    0.70221594E-02 -0.62035140E-09
    5    2    0.25253687E-01 -0.46186994E-08
    6    2   -0.20478223E-01 -0.19754829E-08
    7    2    0.20173478E-01 -0.32835881E-08
    8    2   -0.23052508E-01 -0.14773705E-08
    1    3    0.41504700E-02  0.38394683E-09
    2    3   -0.18888270E-01  0.20355980E-08
    3    3   -0.36990307E-02 -0.43765139E-09
    4    3    0.70221607E-02 -0.37878317E-09
    5    3    0.25253691E-01  0.12787560E-08
    6    3    0.20173475E-01  0.18723213E-08
    7    3   -0.20478221E-01  0.30145371E-08
    8    3   -0.23052517E-01 -0.18816374E-08
    1    4   -0.13867162E-03 -0.19868022E-08
    2    4    0.41504691E-02 -0.16489951E-08
    3    4    0.41504723E-02 -0.13677742E-08
    4    4   -0.21346940E-01  0.13151071E-08
    5    4   -0.50768281E-02  0.20628656E-10
    6    4   -0.13809288E-01 -0.15424574E-08
    7    4   -0.13809290E-01 -0.19102387E-08
    8    4    0.52128714E-01  0.27165833E-08
    1    5   -0.54258608E-02  0.18292776E-08
    2    5    0.10722790E-01  0.11659756E-08
    3    5    0.10722791E-01  0.20758215E-09
    4    5   -0.18153165E-02  0.28238155E-09
    5    5   -0.29279923E-01  0.85610561E-09
    6    5    0.11044802E-01 -0.86078225E-09
    7    5    0.11044797E-01  0.29094915E-08
    8    5    0.82451124E-02  0.27746359E-08
    1    6    0.10722794E-01 -0.14332898E-08
    2    6   -0.54258598E-02 -0.50772111E-09
    3    6    0.10722791E-01 -0.19959672E-08
    4    6   -0.18153185E-02  0.21405548E-08
    5    6   -0.15692617E-02  0.85407306E-09
    6    6    0.28526596E-02 -0.24361157E-08
    7    6   -0.14244325E-01 -0.90994402E-09
    8    6    0.11044800E-01  0.22041564E-09
    1    7    0.10722787E-01 -0.12469476E-08
    2    7    0.10722793E-01  0.10826284E-09
    3    7   -0.54258601E-02  0.23799775E-08
    4    7   -0.18153158E-02  0.38519395E-09
    5    7   -0.15692654E-02 -0.53340664E-08
    6    7   -0.14244326E-01  0.35414643E-08
    7    7    0.28526590E-02 -0.31141068E-08
    8    7    0.11044803E-01  0.70440558E-09
    1    8   -0.72245549E-02 -0.20722273E-08
    2    8   -0.72245520E-02  0.25327305E-08
    3    8   -0.72245544E-02 -0.62212634E-08
    4    8    0.21334721E-01  0.86175660E-08
    5    8    0.81920918E-02 -0.38352187E-08
    6    8   -0.15692617E-02  0.11614730E-08
    7    8   -0.15692618E-02  0.24637845E-08
    8    8   -0.29279921E-01  0.12363333E-08

    1   -1   -1
    1    1    0.15101165E-01 -0.51284432E-09
    2    1    0.23175989E-01 -0.16853453E-08
    3    1   -0.20485263E-01 -0.17214386E-09
    4    1    0.23175986E-01  0.24729831E-08
    5    1    0.84403681E-01 -0.14846827E-09
    6    1   -0.65115440E-01  0.26761650E-08
    7    1   -0.66583021E-01 -0.55693290E-09
    8    1   -0.65115434E-01  0.45697089E-08
    1    2   -0.10234072E-01  0.14987077E-08
    2    2    0.15101152E-01 -0.23229984E-08
    3    2   -0.10234074E-01  0.24295386E-08
    4    2   -0.20485267E-01  0.19885033E-08
    5    2    0.38261566E-02 -0.94682778E-09
    6    2   -0.28993404E-02  0.24687095E-08
    7    2    0.50212242E-02 -0.53765484E-09
    8    2    0.66282033E-02 -0.44074665E-08
    1    3   -0.20485263E-01 -0.59431544E-09
    2    3    0.23175985E-01  0.10949039E-08
    3    3    0.15101162E-01  0.76665968E-09
    4    3    0.23175982E-01 -0.49770925E-08
    5    3   -0.14246859E-01 -0.13280037E-08
    6    3    0.35249375E-02 -0.49085405E-08
    7    3    0.92997788E-02 -0.91908009E-09
    8    3    0.35249320E-02  0.28076141E-09
    1    4   -0.10234077E-01 -0.63455581E-08
    2    4   -0.20485266E-01  0.64929730E-08
    3    4   -0.10234075E-01 -0.33558903E-08
    4    4    0.15101166E-01  0.44370068E-08
    5    4    0.38261496E-02 -0.70311002E-08
    6    4    0.66282058E-02 -0.10518375E-09
    7    4    0.50212195E-02  0.74010732E-08
    8    4   -0.28993433E-02 -0.26023941E-08
    1    5    0.37837622E-01  0.47067166E-08
    2    5   -0.20074033E-01 -0.29658067E-08
    3    5    0.16431330E-02  0.41188777E-09
    4    5   -0.20074039E-01 -0.33579420E-08
    5    5    0.39810775E-02  0.52742040E-08
    6    5    0.14609718E-01  0.21032234E-08
    7    5   -0.72421602E-02 -0.48508312E-08
    8    5    0.14609721E-01  0.35201724E-08
    1    6   -0.10637128E-01 -0.37697970E-08
    2    6    0.20736066E-01  0.54013669E-08
    3    6    0.10793174E-03 -0.46276864E-08
    4    6    0.64728217E-02 -0.14785814E-08
    5    6   -0.87883191E-02  0.30793882E-08
    6    6    0.39810875E-02 -0.48693409E-08
    7    6   -0.87883236E-02  0.30122893E-08
    8    6   -0.72421661E-02  0.45225232E-08
    1    7   -0.92792658E-02  0.22643309E-09
    2    7   -0.17361547E-01  0.17945836E-08
    3    7    0.17314624E-01 -0.30271339E-08
    4    7   -0.17361547E-01  0.33068079E-08
    5    7   -0.72421605E-02 -0.17337763E-08
    6    7    0.14609719E-01 -0.48472238E-08
    7    7    0.39810826E-02  0.56136680E-08
    8    7    0.14609726E-01 -0.29783655E-08
    1    8   -0.10637125E-01 -0.45273149E-08
    2    8    0.64728178E-02 -0.96887541E-09
    3    8    0.10792982E-03  0.14755863E-08
    4    8    0.20736067E-01  0.22661833E-08
    5    8   -0.87883113E-02 -0.26740556E-08
    6    8   -0.72421673E-02 -0.35159499E-08
    7    8   -0.87883137E-02 -0.49368674E-08
    8    8    0.39810828E-02  0.88363732E-09

    1   -1    0
    1    1   -0.37997477E-01 -0.23027984E-08
    2    1    0.25613837E+00  0.79229557E-09
    3    1    0.25613836E+00 -0.59799957E-08
    4    1   -0.42257934E+00  0.77950322E-08
    5    1   -0.93752585E+00  0.21949716E-09
    6    1    0.11292321E+00  0.25833641E-07
    7    1    0.11292325E+00 -0.16008487E-07
    8    1   -0.22008306E+01  0.94002049E-08
    1    2   -0.78370043E-01 -0.15090163E-08
    2    2    0.10519072E+00  0.25991312E-08
    3    2   -0.61090134E-01  0.45921970E-08
    4    2    0.25613836E+00 -0.78907064E-08
    5    2    0.11292323E+00 -0.12433964E-07
    6    2   -0.93752585E+00  0.16119266E-07
    7    2    0.11292332E+00 -0.14064952E-07
    8    2   -0.22008305E+01  0.20480603E-07
    1    3   -0.78370044E-01  0.67350570E-08
    2    3   -0.61090137E-01 -0.84685006E-10
    3    3    0.10519072E+00 -0.35847133E-08
    4    3    0.25613836E+00  0.69330913E-08
    5    3    0.11292328E+00 -0.25254312E-07
    6    3    0.11292320E+00  0.29416355E-07
    7    3   -0.93752577E+00 -0.22210510E-07
    8    3   -0.22008306E+01 -0.18005177E-07
    1    4    0.57015484E-01 -0.26515528E-08
    2    4   -0.78370043E-01  0.23630657E-08
    3    4   -0.78370043E-01  0.35930264E-08
    4    4   -0.37997473E-01 -0.28637127E-08
    5    4    0.10415985E+00  0.44176610E-08
    6    4    0.10415986E+00 -0.27251154E-07
    7    4    0.10415982E+00  0.11655384E-07
    8    4    0.13754083E+01 -0.11516215E-07
    1    5    0.96739181E-01  0.72136232E-09
    2    5   -0.95236450E-03  0.16734329E-08
    3    5   -0.95236386E-03 -0.38632406E-08
    4    5   -0.25561625E+00 -0.37640096E-08
    5    5    0.77260994E-01  0.75921952E-08
    6    5   -0.31833346E-01 -0.66806127E-08
    7    5   -0.31833375E-01  0.15214827E-07
    8    5    0.33084394E+00  0.16131312E-07
    1    6    0.44831345E-01 -0.21867945E-10
    2    6   -0.97492738E-01  0.48636061E-08
    3    6    0.23042226E-01 -0.50479230E-08
    4    6   -0.44583231E-01  0.66212348E-08
    5    6    0.19795981E+00 -0.10802938E-07
    6    6   -0.18802106E-01  0.50413984E-08
    7    6   -0.20855588E+00  0.56536584E-08
    8    6   -0.31833356E-01 -0.22306937E-09
    1    7    0.44831347E-01 -0.59885735E-08
    2    7    0.23042220E-01 -0.22499546E-08
    3    7   -0.97492743E-01  0.47023263E-08
    4    7   -0.44583241E-01 -0.49768166E-08
    5    7    0.19795982E+00  0.28341732E-08
    6    7   -0.20855590E+00 -0.65246110E-08
    7    7   -0.18802093E-01 -0.68958890E-08
    8    7   -0.31833356E-01  0.11661389E-07
    1    8   -0.97202982E-01 -0.39050374E-08
    2    8    0.10523920E+00 -0.35182419E-08
    3    8    0.10523918E+00 -0.14992190E-08
    4    8    0.68963750E-01  0.51310465E-08
    5    8   -0.40105138E+00 -0.13458425E-08
    6    8    0.19795980E+00  0.58332379E-08
    7    8    0.19795979E+00 -0.34243778E-08
    8    8    0.77261008E-01 -0.57632608E-08

    1   -1    1
    1    1    0.15101163E-01 -0.44929491E-10
    2    1   -0.20485264E-01 -0.11368212E-08
    3    1    0.23175986E-01  0.93228140E-09
    4    1    0.23175989E-01  0.46407922E-08
    5    1    0.84403684E-01  0.28492126E-08
    6    1   -0.66583038E-01 -0.32367697E-08
    7    1   -0.65115422E-01  0.26052597E-08
    8    1   -0.65115431E-01 -0.15721791E-08
    1    2   -0.20485261E-01  0.60863757E-09
    2    2    0.15101154E-01  0.27489259E-09
    3    2    0.23175987E-01 -0.51299769E-08
    4    2    0.23175981E-01 -0.37120126E-08
    5    2   -0.14246850E-01  0.88881063E-08
    6    2    0.92997787E-02 -0.12593300E-07
    7    2    0.35249231E-02  0.63528666E-08
    8    2    0.35249215E-02 -0.44404264E-08
    1    3   -0.10234074E-01  0.16480182E-08
    2    3   -0.10234074E-01 -0.22336276E-08
    3    3    0.15101159E-01  0.60540102E-08
    4    3   -0.20485269E-01 -0.18374488E-08
    5    3    0.38261509E-02  0.20114462E-08
    6    3    0.50212335E-02  0.38922954E-08
    7    3   -0.28993488E-02 -0.17826598E-08
    8    3    0.66281980E-02  0.94384840E-10
    1    4   -0.10234076E-01 -0.22984651E-08
    2    4   -0.10234073E-01  0.25767052E-08
    3    4   -0.20485266E-01 -0.30709453E-08
    4    4    0.15101164E-01  0.34972618E-08
    5    4    0.38261501E-02 -0.43448289E-08
    6    4    0.50212204E-02  0.14566821E-08
    7    4    0.66282059E-02  0.27074723E-08
    8    4   -0.28993367E-02  0.16645071E-08
    1    5    0.37837619E-01  0.13067701E-08
    2    5    0.16431374E-02  0.15566447E-10
    3    5   -0.20074036E-01  0.85498007E-09
    4    5   -0.20074038E-01  0.32692975E-09
    5    5    0.39810757E-02 -0.46364647E-09
    6    5   -0.72421663E-02  0.10060271E-08
    7    5    0.14609725E-01 -0.15236050E-08
    8    5    0.14609727E-01  0.14091266E-08
    1    6   -0.92792714E-02  0.38528627E-08
    2    6    0.17314624E-01 -0.34117817E-08
    3    6   -0.17361546E-01  0.28745872E-08
    4    6   -0.17361545E-01  0.24969562E-08
    5    6   -0.72421609E-02  0.19031542E-08
    6    6    0.39810835E-02  0.17735200E-08
    7    6    0.14609714E-01  0.57890870E-08
    8    6    0.14609718E-01  0.14972561E-08
    1    7   -0.10637119E-01 -0.22500946E-08
    2    7    0.10793208E-03 -0.11147741E-09
    3    7    0.20736064E-01 -0.71261399E-08
    4    7    0.64728208E-02  0.20323219E-08
    5    7   -0.87883175E-02  0.15830048E-08
    6    7   -0.87883240E-02 -0.61851567E-08
    7    7    0.39810891E-02  0.25043917E-08
    8    7   -0.72421594E-02  0.26992540E-08
    1    8   -0.10637125E-01 -0.29912855E-08
    2    8    0.10792804E-03  0.16879429E-08
    3    8    0.64728216E-02  0.18246523E-09
    4    8    0.20736063E-01 -0.92856205E-09
    5    8   -0.87883115E-02 -0.12096832E-08
    6    8   -0.87883190E-02 -0.46153791E-08
    7    8   -0.72421667E-02 -0.24838583E-08
    8    8    0.39810772E-02  0.12922269E-08

    1   -1    2
    1    1   -0.21346943E-01  0.12474153E-08
    2    1    0.70221617E-02  0.19966779E-08
    3    1    0.70221633E-02 -0.17087961E-08
    4    1    0.14734880E-01 -0.22819325E-08
    5    1   -0.18955233E-01  0.33146156E-08
    6    1    0.87305066E-02 -0.61948870E-10
    7    1    0.87305034E-02  0.18587766E-08
    8    1   -0.27366980E-01  0.19643500E-08
    1    2    0.41504696E-02 -0.18351790E-08
    2    2   -0.36990295E-02  0.15229696E-08
    3    2   -0.18888275E-01  0.10184578E-08
    4    2    0.70221594E-02 -0.62035143E-09
    5    2    0.25253687E-01 -0.46186994E-08
    6    2   -0.20478223E-01 -0.19754828E-08
    7    2    0.20173478E-01 -0.32835882E-08
    8    2   -0.23052508E-01 -0.14773703E-08
    1    3    0.41504700E-02  0.38394685E-09
    2    3   -0.18888270E-01  0.20355980E-08
    3    3   -0.36990307E-02 -0.43765140E-09
    4    3    0.70221607E-02 -0.37878325E-09
    5    3    0.25253691E-01  0.12787560E-08
    6    3    0.20173475E-01  0.18723213E-08
    7    3   -0.20478221E-01  0.30145372E-08
    8    3   -0.23052517E-01 -0.18816371E-08
    1    4   -0.13867162E-03 -0.19868022E-08
    2    4    0.41504691E-02 -0.16489951E-08
    3    4    0.41504723E-02 -0.13677742E-08
    4    4   -0.21346940E-01  0.13151071E-08
    5    4   -0.50768281E-02  0.20628647E-10
    6    4   -0.13809288E-01 -0.15424575E-08
    7    4   -0.13809290E-01 -0.19102388E-08
    8    4    0.52128714E-01  0.27165832E-08
    1    5   -0.54258608E-02  0.18292776E-08
    2    5    0.10722790E-01  0.11659757E-08
    3    5    0.10722791E-01  0.20758217E-09
    4    5   -0.18153165E-02  0.28238157E-09
    5    5   -0.29279923E-01  0.85610560E-09
    6    5    0.11044802E-01 -0.86078226E-09
    7    5    0.11044797E-01  0.29094915E-08
    8    5    0.82451124E-02  0.27746359E-08
    1    6    0.10722794E-01 -0.14332898E-08
    2    6   -0.54258598E-02 -0.50772110E-09
    3    6    0.10722791E-01 -0.19959672E-08
    4    6   -0.18153185E-02  0.21405548E-08
    5    6   -0.15692617E-02  0.85407302E-09
    6    6    0.28526596E-02 -0.24361157E-08
    7    6   -0.14244325E-01 -0.90994400E-09
    8    6    0.11044800E-01  0.22041565E-09
    1    7    0.10722787E-01 -0.12469476E-08
    2    7    0.10722793E-01  0.10826285E-09
    3    7   -0.54258601E-02  0.23799775E-08
    4    7   -0.18153158E-02  0.38519395E-09
    5    7   -0.15692654E-02 -0.53340664E-08
    6    7   -0.14244326E-01  0.35414643E-08
    7    7    0.28526590E-02 -0.31141067E-08
    8    7    0.11044803E-01  0.70440558E-09
    1    8   -0.72245549E-02 -0.20722273E-08
    2    8   -0.72245520E-02  0.25327305E-08
    3    8   -0.72245544E-02 -0.62212634E-08
    4    8    0.21334721E-01  0.86175660E-08
    5    8    0.81920918E-02 -0.38352186E-08
    6    8   -0.15692617E-02  0.11614729E-08
    7    8   -0.15692618E-02  0.24637845E-08
    8    8   -0.29279921E-01  0.12363333E-08

    1    0   -2
    1    1    0.12334861E-02 -0.20830033E-08
    2    1    0.45258327E-01  0.17751847E-08
    3    1   -0.36753902E-01  0.43259692E-08
    4    1    0.45258322E-01 -0.42179505E-09
    5    1   -0.23731852E-01 -0.32187169E-08
    6    1    0.16202163E-01  0.35066506E-08
    7    1   -0.23640166E-01 -0.38704691E-08
    8    1    0.16202162E-01 -0.11440025E-08
    1    2   -0.16217537E-03  0.70927093E-09
    2    2   -0.18053366E-01 -0.16920209E-08
    3    2    0.19283888E-01  0.10741456E-08
    4    2   -0.31280196E-02  0.61696637E-10
    5    2    0.16202160E-01  0.20265203E-08
    6    2   -0.23731852E-01  0.13218924E-08
    7    2   -0.23640154E-01 -0.48441539E-08
    8    2    0.16202161E-01  0.16898898E-08
    1    3   -0.24789829E-01  0.28666839E-09
    2    3    0.29529852E-01 -0.48642207E-08
    3    3   -0.21071013E-01 -0.18940469E-08
    4    3    0.29529855E-01  0.99664836E-09
    5    3   -0.24315257E-01  0.12521048E-08
    6    3   -0.24315257E-01 -0.57038146E-08
    7    3    0.44999233E-01  0.47296985E-08
    8    3   -0.24315257E-01 -0.41635868E-08
    1    4   -0.16217041E-03  0.32369679E-08
    2    4   -0.31280187E-02 -0.28415846E-08
    3    4    0.19283879E-01 -0.41445615E-09
    4    4   -0.18053362E-01 -0.43208293E-08
    5    4    0.16202164E-01  0.56617685E-08
    6    4    0.16202165E-01  0.46795647E-09
    7    4   -0.23640159E-01 -0.23601023E-08
    8    4   -0.23731854E-01  0.37942554E-08
    1    5    0.17314625E-01 -0.16084197E-08
    2    5   -0.17361545E-01  0.47257237E-08
    3    5   -0.92792724E-02  0.19052204E-08
    4    5   -0.17361547E-01  0.21620037E-08
    5    5    0.13745654E-02 -0.56766562E-08
    6    5    0.35816427E-01  0.65857029E-08
    7    5   -0.37254999E-02 -0.84065102E-09
    8    5    0.35816428E-01 -0.98408272E-09
    1    6    0.10793418E-03 -0.62923378E-09
    2    6    0.20736067E-01 -0.27035900E-08
    3    6   -0.10637129E-01  0.50294075E-08
    4    6    0.64728219E-02 -0.24516143E-09
    5    6    0.10454495E-02 -0.42345856E-08
    6    6   -0.24726271E-01  0.20635450E-08
    7    6    0.14731035E-01 -0.35927717E-08
    8    6   -0.11628876E-01 -0.11525400E-08
    1    7    0.16431316E-02  0.37730337E-08
    2    7   -0.20074038E-01 -0.23784974E-08
    3    7    0.37837622E-01 -0.12550487E-08
    4    7   -0.20074043E-01 -0.71668257E-08
    5    7   -0.45267893E-01  0.85439041E-08
    6    7    0.53549976E-01 -0.12858831E-08
    7    7   -0.51082930E-02 -0.38866874E-08
    8    7    0.53549970E-01 -0.49969137E-09
    1    8    0.10792833E-03  0.13506821E-08
    2    8    0.64728223E-02  0.10851552E-08
    3    8   -0.10637122E-01 -0.32981601E-08
    4    8    0.20736066E-01  0.31856850E-09
    5    8    0.10454449E-02  0.48979386E-08
    6    8   -0.11628878E-01 -0.23615802E-08
    7    8    0.14731040E-01  0.35537052E-08
    8    8   -0.24726268E-01 -0.10028807E-08

    1    0   -1
    1    1    0.10519073E+00  0.25952477E-09
    2    1   -0.61090144E-01 -0.38415849E-08
    3    1   -0.78370040E-01  0.71744242E-11
    4    1    0.25613837E+00  0.50355790E-08
    5    1   -0.28993445E-02 -0.17033779E-08
    6    1    0.38261479E-02 -0.49137904E-08
    7    1    0.50212259E-02  0.21289593E-08
    8    1    0.66282027E-02 -0.83037111E-08
    1    2   -0.61090142E-01 -0.17299990E-08
    2    2    0.10519072E+00  0.65893466E-08
    3    2   -0.78370048E-01 -0.56692706E-08
    4    2    0.25613837E+00  0.12290603E-08
    5    2   -0.65115437E-01  0.68202964E-08
    6    2    0.84403680E-01  0.75387916E-08
    7    2   -0.66583041E-01  0.72249930E-09
    8    2   -0.65115435E-01  0.92824156E-08
    1    3    0.25613837E+00 -0.31871455E-08
    2    3    0.25613837E+00  0.81001784E-08
    3    3   -0.37997478E-01  0.90237075E-08
    4    3   -0.42257933E+00 -0.13200277E-07
    5    3    0.35249297E-02 -0.90690797E-08
    6    3   -0.14246857E-01  0.76421266E-08
    7    3    0.92997766E-02 -0.13107888E-07
    8    3    0.35249364E-02  0.92872407E-08
    1    4   -0.78370047E-01 -0.60991667E-09
    2    4   -0.78370045E-01 -0.39757629E-08
    3    4    0.57015491E-01 -0.41227892E-08
    4    4   -0.37997476E-01  0.83257989E-08
    5    4    0.66282116E-02  0.46722635E-08
    6    4    0.38261475E-02  0.47357288E-08
    7    4    0.50212272E-02  0.44019013E-08
    8    4   -0.28993461E-02 -0.34995384E-08
    1    5   -0.28993472E-02 -0.24412595E-08
    2    5   -0.65115425E-01 -0.89315776E-08
    3    5    0.66282082E-02  0.70646637E-08
    4    5    0.35249268E-02  0.10511923E-09
    5    5   -0.18802116E-01 -0.77434684E-08
    6    5   -0.20855589E+00 -0.17909062E-07
    7    5    0.19795981E+00  0.67160052E-08
    8    5   -0.31833366E-01 -0.74253765E-08
    1    6    0.38261448E-02  0.52017097E-08
    2    6    0.84403679E-01 -0.95645805E-08
    3    6    0.38261490E-02  0.92352898E-08
    4    6   -0.14246860E-01 -0.64744920E-08
    5    6   -0.20855590E+00  0.10179220E-07
    6    6   -0.18802098E-01  0.36433160E-08
    7    6    0.19795979E+00 -0.12263117E-07
    8    6   -0.31833355E-01  0.64575761E-08
    1    7    0.66282014E-02  0.35835452E-08
    2    7   -0.65115438E-01 -0.98834892E-09
    3    7   -0.28993425E-02 -0.34128311E-08
    4    7    0.35249387E-02  0.49791408E-08
    5    7   -0.31833373E-01  0.18956714E-08
    6    7   -0.31833385E-01 -0.30821775E-08
    7    7    0.77261006E-01  0.14926241E-07
    8    7    0.33084393E+00 -0.17286487E-07
    1    8    0.50212339E-02  0.39743330E-08
    2    8   -0.66583042E-01 -0.61452609E-09
    3    8    0.50212256E-02 -0.25954284E-08
    4    8    0.92997765E-02 -0.26911701E-09
    5    8    0.19795983E+00  0.38726663E-08
    6    8    0.19795979E+00  0.10771248E-07
    7    8   -0.40105136E+00 -0.11021041E-07
    8    8    0.77260987E-01 -0.65921169E-08

    1    0    0
    1    1    0.10519072E+00 -0.28962151E-08
    2    1   -0.78370044E-01  0.52199118E-08
    3    1   -0.61090137E-01 -0.15573481E-08
    4    1    0.25613837E+00 -0.30859200E-08
    5    1   -0.28993482E-02 -0.41840166E-08
    6    1    0.50212308E-02  0.47008520E-08
    7    1    0.38261428E-02 -0.49287622E-08
    8    1    0.66282052E-02  0.16343669E-09
    1    2    0.25613836E+00 -0.76562136E-08
    2    2   -0.37997467E-01  0.10221173E-08
    3    2    0.25613837E+00  0.12026758E-08
    4    2   -0.42257933E+00  0.16250632E-07
    5    2    0.35249195E-02 -0.23635977E-08
    6    2    0.92997735E-02 -0.75276771E-08
    7    2   -0.14246845E-01  0.22207985E-09
    8    2    0.35249314E-02  0.27703063E-08
    1    3   -0.61090147E-01 -0.77959505E-08
    2    3   -0.78370042E-01  0.57524587E-08
    3    3    0.10519072E+00 -0.24436341E-08
    4    3    0.25613838E+00  0.93178475E-09
    5    3   -0.65115447E-01  0.12968480E-08
    6    3   -0.66583026E-01 -0.47008042E-08
    7    3    0.84403683E-01  0.91627737E-08
    8    3   -0.65115432E-01  0.76899558E-09
    1    4   -0.78370039E-01  0.60387606E-08
    2    4    0.57015480E-01 -0.80957809E-08
    3    4   -0.78370050E-01  0.72367880E-08
    4    4   -0.37997465E-01 -0.26539849E-08
    5    4    0.66282135E-02  0.30681377E-08
    6    4    0.50212277E-02  0.22064481E-08
    7    4    0.38261474E-02 -0.20245154E-08
    8    4   -0.28993505E-02  0.31041574E-08
    1    5   -0.28993447E-02  0.20005857E-08
    2    5    0.66282108E-02  0.78500199E-08
    3    5   -0.65115439E-01 -0.34886053E-08
    4    5    0.35249221E-02 -0.12660737E-07
    5    5   -0.18802079E-01 -0.68383522E-08
    6    5    0.19795979E+00  0.10128535E-07
    7    5   -0.20855590E+00 -0.10686795E-07
    8    5   -0.31833367E-01 -0.90976469E-08
    1    6    0.66282071E-02 -0.88276449E-08
    2    6   -0.28993418E-02  0.77073036E-08
    3    6   -0.65115432E-01  0.56926368E-09
    4    6    0.35249322E-02 -0.49578155E-08
    5    6   -0.31833374E-01 -0.46499210E-08
    6    6    0.77261001E-01  0.32017206E-08
    7    6   -0.31833378E-01  0.54502116E-08
    8    6    0.33084395E+00 -0.11990588E-07
    1    7    0.38261454E-02  0.35386985E-08
    2    7    0.38261518E-02 -0.37695132E-08
    3    7    0.84403684E-01  0.50212658E-08
    4    7   -0.14246860E-01 -0.19740710E-08
    5    7   -0.20855591E+00  0.42550295E-08
    6    7    0.19795982E+00  0.58332799E-08
    7    7   -0.18802131E-01 -0.12989058E-07
    8    7   -0.31833378E-01 -0.30480087E-08
    1    8    0.50212231E-02  0.39981100E-08
    2    8    0.50212248E-02  0.23393557E-09
    3    8   -0.66583027E-01 -0.71679924E-09
    4    8    0.92997763E-02 -0.70857202E-09
    5    8    0.19795978E+00  0.35057645E-08
    6    8   -0.40105134E+00 -0.33540352E-08
    7    8    0.19795982E+00  0.11366000E-07
    8    8    0.77260995E-01  0.19847593E-07

    1    0    1
    1    1    0.12334896E-02  0.26248530E-09
    2    1   -0.36753903E-01 -0.21021239E-08
    3    1    0.45258324E-01  0.93407567E-10
    4    1    0.45258323E-01  0.14828063E-08
    5    1   -0.23731849E-01  0.40780396E-09
    6    1   -0.23640165E-01 -0.69964196E-08
    7    1    0.16202161E-01  0.50257783E-09
    8    1    0.16202167E-01 -0.44759658E-08
    1    2   -0.24789826E-01  0.40629291E-08
    2    2   -0.21071011E-01 -0.42678530E-08
    3    2    0.29529855E-01  0.21208151E-08
    4    2    0.29529853E-01  0.24946008E-08
    5    2   -0.24315258E-01  0.13119360E-08
    6    2    0.44999232E-01  0.10445055E-07
    7    2   -0.24315261E-01  0.11536974E-08
    8    2   -0.24315260E-01 -0.55953891E-09
    1    3   -0.16217635E-03 -0.42027192E-08
    2    3    0.19283889E-01  0.35811654E-08
    3    3   -0.18053368E-01 -0.35060876E-08
    4    3   -0.31280204E-02  0.24304392E-08
    5    3    0.16202161E-01 -0.20884781E-08
    6    3   -0.23640163E-01 -0.43890772E-08
    7    3   -0.23731850E-01 -0.15183972E-08
    8    3    0.16202164E-01 -0.12151533E-08
    1    4   -0.16217421E-03  0.16091485E-08
    2    4    0.19283881E-01  0.14467821E-08
    3    4   -0.31280170E-02  0.18966333E-08
    4    4   -0.18053363E-01 -0.16396065E-08
    5    4    0.16202162E-01 -0.35453596E-09
    6    4   -0.23640164E-01  0.21750870E-08
    7    4    0.16202167E-01  0.14134416E-08
    8    4   -0.23731851E-01  0.48958953E-08
    1    5    0.17314629E-01 -0.52392856E-09
    2    5   -0.92792756E-02 -0.34677825E-10
    3    5   -0.17361547E-01 -0.86097376E-09
    4    5   -0.17361545E-01 -0.24898999E-08
    5    5    0.13745624E-02  0.77830380E-09
    6    5   -0.37254891E-02 -0.56459136E-08
    7    5    0.35816429E-01 -0.23156941E-09
    8    5    0.35816435E-01 -0.16769450E-08
    1    6    0.16431323E-02  0.35087982E-08
    2    6    0.37837618E-01 -0.89085694E-09
    3    6   -0.20074037E-01 -0.19289746E-08
    4    6   -0.20074040E-01 -0.29834792E-08
    5    6   -0.45267894E-01  0.21517931E-08
    6    6   -0.51082892E-02 -0.55528193E-08
    7    6    0.53549964E-01 -0.13618249E-08
    8    6    0.53549969E-01 -0.61925814E-09
    1    7    0.10793465E-03  0.20880710E-08
    2    7   -0.10637127E-01 -0.12992942E-08
    3    7    0.20736065E-01  0.21301487E-08
    4    7    0.64728223E-02  0.30757066E-11
    5    7    0.10454540E-02 -0.19459195E-09
    6    7    0.14731033E-01  0.57756023E-08
    7    7   -0.24726270E-01  0.33608908E-08
    8    7   -0.11628881E-01 -0.56885888E-09
    1    8    0.10793326E-03  0.80677023E-09
    2    8   -0.10637127E-01 -0.18313955E-08
    3    8    0.64728201E-02  0.21062384E-08
    4    8    0.20736066E-01 -0.93601833E-09
    5    8    0.10454546E-02  0.29693358E-08
    6    8    0.14731036E-01  0.22190760E-08
    7    8   -0.11628884E-01  0.21069575E-08
    8    8   -0.24726270E-01 -0.43006319E-08

    1    1   -3
    1    1    0.66173823E-01  0.32970201E-08
    2    1   -0.12788707E-01 -0.14009889E-08
    3    1   -0.12788705E-01 -0.10319381E-08
    4    1   -0.12788704E-01  0.41178512E-08
    5    1    0.44999231E-01 -0.16922349E-09
    6    1   -0.24315260E-01  0.13706342E-08
    7    1   -0.24315249E-01  0.62585139E-08
    8    1   -0.24315259E-01 -0.24969361E-08
    1    2   -0.12788707E-01 -0.25755009E-08
    2    2    0.66173821E-01  0.66794972E-08
    3    2   -0.12788708E-01 -0.36076081E-08
    4    2   -0.12788708E-01 -0.50689595E-09
    5    2   -0.23640157E-01 -0.19592388E-08
    6    2   -0.23731851E-01 -0.54093108E-08
    7    2    0.16202159E-01  0.28767418E-08
    8    2    0.16202160E-01 -0.26984924E-08
    1    3   -0.12788705E-01 -0.45003659E-09
    2    3   -0.12788711E-01 -0.30602060E-08
    3    3    0.66173825E-01  0.48066754E-08
    4    3   -0.12788707E-01  0.33457555E-09
    5    3   -0.23640157E-01 -0.20738785E-08
    6    3    0.16202165E-01  0.10980587E-07
    7    3   -0.23731859E-01 -0.34576835E-08
    8    3    0.16202160E-01  0.15074704E-08
    1    4   -0.12788706E-01 -0.18744734E-08
    2    4   -0.12788709E-01  0.37739757E-08
    3    4   -0.12788706E-01 -0.30488678E-08
    4    4    0.66173822E-01 -0.21181622E-09
    5    4   -0.23640162E-01 -0.94476784E-09
    6    4    0.16202161E-01 -0.25637780E-08
    7    4    0.16202158E-01  0.42642739E-08
    8    4   -0.23731851E-01  0.21930531E-09
    1    5    0.31809962E-01  0.30362470E-08
    2    5   -0.37384090E-01 -0.30801009E-08
    3    5   -0.37384096E-01 -0.89441307E-09
    4    5   -0.37384093E-01  0.84138097E-09
    5    5    0.76965819E-01  0.25935886E-08
    6    5   -0.14260032E-01 -0.21105169E-08
    7    5   -0.14260024E-01 -0.24706640E-08
    8    5   -0.14260026E-01  0.13483672E-08
    1    6    0.67311302E-02  0.30156726E-08
    2    6   -0.40337626E-02 -0.28964600E-08
    3    6   -0.70471190E-02  0.61204356E-09
    4    6   -0.70471210E-02 -0.77621735E-10
    5    6   -0.14260031E-01  0.20082845E-08
    6    6    0.76965828E-01  0.72761923E-08
    7    6   -0.14260035E-01  0.48264654E-08
    8    6   -0.14260034E-01  0.31354993E-08
    1    7    0.67311280E-02 -0.22845474E-08
    2    7   -0.70471222E-02  0.29519668E-08
    3    7   -0.40337610E-02 -0.23571774E-08
    4    7   -0.70471219E-02  0.11643197E-08
    5    7   -0.14260027E-01 -0.34337315E-08
    6    7   -0.14260035E-01 -0.42936850E-08
    7    7    0.76965822E-01  0.75185052E-08
    8    7   -0.14260030E-01 -0.23166700E-08
    1    8    0.67311241E-02 -0.44045755E-08
    2    8   -0.70471220E-02  0.44436086E-09
    3    8   -0.70471177E-02 -0.83076843E-09
    4    8   -0.40337608E-02  0.37156853E-08
    5    8   -0.14260028E-01 -0.52760062E-08
    6    8   -0.14260034E-01 -0.40643553E-08
    7    8   -0.14260028E-01 -0.26316406E-08
    8    8    0.76965821E-01 -0.21744235E-08

    1    1   -2
    1    1   -0.18053366E-01  0.16119160E-08
    2    1   -0.16217315E-03  0.22152003E-08
    3    1    0.19283883E-01 -0.15005806E-08
    4    1   -0.31280238E-02 -0.26437696E-08
    5    1   -0.20478221E-01  0.41883620E-08
    6    1    0.25253694E-01 -0.23126729E-08
    7    1    0.20173477E-01  0.97268675E-09
    8    1   -0.23052517E-01  0.34367651E-08
    1    2    0.45258329E-01 -0.28833760E-08
    2    2    0.12334864E-02  0.13371842E-08
    3    2   -0.36753905E-01  0.34291777E-08
    4    2    0.45258326E-01 -0.44617653E-08
    5    2    0.87305046E-02 -0.30329503E-08
    6    2   -0.18955232E-01 -0.56821748E-08
    7    2    0.87305066E-02 -0.31037397E-08
    8    2   -0.27366974E-01  0.71385957E-09
    1    3    0.29529856E-01  0.49446839E-08
    2    3   -0.24789829E-01  0.23398745E-09
    3    3   -0.21071012E-01 -0.19993680E-08
    4    3    0.29529858E-01  0.38258380E-08
    5    3    0.20173475E-01  0.12002556E-08
    6    3    0.25253690E-01  0.22910892E-08
    7    3   -0.20478217E-01  0.55629656E-08
    8    3   -0.23052516E-01 -0.30049079E-08
    1    4   -0.31280235E-02 -0.14106784E-08
    2    4   -0.16217214E-03 -0.44316607E-08
    3    4    0.19283882E-01  0.34953038E-08
    4    4   -0.18053366E-01  0.58240712E-09
    5    4   -0.13809288E-01 -0.90777946E-09
    6    4   -0.50768286E-02 -0.52067330E-10
    7    4   -0.13809292E-01 -0.56824127E-08
    8    4    0.52128713E-01 -0.32100611E-09
    1    5   -0.97492744E-01 -0.38646349E-08
    2    5    0.23042220E-01  0.50066758E-08
    3    5    0.44831341E-01 -0.51702179E-08
    4    5   -0.44583217E-01 -0.21329848E-08
    5    5   -0.24726271E-01  0.33932632E-08
    6    5    0.10454562E-02  0.83179731E-09
    7    5    0.14731031E-01  0.53516346E-08
    8    5   -0.11628887E-01  0.38689008E-08
    1    6    0.23042225E-01 -0.18902586E-08
    2    6   -0.97492739E-01  0.67011528E-08
    3    6    0.44831349E-01 -0.24407807E-08
    4    6   -0.44583231E-01  0.38019837E-08
    5    6    0.35816430E-01 -0.17222812E-08
    6    6    0.13745576E-02 -0.24997768E-08
    7    6   -0.37254883E-02  0.48229120E-08
    8    6    0.35816430E-01 -0.29855222E-08
    1    7   -0.95237799E-03 -0.32212594E-08
    2    7   -0.95236089E-03  0.22062823E-08
    3    7    0.96739184E-01  0.58360367E-08
    4    7   -0.25561625E+00 -0.57032032E-08
    5    7    0.53549968E-01 -0.78882350E-08
    6    7   -0.45267891E-01 -0.71043376E-08
    7    7   -0.51082849E-02 -0.53791692E-08
    8    7    0.53549973E-01  0.44437102E-08
    1    8    0.10523918E+00  0.18475828E-09
    2    8    0.10523919E+00 -0.51259414E-09
    3    8   -0.97202977E-01 -0.31758165E-08
    4    8    0.68963746E-01  0.67369687E-08
    5    8   -0.11628883E-01 -0.18101014E-08
    6    8    0.10454491E-02  0.27942982E-08
    7    8    0.14731031E-01  0.59425184E-10
    8    8   -0.24726264E-01 -0.30836370E-08

    1    1   -1
    1    1    0.15101161E-01  0.22928837E-08
    2    1   -0.10234073E-01  0.10887860E-08
    3    1   -0.10234073E-01  0.96375653E-09
    4    1   -0.20485263E-01 -0.45531948E-09
    5    1    0.37837618E-01  0.36832137E-09
    6    1   -0.10637127E-01 -0.18640193E-09
    7    1   -0.10637117E-01 -0.12757916E-09
    8    1   -0.92792722E-02  0.50016657E-08
    1    2    0.23175985E-01  0.26438770E-08
    2    2    0.15101158E-01  0.23760897E-09
    3    2   -0.20485263E-01 -0.41415347E-08
    4    2    0.23175981E-01 -0.47900225E-10
    5    2   -0.20074038E-01  0.20696509E-08
    6    2    0.20736067E-01  0.39268297E-08
    7    2    0.64728216E-02 -0.28837886E-09
    8    2   -0.17361546E-01 -0.40199674E-08
    1    3    0.23175988E-01 -0.16189654E-08
    2    3   -0.20485263E-01  0.27057068E-08
    3    3    0.15101160E-01  0.43902547E-09
    4    3    0.23175984E-01 -0.75902327E-08
    5    3   -0.20074041E-01  0.38512923E-09
    6    3    0.64728232E-02 -0.52383862E-08
    7    3    0.20736065E-01  0.32938658E-10
    8    3   -0.17361547E-01  0.11399614E-08
    1    4   -0.20485266E-01 -0.32077476E-08
    2    4   -0.10234073E-01 -0.51913396E-09
    3    4   -0.10234072E-01 -0.19465121E-08
    4    4    0.15101164E-01  0.32061289E-08
    5    4    0.16431325E-02 -0.44078424E-09
    6    4    0.10792987E-03 -0.59415515E-09
    7    4    0.10792790E-03  0.42502601E-08
    8    4    0.17314627E-01 -0.36711620E-08
    1    5    0.84403686E-01  0.48769539E-08
    2    5    0.38261478E-02  0.21715254E-08
    3    5    0.38261492E-02  0.35371586E-08
    4    5   -0.14246857E-01 -0.23831285E-08
    5    5    0.39810805E-02 -0.98687494E-09
    6    5   -0.87883176E-02 -0.17171886E-08
    7    5   -0.87883128E-02 -0.32426282E-08
    8    5   -0.72421597E-02  0.10219417E-07
    1    6   -0.65115430E-01  0.33477744E-08
    2    6   -0.28993392E-02  0.16861680E-08
    3    6    0.66282015E-02 -0.64577248E-08
    4    6    0.35249306E-02  0.29762425E-09
    5    6    0.14609722E-01  0.48474136E-08
    6    6    0.39810814E-02 -0.70574648E-08
    7    6   -0.72421650E-02  0.61498147E-08
    8    6    0.14609720E-01  0.35268924E-08
    1    7   -0.65115422E-01  0.88936370E-09
    2    7    0.66282053E-02  0.34825662E-08
    3    7   -0.28993410E-02 -0.62984833E-08
    4    7    0.35249244E-02  0.31342170E-08
    5    7    0.14609726E-01  0.72005963E-09
    6    7   -0.72421665E-02 -0.17476690E-08
    7    7    0.39810821E-02  0.71517347E-08
    8    7    0.14609724E-01 -0.54243748E-08
    1    8   -0.66583036E-01 -0.43401173E-08
    2    8    0.50212219E-02 -0.11300011E-09
    3    8    0.50212234E-02  0.44932925E-08
    4    8    0.92997729E-02 -0.32135095E-08
    5    8   -0.72421617E-02 -0.28423366E-08
    6    8   -0.87883160E-02 -0.24339627E-08
    7    8   -0.87883175E-02 -0.74605303E-09
    8    8    0.39810792E-02 -0.10564391E-08

    1    1    0
    1    1   -0.18053370E-01 -0.73902382E-09
    2    1    0.19283888E-01  0.11142389E-08
    3    1   -0.16217422E-03 -0.20178961E-08
    4    1   -0.31280198E-02  0.54146063E-09
    5    1   -0.20478224E-01  0.32098440E-08
    6    1    0.20173484E-01  0.40713476E-08
    7    1    0.25253689E-01  0.14963522E-08
    8    1   -0.23052520E-01 -0.34735499E-10
    1    2    0.29529856E-01 -0.34325199E-09
    2    2   -0.21071013E-01 -0.31160291E-08
    3    2   -0.24789827E-01  0.67233774E-08
    4    2    0.29529855E-01  0.30279534E-09
    5    2    0.20173473E-01 -0.25042733E-08
    6    2   -0.20478224E-01 -0.11777099E-08
    7    2    0.25253692E-01 -0.39773196E-08
    8    2   -0.23052514E-01 -0.85874777E-09
    1    3    0.45258326E-01  0.42289089E-08
    2    3   -0.36753899E-01 -0.10983957E-08
    3    3    0.12334833E-02 -0.34738243E-08
    4    3    0.45258322E-01  0.54761202E-09
    5    3    0.87305049E-02  0.25924114E-08
    6    3    0.87305020E-02  0.13742224E-08
    7    3   -0.18955229E-01 -0.12761624E-08
    8    3   -0.27366980E-01  0.22107303E-09
    1    4   -0.31280212E-02  0.19783157E-09
    2    4    0.19283885E-01  0.29050715E-08
    3    4   -0.16217370E-03 -0.55853826E-09
    4    4   -0.18053367E-01 -0.52417065E-08
    5    4   -0.13809288E-01 -0.24316026E-08
    6    4   -0.13809291E-01 -0.55972307E-08
    7    4   -0.50768292E-02  0.12256277E-09
    8    4    0.52128718E-01  0.14673211E-08
    1    5   -0.97492744E-01 -0.32678922E-08
    2    5    0.44831339E-01  0.22891738E-09
    3    5    0.23042229E-01 -0.12663268E-08
    4    5   -0.44583220E-01  0.14211006E-08
    5    5   -0.24726271E-01  0.17221226E-08
    6    5    0.14731040E-01  0.69521943E-08
    7    5    0.10454495E-02  0.33081953E-08
    8    5   -0.11628886E-01  0.65864764E-09
    1    6   -0.95236225E-03 -0.46406019E-09
    2    6    0.96739185E-01  0.11488369E-08
    3    6   -0.95236799E-03 -0.89024598E-08
    4    6   -0.25561625E+00  0.82311331E-08
    5    6    0.53549977E-01 -0.13443027E-08
    6    6   -0.51082966E-02 -0.38828767E-08
    7    6   -0.45267885E-01  0.17076383E-08
    8    6    0.53549973E-01  0.45193882E-09
    1    7    0.23042219E-01 -0.45913026E-08
    2    7    0.44831347E-01  0.50733706E-09
    3    7   -0.97492744E-01  0.22339067E-08
    4    7   -0.44583228E-01 -0.30026433E-08
    5    7    0.35816428E-01 -0.33182525E-08
    6    7   -0.37254872E-02 -0.39283997E-08
    7    7    0.13745620E-02 -0.40036230E-08
    8    7    0.35816429E-01  0.24985634E-08
    1    8    0.10523918E+00 -0.39601815E-08
    2    8   -0.97202973E-01  0.15854035E-08
    3    8    0.10523918E+00 -0.38255730E-08
    4    8    0.68963752E-01 -0.45777527E-09
    5    8   -0.11628888E-01  0.23525679E-08
    6    8    0.14731034E-01  0.19407055E-08
    7    8    0.10454513E-02  0.38524014E-09
    8    8   -0.24726266E-01 -0.28551384E-08

    1    1    1
    1    1    0.66173823E-01  0.32970201E-08
    2    1   -0.12788707E-01 -0.14009890E-08
    3    1   -0.12788705E-01 -0.10319382E-08
    4    1   -0.12788704E-01  0.41178512E-08
    5    1    0.44999231E-01 -0.16922348E-09
    6    1   -0.24315260E-01  0.13706342E-08
    7    1   -0.24315249E-01  0.62585139E-08
    8    1   -0.24315259E-01 -0.24969361E-08
    1    2   -0.12788707E-01 -0.25755009E-08
    2    2    0.66173821E-01  0.66794972E-08
    3    2   -0.12788708E-01 -0.36076081E-08
    4    2   -0.12788708E-01 -0.50689597E-09
    5    2   -0.23640157E-01 -0.19592389E-08
    6    2   -0.23731851E-01 -0.54093108E-08
    7    2    0.16202159E-01  0.28767418E-08
    8    2    0.16202160E-01 -0.26984924E-08
    1    3   -0.12788705E-01 -0.45003660E-09
    2    3   -0.12788711E-01 -0.30602060E-08
    3    3    0.66173825E-01  0.48066754E-08
    4    3   -0.12788707E-01  0.33457553E-09
    5    3   -0.23640157E-01 -0.20738785E-08
    6    3    0.16202165E-01  0.10980587E-07
    7    3   -0.23731859E-01 -0.34576835E-08
    8    3    0.16202160E-01  0.15074704E-08
    1    4   -0.12788706E-01 -0.18744734E-08
    2    4   -0.12788709E-01  0.37739757E-08
    3    4   -0.12788706E-01 -0.30488678E-08
    4    4    0.66173822E-01 -0.21181618E-09
    5    4   -0.23640162E-01 -0.94476784E-09
    6    4    0.16202161E-01 -0.25637780E-08
    7    4    0.16202158E-01  0.42642739E-08
    8    4   -0.23731851E-01  0.21930531E-09
    1    5    0.31809962E-01  0.30362470E-08
    2    5   -0.37384090E-01 -0.30801009E-08
    3    5   -0.37384096E-01 -0.89441310E-09
    4    5   -0.37384093E-01  0.84138096E-09
    5    5    0.76965819E-01  0.25935886E-08
    6    5   -0.14260032E-01 -0.21105169E-08
    7    5   -0.14260024E-01 -0.24706640E-08
    8    5   -0.14260026E-01  0.13483672E-08
    1    6    0.67311302E-02  0.30156725E-08
    2    6   -0.40337626E-02 -0.28964600E-08
    3    6   -0.70471190E-02  0.61204361E-09
    4    6   -0.70471210E-02 -0.77621671E-10
    5    6   -0.14260031E-01  0.20082845E-08
    6    6    0.76965828E-01  0.72761924E-08
    7    6   -0.14260035E-01  0.48264654E-08
    8    6   -0.14260034E-01  0.31354993E-08
    1    7    0.67311280E-02 -0.22845474E-08
    2    7   -0.70471222E-02  0.29519669E-08
    3    7   -0.40337610E-02 -0.23571774E-08
    4    7   -0.70471219E-02  0.11643197E-08
    5    7   -0.14260027E-01 -0.34337315E-08
    6    7   -0.14260035E-01 -0.42936850E-08
    7    7    0.76965822E-01  0.75185053E-08
    8    7   -0.14260030E-01 -0.23166700E-08
    1    8    0.67311241E-02 -0.44045756E-08
    2    8   -0.70471220E-02  0.44436084E-09
    3    8   -0.70471177E-02 -0.83076843E-09
    4    8   -0.40337608E-02  0.37156853E-08
    5    8   -0.14260028E-01 -0.52760062E-08
    6    8   -0.14260034E-01 -0.40643553E-08
    7    8   -0.14260028E-01 -0.26316407E-08
    8    8    0.76965821E-01 -0.21744234E-08

    1    2   -2
    1    1   -0.36990362E-02 -0.60776184E-09
    2    1    0.41504682E-02  0.12906025E-08
    3    1   -0.18888272E-01  0.21355275E-08
    4    1    0.70221603E-02 -0.11290238E-08
    5    1    0.20736069E-01 -0.41407784E-08
    6    1    0.64728231E-02  0.35765248E-08
    7    1   -0.20074043E-01 -0.78234241E-09
    8    1   -0.17361548E-01  0.35438430E-10
    1    2    0.70221599E-02 -0.24768004E-10
    2    2   -0.21346940E-01 -0.38683837E-09
    3    2    0.70221625E-02  0.28097291E-08
    4    2    0.14734879E-01  0.28628518E-08
    5    2    0.64728196E-02 -0.83006379E-09
    6    2    0.20736070E-01  0.25003151E-08
    7    2   -0.20074037E-01 -0.19834675E-08
    8    2   -0.17361544E-01 -0.31765026E-08
    1    3   -0.18888269E-01 -0.21097718E-08
    2    3    0.41504697E-02  0.86763046E-09
    3    3   -0.36990352E-02 -0.23446384E-08
    4    3    0.70221595E-02  0.15367106E-08
    5    3   -0.10637124E-01 -0.11341367E-08
    6    3   -0.10637128E-01 -0.95990727E-09
    7    3    0.37837620E-01  0.25157204E-08
    8    3   -0.92792687E-02  0.50410041E-09
    1    4    0.41504711E-02 -0.36957165E-09
    2    4   -0.13866774E-03  0.48006130E-09
    3    4    0.41504709E-02  0.79022431E-09
    4    4   -0.21346939E-01 -0.24630789E-08
    5    4    0.10793170E-03  0.36570687E-08
    6    4    0.10793478E-03  0.23576348E-08
    7    4    0.16431330E-02 -0.21196977E-08
    8    4    0.17314624E-01 -0.52161512E-10
    1    5    0.20736065E-01  0.67225335E-09
    2    5    0.10793034E-03 -0.29989253E-09
    3    5   -0.10637126E-01 -0.96528120E-09
    4    5    0.64728211E-02 -0.98514936E-09
    5    5    0.28526631E-02 -0.10792232E-08
    6    5   -0.15692631E-02 -0.13259990E-08
    7    5   -0.14244330E-01 -0.55100030E-09
    8    5    0.11044799E-01 -0.40484477E-09
    1    6   -0.17361544E-01 -0.49995155E-08
    2    6    0.17314624E-01 -0.96239341E-09
    3    6   -0.92792697E-02  0.31528758E-08
    4    6   -0.17361544E-01  0.12082196E-08
    5    6    0.11044797E-01 -0.28219926E-08
    6    6   -0.29279924E-01  0.37032698E-08
    7    6    0.11044799E-01 -0.10887908E-08
    8    6    0.82451191E-02 -0.14859957E-08
    1    7   -0.20074038E-01  0.14467809E-08
    2    7    0.16431344E-02 -0.26352894E-08
    3    7    0.37837620E-01  0.55826523E-08
    4    7   -0.20074041E-01 -0.29904719E-08
    5    7   -0.14244329E-01  0.14144834E-08
    6    7   -0.15692568E-02  0.76901041E-10
    7    7    0.28526551E-02 -0.24113342E-08
    8    7    0.11044803E-01 -0.40767351E-09
    1    8    0.64728239E-02 -0.12422869E-08
    2    8    0.10793161E-03  0.39577905E-09
    3    8   -0.10637125E-01 -0.20624777E-08
    4    8    0.20736065E-01  0.90341224E-09
    5    8   -0.15692607E-02  0.26496986E-08
    6    8    0.81920934E-02 -0.19197666E-08
    7    8   -0.15692548E-02  0.18854509E-08
    8    8   -0.29279927E-01 -0.40124337E-09

    1    2   -1
    1    1   -0.36990303E-02 -0.68799168E-09
    2    1   -0.18888274E-01  0.45861459E-09
    3    1    0.41504701E-02  0.72902348E-09
    4    1    0.70221597E-02  0.39689916E-09
    5    1    0.20736067E-01 -0.12920517E-08
    6    1   -0.20074041E-01 -0.32015459E-08
    7    1    0.64728255E-02 -0.56035958E-09
    8    1   -0.17361539E-01 -0.15206834E-08
    1    2   -0.18888274E-01 -0.73213810E-09
    2    2   -0.36990319E-02  0.34303641E-08
    3    2    0.41504691E-02 -0.46025705E-08
    4    2    0.70221623E-02 -0.18131427E-09
    5    2   -0.10637125E-01  0.40405559E-08
    6    2    0.37837619E-01 -0.42171474E-08
    7    2   -0.10637128E-01  0.17410645E-08
    8    2   -0.92792753E-02  0.18836068E-08
    1    3    0.70221600E-02  0.22885744E-08
    2    3    0.70221598E-02 -0.15595210E-08
    3    3   -0.21346940E-01  0.41443251E-08
    4    3    0.14734882E-01  0.18577877E-09
    5    3    0.64728215E-02 -0.31735901E-08
    6    3   -0.20074040E-01  0.30926610E-08
    7    3    0.20736066E-01 -0.37957776E-08
    8    3   -0.17361543E-01  0.37788833E-08
    1    4    0.41504744E-02  0.56137089E-09
    2    4    0.41504695E-02 -0.32688994E-08
    3    4   -0.13866823E-03 -0.41633659E-09
    4    4   -0.21346942E-01  0.20122238E-09
    5    4    0.10793288E-03  0.26776027E-08
    6    4    0.16431336E-02  0.32397980E-08
    7    4    0.10793431E-03  0.40809045E-08
    8    4    0.17314623E-01 -0.30181366E-08
    1    5    0.20736066E-01 -0.28956752E-08
    2    5   -0.10637122E-01 -0.17670765E-09
    3    5    0.10793100E-03  0.27447679E-08
    4    5    0.64728195E-02 -0.12171181E-08
    5    5    0.28526586E-02 -0.34117799E-08
    6    5   -0.14244330E-01 -0.15183550E-08
    7    5   -0.15692594E-02 -0.21002157E-08
    8    5    0.11044803E-01 -0.35475305E-08
    1    6   -0.20074042E-01  0.43411067E-08
    2    6    0.37837617E-01 -0.49313669E-08
    3    6    0.16431358E-02  0.43372772E-08
    4    6   -0.20074041E-01 -0.66256096E-09
    5    6   -0.14244329E-01  0.14817594E-08
    6    6    0.28526639E-02  0.58488944E-08
    7    6   -0.15692640E-02 -0.32275306E-08
    8    6    0.11044804E-01 -0.36480975E-08
    1    7   -0.17361541E-01  0.17779434E-08
    2    7   -0.92792761E-02  0.75683332E-09
    3    7    0.17314626E-01 -0.13080033E-08
    4    7   -0.17361545E-01  0.11380504E-08
    5    7    0.11044803E-01  0.21351526E-08
    6    7    0.11044796E-01  0.56138702E-09
    7    7   -0.29279923E-01  0.27212076E-08
    8    7    0.82451162E-02  0.74776250E-09
    1    8    0.64728243E-02  0.27438488E-08
    2    8   -0.10637125E-01 -0.40224839E-08
    3    8    0.10793097E-03 -0.12445167E-08
    4    8    0.20736065E-01  0.18073220E-08
    5    8   -0.15692616E-02  0.48217693E-08
    6    8   -0.15692622E-02  0.11107965E-08
    7    8    0.81920924E-02 -0.43551969E-08
    8    8   -0.29279926E-01  0.66526839E-09

    2   -2   -2
    1    1    0.19796810E-01 -0.16548986E-16
    2    1   -0.83385966E-02  0.14605447E-08
    3    1   -0.83385978E-02 -0.22981736E-08
    4    1   -0.83385985E-02 -0.68483102E-08
    5    1    0.21334724E-01  0.26698182E-08
    6    1   -0.18153178E-02 -0.76754280E-09
    7    1   -0.18153132E-02 -0.28177480E-08
    8    1   -0.18153159E-02 -0.12298996E-08
    1    2   -0.83385966E-02 -0.14605447E-08
    2    2    0.19796804E-01  0.24609827E-16
    3    2   -0.83385969E-02 -0.71560016E-08
    4    2   -0.83385968E-02 -0.60977049E-08
    5    2   -0.72245539E-02 -0.75110115E-08
    6    2   -0.54258633E-02  0.34324780E-08
    7    2    0.10722790E-01 -0.12067411E-08
    8    2    0.10722792E-01 -0.24738369E-08
    1    3   -0.83385978E-02  0.22981736E-08
    2    3   -0.83385969E-02  0.71560016E-08
    3    3    0.19796807E-01  0.63742664E-17
    4    3   -0.83385982E-02 -0.30925048E-08
    5    3   -0.72245538E-02  0.21873098E-08
    6    3    0.10722792E-01 -0.21049962E-08
    7    3   -0.54258635E-02  0.29465473E-08
    8    3    0.10722790E-01 -0.79360494E-09
    1    4   -0.83385985E-02  0.68483102E-08
    2    4   -0.83385968E-02  0.60977050E-08
    3    4   -0.83385982E-02  0.30925048E-08
    4    4    0.19796810E-01 -0.11406943E-16
    5    4   -0.72245569E-02  0.58605946E-10
    6    4    0.10722794E-01 -0.91961499E-09
    7    4    0.10722789E-01 -0.14928551E-08
    8    4   -0.54258602E-02  0.78523140E-08
    1    5    0.21334724E-01 -0.26698182E-08
    2    5   -0.72245539E-02  0.75110115E-08
    3    5   -0.72245538E-02 -0.21873098E-08
    4    5   -0.72245569E-02 -0.58605962E-10
    5    5    0.18964293E-01 -0.73889786E-17
    6    5   -0.89361903E-02  0.82523436E-08
    7    5   -0.89361884E-02 -0.56987203E-09
    8    5   -0.89361917E-02  0.41211879E-08
    1    6   -0.18153178E-02  0.76754281E-09
    2    6   -0.54258633E-02 -0.34324780E-08
    3    6    0.10722792E-01  0.21049962E-08
    4    6    0.10722794E-01  0.91961498E-09
    5    6   -0.89361903E-02 -0.82523436E-08
    6    6    0.18964290E-01 -0.19733213E-16
    7    6   -0.89361887E-02 -0.56969487E-08
    8    6   -0.89361922E-02 -0.24635404E-08
    1    7   -0.18153132E-02  0.28177480E-08
    2    7    0.10722790E-01  0.12067411E-08
    3    7   -0.54258635E-02 -0.29465474E-08
    4    7    0.10722789E-01  0.14928551E-08
    5    7   -0.89361884E-02  0.56987206E-09
    6    7   -0.89361887E-02  0.56969487E-08
    7    7    0.18964290E-01  0.29818834E-17
    8    7   -0.89361905E-02  0.31234932E-08
    1    8   -0.18153159E-02  0.12298996E-08
    2    8    0.10722792E-01  0.24738369E-08
    3    8    0.10722790E-01  0.79360491E-09
    4    8   -0.54258602E-02 -0.78523140E-08
    5    8   -0.89361917E-02 -0.41211879E-08
    6    8   -0.89361922E-02  0.24635404E-08
    7    8   -0.89361905E-02 -0.31234932E-08
    8    8    0.18964291E-01 -0.20415544E-16

    2   -2   -1
    1    1   -0.36990308E-02  0.50560736E-09
    2    1    0.70221610E-02  0.17980235E-08
    3    1    0.41504690E-02 -0.20092320E-08
    4    1   -0.18888274E-01  0.13424347E-08
    5    1    0.20736068E-01  0.37882622E-10
    6    1   -0.17361540E-01  0.37584846E-08
    7    1    0.64728223E-02  0.54520116E-08
    8    1   -0.20074044E-01 -0.13798665E-08
    1    2    0.41504706E-02  0.37983761E-09
    2    2   -0.21346939E-01 -0.19920218E-08
    3    2   -0.13866660E-03  0.11012404E-08
    4    2    0.41504725E-02 -0.12775087E-08
    5    2    0.10792500E-03 -0.10933934E-08
    6    2    0.17314626E-01 -0.20826911E-09
    7    2    0.10793192E-03 -0.13104834E-08
    8    2    0.16431368E-02 -0.16167315E-08
    1    3    0.70221593E-02  0.15295785E-08
    2    3    0.14734882E-01 -0.35662005E-09
    3    3   -0.21346940E-01 -0.24524365E-08
    4    3    0.70221614E-02  0.15040275E-08
    5    3    0.64728187E-02  0.24541761E-08
    6    3   -0.17361544E-01  0.13068435E-08
    7    3    0.20736065E-01  0.16710674E-08
    8    3   -0.20074040E-01 -0.43415579E-09
    1    4   -0.18888273E-01  0.44552311E-09
    2    4    0.70221641E-02  0.28670653E-08
    3    4    0.41504707E-02 -0.42213404E-08
    4    4   -0.36990345E-02 -0.39559681E-09
    5    4   -0.10637124E-01  0.30564812E-08
    6    4   -0.92792739E-02 -0.72523618E-08
    7    4   -0.10637126E-01 -0.93148850E-09
    8    4    0.37837623E-01  0.23168960E-08
    1    5    0.20736069E-01 -0.16613058E-08
    2    5    0.64728203E-02 -0.11105448E-08
    3    5    0.10792649E-03  0.15193654E-08
    4    5   -0.10637126E-01  0.23072013E-08
    5    5    0.28526661E-02 -0.32467135E-08
    6    5    0.11044796E-01  0.42210902E-08
    7    5   -0.15692576E-02  0.28843976E-08
    8    5   -0.14244334E-01 -0.12851684E-08
    1    6    0.64728260E-02 -0.30431459E-08
    2    6    0.20736067E-01  0.42565436E-08
    3    6    0.10792884E-03 -0.50486723E-08
    4    6   -0.10637131E-01  0.18947134E-08
    5    6   -0.15692569E-02  0.44685560E-09
    6    6   -0.29279927E-01 -0.51911474E-08
    7    6    0.81920939E-02  0.51112249E-09
    8    6   -0.15692587E-02  0.36861500E-08
    1    7   -0.17361541E-01 -0.23836822E-08
    2    7   -0.17361541E-01  0.16589129E-08
    3    7    0.17314625E-01 -0.78266710E-09
    4    7   -0.92792739E-02  0.16085597E-08
    5    7    0.11044800E-01 -0.24309411E-08
    6    7    0.82451174E-02 -0.69873229E-09
    7    7   -0.29279921E-01  0.29308719E-08
    8    7    0.11044796E-01 -0.88721874E-09
    1    8   -0.20074044E-01 -0.13871233E-08
    2    8   -0.20074038E-01  0.76874379E-09
    3    8    0.16431387E-02  0.11236979E-08
    4    8    0.37837618E-01 -0.17753060E-08
    5    8   -0.14244334E-01 -0.10153553E-09
    6    8    0.11044801E-01 -0.26168551E-08
    7    8   -0.15692647E-02 -0.23683739E-08
    8    8    0.28526650E-02  0.34998357E-09

    2   -2    0
    1    1    0.18569534E-01 -0.17211564E-17
    2    1    0.78898149E-02  0.22894589E-09
    3    1    0.78898166E-02 -0.95019944E-09
    4    1    0.11435742E-01  0.40771572E-08
    5    1    0.68963756E-01 -0.35671821E-08
    6    1   -0.44583229E-01  0.45173830E-08
    7    1   -0.44583214E-01  0.30824022E-08
    8    1   -0.25561625E+00  0.55096140E-08
    1    2    0.78898149E-02 -0.22894590E-09
    2    2    0.22979392E-02  0.46396244E-18
    3    2   -0.10906067E+00 -0.46584913E-10
    4    2    0.78898150E-02  0.69103705E-09
    5    2    0.10523919E+00 -0.12253066E-09
    6    2   -0.97492740E-01 -0.45999661E-08
    7    2    0.23042225E-01  0.37086155E-09
    8    2   -0.95236705E-03  0.84317881E-10
    1    3    0.78898166E-02  0.95019943E-09
    2    3   -0.10906067E+00  0.46584913E-10
    3    3    0.22979456E-02  0.14064982E-16
    4    3    0.78898188E-02  0.77716053E-09
    5    3    0.10523919E+00  0.26882441E-09
    6    3    0.23042225E-01  0.88585432E-09
    7    3   -0.97492735E-01  0.23539407E-09
    8    3   -0.95237447E-03 -0.42939839E-08
    1    4    0.11435742E-01 -0.40771572E-08
    2    4    0.78898150E-02 -0.69103704E-09
    3    4    0.78898188E-02 -0.77716053E-09
    4    4    0.18569531E-01  0.33330623E-17
    5    4   -0.97202984E-01  0.48211456E-10
    6    4    0.44831346E-01 -0.19273327E-08
    7    4    0.44831333E-01 -0.64852889E-09
    8    4    0.96739185E-01 -0.93283266E-09
    1    5    0.68963756E-01  0.35671821E-08
    2    5    0.10523919E+00  0.12253067E-09
    3    5    0.10523919E+00 -0.26882442E-09
    4    5   -0.97202984E-01 -0.48211463E-10
    5    5   -0.68937599E-01  0.18532215E-17
    6    5   -0.22176204E-03  0.49076879E-09
    7    5   -0.22176254E-03  0.24320535E-08
    8    5   -0.35877300E-01  0.37576358E-08
    1    6   -0.44583229E-01 -0.45173830E-08
    2    6   -0.97492740E-01  0.45999661E-08
    3    6    0.23042225E-01 -0.88585428E-09
    4    6    0.44831346E-01  0.19273326E-08
    5    6   -0.22176204E-03 -0.49076879E-09
    6    6    0.83420587E-01  0.11661315E-16
    7    6   -0.40569531E-01  0.60044948E-08
    8    6   -0.22176824E-03  0.88552209E-09
    1    7   -0.44583214E-01 -0.30824022E-08
    2    7    0.23042225E-01 -0.37086157E-09
    3    7   -0.97492735E-01 -0.23539409E-09
    4    7    0.44831333E-01  0.64852890E-09
    5    7   -0.22176254E-03 -0.24320535E-08
    6    7   -0.40569531E-01 -0.60044948E-08
    7    7    0.83420578E-01  0.18355205E-16
    8    7   -0.22175375E-03  0.10142286E-07
    1    8   -0.25561625E+00 -0.55096140E-08
    2    8   -0.95236705E-03 -0.84317909E-10
    3    8   -0.95237447E-03  0.42939840E-08
    4    8    0.96739185E-01  0.93283267E-09
    5    8   -0.35877300E-01 -0.37576358E-08
    6    8   -0.22176824E-03 -0.88552208E-09
    7    8   -0.22175375E-03 -0.10142286E-07
    8    8   -0.68937595E-01  0.18565354E-16

    2   -2    1
    1    1   -0.36990308E-02 -0.50560733E-09
    2    1    0.41504706E-02 -0.37983761E-09
    3    1    0.70221593E-02 -0.15295785E-08
    4    1   -0.18888273E-01 -0.44552313E-09
    5    1    0.20736069E-01  0.16613058E-08
    6    1    0.64728260E-02  0.30431459E-08
    7    1   -0.17361541E-01  0.23836822E-08
    8    1   -0.20074044E-01  0.13871233E-08
    1    2    0.70221610E-02 -0.17980235E-08
    2    2   -0.21346939E-01  0.19920218E-08
    3    2    0.14734882E-01  0.35662006E-09
    4    2    0.70221641E-02 -0.28670653E-08
    5    2    0.64728203E-02  0.11105448E-08
    6    2    0.20736067E-01 -0.42565436E-08
    7    2   -0.17361541E-01 -0.16589129E-08
    8    2   -0.20074038E-01 -0.76874379E-09
    1    3    0.41504690E-02  0.20092320E-08
    2    3   -0.13866660E-03 -0.11012404E-08
    3    3   -0.21346940E-01  0.24524366E-08
    4    3    0.41504707E-02  0.42213404E-08
    5    3    0.10792649E-03 -0.15193654E-08
    6    3    0.10792884E-03  0.50486723E-08
    7    3    0.17314625E-01  0.78266709E-09
    8    3    0.16431387E-02 -0.11236979E-08
    1    4   -0.18888274E-01 -0.13424347E-08
    2    4    0.41504725E-02  0.12775087E-08
    3    4    0.70221614E-02 -0.15040275E-08
    4    4   -0.36990345E-02  0.39559681E-09
    5    4   -0.10637126E-01 -0.23072013E-08
    6    4   -0.10637131E-01 -0.18947134E-08
    7    4   -0.92792739E-02 -0.16085597E-08
    8    4    0.37837618E-01  0.17753059E-08
    1    5    0.20736068E-01 -0.37882642E-10
    2    5    0.10792500E-03  0.10933934E-08
    3    5    0.64728187E-02 -0.24541761E-08
    4    5   -0.10637124E-01 -0.30564812E-08
    5    5    0.28526661E-02  0.32467135E-08
    6    5   -0.15692569E-02 -0.44685559E-09
    7    5    0.11044800E-01  0.24309410E-08
    8    5   -0.14244334E-01  0.10153556E-09
    1    6   -0.17361540E-01 -0.37584846E-08
    2    6    0.17314626E-01  0.20826910E-09
    3    6   -0.17361544E-01 -0.13068434E-08
    4    6   -0.92792739E-02  0.72523618E-08
    5    6    0.11044796E-01 -0.42210902E-08
    6    6   -0.29279927E-01  0.51911474E-08
    7    6    0.82451174E-02  0.69873229E-09
    8    6    0.11044801E-01  0.26168550E-08
    1    7    0.64728223E-02 -0.54520116E-08
    2    7    0.10793192E-03  0.13104835E-08
    3    7    0.20736065E-01 -0.16710674E-08
    4    7   -0.10637126E-01  0.93148848E-09
    5    7   -0.15692576E-02 -0.28843976E-08
    6    7    0.81920939E-02 -0.51112248E-09
    7    7   -0.29279921E-01 -0.29308719E-08
    8    7   -0.15692647E-02  0.23683738E-08
    1    8   -0.20074044E-01  0.13798665E-08
    2    8    0.16431368E-02  0.16167315E-08
    3    8   -0.20074040E-01  0.43415577E-09
    4    8    0.37837623E-01 -0.23168960E-08
    5    8   -0.14244334E-01  0.12851684E-08
    6    8   -0.15692587E-02 -0.36861500E-08
    7    8    0.11044796E-01  0.88721876E-09
    8    8    0.28526650E-02 -0.34998357E-09

    2   -2    2
    1    1    0.19796810E-01 -0.10643866E-16
    2    1   -0.83385966E-02  0.14605447E-08
    3    1   -0.83385978E-02 -0.22981736E-08
    4    1   -0.83385985E-02 -0.68483102E-08
    5    1    0.21334724E-01  0.26698182E-08
    6    1   -0.18153178E-02 -0.76754280E-09
    7    1   -0.18153132E-02 -0.28177480E-08
    8    1   -0.18153159E-02 -0.12298996E-08
    1    2   -0.83385966E-02 -0.14605448E-08
    2    2    0.19796804E-01  0.36830130E-16
    3    2   -0.83385969E-02 -0.71560016E-08
    4    2   -0.83385968E-02 -0.60977049E-08
    5    2   -0.72245539E-02 -0.75110116E-08
    6    2   -0.54258633E-02  0.34324780E-08
    7    2    0.10722790E-01 -0.12067411E-08
    8    2    0.10722792E-01 -0.24738369E-08
    1    3   -0.83385978E-02  0.22981736E-08
    2    3   -0.83385969E-02  0.71560016E-08
    3    3    0.19796807E-01  0.18594570E-16
    4    3   -0.83385982E-02 -0.30925048E-08
    5    3   -0.72245538E-02  0.21873098E-08
    6    3    0.10722792E-01 -0.21049962E-08
    7    3   -0.54258635E-02  0.29465473E-08
    8    3    0.10722790E-01 -0.79360493E-09
    1    4   -0.83385985E-02  0.68483102E-08
    2    4   -0.83385968E-02  0.60977050E-08
    3    4   -0.83385982E-02  0.30925048E-08
    4    4    0.19796810E-01 -0.55018226E-17
    5    4   -0.72245569E-02  0.58605948E-10
    6    4    0.10722794E-01 -0.91961500E-09
    7    4    0.10722789E-01 -0.14928551E-08
    8    4   -0.54258602E-02  0.78523140E-08
    1    5    0.21334724E-01 -0.26698182E-08
    2    5   -0.72245539E-02  0.75110115E-08
    3    5   -0.72245538E-02 -0.21873098E-08
    4    5   -0.72245569E-02 -0.58605961E-10
    5    5    0.18964293E-01  0.73221081E-17
    6    5   -0.89361903E-02  0.82523436E-08
    7    5   -0.89361884E-02 -0.56987205E-09
    8    5   -0.89361917E-02  0.41211879E-08
    1    6   -0.18153178E-02  0.76754279E-09
    2    6   -0.54258633E-02 -0.34324780E-08
    3    6    0.10722792E-01  0.21049962E-08
    4    6    0.10722794E-01  0.91961496E-09
    5    6   -0.89361903E-02 -0.82523436E-08
    6    6    0.18964290E-01 -0.15810409E-16
    7    6   -0.89361887E-02 -0.56969487E-08
    8    6   -0.89361922E-02 -0.24635404E-08
    1    7   -0.18153132E-02  0.28177480E-08
    2    7    0.10722790E-01  0.12067411E-08
    3    7   -0.54258635E-02 -0.29465473E-08
    4    7    0.10722789E-01  0.14928551E-08
    5    7   -0.89361884E-02  0.56987204E-09
    6    7   -0.89361887E-02  0.56969487E-08
    7    7    0.18964290E-01  0.69046889E-17
    8    7   -0.89361905E-02  0.31234932E-08
    1    8   -0.18153159E-02  0.12298996E-08
    2    8    0.10722792E-01  0.24738369E-08
    3    8    0.10722790E-01  0.79360492E-09
    4    8   -0.54258602E-02 -0.78523140E-08
    5    8   -0.89361917E-02 -0.41211879E-08
    6    8   -0.89361922E-02  0.24635404E-08
    7    8   -0.89361905E-02 -0.31234932E-08
    8    8    0.18964291E-01 -0.57044572E-17

    2   -1   -2
    1    1   -0.21346942E-01 -0.60733617E-09
    2    1    0.14734879E-01 -0.49168637E-08
    3    1    0.70221600E-02  0.23030602E-08
    4    1    0.70221653E-02 -0.18799325E-09
    5    1   -0.18955232E-01  0.21696972E-08
    6    1   -0.27366980E-01 -0.46896447E-08
    7    1    0.87305032E-02 -0.32936356E-08
    8    1    0.87305069E-02 -0.50207855E-08
    1    2   -0.13866772E-03 -0.51165086E-10
    2    2   -0.21346943E-01  0.18852220E-08
    3    2    0.41504723E-02 -0.19554201E-08
    4    2    0.41504697E-02 -0.11539409E-08
    5    2   -0.50768254E-02  0.15084661E-08
    6    2    0.52128717E-01  0.47794918E-08
    7    2   -0.13809295E-01  0.20090312E-08
    8    2   -0.13809289E-01 -0.19551577E-09
    1    3    0.41504745E-02 -0.10991180E-08
    2    3    0.70221600E-02 -0.96948322E-09
    3    3   -0.36990357E-02  0.35411933E-08
    4    3   -0.18888273E-01  0.31008891E-08
    5    3    0.25253694E-01 -0.56194869E-08
    6    3   -0.23052520E-01  0.25817528E-08
    7    3   -0.20478218E-01 -0.31658158E-08
    8    3    0.20173475E-01  0.24062099E-08
    1    4    0.41504708E-02 -0.88631759E-09
    2    4    0.70221626E-02  0.15630202E-08
    3    4   -0.18888272E-01  0.43678514E-09
    4    4   -0.36990374E-02  0.70485380E-09
    5    4    0.25253691E-01 -0.18058387E-08
    6    4   -0.23052517E-01  0.77079754E-09
    7    4    0.20173481E-01 -0.15049266E-09
    8    4   -0.20478221E-01  0.11917211E-08
    1    5   -0.54258666E-02  0.12866137E-08
    2    5   -0.18153135E-02 -0.40915285E-08
    3    5    0.10722792E-01  0.67104128E-09
    4    5    0.10722794E-01 -0.79704027E-09
    5    5   -0.29279928E-01  0.30127105E-08
    6    5    0.82451169E-02 -0.36649345E-08
    7    5    0.11044796E-01 -0.68541816E-09
    8    5    0.11044802E-01 -0.32848900E-08
    1    6   -0.72245529E-02 -0.52917873E-08
    2    6    0.21334720E-01  0.10374707E-08
    3    6   -0.72245539E-02 -0.10070891E-07
    4    6   -0.72245540E-02 -0.10097532E-07
    5    6    0.81920945E-02  0.14223786E-08
    6    6   -0.29279925E-01  0.11256128E-08
    7    6   -0.15692595E-02 -0.10294125E-08
    8    6   -0.15692615E-02 -0.14841357E-08
    1    7    0.10722788E-01 -0.24115478E-09
    2    7   -0.18153186E-02 -0.25852075E-08
    3    7   -0.54258619E-02  0.14972368E-08
    4    7    0.10722792E-01  0.45549416E-09
    5    7   -0.15692601E-02 -0.10524073E-09
    6    7    0.11044796E-01  0.20565192E-08
    7    7    0.28526615E-02 -0.20236388E-08
    8    7   -0.14244329E-01  0.56928508E-09
    1    8    0.10722796E-01  0.22734306E-08
    2    8   -0.18153167E-02  0.38484445E-09
    3    8    0.10722791E-01  0.29261491E-09
    4    8   -0.54258638E-02 -0.57878818E-08
    5    8   -0.15692585E-02  0.13104368E-08
    6    8    0.11044797E-01 -0.78950937E-09
    7    8   -0.14244330E-01 -0.37053410E-09
    8    8    0.28526601E-02 -0.12125881E-08

    2   -1   -1
    1    1   -0.18053370E-01 -0.16797095E-08
    2    1    0.45258324E-01  0.25580903E-08
    3    1   -0.31280221E-02  0.28101156E-08
    4    1    0.29529862E-01 -0.68256433E-08
    5    1   -0.97492750E-01  0.24468045E-08
    6    1    0.23042226E-01  0.12148279E-08
    7    1    0.10523918E+00 -0.20683125E-08
    8    1   -0.95236951E-03  0.18464576E-08
    1    2   -0.16217412E-03 -0.18962338E-08
    2    2    0.12334905E-02  0.27414913E-08
    3    2   -0.16217662E-03 -0.43444042E-08
    4    2   -0.24789830E-01  0.44097903E-08
    5    2    0.23042220E-01 -0.31160897E-08
    6    2   -0.97492740E-01 -0.45634133E-08
    7    2    0.10523919E+00  0.62612637E-08
    8    2   -0.95235590E-03  0.23735972E-08
    1    3   -0.31280241E-02 -0.30152665E-08
    2    3    0.45258322E-01 -0.24713103E-08
    3    3   -0.18053362E-01  0.42655932E-08
    4    3    0.29529854E-01 -0.12543231E-09
    5    3   -0.44583231E-01 -0.15873171E-08
    6    3   -0.44583223E-01 -0.93194961E-09
    7    3    0.68963758E-01  0.25435142E-08
    8    3   -0.25561624E+00 -0.21241721E-08
    1    4    0.19283886E-01  0.44227640E-08
    2    4   -0.36753899E-01 -0.70753924E-08
    3    4    0.19283881E-01  0.13194835E-09
    4    4   -0.21071011E-01  0.13266102E-08
    5    4    0.44831347E-01  0.31799889E-08
    6    4    0.44831345E-01  0.16478073E-08
    7    4   -0.97202980E-01 -0.28491681E-09
    8    4    0.96739176E-01  0.34290682E-09
    1    5   -0.20478219E-01 -0.17947076E-08
    2    5    0.87305023E-02  0.38865860E-08
    3    5   -0.13809291E-01  0.18225324E-09
    4    5    0.20173481E-01 -0.19386853E-08
    5    5   -0.24726268E-01  0.92667836E-09
    6    5    0.35816427E-01  0.57015456E-08
    7    5   -0.11628889E-01 -0.66019278E-08
    8    5    0.53549961E-01  0.83257596E-09
    1    6    0.25253690E-01 -0.96935385E-09
    2    6   -0.18955233E-01 -0.51191987E-08
    3    6   -0.50768251E-02  0.87440418E-08
    4    6    0.25253692E-01 -0.54323681E-09
    5    6    0.10454472E-02 -0.48584081E-08
    6    6    0.13745589E-02  0.43232428E-08
    7    6    0.10454543E-02 -0.35821015E-08
    8    6   -0.45267886E-01 -0.30964350E-08
    1    7   -0.23052520E-01  0.55589090E-08
    2    7   -0.27366969E-01  0.69245987E-09
    3    7    0.52128713E-01 -0.33005137E-08
    4    7   -0.23052514E-01 -0.15525880E-08
    5    7   -0.11628885E-01  0.56583662E-08
    6    7    0.35816432E-01  0.21118686E-08
    7    7   -0.24726270E-01 -0.20955322E-08
    8    7    0.53549972E-01 -0.51910230E-08
    1    8    0.20173474E-01  0.83318485E-09
    2    8    0.87305027E-02  0.43114714E-08
    3    8   -0.13809285E-01 -0.13979673E-09
    4    8   -0.20478224E-01  0.64931058E-09
    5    8    0.14731033E-01 -0.31920976E-08
    6    8   -0.37254841E-02  0.18089480E-08
    7    8    0.14731030E-01  0.50765208E-08
    8    8   -0.51082870E-02 -0.13759379E-08

    2   -1    0
    1    1   -0.18053367E-01 -0.40715314E-08
    2    1   -0.31280218E-02  0.16596997E-08
    3    1    0.45258327E-01 -0.96530156E-09
    4    1    0.29529857E-01  0.28841556E-08
    5    1   -0.97492746E-01  0.28140719E-08
    6    1    0.10523918E+00 -0.66032675E-08
    7    1    0.23042219E-01 -0.78650435E-09
    8    1   -0.95236621E-03 -0.52285826E-08
    1    2   -0.31280201E-02  0.20852305E-08
    2    2   -0.18053367E-01 -0.37060596E-08
    3    2    0.45258325E-01  0.70736663E-10
    4    2    0.29529856E-01  0.36144456E-08
    5    2   -0.44583220E-01  0.13693728E-08
    6    2    0.68963748E-01  0.61007168E-08
    7    2   -0.44583225E-01 -0.36237594E-08
    8    2   -0.25561625E+00  0.43883772E-08
    1    3   -0.16217065E-03 -0.21797075E-08
    2    3   -0.16217040E-03  0.36614683E-08
    3    3    0.12334809E-02 -0.16947307E-08
    4    3   -0.24789831E-01 -0.33071821E-08
    5    3    0.23042234E-01 -0.25992939E-08
    6    3    0.10523918E+00 -0.29608462E-08
    7    3   -0.97492739E-01 -0.32438013E-08
    8    3   -0.95236728E-03 -0.66945078E-08
    1    4    0.19283882E-01  0.34536233E-08
    2    4    0.19283886E-01 -0.34392161E-09
    3    4   -0.36753898E-01  0.30993696E-08
    4    4   -0.21071017E-01 -0.29443570E-08
    5    4    0.44831339E-01 -0.22487100E-09
    6    4   -0.97202976E-01  0.48780237E-08
    7    4    0.44831344E-01  0.88084914E-10
    8    4    0.96739189E-01  0.14260344E-08
    1    5   -0.20478224E-01 -0.27972856E-08
    2    5   -0.13809291E-01 -0.15873360E-08
    3    5    0.87305064E-02 -0.72374211E-10
    4    5    0.20173480E-01  0.32095420E-08
    5    5   -0.24726276E-01  0.21587205E-08
    6    5   -0.11628880E-01 -0.72042108E-08
    7    5    0.35816429E-01  0.36004634E-08
    8    5    0.53549969E-01 -0.43768271E-08
    1    6   -0.23052518E-01  0.50616096E-08
    2    6    0.52128718E-01 -0.42599378E-09
    3    6   -0.27366980E-01  0.64204844E-09
    4    6   -0.23052520E-01 -0.58191628E-08
    5    6   -0.11628881E-01  0.50412709E-08
    6    6   -0.24726270E-01 -0.54799173E-08
    7    6    0.35816428E-01 -0.28406034E-08
    8    6    0.53549967E-01 -0.19961274E-08
    1    7    0.25253689E-01  0.49135808E-08
    2    7   -0.50768317E-02 -0.29251030E-08
    3    7   -0.18955228E-01  0.32031305E-08
    4    7    0.25253694E-01 -0.31239338E-09
    5    7    0.10454485E-02  0.14603612E-08
    6    7    0.10454522E-02  0.58993802E-08
    7    7    0.13745610E-02  0.30055397E-09
    8    7   -0.45267887E-01 -0.24549458E-08
    1    8    0.20173488E-01  0.95965202E-09
    2    8   -0.13809295E-01  0.34874874E-10
    3    8    0.87305006E-02  0.15058312E-08
    4    8   -0.20478222E-01 -0.17894965E-08
    5    8    0.14731044E-01  0.50892233E-08
    6    8    0.14731033E-01  0.25347337E-08
    7    8   -0.37254914E-02  0.19774574E-08
    8    8   -0.51082898E-02 -0.29903770E-08

    2   -1    1
    1    1   -0.21346949E-01  0.70244804E-09
    2    1    0.70221678E-02  0.38371721E-08
    3    1    0.14734880E-01 -0.12315105E-08
    4    1    0.70221641E-02  0.91727250E-09
    5    1   -0.18955236E-01 -0.29817448E-08
    6    1    0.87305029E-02  0.16507541E-08
    7    1   -0.27366979E-01 -0.18596212E-08
    8    1    0.87305036E-02 -0.56821100E-09
    1    2    0.41504714E-02 -0.14093184E-08
    2    2   -0.36990328E-02 -0.22977354E-08
    3    2    0.70221619E-02  0.15556384E-08
    4    2   -0.18888274E-01  0.36670798E-08
    5    2    0.25253693E-01 -0.24413632E-08
    6    2   -0.20478222E-01  0.55426447E-08
    7    2   -0.23052513E-01 -0.14182644E-08
    8    2    0.20173472E-01 -0.10098643E-08
    1    3   -0.13866619E-03  0.27128456E-08
    2    3    0.41504677E-02 -0.20008395E-09
    3    3   -0.21346940E-01 -0.38964810E-08
    4    3    0.41504722E-02 -0.62707430E-09
    5    3   -0.50768302E-02  0.46659512E-08
    6    3   -0.13809289E-01 -0.59810718E-08
    7    3    0.52128715E-01  0.52768468E-09
    8    3   -0.13809287E-01  0.23745560E-08
    1    4    0.41504743E-02  0.15391887E-08
    2    4   -0.18888275E-01 -0.13920053E-09
    3    4    0.70221616E-02 -0.23006166E-09
    4    4   -0.36990328E-02 -0.33216214E-08
    5    4    0.25253694E-01  0.89264569E-09
    6    4    0.20173480E-01  0.24684998E-08
    7    4   -0.23052516E-01  0.16315266E-08
    8    4   -0.20478222E-01 -0.75516441E-09
    1    5   -0.54258662E-02  0.44500696E-09
    2    5    0.10722795E-01  0.25520291E-08
    3    5   -0.18153171E-02  0.14174681E-08
    4    5    0.10722791E-01  0.90354383E-09
    5    5   -0.29279928E-01 -0.30296480E-08
    6    5    0.11044797E-01 -0.56512999E-09
    7    5    0.82451152E-02 -0.68770123E-09
    8    5    0.11044802E-01 -0.98507953E-09
    1    6    0.10722793E-01 -0.13256175E-09
    2    6   -0.54258651E-02 -0.15114759E-08
    3    6   -0.18153156E-02  0.12432297E-08
    4    6    0.10722793E-01 -0.38224559E-08
    5    6   -0.15692604E-02  0.17578228E-08
    6    6    0.28526654E-02 -0.14656777E-08
    7    6    0.11044801E-01 -0.15493621E-08
    8    6   -0.14244327E-01 -0.29965386E-08
    1    7   -0.72245553E-02  0.19999113E-08
    2    7   -0.72245529E-02  0.62205490E-08
    3    7    0.21334722E-01 -0.15964305E-08
    4    7   -0.72245549E-02 -0.17909818E-08
    5    7    0.81920929E-02  0.21892095E-08
    6    7   -0.15692587E-02  0.22299347E-08
    7    7   -0.29279923E-01  0.15305774E-08
    8    7   -0.15692623E-02 -0.14739835E-08
    1    8    0.10722792E-01  0.11500046E-09
    2    8    0.10722792E-01 -0.65035278E-09
    3    8   -0.18153134E-02  0.42184557E-08
    4    8   -0.54258651E-02 -0.54767483E-08
    5    8   -0.15692634E-02  0.95011043E-09
    6    8   -0.14244328E-01  0.41178980E-08
    7    8    0.11044801E-01 -0.60998076E-09
    8    8    0.28526607E-02 -0.14889639E-08

    2    0   -2
    1    1    0.22979523E-02 -0.11224880E-16
    2    1   -0.10906067E+00  0.16843308E-08
    3    1    0.78898175E-02  0.37417984E-09
    4    1    0.78898164E-02  0.34683148E-08
    5    1    0.52128717E-01 -0.34216112E-08
    6    1   -0.50768286E-02 -0.22224933E-08
    7    1   -0.13809284E-01  0.29994796E-08
    8    1   -0.13809287E-01  0.21273422E-08
    1    2   -0.10906067E+00 -0.16843308E-08
    2    2    0.22979481E-02 -0.21653762E-16
    3    2    0.78898156E-02  0.10857619E-08
    4    2    0.78898125E-02 -0.26586967E-08
    5    2   -0.27366973E-01 -0.64517158E-09
    6    2   -0.18955231E-01 -0.10499067E-08
    7    2    0.87304990E-02 -0.12568078E-08
    8    2    0.87305028E-02 -0.10864289E-08
    1    3    0.78898175E-02 -0.37417982E-09
    2    3    0.78898156E-02 -0.10857619E-08
    3    3    0.18569527E-01 -0.70159605E-17
    4    3    0.11435750E-01 -0.27837656E-08
    5    3   -0.23052519E-01  0.48558111E-08
    6    3    0.25253692E-01  0.38283296E-08
    7    3   -0.20478218E-01  0.46300948E-09
    8    3    0.20173472E-01 -0.35911848E-08
    1    4    0.78898164E-02 -0.34683148E-08
    2    4    0.78898125E-02  0.26586967E-08
    3    4    0.11435750E-01  0.27837656E-08
    4    4    0.18569529E-01 -0.14769726E-16
    5    4   -0.23052519E-01 -0.36882084E-08
    6    4    0.25253692E-01  0.15936265E-08
    7    4    0.20173471E-01 -0.27167196E-08
    8    4   -0.20478218E-01  0.97237170E-09
    1    5    0.52128717E-01  0.34216111E-08
    2    5   -0.27366973E-01  0.64517158E-09
    3    5   -0.23052519E-01 -0.48558111E-08
    4    5   -0.23052519E-01  0.36882084E-08
    5    5    0.83420583E-01 -0.20010997E-18
    6    5   -0.40569528E-01 -0.70036279E-08
    7    5   -0.22175032E-03  0.30279158E-08
    8    5   -0.22175434E-03  0.40410215E-08
    1    6   -0.50768286E-02  0.22224933E-08
    2    6   -0.18955231E-01  0.10499067E-08
    3    6    0.25253692E-01 -0.38283296E-08
    4    6    0.25253692E-01 -0.15936265E-08
    5    6   -0.40569528E-01  0.70036279E-08
    6    6    0.83420583E-01 -0.23344864E-16
    7    6   -0.22177023E-03  0.32116906E-08
    8    6   -0.22176647E-03  0.12574609E-08
    1    7   -0.13809284E-01 -0.29994796E-08
    2    7    0.87304990E-02  0.12568078E-08
    3    7   -0.20478218E-01 -0.46300953E-09
    4    7    0.20173471E-01  0.27167197E-08
    5    7   -0.22175032E-03 -0.30279158E-08
    6    7   -0.22177023E-03 -0.32116906E-08
    7    7   -0.68937591E-01  0.34080920E-16
    8    7   -0.35877296E-01 -0.23285489E-08
    1    8   -0.13809287E-01 -0.21273422E-08
    2    8    0.87305028E-02  0.10864289E-08
    3    8    0.20173472E-01  0.35911848E-08
    4    8   -0.20478218E-01 -0.97237166E-09
    5    8   -0.22175434E-03 -0.40410216E-08
    6    8   -0.22176647E-03 -0.12574609E-08
    7    8   -0.35877296E-01  0.23285489E-08
    8    8   -0.68937597E-01  0.14131985E-16

    2    0   -1
    1    1    0.12334902E-02  0.17221550E-08
    2    1   -0.16217279E-03 -0.70455972E-09
    3    1   -0.16217587E-03 -0.45772924E-08
    4    1   -0.24789830E-01  0.20507189E-08
    5    1    0.17314631E-01  0.24422428E-08
    6    1    0.10793119E-03  0.44266853E-08
    7    1    0.10793093E-03  0.12222526E-09
    8    1    0.16431326E-02 -0.63032968E-09
    1    2    0.45258325E-01 -0.25274219E-08
    2    2   -0.18053365E-01  0.68589778E-09
    3    2   -0.31280185E-02  0.15597620E-08
    4    2    0.29529860E-01 -0.29878408E-09
    5    2   -0.17361549E-01 -0.29541067E-08
    6    2    0.20736068E-01 -0.13498061E-08
    7    2    0.64728242E-02  0.29296250E-09
    8    2   -0.20074038E-01 -0.80112652E-09
    1    3    0.45258323E-01  0.15347896E-08
    2    3   -0.31280213E-02  0.71091151E-09
    3    3   -0.18053361E-01 -0.11489326E-08
    4    3    0.29529854E-01  0.21875842E-08
    5    3   -0.17361548E-01  0.18504104E-08
    6    3    0.64728193E-02 -0.51343614E-09
    7    3    0.20736064E-01  0.58383694E-09
    8    3   -0.20074039E-01  0.10136465E-08
    1    4   -0.36753903E-01 -0.12330355E-10
    2    4    0.19283887E-01  0.22729835E-08
    3    4    0.19283881E-01 -0.56631254E-09
    4    4   -0.21071014E-01 -0.20406761E-08
    5    4   -0.92792728E-02 -0.11537894E-08
    6    4   -0.10637127E-01 -0.21803207E-08
    7    4   -0.10637125E-01 -0.99463461E-09
    8    4    0.37837618E-01 -0.19829561E-09
    1    5   -0.23731850E-01 -0.27343136E-08
    2    5    0.16202159E-01 -0.28153107E-08
    3    5    0.16202161E-01 -0.19629391E-08
    4    5   -0.24315259E-01  0.26695803E-08
    5    5    0.13745650E-02  0.15591289E-08
    6    5    0.10454538E-02  0.42323653E-08
    7    5    0.10454507E-02  0.17036088E-08
    8    5   -0.45267893E-01 -0.32680983E-08
    1    6    0.16202165E-01 -0.50718319E-08
    2    6   -0.23731854E-01  0.65360883E-08
    3    6    0.16202164E-01 -0.54480210E-08
    4    6   -0.24315262E-01  0.68616893E-08
    5    6    0.35816434E-01 -0.50684036E-08
    6    6   -0.24726272E-01 -0.27715887E-08
    7    6   -0.11628881E-01  0.23301735E-08
    8    6    0.53549969E-01  0.17321189E-08
    1    7    0.16202161E-01 -0.56557967E-08
    2    7    0.16202164E-01  0.26036834E-08
    3    7   -0.23731855E-01 -0.20180248E-08
    4    7   -0.24315256E-01 -0.11479719E-09
    5    7    0.35816432E-01 -0.44413780E-08
    6    7   -0.11628878E-01 -0.21014473E-08
    7    7   -0.24726268E-01  0.60353889E-09
    8    7    0.53549957E-01 -0.29119901E-09
    1    8   -0.23640167E-01 -0.16444124E-08
    2    8   -0.23640155E-01  0.10413388E-08
    3    8   -0.23640161E-01  0.31162302E-10
    4    8    0.44999234E-01  0.10527584E-08
    5    8   -0.37254969E-02 -0.24369083E-09
    6    8    0.14731033E-01  0.12297956E-08
    7    8    0.14731033E-01 -0.84664689E-09
    8    8   -0.51082805E-02 -0.28100386E-08

    2    0    0
    1    1    0.22979555E-02 -0.37425162E-15
    2    1    0.78898101E-02 -0.24633819E-08
    3    1   -0.10906067E+00  0.30250631E-08
    4    1    0.78898149E-02  0.36178983E-08
    5    1    0.52128722E-01 -0.20482382E-08
    6    1   -0.13809293E-01 -0.65688432E-09
    7    1   -0.50768253E-02  0.11473663E-08
    8    1   -0.13809289E-01  0.26723696E-08
    1    2    0.78898101E-02  0.24633821E-08
    2    2    0.18569526E-01 -0.38157097E-15
    3    2    0.78898174E-02 -0.11955171E-09
    4    2    0.11435749E-01 -0.20163590E-08
    5    2   -0.23052519E-01  0.12413746E-08
    6    2   -0.20478221E-01  0.20530769E-08
    7    2    0.25253688E-01 -0.19772503E-08
    8    2    0.20173474E-01 -0.38168120E-08
    1    3   -0.10906067E+00 -0.30250629E-08
    2    3    0.78898174E-02  0.11955190E-09
    3    3    0.22979479E-02 -0.37882306E-15
    4    3    0.78898175E-02  0.27046278E-08
    5    3   -0.27366976E-01 -0.38353088E-08
    6    3    0.87305053E-02 -0.13012771E-08
    7    3   -0.18955233E-01  0.21965571E-08
    8    3    0.87305023E-02  0.17314401E-08
    1    4    0.78898149E-02 -0.36178981E-08
    2    4    0.11435749E-01  0.20163593E-08
    3    4    0.78898175E-02 -0.27046276E-08
    4    4    0.18569530E-01 -0.37192559E-15
    5    4   -0.23052524E-01  0.10248119E-08
    6    4    0.20173479E-01 -0.19337123E-08
    7    4    0.25253689E-01  0.21951840E-09
    8    4   -0.20478220E-01 -0.38671775E-08
    1    5    0.52128722E-01  0.20482380E-08
    2    5   -0.23052519E-01 -0.12413743E-08
    3    5   -0.27366976E-01  0.38353091E-08
    4    5   -0.23052524E-01 -0.10248116E-08
    5    5    0.83420590E-01 -0.35513308E-15
    6    5   -0.22176204E-03  0.24464731E-08
    7    5   -0.40569527E-01 -0.27187614E-08
    8    5   -0.22175680E-03  0.56128157E-08
    1    6   -0.13809293E-01  0.65688428E-09
    2    6   -0.20478221E-01 -0.20530767E-08
    3    6    0.87305053E-02  0.13012771E-08
    4    6    0.20173479E-01  0.19337123E-08
    5    6   -0.22176204E-03 -0.24464729E-08
    6    6   -0.68937593E-01 -0.40301919E-15
    7    6   -0.22175874E-03  0.57484203E-08
    8    6   -0.35877302E-01  0.14241269E-07
    1    7   -0.50768253E-02 -0.11473663E-08
    2    7    0.25253688E-01  0.19772503E-08
    3    7   -0.18955233E-01 -0.21965570E-08
    4    7    0.25253689E-01 -0.21951838E-09
    5    7   -0.40569527E-01  0.27187617E-08
    6    7   -0.22175874E-03 -0.57484202E-08
    7    7    0.83420579E-01 -0.32670134E-15
    8    7   -0.22175794E-03  0.29863455E-08
    1    8   -0.13809289E-01 -0.26723696E-08
    2    8    0.20173474E-01  0.38168120E-08
    3    8    0.87305023E-02 -0.17314401E-08
    4    8   -0.20478220E-01  0.38671777E-08
    5    8   -0.22175680E-03 -0.56128156E-08
    6    8   -0.35877302E-01 -0.14241268E-07
    7    8   -0.22175794E-03 -0.29863453E-08
    8    8   -0.68937597E-01 -0.41197657E-15

    2    1   -2
    1    1   -0.21346942E-01  0.60733620E-09
    2    1   -0.13866772E-03  0.51165072E-10
    3    1    0.41504745E-02  0.10991180E-08
    4    1    0.41504708E-02  0.88631761E-09
    5    1   -0.54258666E-02 -0.12866137E-08
    6    1   -0.72245529E-02  0.52917873E-08
    7    1    0.10722788E-01  0.24115478E-09
    8    1    0.10722796E-01 -0.22734306E-08
    1    2    0.14734879E-01  0.49168638E-08
    2    2   -0.21346943E-01 -0.18852220E-08
    3    2    0.70221600E-02  0.96948322E-09
    4    2    0.70221626E-02 -0.15630202E-08
    5    2   -0.18153135E-02  0.40915285E-08
    6    2    0.21334720E-01 -0.10374707E-08
    7    2   -0.18153186E-02  0.25852075E-08
    8    2   -0.18153167E-02 -0.38484445E-09
    1    3    0.70221600E-02 -0.23030602E-08
    2    3    0.41504723E-02  0.19554202E-08
    3    3   -0.36990357E-02 -0.35411932E-08
    4    3   -0.18888272E-01 -0.43678513E-09
    5    3    0.10722792E-01 -0.67104128E-09
    6    3   -0.72245539E-02  0.10070891E-07
    7    3   -0.54258619E-02 -0.14972368E-08
    8    3    0.10722791E-01 -0.29261491E-09
    1    4    0.70221653E-02  0.18799324E-09
    2    4    0.41504697E-02  0.11539409E-08
    3    4   -0.18888273E-01 -0.31008891E-08
    4    4   -0.36990374E-02 -0.70485381E-09
    5    4    0.10722794E-01  0.79704029E-09
    6    4   -0.72245540E-02  0.10097532E-07
    7    4    0.10722792E-01 -0.45549416E-09
    8    4   -0.54258638E-02  0.57878818E-08
    1    5   -0.18955232E-01 -0.21696972E-08
    2    5   -0.50768254E-02 -0.15084661E-08
    3    5    0.25253694E-01  0.56194869E-08
    4    5    0.25253691E-01  0.18058387E-08
    5    5   -0.29279928E-01 -0.30127105E-08
    6    5    0.81920945E-02 -0.14223786E-08
    7    5   -0.15692601E-02  0.10524074E-09
    8    5   -0.15692585E-02 -0.13104368E-08
    1    6   -0.27366980E-01  0.46896447E-08
    2    6    0.52128717E-01 -0.47794918E-08
    3    6   -0.23052520E-01 -0.25817528E-08
    4    6   -0.23052517E-01 -0.77079754E-09
    5    6    0.82451169E-02  0.36649345E-08
    6    6   -0.29279925E-01 -0.11256128E-08
    7    6    0.11044796E-01 -0.20565192E-08
    8    6    0.11044797E-01  0.78950937E-09
    1    7    0.87305032E-02  0.32936356E-08
    2    7   -0.13809295E-01 -0.20090312E-08
    3    7   -0.20478218E-01  0.31658158E-08
    4    7    0.20173481E-01  0.15049266E-09
    5    7    0.11044796E-01  0.68541814E-09
    6    7   -0.15692595E-02  0.10294125E-08
    7    7    0.28526615E-02  0.20236388E-08
    8    7   -0.14244330E-01  0.37053413E-09
    1    8    0.87305069E-02  0.50207855E-08
    2    8   -0.13809289E-01  0.19551571E-09
    3    8    0.20173475E-01 -0.24062100E-08
    4    8   -0.20478221E-01 -0.11917210E-08
    5    8    0.11044802E-01  0.32848900E-08
    6    8   -0.15692615E-02  0.14841357E-08
    7    8   -0.14244329E-01 -0.56928510E-09
    8    8    0.28526601E-02  0.12125881E-08

    2    1   -1
    1    1   -0.21346949E-01 -0.70244802E-09
    2    1    0.41504714E-02  0.14093184E-08
    3    1   -0.13866619E-03 -0.27128456E-08
    4    1    0.41504743E-02 -0.15391887E-08
    5    1   -0.54258662E-02 -0.44500699E-09
    6    1    0.10722793E-01  0.13256175E-09
    7    1   -0.72245553E-02 -0.19999113E-08
    8    1    0.10722792E-01 -0.11500046E-09
    1    2    0.70221678E-02 -0.38371721E-08
    2    2   -0.36990328E-02  0.22977354E-08
    3    2    0.41504677E-02  0.20008395E-09
    4    2   -0.18888275E-01  0.13920051E-09
    5    2    0.10722795E-01 -0.25520291E-08
    6    2   -0.54258651E-02  0.15114759E-08
    7    2   -0.72245529E-02 -0.62205490E-08
    8    2    0.10722792E-01  0.65035278E-09
    1    3    0.14734880E-01  0.12315106E-08
    2    3    0.70221619E-02 -0.15556384E-08
    3    3   -0.21346940E-01  0.38964811E-08
    4    3    0.70221616E-02  0.23006163E-09
    5    3   -0.18153171E-02 -0.14174681E-08
    6    3   -0.18153156E-02 -0.12432297E-08
    7    3    0.21334722E-01  0.15964305E-08
    8    3   -0.18153134E-02 -0.42184557E-08
    1    4    0.70221641E-02 -0.91727254E-09
    2    4   -0.18888274E-01 -0.36670798E-08
    3    4    0.41504722E-02  0.62707433E-09
    4    4   -0.36990328E-02  0.33216214E-08
    5    4    0.10722791E-01 -0.90354381E-09
    6    4    0.10722793E-01  0.38224559E-08
    7    4   -0.72245549E-02  0.17909818E-08
    8    4   -0.54258651E-02  0.54767484E-08
    1    5   -0.18955236E-01  0.29817449E-08
    2    5    0.25253693E-01  0.24413632E-08
    3    5   -0.50768302E-02 -0.46659512E-08
    4    5    0.25253694E-01 -0.89264570E-09
    5    5   -0.29279928E-01  0.30296480E-08
    6    5   -0.15692604E-02 -0.17578229E-08
    7    5    0.81920929E-02 -0.21892094E-08
    8    5   -0.15692634E-02 -0.95011046E-09
    1    6    0.87305029E-02 -0.16507541E-08
    2    6   -0.20478222E-01 -0.55426446E-08
    3    6   -0.13809289E-01  0.59810718E-08
    4    6    0.20173480E-01 -0.24684998E-08
    5    6    0.11044797E-01  0.56513000E-09
    6    6    0.28526654E-02  0.14656777E-08
    7    6   -0.15692587E-02 -0.22299348E-08
    8    6   -0.14244328E-01 -0.41178980E-08
    1    7   -0.27366979E-01  0.18596215E-08
    2    7   -0.23052513E-01  0.14182647E-08
    3    7    0.52128715E-01 -0.52768486E-09
    4    7   -0.23052516E-01 -0.16315263E-08
    5    7    0.82451152E-02  0.68770117E-09
    6    7    0.11044801E-01  0.15493620E-08
    7    7   -0.29279923E-01 -0.15305775E-08
    8    7    0.11044801E-01  0.60998078E-09
    1    8    0.87305036E-02  0.56821102E-09
    2    8    0.20173472E-01  0.10098643E-08
    3    8   -0.13809287E-01 -0.23745561E-08
    4    8   -0.20478222E-01  0.75516454E-09
    5    8    0.11044802E-01  0.98507955E-09
    6    8   -0.14244327E-01  0.29965386E-08
    7    8   -0.15692623E-02  0.14739834E-08
    8    8    0.28526607E-02  0.14889639E-08

    2    2   -2
    1    1    0.19796810E-01 -0.43286808E-17
    2    1   -0.83385966E-02  0.14605447E-08
    3    1   -0.83385978E-02 -0.22981736E-08
    4    1   -0.83385985E-02 -0.68483102E-08
    5    1    0.21334724E-01  0.26698182E-08
    6    1   -0.18153178E-02 -0.76754281E-09
    7    1   -0.18153132E-02 -0.28177480E-08
    8    1   -0.18153159E-02 -0.12298996E-08
    1    2   -0.83385966E-02 -0.14605447E-08
    2    2    0.19796804E-01  0.36830131E-16
    3    2   -0.83385969E-02 -0.71560016E-08
    4    2   -0.83385968E-02 -0.60977049E-08
    5    2   -0.72245539E-02 -0.75110115E-08
    6    2   -0.54258633E-02  0.34324780E-08
    7    2    0.10722790E-01 -0.12067411E-08
    8    2    0.10722792E-01 -0.24738369E-08
    1    3   -0.83385978E-02  0.22981736E-08
    2    3   -0.83385969E-02  0.71560015E-08
    3    3    0.19796807E-01  0.12279387E-16
    4    3   -0.83385982E-02 -0.30925048E-08
    5    3   -0.72245538E-02  0.21873098E-08
    6    3    0.10722792E-01 -0.21049962E-08
    7    3   -0.54258635E-02  0.29465473E-08
    8    3    0.10722790E-01 -0.79360495E-09
    1    4   -0.83385985E-02  0.68483102E-08
    2    4   -0.83385968E-02  0.60977050E-08
    3    4   -0.83385982E-02  0.30925048E-08
    4    4    0.19796810E-01 -0.55018212E-17
    5    4   -0.72245569E-02  0.58605938E-10
    6    4    0.10722794E-01 -0.91961497E-09
    7    4    0.10722789E-01 -0.14928551E-08
    8    4   -0.54258602E-02  0.78523140E-08
    1    5    0.21334724E-01 -0.26698182E-08
    2    5   -0.72245539E-02  0.75110115E-08
    3    5   -0.72245538E-02 -0.21873098E-08
    4    5   -0.72245569E-02 -0.58605972E-10
    5    5    0.18964293E-01 -0.34661705E-17
    6    5   -0.89361903E-02  0.82523436E-08
    7    5   -0.89361884E-02 -0.56987206E-09
    8    5   -0.89361917E-02  0.41211879E-08
    1    6   -0.18153178E-02  0.76754279E-09
    2    6   -0.54258633E-02 -0.34324780E-08
    3    6    0.10722792E-01  0.21049962E-08
    4    6    0.10722794E-01  0.91961500E-09
    5    6   -0.89361903E-02 -0.82523436E-08
    6    6    0.18964290E-01 -0.15810407E-16
    7    6   -0.89361887E-02 -0.56969487E-08
    8    6   -0.89361922E-02 -0.24635404E-08
    1    7   -0.18153132E-02  0.28177480E-08
    2    7    0.10722790E-01  0.12067411E-08
    3    7   -0.54258635E-02 -0.29465473E-08
    4    7    0.10722789E-01  0.14928551E-08
    5    7   -0.89361884E-02  0.56987205E-09
    6    7   -0.89361887E-02  0.56969487E-08
    7    7    0.18964290E-01  0.17692969E-16
    8    7   -0.89361905E-02  0.31234932E-08
    1    8   -0.18153159E-02  0.12298995E-08
    2    8    0.10722792E-01  0.24738369E-08
    3    8    0.10722790E-01  0.79360493E-09
    4    8   -0.54258602E-02 -0.78523140E-08
    5    8   -0.89361917E-02 -0.41211879E-08
    6    8   -0.89361922E-02  0.24635404E-08
    7    8   -0.89361905E-02 -0.31234932E-08
    8    8    0.18964291E-01 -0.57044561E-17

    3   -1   -1
    1    1    0.66173823E-01 -0.32970200E-08
    2    1   -0.12788707E-01  0.25755009E-08
    3    1   -0.12788705E-01  0.45003659E-09
    4    1   -0.12788706E-01  0.18744734E-08
    5    1    0.31809962E-01 -0.30362470E-08
    6    1    0.67311302E-02 -0.30156725E-08
    7    1    0.67311280E-02  0.22845473E-08
    8    1    0.67311241E-02  0.44045756E-08
    1    2   -0.12788707E-01  0.14009889E-08
    2    2    0.66173821E-01 -0.66794972E-08
    3    2   -0.12788711E-01  0.30602060E-08
    4    2   -0.12788709E-01 -0.37739757E-08
    5    2   -0.37384090E-01  0.30801009E-08
    6    2   -0.40337626E-02  0.28964600E-08
    7    2   -0.70471222E-02 -0.29519669E-08
    8    2   -0.70471220E-02 -0.44436088E-09
    1    3   -0.12788705E-01  0.10319381E-08
    2    3   -0.12788708E-01  0.36076081E-08
    3    3    0.66173825E-01 -0.48066754E-08
    4    3   -0.12788706E-01  0.30488678E-08
    5    3   -0.37384096E-01  0.89441309E-09
    6    3   -0.70471190E-02 -0.61204356E-09
    7    3   -0.40337610E-02  0.23571774E-08
    8    3   -0.70471177E-02  0.83076846E-09
    1    4   -0.12788704E-01 -0.41178512E-08
    2    4   -0.12788708E-01  0.50689596E-09
    3    4   -0.12788707E-01 -0.33457553E-09
    4    4    0.66173822E-01  0.21181623E-09
    5    4   -0.37384093E-01 -0.84138099E-09
    6    4   -0.70471210E-02  0.77621708E-10
    7    4   -0.70471219E-02 -0.11643197E-08
    8    4   -0.40337608E-02 -0.37156852E-08
    1    5    0.44999231E-01  0.16922350E-09
    2    5   -0.23640157E-01  0.19592389E-08
    3    5   -0.23640157E-01  0.20738785E-08
    4    5   -0.23640162E-01  0.94476783E-09
    5    5    0.76965819E-01 -0.25935885E-08
    6    5   -0.14260031E-01 -0.20082845E-08
    7    5   -0.14260027E-01  0.34337315E-08
    8    5   -0.14260028E-01  0.52760062E-08
    1    6   -0.24315260E-01 -0.13706342E-08
    2    6   -0.23731851E-01  0.54093108E-08
    3    6    0.16202165E-01 -0.10980587E-07
    4    6    0.16202161E-01  0.25637780E-08
    5    6   -0.14260032E-01  0.21105169E-08
    6    6    0.76965828E-01 -0.72761923E-08
    7    6   -0.14260035E-01  0.42936850E-08
    8    6   -0.14260034E-01  0.40643553E-08
    1    7   -0.24315249E-01 -0.62585139E-08
    2    7    0.16202159E-01 -0.28767417E-08
    3    7   -0.23731859E-01  0.34576835E-08
    4    7    0.16202158E-01 -0.42642739E-08
    5    7   -0.14260024E-01  0.24706640E-08
    6    7   -0.14260035E-01 -0.48264654E-08
    7    7    0.76965822E-01 -0.75185052E-08
    8    7   -0.14260028E-01  0.26316406E-08
    1    8   -0.24315259E-01  0.24969361E-08
    2    8    0.16202160E-01  0.26984924E-08
    3    8    0.16202160E-01 -0.15074704E-08
    4    8   -0.23731851E-01 -0.21930529E-09
    5    8   -0.14260026E-01 -0.13483672E-08
    6    8   -0.14260034E-01 -0.31354993E-08
    7    8   -0.14260030E-01  0.23166700E-08
    8    8    0.76965821E-01  0.21744234E-08

   -3    1    1
    1    1   -0.14965831E-02  0.73376287E-09 -0.14965836E-02 -0.50488962E-09 -0.14965845E-02  0.27039270E-08
    2    1    0.57978473E-02 -0.46441946E-09 -0.34538570E-02 -0.84199742E-09 -0.34538581E-02 -0.13110207E-08
    3    1   -0.34538569E-02 -0.70679236E-09  0.57978479E-02  0.61217112E-09 -0.34538586E-02 -0.22681455E-08
    4    1   -0.34538589E-02 -0.55927421E-09 -0.34538598E-02  0.67221405E-09  0.57978468E-02  0.31820097E-08
    5    1   -0.68132424E-04  0.24105004E-08 -0.68132229E-04  0.11543017E-08 -0.68131076E-04 -0.42797539E-09
    6    1   -0.15528816E-02 -0.18765539E-08 -0.64064040E-03 -0.98985291E-09 -0.64064067E-03 -0.53233996E-09
    7    1   -0.64063933E-03 -0.97750141E-10 -0.15528802E-02 -0.10825862E-08 -0.64063875E-03  0.81974424E-09
    8    1   -0.64064007E-03 -0.28201876E-09 -0.64063905E-03 -0.24864440E-09 -0.15528808E-02  0.15028297E-09
    1    2    0.20745492E-02 -0.23249837E-08 -0.42106549E-02 -0.69802306E-09 -0.42106537E-02  0.15495505E-08
    2    2   -0.14965835E-02 -0.18691339E-08  0.14965835E-02  0.14751777E-08  0.14965833E-02  0.19713449E-08
    3    2   -0.41117101E-03 -0.24775394E-08  0.25553256E-02  0.11380266E-08 -0.66963765E-02 -0.20354238E-08
    4    2   -0.41117065E-03  0.32089892E-09 -0.66963764E-02 -0.39587399E-09  0.25553253E-02 -0.16623200E-09
    5    2   -0.66793481E-03 -0.23275904E-08  0.13405373E-02  0.77842224E-09  0.13405367E-02  0.39071539E-09
    6    2   -0.14082155E-02 -0.93887857E-09 -0.20589549E-02  0.33420296E-09 -0.20589549E-02 -0.77188990E-09
    7    2    0.37583947E-02  0.23408806E-08  0.10440034E-02 -0.84840687E-09 -0.46708088E-03  0.76113736E-09
    8    2    0.37583933E-02  0.50006607E-09 -0.46708111E-03 -0.22631547E-08  0.10440047E-02  0.10915429E-08
    1    3   -0.42106561E-02 -0.43263573E-09  0.20745512E-02  0.24925296E-08 -0.42106568E-02 -0.24270951E-08
    2    3    0.25553260E-02 -0.20160513E-08 -0.41117237E-03 -0.46111318E-09 -0.66963760E-02 -0.47487258E-09
    3    3    0.14965843E-02 -0.57353856E-09 -0.14965841E-02  0.66789549E-10  0.14965834E-02  0.24076045E-08
    4    3   -0.66963786E-02  0.57895501E-09 -0.41117112E-03  0.78139934E-09  0.25553264E-02  0.93282647E-11
    5    3    0.13405377E-02 -0.81284160E-10 -0.66793483E-03 -0.83518856E-10  0.13405376E-02 -0.23380937E-08
    6    3    0.10440034E-02  0.11575053E-08  0.37583945E-02 -0.55958479E-09 -0.46707999E-03  0.26527205E-08
    7    3   -0.20589552E-02 -0.14529562E-08 -0.14082176E-02  0.12607767E-08 -0.20589548E-02 -0.11684876E-08
    8    3   -0.46708010E-03 -0.12285450E-08  0.37583949E-02  0.91485847E-09  0.10440023E-02  0.11296910E-09
    1    4   -0.42106524E-02 -0.49098587E-09 -0.42106548E-02 -0.25547230E-08  0.20745507E-02 -0.12397127E-09
    2    4    0.25553253E-02  0.93673499E-09 -0.66963786E-02  0.13354341E-08 -0.41117329E-03 -0.10182528E-08
    3    4   -0.66963802E-02 -0.13455438E-08  0.25553254E-02  0.53026381E-09 -0.41117158E-03  0.15485122E-08
    4    4    0.14965851E-02 -0.27033965E-10  0.14965852E-02 -0.59665482E-09 -0.14965841E-02  0.86819450E-09
    5    4    0.13405391E-02 -0.14079883E-08  0.13405380E-02 -0.24972322E-08 -0.66793475E-03  0.42440911E-09
    6    4    0.10440028E-02  0.91383403E-09 -0.46707991E-03  0.27453068E-08  0.37583950E-02 -0.91231112E-10
    7    4   -0.46708096E-03  0.12131987E-08  0.10440036E-02  0.10823000E-08  0.37583929E-02  0.13129463E-08
    8    4   -0.20589550E-02  0.92954527E-09 -0.20589560E-02 -0.81771270E-10 -0.14082161E-02 -0.15425671E-08
    1    5    0.95938137E-03  0.20118887E-08  0.95938163E-03 -0.27551089E-10  0.95938202E-03  0.63392758E-09
    2    5   -0.67282433E-02 -0.10363492E-08  0.51847794E-02 -0.98438800E-09  0.51847815E-02 -0.10038467E-08
    3    5    0.51847796E-02  0.72318409E-10 -0.67282430E-02 -0.14025479E-09  0.51847786E-02 -0.67750715E-09
    4    5    0.51847799E-02 -0.13865074E-08  0.51847781E-02 -0.82422501E-09 -0.67282459E-02 -0.23835688E-09
    5    5   -0.11457190E-02  0.15327616E-08 -0.11457186E-02  0.15808867E-08 -0.11457188E-02  0.14976721E-08
    6    5   -0.10084501E-03 -0.18743435E-09 -0.28325948E-02 -0.12010653E-08 -0.28325963E-02 -0.16499672E-08
    7    5   -0.28325952E-02 -0.22861825E-08 -0.10084476E-03 -0.21329840E-08 -0.28325938E-02 -0.18459041E-08
    8    5   -0.28325954E-02  0.31778953E-09 -0.28325949E-02  0.59292556E-09 -0.10084623E-03  0.92786302E-09
    1    6   -0.82524053E-02 -0.47641680E-09  0.61679763E-02  0.13970157E-08  0.61679749E-02 -0.89004662E-09
    2    6   -0.65334904E-02 -0.36400546E-09  0.24152496E-02  0.17923812E-08  0.24152498E-02 -0.83822742E-09
    3    6    0.10475176E-01  0.42023417E-08  0.34164321E-02 -0.33288906E-08 -0.17598559E-01 -0.21009308E-08
    4    6    0.10475178E-01 -0.23223835E-08 -0.17598559E-01  0.22303036E-08  0.34164310E-02  0.32860388E-08
    5    6   -0.10084449E-03 -0.24248246E-09  0.28325940E-02 -0.43519745E-09  0.28325945E-02 -0.11117918E-08
    6    6   -0.11457198E-02 -0.10660057E-08  0.11457205E-02  0.11366968E-08  0.11457197E-02  0.32884800E-08
    7    6   -0.28325943E-02 -0.26751049E-08  0.28325956E-02  0.25533922E-08  0.10084328E-03  0.17368914E-08
    8    6   -0.28325954E-02  0.11176202E-08  0.10084449E-03 -0.15233754E-08  0.28325967E-02 -0.12702794E-08
    1    7    0.61679748E-02 -0.14925660E-08 -0.82524064E-02 -0.31695022E-08  0.61679744E-02  0.17291692E-08
    2    7    0.34164319E-02  0.91227516E-09  0.10475177E-01  0.11398501E-08 -0.17598561E-01 -0.95637827E-09
    3    7    0.24152523E-02 -0.17152841E-08 -0.65334919E-02  0.11693013E-08  0.24152536E-02  0.18886681E-08
    4    7   -0.17598560E-01  0.42533938E-09  0.10475178E-01 -0.99998137E-11  0.34164319E-02 -0.14734362E-08
    5    7    0.28325929E-02  0.13858488E-09 -0.10084434E-03 -0.12425688E-08  0.28325929E-02  0.41460636E-09
    6    7    0.28325954E-02  0.72283080E-10 -0.28325955E-02  0.20946635E-08  0.10084428E-03 -0.71516277E-09
    7    7    0.11457194E-02  0.15906066E-08 -0.11457197E-02 -0.91104937E-09  0.11457203E-02  0.12202722E-09
    8    7    0.10084459E-03 -0.25599228E-08 -0.28325947E-02  0.36015225E-09  0.28325952E-02  0.18541402E-09
    1    8    0.61679739E-02  0.16819868E-09  0.61679725E-02  0.24405187E-08 -0.82524042E-02 -0.52226618E-09
    2    8    0.34164319E-02 -0.16506312E-09 -0.17598558E-01 -0.75577899E-09  0.10475177E-01  0.12149462E-08
    3    8   -0.17598558E-01 -0.50111110E-09  0.34164317E-02  0.63927265E-09  0.10475175E-01 -0.13463254E-08
    4    8    0.24152465E-02  0.18147609E-08  0.24152498E-02 -0.65501887E-09 -0.65334896E-02 -0.49568577E-09
    5    8    0.28325953E-02 -0.17939820E-08  0.28325942E-02 -0.38972494E-09 -0.10084410E-03  0.13288346E-08
    6    8    0.28325952E-02  0.86515160E-10  0.10084249E-03 -0.30989370E-08 -0.28325949E-02  0.47065622E-09
    7    8    0.10084476E-03  0.12901844E-08  0.28325956E-02  0.20414138E-08 -0.28325940E-02 -0.15990851E-08
    8    8    0.11457205E-02 -0.12374420E-08  0.11457207E-02 -0.73907146E-09 -0.11457208E-02  0.14096615E-08

   -2   -2    2
    1    1   -0.67871056E-15 -0.16394175E-18 -0.69085362E-15  0.85491701E-18 -0.76544673E-15 -0.96499907E-18
    2    1    0.67912141E-03 -0.62543088E-08 -0.30904958E-03 -0.68019166E-09 -0.30905050E-03 -0.15359215E-08
    3    1   -0.30904989E-03 -0.12549040E-08  0.67911992E-03 -0.53359421E-08 -0.30905039E-03 -0.26083634E-08
    4    1   -0.30905249E-03 -0.16674703E-08 -0.30905033E-03 -0.26903379E-08  0.67911906E-03 -0.25604974E-08
    5    1   -0.91448268E-04  0.24708018E-08 -0.91449227E-04  0.30787061E-08 -0.91446822E-04  0.10439676E-08
    6    1    0.20805317E-04  0.73337096E-09 -0.80181592E-03 -0.12945457E-08 -0.80181768E-03 -0.24968557E-09
    7    1   -0.80181594E-03  0.14931271E-10  0.20808297E-04  0.97305929E-09 -0.80181614E-03  0.13921121E-10
    8    1   -0.80181376E-03 -0.11573675E-08 -0.80181564E-03 -0.13746589E-08  0.20808460E-04  0.11475130E-08
    1    2   -0.67912141E-03 -0.62543112E-08  0.30904958E-03 -0.68019187E-09  0.30905050E-03 -0.15359239E-08
    2    2   -0.73161963E-15 -0.16394182E-18  0.16579620E-14  0.16394181E-18 -0.92937810E-15 -0.53860369E-19
    3    2   -0.98816991E-03 -0.39925595E-08  0.98817145E-03 -0.27565450E-08  0.90253332E-09  0.16296971E-08
    4    2   -0.98816949E-03 -0.98327139E-09  0.12235754E-08  0.32111354E-08  0.98817033E-03 -0.22145048E-08
    5    2    0.19013663E-02 -0.23198585E-08 -0.81007550E-03  0.56618625E-09 -0.81007435E-03 -0.20830366E-08
    6    2   -0.20501883E-02 -0.24606660E-08  0.29648968E-02 -0.93980748E-09  0.29648954E-02 -0.22138607E-08
    7    2   -0.48283161E-03  0.15692687E-08  0.11373681E-02 -0.49517595E-09 -0.20204230E-02  0.25688049E-08
    8    2   -0.48283604E-03  0.14276294E-08 -0.20204227E-02 -0.13771986E-08  0.11373700E-02 -0.38004318E-09
    1    3    0.30904989E-03 -0.12549029E-08 -0.67911992E-03 -0.53359431E-08  0.30905039E-03 -0.26083623E-08
    2    3    0.98816991E-03 -0.39925572E-08 -0.98817145E-03 -0.27565446E-08 -0.90253262E-09  0.16296993E-08
    3    3   -0.30249241E-16 -0.96499906E-18 -0.86833752E-15  0.96499900E-18 -0.45861752E-16 -0.16394167E-18
    4    3    0.23039644E-08  0.11139077E-08 -0.98817158E-03 -0.21104958E-08  0.98817197E-03 -0.12651223E-08
    5    3   -0.81007436E-03  0.59963830E-09  0.19013706E-02 -0.18195447E-08 -0.81007449E-03 -0.18567488E-08
    6    3    0.11373708E-02  0.21456841E-08 -0.48283488E-03 -0.44872809E-09 -0.20204208E-02  0.21467269E-08
    7    3    0.29648960E-02 -0.34077843E-08 -0.20501890E-02 -0.13744544E-08  0.29648964E-02 -0.18034253E-08
    8    3   -0.20204247E-02 -0.82766048E-09 -0.48283625E-03  0.13922843E-08  0.11373675E-02  0.14776661E-09
    1    4    0.30905249E-03 -0.16674702E-08  0.30905033E-03 -0.26903379E-08 -0.67911906E-03 -0.25604973E-08
    2    4    0.98816949E-03 -0.98326923E-09 -0.12235748E-08  0.32111358E-08 -0.98817033E-03 -0.22145026E-08
    3    4   -0.23039637E-08  0.11139078E-08  0.98817158E-03 -0.21104959E-08 -0.98817197E-03 -0.12651221E-08
    4    4   -0.38857806E-15 -0.85491680E-18 -0.77325299E-15  0.16394202E-18 -0.33653635E-15 -0.96499887E-18
    5    4   -0.81007066E-03 -0.30760489E-08 -0.81007418E-03 -0.31921937E-08  0.19013688E-02 -0.74020462E-09
    6    4    0.11373694E-02 -0.12202816E-08 -0.20204207E-02  0.41887206E-09 -0.48283362E-03  0.57382235E-09
    7    4   -0.20204253E-02  0.21612317E-08  0.11373695E-02  0.19328091E-08 -0.48283523E-03 -0.33943074E-09
    8    4    0.29648952E-02  0.11144628E-08  0.29648961E-02  0.98174423E-09 -0.20501886E-02 -0.12830697E-08
    1    5    0.91448268E-04  0.24708016E-08  0.91449227E-04  0.30787059E-08  0.91446822E-04  0.10439674E-08
    2    5   -0.19013663E-02 -0.23198596E-08  0.81007550E-03  0.56618653E-09  0.81007435E-03 -0.20830377E-08
    3    5    0.81007436E-03  0.59963910E-09 -0.19013706E-02 -0.18195459E-08  0.81007449E-03 -0.18567480E-08
    4    5    0.81007066E-03 -0.30760494E-08  0.81007418E-03 -0.31921935E-08 -0.19013688E-02 -0.74020512E-09
    5    5   -0.15460723E-15  0.24315932E-18 -0.19537323E-15 -0.77539396E-18 -0.14680097E-15  0.69092840E-18
    6    5   -0.22622941E-08 -0.62793458E-08 -0.34804565E-03  0.22683067E-09 -0.34804562E-03  0.39981377E-09
    7    5   -0.34804453E-03  0.49183062E-11  0.14646655E-08 -0.52403723E-08 -0.34804355E-03 -0.23522726E-09
    8    5   -0.34804068E-03 -0.82604009E-09 -0.34804303E-03 -0.46743451E-09  0.98050045E-09 -0.62617654E-08
    1    6   -0.20805317E-04  0.73337289E-09  0.80181592E-03 -0.12945430E-08  0.80181768E-03 -0.24968365E-09
    2    6    0.20501883E-02 -0.24606695E-08 -0.29648968E-02 -0.93980668E-09 -0.29648954E-02 -0.22138642E-08
    3    6   -0.11373708E-02  0.21456867E-08  0.48283488E-03 -0.44872608E-09  0.20204208E-02  0.21467295E-08
    4    6   -0.11373694E-02 -0.12202801E-08  0.20204207E-02  0.41887518E-09  0.48283362E-03  0.57382386E-09
    5    6    0.22622931E-08 -0.62793472E-08  0.34804565E-03  0.22683031E-09  0.34804562E-03  0.39981229E-09
    6    6    0.21139232E-14  0.24315864E-18  0.34696638E-14 -0.24315887E-18  0.21534966E-14  0.32762498E-18
    7    6   -0.34804492E-03 -0.58250844E-09  0.34804344E-03  0.10755671E-08 -0.24023175E-08  0.52720135E-08
    8    6   -0.34804446E-03  0.72593948E-10 -0.18144816E-08  0.81761910E-08  0.34804423E-03 -0.20917272E-09
    1    7    0.80181594E-03  0.14932067E-10 -0.20808297E-04  0.97305845E-09  0.80181614E-03  0.13921909E-10
    2    7    0.48283161E-03  0.15692683E-08 -0.11373681E-02 -0.49517699E-09  0.20204230E-02  0.25688045E-08
    3    7   -0.29648960E-02 -0.34077824E-08  0.20501890E-02 -0.13744562E-08 -0.29648964E-02 -0.18034235E-08
    4    7    0.20204253E-02  0.21612324E-08 -0.11373695E-02  0.19328084E-08  0.48283523E-03 -0.33943009E-09
    5    7    0.34804453E-03  0.49182090E-11 -0.14646669E-08 -0.52403725E-08  0.34804355E-03 -0.23522732E-09
    6    7    0.34804492E-03 -0.58250776E-09 -0.34804344E-03  0.10755690E-08  0.24023163E-08  0.52720142E-08
    7    7    0.12338221E-14  0.69092814E-18 -0.12849964E-14 -0.69092833E-18  0.12156075E-14  0.24315896E-18
    8    7   -0.13222175E-08  0.61293144E-08 -0.34804177E-03 -0.72177342E-09  0.34804161E-03  0.12265660E-08
    1    8    0.80181376E-03 -0.11573679E-08  0.80181564E-03 -0.13746585E-08 -0.20808460E-04  0.11475125E-08
    2    8    0.48283604E-03  0.14276278E-08  0.20204227E-02 -0.13771985E-08 -0.11373700E-02 -0.38004475E-09
    3    8    0.20204247E-02 -0.82766029E-09  0.48283625E-03  0.13922840E-08 -0.11373675E-02  0.14776683E-09
    4    8   -0.29648952E-02  0.11144632E-08 -0.29648961E-02  0.98174374E-09  0.20501886E-02 -0.12830693E-08
    5    8    0.34804068E-03 -0.82603968E-09  0.34804303E-03 -0.46743513E-09 -0.98050079E-09 -0.62617650E-08
    6    8    0.34804446E-03  0.72594575E-10  0.18144814E-08  0.81761930E-08 -0.34804423E-03 -0.20917211E-09
    7    8    0.13222175E-08  0.61293160E-08  0.34804177E-03 -0.72177508E-09 -0.34804161E-03  0.12265677E-08
    8    8    0.50653925E-15  0.77539362E-18 -0.53190959E-15 -0.24315924E-18  0.48268681E-15  0.69092795E-18

   -2   -1    1
    1    1   -0.70300015E-03 -0.25567034E-09 -0.66962646E-03  0.23738696E-09 -0.70300015E-03 -0.25567025E-09
    2    1    0.96000795E-03  0.80110807E-09  0.11283491E-02 -0.81279188E-09 -0.23554057E-02 -0.22332754E-09
    3    1   -0.22683134E-02 -0.10208819E-08  0.96462488E-09  0.71108332E-09 -0.22683119E-02  0.66169800E-09
    4    1   -0.23554078E-02  0.38124798E-09  0.11283486E-02  0.20175496E-08  0.96000589E-03 -0.10644309E-08
    5    1    0.38569597E-02 -0.31420600E-09 -0.50678896E-02 -0.17066038E-08  0.38569581E-02  0.66800073E-09
    6    1   -0.91352398E-02 -0.14354912E-08  0.56714382E-02 -0.17550221E-10  0.54447035E-02  0.41751202E-09
    7    1   -0.36439556E-03  0.21817930E-10 -0.10542253E-02 -0.19722155E-09 -0.36439677E-03  0.47362265E-09
    8    1    0.54447036E-02  0.33150935E-08  0.56714397E-02  0.69587701E-09 -0.91352358E-02 -0.22840877E-08
    1    2   -0.17919950E-02  0.17622324E-08 -0.49120745E-03  0.15958600E-08  0.16240959E-02 -0.52508399E-09
    2    2    0.70320014E-09  0.86174008E-09  0.74434771E-03 -0.78054035E-10  0.70320006E-09  0.86174015E-09
    3    2   -0.23554036E-02  0.20887810E-08 -0.11283509E-02 -0.96261318E-09  0.96000357E-03  0.79665749E-09
    4    2    0.27754551E-02 -0.22039008E-08 -0.18500663E-09 -0.10131961E-08 -0.29743494E-02 -0.86914365E-10
    5    2   -0.29599688E-02  0.60125979E-10  0.36143038E-04  0.52691618E-09  0.47832297E-02 -0.89575168E-09
    6    2    0.33513603E-02  0.10189404E-08 -0.87036777E-03  0.99548171E-09 -0.48963619E-02  0.16865660E-08
    7    2    0.14525892E-02 -0.56991958E-09  0.33269836E-02 -0.21897239E-09 -0.15012269E-02 -0.26938210E-09
    8    2    0.20763210E-02 -0.26134118E-08 -0.80643064E-03  0.81874825E-10 -0.29396605E-02  0.31991215E-08
    1    3   -0.23965693E-02 -0.81319529E-09  0.10634650E-09 -0.16599725E-08 -0.23965700E-02  0.21550718E-08
    2    3    0.16240929E-02  0.54156780E-09  0.49120996E-03  0.28711080E-09 -0.17919941E-02 -0.38683247E-09
    3    3    0.70300133E-03  0.63278563E-10 -0.66962739E-03  0.42025793E-09  0.70300133E-03  0.63278548E-10
    4    3   -0.17919908E-02  0.31664476E-08  0.49120857E-03  0.85056963E-09  0.16240969E-02 -0.44770067E-09
    5    3   -0.34316153E-02 -0.54047339E-09 -0.49470038E-03  0.57689199E-09 -0.34316150E-02  0.18176468E-08
    6    3    0.97592373E-03 -0.73107514E-10 -0.24399287E-03 -0.10214465E-08  0.37581587E-04 -0.25640707E-08
    7    3    0.17419090E-02  0.14536383E-08 -0.26827743E-02  0.61754826E-09  0.17419074E-02 -0.23033395E-09
    8    3    0.37576710E-04  0.48461090E-09 -0.24399271E-03 -0.30929827E-09  0.97591976E-03 -0.11682125E-08
    1    4    0.16240982E-02  0.38576998E-09 -0.49120946E-03  0.13221781E-08 -0.17919918E-02 -0.76424884E-09
    2    4   -0.29743511E-02 -0.49181497E-09 -0.20120722E-08 -0.65353006E-09  0.27754570E-02  0.15112318E-08
    3    4    0.96000239E-03  0.10487515E-08 -0.11283483E-02  0.26030221E-09 -0.23554070E-02 -0.17679650E-08
    4    4    0.43567755E-09 -0.54510922E-09  0.74434777E-03 -0.50602436E-09  0.43567770E-09 -0.54510906E-09
    5    4    0.47832302E-02  0.10475717E-08  0.36142701E-04  0.25312612E-08 -0.29599680E-02 -0.14140968E-08
    6    4   -0.29396577E-02  0.11342605E-08 -0.80642875E-03 -0.71942121E-09  0.20763217E-02 -0.73637729E-09
    7    4   -0.15012271E-02 -0.65252518E-09  0.33269842E-02 -0.16810963E-08  0.14525912E-02  0.12839471E-08
    8    4   -0.48963613E-02 -0.83733482E-09 -0.87036973E-03 -0.12396184E-10  0.33513612E-02  0.17221913E-08
    1    5    0.29648962E-02  0.23964700E-09  0.20501883E-02 -0.24938013E-08  0.29648965E-02  0.58524964E-10
    2    5   -0.20204197E-02 -0.80245932E-09 -0.11373704E-02 -0.25689149E-09 -0.48283462E-03 -0.46154654E-09
    3    5   -0.80181639E-03  0.36103737E-09 -0.20807177E-04  0.62983879E-09 -0.80181448E-03  0.11968453E-08
    4    5   -0.48283686E-03  0.32675559E-09 -0.11373691E-02  0.20350609E-08 -0.20204236E-02  0.14776083E-09
    5    5   -0.13699402E-03 -0.14275979E-09 -0.25957666E-03 -0.70214556E-09 -0.13699402E-03 -0.14275979E-09
    6    5   -0.15005855E-02 -0.19751132E-08  0.16123253E-02 -0.60148166E-10  0.12340817E-02  0.84166118E-09
    7    5   -0.26969905E-02 -0.23350273E-09 -0.55082364E-03  0.20616454E-08 -0.26969913E-02  0.54580587E-09
    8    5    0.12340861E-02  0.15836737E-08  0.16123269E-02  0.78942316E-09 -0.15005803E-02 -0.24949402E-08
    1    6   -0.20204203E-02 -0.28121502E-08  0.48283403E-03 -0.11773599E-08  0.11373698E-02  0.47132650E-09
    2    6    0.29648935E-02  0.17856974E-08 -0.29648940E-02 -0.14667132E-08 -0.20501857E-02  0.30999301E-08
    3    6   -0.80181684E-03  0.75547626E-09  0.80181512E-03  0.77321945E-10  0.20806489E-04 -0.16430474E-08
    4    6   -0.48283379E-03  0.79380581E-09  0.20204221E-02  0.18502512E-08  0.11373688E-02 -0.13186090E-08
    5    6    0.40401052E-03 -0.26525444E-08  0.17248067E-02  0.89178822E-09 -0.13324853E-02  0.20540001E-08
    6    6    0.13296706E-09  0.88170451E-09 -0.28664269E-03  0.71446141E-09  0.13296708E-09  0.88170455E-09
    7    6    0.13587522E-02 -0.44884369E-09 -0.17422781E-02 -0.15400628E-08 -0.13759122E-02 -0.20543923E-08
    8    6   -0.26868840E-02  0.29227484E-08 -0.68447935E-03 -0.11585815E-08  0.30418912E-02 -0.21909107E-08
    1    7   -0.81007506E-03  0.17044427E-08 -0.19013678E-02  0.11436000E-10 -0.81007375E-03  0.68872098E-11
    2    7   -0.81007440E-03 -0.36386767E-09  0.81007278E-03 -0.13512958E-08  0.19013669E-02  0.26670021E-08
    3    7   -0.91448488E-04 -0.84333035E-09  0.91448588E-04  0.17466323E-08 -0.91448704E-04 -0.24952248E-08
    4    7    0.19013704E-02  0.11999727E-08  0.81007336E-03 -0.29802760E-08 -0.81007246E-03  0.10724549E-08
    5    7   -0.16504320E-02  0.28491203E-09 -0.24649947E-02  0.10557116E-08 -0.16504308E-02 -0.12715750E-08
    6    7   -0.10171557E-02  0.10236391E-08  0.79569190E-03  0.82253376E-09  0.71933611E-03  0.55407236E-09
    7    7    0.13699622E-03  0.57577060E-09 -0.25957796E-03 -0.24257451E-09  0.13699622E-03  0.57577058E-09
    8    7    0.71933447E-03 -0.17655683E-08  0.79569310E-03  0.14423060E-08 -0.10171595E-02  0.15966986E-08
    1    8    0.11373680E-02  0.85502902E-09  0.48283617E-03  0.14091745E-08 -0.20204248E-02  0.69317262E-09
    2    8    0.11373702E-02  0.15011800E-08  0.20204234E-02  0.12816231E-08 -0.48283612E-03 -0.24006062E-08
    3    8    0.20809983E-04 -0.14517576E-08  0.80181557E-03 -0.53963977E-09 -0.80181517E-03  0.22923938E-08
    4    8   -0.20501898E-02 -0.91782061E-09 -0.29648960E-02 -0.13894096E-08  0.29648971E-02  0.88137076E-09
    5    8   -0.13324849E-02  0.11964895E-08  0.17248092E-02  0.66831387E-09  0.40400929E-03 -0.33375181E-09
    6    8    0.30418893E-02 -0.69934050E-09 -0.68447801E-03  0.90027099E-09 -0.26868821E-02  0.41704014E-09
    7    8   -0.13759130E-02 -0.15992988E-09 -0.17422826E-02  0.55980615E-09  0.13587528E-02 -0.18937566E-08
    8    8   -0.14279167E-09  0.53575936E-09 -0.28664392E-03  0.31537148E-09 -0.14279166E-09  0.53575938E-09

   -2   -1    2
    1    1   -0.66962691E-03 -0.94031641E-09 -0.70300123E-03 -0.61121629E-09 -0.70300123E-03 -0.61121623E-09
    2    1   -0.70277424E-09  0.45236436E-09 -0.22683116E-02 -0.96534401E-09 -0.22683132E-02  0.67710255E-10
    3    1    0.11283490E-02 -0.24804796E-08  0.96000582E-03 -0.14310577E-09 -0.23554063E-02 -0.19036571E-08
    4    1    0.11283502E-02  0.15497301E-08 -0.23554048E-02  0.28514232E-08  0.96000669E-03 -0.46846695E-09
    5    1   -0.50678899E-02  0.76644667E-09  0.38569593E-02  0.39771007E-09  0.38569577E-02  0.11417567E-08
    6    1   -0.10542240E-02 -0.17992124E-08 -0.36439515E-03 -0.65962710E-09 -0.36439609E-03 -0.32509827E-09
    7    1    0.56714392E-02  0.30371134E-09 -0.91352383E-02 -0.79621935E-09  0.54447058E-02  0.19339320E-08
    8    1    0.56714392E-02 -0.59807353E-09  0.54447008E-02 -0.76024130E-09 -0.91352366E-02 -0.20951922E-08
    1    2    0.10862394E-08 -0.49308290E-09 -0.23965672E-02 -0.80205927E-09 -0.23965693E-02  0.11371927E-08
    2    2   -0.66962754E-03 -0.43191894E-09  0.70300120E-03 -0.10823584E-08  0.70300120E-03 -0.10823607E-08
    3    2    0.49120814E-03  0.16176538E-08  0.16240959E-02 -0.83077534E-09 -0.17919922E-02  0.76854072E-09
    4    2    0.49120806E-03 -0.96982314E-09 -0.17919949E-02  0.12697310E-08  0.16240961E-02 -0.22597170E-10
    5    2   -0.49469820E-03  0.80377707E-09 -0.34316135E-02 -0.40781954E-09 -0.34316153E-02 -0.15023007E-10
    6    2   -0.26827742E-02  0.10235148E-08  0.17419086E-02  0.38523025E-10  0.17419090E-02  0.10820998E-08
    7    2   -0.24399507E-03  0.14149249E-09  0.97592003E-03  0.17642588E-08  0.37579514E-04 -0.32506544E-08
    8    2   -0.24399232E-03 -0.32943288E-09  0.37579664E-04 -0.71269601E-09  0.97592011E-03  0.20046371E-08
    1    3   -0.49120900E-03 -0.63344542E-09 -0.17919933E-02  0.15766842E-08  0.16240960E-02 -0.13174061E-08
    2    3   -0.11283491E-02  0.89251243E-09 -0.23554058E-02 -0.34983946E-08  0.96000618E-03  0.27656092E-08
    3    3    0.74434685E-03  0.22201139E-09 -0.53686065E-10 -0.81405274E-09 -0.53686080E-10 -0.81405184E-09
    4    3   -0.19293141E-08  0.87315712E-09  0.27754567E-02 -0.19091553E-08 -0.29743510E-02  0.85442328E-09
    5    3    0.36143473E-04 -0.28229377E-09 -0.29599680E-02  0.55023083E-09  0.47832298E-02 -0.15188000E-08
    6    3    0.33269824E-02 -0.14302041E-08  0.14525881E-02 -0.14721797E-09 -0.15012294E-02  0.68203464E-09
    7    3   -0.87036961E-03 -0.65718892E-09  0.33513603E-02 -0.18614206E-08 -0.48963603E-02  0.10832919E-08
    8    3   -0.80642991E-03  0.90734643E-09  0.20763239E-02  0.13408641E-08 -0.29396605E-02 -0.48773289E-09
    1    4   -0.49121046E-03  0.92225170E-09  0.16240957E-02 -0.19086238E-09 -0.17919934E-02 -0.71884195E-09
    2    4   -0.11283493E-02  0.39589598E-10  0.96000603E-03  0.27122867E-08 -0.23554052E-02 -0.62765418E-09
    3    4    0.74459587E-09  0.96977920E-09 -0.29743516E-02 -0.54298157E-09  0.27754563E-02  0.21397905E-08
    4    4    0.74434728E-03  0.31775527E-10  0.80425489E-09 -0.11865299E-08  0.80425492E-09 -0.11865296E-08
    5    4    0.36140557E-04 -0.11066536E-08  0.47832296E-02 -0.13429779E-08 -0.29599669E-02 -0.11247479E-08
    6    4    0.33269839E-02  0.12061995E-08 -0.15012288E-02  0.23374531E-08  0.14525884E-02 -0.10860838E-08
    7    4   -0.80642792E-03  0.92924634E-09 -0.29396577E-02 -0.19283613E-09  0.20763185E-02  0.11793842E-08
    8    4   -0.87036813E-03 -0.66398842E-09 -0.48963621E-02 -0.81057238E-10  0.33513637E-02  0.78692507E-09
    1    5    0.20501894E-02 -0.32730868E-08  0.29648951E-02 -0.41172869E-09  0.29648969E-02  0.10103376E-08
    2    5   -0.20808682E-04  0.30435725E-08 -0.80181538E-03  0.18905529E-08 -0.80181655E-03  0.46088394E-09
    3    5   -0.11373694E-02 -0.16064944E-08 -0.20204207E-02 -0.14791259E-08 -0.48283592E-03 -0.24704874E-08
    4    5   -0.11373679E-02  0.20564281E-08 -0.48283356E-03  0.11533052E-08 -0.20204199E-02 -0.15301424E-09
    5    5   -0.25957624E-03 -0.10598869E-08 -0.13699499E-03 -0.45139663E-09 -0.13699499E-03 -0.45139663E-09
    6    5   -0.55082207E-03  0.95953923E-09 -0.26969880E-02 -0.11719673E-08 -0.26969880E-02 -0.55459306E-10
    7    5    0.16123270E-02  0.53144990E-09 -0.15005818E-02  0.53430580E-10  0.12340860E-02  0.99900052E-09
    8    5    0.16123248E-02 -0.37404937E-09  0.12340833E-02  0.24710167E-09 -0.15005846E-02 -0.19138329E-08
    1    6   -0.19013700E-02 -0.31445638E-08 -0.81007455E-03  0.32117595E-08 -0.81007525E-03  0.12969781E-08
    2    6    0.91448423E-04  0.29918000E-08 -0.91448960E-04 -0.39471124E-08 -0.91448112E-04 -0.21442120E-08
    3    6    0.81007535E-03 -0.15425327E-08 -0.81007372E-03  0.17065818E-08  0.19013693E-02  0.28861341E-08
    4    6    0.81007487E-03 -0.90659554E-09  0.19013679E-02  0.28772311E-08 -0.81007507E-03  0.35669341E-09
    5    6   -0.24649974E-02  0.33422185E-09 -0.16504286E-02 -0.50409221E-09 -0.16504297E-02 -0.10246480E-08
    6    6   -0.25957758E-03 -0.62733406E-09  0.13699528E-03 -0.49333795E-09  0.13699528E-03 -0.49333926E-09
    7    6    0.79569387E-03  0.13323696E-08 -0.10171592E-02 -0.12796919E-08  0.71933385E-03  0.16477913E-08
    8    6    0.79569274E-03  0.65097261E-09  0.71933495E-03 -0.51288165E-09 -0.10171562E-02  0.48858194E-09
    1    7    0.48283418E-03  0.36083535E-09 -0.20204211E-02 -0.23177684E-08  0.11373667E-02  0.87453994E-09
    2    7    0.80181752E-03 -0.15930082E-08 -0.80181561E-03  0.24135297E-08  0.20809828E-04 -0.32223471E-08
    3    7   -0.29648958E-02  0.30271973E-09  0.29648948E-02 -0.51996255E-09 -0.20501874E-02  0.38794310E-08
    4    7    0.20204213E-02 -0.42039130E-10 -0.48283558E-03  0.83275616E-09  0.11373684E-02 -0.18912134E-08
    5    7    0.17248076E-02  0.14480161E-08  0.40400901E-03 -0.29784708E-08 -0.13324853E-02  0.20624012E-08
    6    7   -0.17422819E-02 -0.18402383E-10  0.13587547E-02 -0.63110274E-09 -0.13759149E-02 -0.34132577E-10
    7    7   -0.28664377E-03 -0.53860288E-09  0.41054926E-09  0.17092965E-09  0.41054924E-09  0.17093218E-09
    8    7   -0.68447664E-03 -0.21142670E-09 -0.26868832E-02  0.11396630E-08  0.30418919E-02 -0.13628117E-09
    1    8    0.48283545E-03  0.27384631E-08  0.11373679E-02  0.16703885E-08 -0.20204210E-02 -0.16942431E-09
    2    8    0.80181581E-03 -0.19531822E-08  0.20808646E-04 -0.47713753E-08 -0.80181754E-03  0.77321113E-09
    3    8    0.20204209E-02 -0.77956426E-10  0.11373686E-02  0.19497421E-08 -0.48283526E-03 -0.21666130E-08
    4    8   -0.29648965E-02 -0.26880697E-08 -0.20501880E-02 -0.11163223E-08  0.29648958E-02  0.30592240E-08
    5    8    0.17248112E-02  0.28600910E-08 -0.13324840E-02  0.35873336E-08  0.40401017E-03 -0.56963464E-09
    6    8   -0.17422826E-02  0.43431047E-09 -0.13759141E-02 -0.43032406E-09  0.13587551E-02 -0.43987827E-10
    7    8   -0.68447905E-03 -0.13530913E-08  0.30418911E-02 -0.22436460E-08 -0.26868839E-02  0.31290290E-10
    8    8   -0.28664523E-03  0.40139043E-09  0.45110869E-09 -0.20319830E-09  0.45110868E-09 -0.20319723E-09

   -2    0    0
    1    1    0.50711556E-03  0.11072702E-15 -0.13381252E-02  0.11167440E-15  0.50711556E-03  0.11072702E-15
    2    1   -0.22724107E-01  0.71296147E-09  0.34085040E-02 -0.30611513E-09  0.21165010E-01  0.52655444E-09
    3    1   -0.26430723E-02  0.27567576E-08 -0.50271704E-02 -0.12355962E-08 -0.26430743E-02 -0.17904828E-08
    4    1    0.21165009E-01 -0.29525974E-08  0.34085052E-02 -0.20660993E-08 -0.22724106E-01  0.16065467E-08
    5    1    0.14377804E-02  0.25865866E-10 -0.30923981E-03  0.25915665E-08  0.14377809E-02  0.30782911E-09
    6    1    0.25453735E-03 -0.13614722E-08 -0.20953255E-02 -0.15503054E-08 -0.68380416E-03 -0.95869815E-09
    7    1   -0.11774965E-03 -0.87652827E-09  0.27370929E-02 -0.55059245E-09 -0.11774829E-03 -0.98679393E-09
    8    1   -0.68380244E-03  0.22204477E-10 -0.20953250E-02  0.81558397E-09  0.25453667E-03  0.10243231E-08
    1    2    0.21165010E-01 -0.52655406E-09  0.45268893E-02  0.17219124E-09 -0.22724107E-01 -0.71296109E-09
    2    2   -0.12103461E-08  0.11042817E-15 -0.16349437E-01  0.63378394E-16 -0.12103462E-08  0.54825904E-16
    3    2    0.22419101E-01 -0.27900622E-08  0.61904839E-02  0.21025216E-08 -0.21470016E-01  0.20336296E-08
    4    2   -0.27349237E-01  0.15676483E-09  0.12441455E-04 -0.28327080E-09  0.25508601E-01  0.25465953E-08
    5    2    0.25110253E-02  0.48485890E-09  0.23811986E-02 -0.84341572E-09 -0.44279364E-03 -0.28769415E-08
    6    2    0.36921960E-02 -0.31310158E-08 -0.14353508E-02  0.48471839E-09 -0.45555263E-02  0.32348748E-08
    7    2   -0.45715951E-02  0.21561106E-08 -0.19168285E-02  0.19985945E-09  0.31716006E-02  0.15775461E-08
    8    2    0.32361175E-02  0.57900531E-09  0.26060630E-02 -0.77846969E-09 -0.17798619E-02 -0.23399280E-08
    1    3   -0.26430743E-02  0.17904825E-08 -0.50271682E-02  0.73229528E-09 -0.26430723E-02 -0.27567579E-08
    2    3   -0.21470016E-01 -0.20336293E-08  0.50720970E-02 -0.49828022E-09  0.22419101E-01  0.27900625E-08
    3    3   -0.50711695E-03  0.54527052E-16 -0.13381223E-02  0.11167440E-15 -0.50711695E-03  0.54527053E-16
    4    3    0.22419105E-01 -0.20288446E-08  0.50720959E-02 -0.64708817E-10 -0.21470013E-01  0.91142203E-09
    5    3   -0.38245256E-02  0.11787560E-08 -0.84206149E-02 -0.76152705E-09 -0.38245252E-02 -0.45365446E-09
    6    3   -0.73091120E-02  0.21676160E-08  0.64223603E-02 -0.15852797E-09  0.72708322E-02 -0.25780206E-09
    7    3    0.10358200E-02 -0.16794038E-08 -0.31155863E-02 -0.17613823E-09  0.10358197E-02  0.10575122E-09
    8    3    0.72708298E-02 -0.10965735E-08  0.64223626E-02  0.20975188E-08 -0.73091146E-02  0.16224884E-08
    1    4   -0.22724106E-01 -0.16065480E-08  0.45268882E-02 -0.29343339E-08  0.21165009E-01  0.29525962E-08
    2    4    0.25508601E-01 -0.25465937E-08  0.12441769E-04  0.18382545E-08 -0.27349237E-01 -0.15676325E-09
    3    4   -0.21470013E-01 -0.91142348E-09  0.61904817E-02 -0.19931456E-08  0.22419105E-01  0.20288432E-08
    4    4   -0.28716691E-08  0.54825904E-16 -0.16349435E-01  0.63378394E-16 -0.28716691E-08  0.11042817E-15
    5    4   -0.44279437E-03 -0.65008862E-09  0.23811988E-02 -0.16379459E-08  0.25110236E-02  0.29101963E-08
    6    4   -0.17798634E-02 -0.40779913E-10  0.26060648E-02  0.88118121E-09  0.32361177E-02 -0.14303941E-08
    7    4    0.31716022E-02  0.11923607E-08 -0.19168286E-02  0.12191595E-08 -0.45715937E-02 -0.89481619E-09
    8    4   -0.45555265E-02 -0.13802509E-08 -0.14353517E-02 -0.84864992E-09  0.36921965E-02 -0.69986342E-09
    1    5    0.14377809E-02 -0.30782848E-09 -0.16642521E-02  0.18214718E-08  0.14377804E-02 -0.25865233E-10
    2    5   -0.44279364E-03  0.28769416E-08  0.25054652E-02 -0.17579032E-08  0.25110253E-02 -0.48485874E-09
    3    5   -0.38245252E-02  0.45365408E-09 -0.98580593E-02 -0.76722236E-09 -0.38245256E-02 -0.11787564E-08
    4    5    0.25110236E-02 -0.29101953E-08  0.25054661E-02 -0.29052443E-08 -0.44279437E-03  0.65008958E-09
    5    5   -0.41572676E-03  0.14552502E-16  0.44902427E-02  0.13943802E-16 -0.41572676E-03  0.14552502E-16
    6    5    0.15537168E-01  0.17564362E-08 -0.72135989E-02  0.29829164E-09 -0.14947021E-01 -0.14753271E-08
    7    5    0.98889400E-09 -0.20738041E-08  0.85006689E-02 -0.94393912E-09  0.12946221E-09 -0.94238360E-10
    8    5   -0.14947020E-01 -0.20412638E-09 -0.72135994E-02 -0.22758860E-08  0.15537169E-01  0.18121138E-08
    1    6   -0.68380416E-03  0.95869662E-09 -0.42830316E-02  0.90790737E-09  0.25453735E-03  0.13614706E-08
    2    6   -0.45555263E-02 -0.32348759E-08  0.36681576E-02  0.11407716E-08  0.36921960E-02  0.31310147E-08
    3    6    0.72708322E-02  0.25779982E-09 -0.11036978E-02 -0.91216480E-10 -0.73091120E-02 -0.21676183E-08
    4    6    0.32361177E-02  0.14303915E-08  0.20955155E-02  0.78668975E-09 -0.17798634E-02  0.40777287E-10
    5    6   -0.14947021E-01  0.14753268E-08 -0.38997641E-02 -0.14223353E-08  0.15537168E-01 -0.17564365E-08
    6    6   -0.44876985E-09  0.14068304E-16  0.12546715E-01 -0.23214265E-16 -0.44876984E-09 -0.14068305E-16
    7    6   -0.15537168E-01  0.84649081E-10 -0.38997660E-02  0.27991957E-09  0.14947024E-01 -0.10224834E-08
    8    6    0.52680848E-01 -0.45616524E-08 -0.47211345E-02  0.14862462E-08 -0.52680849E-01  0.56385866E-08
    1    7   -0.11774829E-03  0.98679556E-09  0.68445243E-02 -0.11630460E-08 -0.11774965E-03  0.87652991E-09
    2    7    0.31716006E-02 -0.15775453E-08 -0.46921190E-02  0.13558557E-08 -0.45715951E-02 -0.21561097E-08
    3    7    0.10358197E-02 -0.10575060E-09  0.35087366E-02 -0.10473187E-08  0.10358200E-02  0.16794045E-08
    4    7   -0.45715937E-02  0.89481831E-09 -0.46921201E-02  0.64578533E-09  0.31716022E-02 -0.11923585E-08
    5    7    0.12946346E-09  0.94238045E-10  0.85006679E-02 -0.89623487E-09  0.98889521E-09  0.20738037E-08
    6    7    0.14947024E-01  0.10224824E-08 -0.72136010E-02 -0.37520389E-09 -0.15537168E-01 -0.84650137E-10
    7    7    0.41572311E-03 -0.14552501E-16  0.44902453E-02  0.13943806E-16  0.41572311E-03 -0.14552502E-16
    8    7   -0.15537170E-01 -0.12503775E-08 -0.72136000E-02 -0.80900445E-09  0.14947020E-01 -0.19858628E-08
    1    8    0.25453667E-03 -0.10243227E-08 -0.42830304E-02 -0.13743927E-08 -0.68380244E-03 -0.22204111E-10
    2    8   -0.17798619E-02  0.23399283E-08  0.20955167E-02 -0.77119760E-09  0.32361175E-02 -0.57900502E-09
    3    8   -0.73091146E-02 -0.16224887E-08 -0.11036994E-02  0.14410227E-08  0.72708298E-02  0.10965732E-08
    4    8    0.36921965E-02  0.69986404E-09  0.36681590E-02  0.15886356E-08 -0.45555265E-02  0.13802515E-08
    5    8    0.15537169E-01 -0.18121136E-08 -0.38997644E-02 -0.12610212E-08 -0.14947020E-01  0.20412655E-09
    6    8   -0.52680849E-01 -0.56385848E-08 -0.47211348E-02 -0.16178983E-08  0.52680848E-01  0.45616541E-08
    7    8    0.14947020E-01  0.19858616E-08 -0.38997663E-02 -0.58244117E-09 -0.15537170E-01  0.12503764E-08
    8    8    0.51240881E-10 -0.14068306E-16  0.12546715E-01 -0.23214264E-16  0.51240849E-10  0.14068305E-16

   -2    0    1
    1    1   -0.43395693E-03 -0.38650115E-09 -0.43395632E-03 -0.12648395E-08  0.64864090E-03 -0.11981558E-08
    2    1   -0.12403896E-02  0.11059378E-08  0.18653364E-01  0.50744777E-09 -0.12558952E-01  0.48039039E-09
    3    1    0.18653367E-01 -0.42608200E-09 -0.12403898E-02 -0.91568591E-09 -0.12558950E-01  0.46846276E-09
    4    1   -0.13061989E-01  0.39605433E-10 -0.13061988E-01  0.70015262E-09  0.22480816E-01  0.23308805E-09
    5    1    0.51715699E-03 -0.80234964E-09  0.51715752E-03 -0.14056801E-09 -0.45783916E-02 -0.37737098E-08
    6    1    0.79813860E-03  0.12150144E-08 -0.71294188E-03  0.16804404E-08  0.44817728E-02 -0.61822926E-09
    7    1   -0.71294210E-03  0.21727916E-08  0.79813953E-03  0.49106344E-09  0.44817708E-02  0.19538678E-08
    8    1   -0.44075998E-02 -0.13725189E-08 -0.44075998E-02 -0.15036901E-08  0.30075322E-02  0.40594153E-08
    1    2   -0.38865602E-03 -0.28531078E-09 -0.52258547E-02  0.20961474E-09  0.92987116E-02  0.11960281E-08
    2    2    0.39654457E-02  0.50551461E-09  0.28909790E-02  0.46818947E-09  0.23413833E-02  0.57622906E-09
    3    2   -0.57498240E-02 -0.35708164E-09 -0.34246626E-03 -0.24534012E-09  0.21178545E-02 -0.10538263E-08
    4    2    0.35699206E-03  0.45543931E-09  0.76400993E-02 -0.11456242E-08 -0.72257461E-02 -0.26179837E-08
    5    2    0.21780703E-02  0.89700603E-09 -0.20474074E-02  0.28766293E-08  0.31473078E-02  0.16019235E-08
    6    2    0.73378355E-04 -0.80928151E-09 -0.57735985E-03  0.62921140E-09 -0.56729064E-02 -0.23480833E-08
    7    2    0.19955231E-02 -0.46435042E-09 -0.71886606E-03 -0.25615135E-08  0.29647675E-02  0.16656674E-08
    8    2   -0.49179178E-02  0.46612417E-09 -0.29094471E-02  0.30054329E-09  0.45056812E-02 -0.65082119E-09
    1    3   -0.52258542E-02  0.15551507E-08 -0.38865601E-03 -0.10426398E-08  0.92987125E-02  0.19615930E-08
    2    3   -0.34246557E-03 -0.53067208E-09 -0.57498234E-02  0.51697618E-09  0.21178543E-02 -0.25474653E-08
    3    3    0.28909764E-02 -0.23023880E-08  0.39654449E-02  0.22316166E-08  0.23413810E-02 -0.40293534E-09
    4    3    0.76400994E-02 -0.12760757E-10  0.35698985E-03  0.21492627E-08 -0.72257484E-02  0.33632646E-09
    5    3   -0.20474051E-02  0.19757226E-08  0.21780714E-02 -0.21718757E-08  0.31473125E-02 -0.29428857E-09
    6    3   -0.71886681E-03 -0.64028365E-10  0.19955241E-02  0.16196059E-08  0.29647630E-02 -0.39721080E-09
    7    3   -0.57736094E-03 -0.10165775E-08  0.73378515E-04  0.18403275E-08 -0.56729090E-02 -0.19329403E-08
    8    3   -0.29094472E-02 -0.61557224E-09 -0.49179203E-02 -0.16979707E-08  0.45056831E-02  0.16144669E-08
    1    4    0.52914916E-02 -0.11703441E-08  0.52914919E-02  0.57958340E-09 -0.62772064E-02 -0.98418871E-09
    2    4   -0.33028476E-02  0.83020699E-09  0.29238028E-03  0.24982964E-09  0.22536969E-02 -0.25594400E-08
    3    4    0.29237989E-03  0.16393390E-08 -0.33028491E-02  0.62962455E-09  0.22536941E-02 -0.15455909E-09
    4    4    0.21234551E-02  0.11691636E-08  0.21234551E-02  0.43131635E-09  0.15248924E-02  0.56799599E-09
    5    4    0.79935389E-03 -0.11549482E-08  0.79935514E-03 -0.31238587E-09 -0.61244946E-03  0.16295470E-08
    6    4   -0.19879724E-02  0.50856015E-10 -0.10757326E-02 -0.29456553E-08 -0.24875373E-02  0.33069287E-08
    7    4   -0.10757295E-02 -0.38726718E-09 -0.19879718E-02  0.87957863E-09 -0.24875361E-02 -0.13169043E-08
    8    4    0.70423584E-02  0.19150588E-08  0.70423591E-02  0.18621323E-08 -0.14102210E-02 -0.20873611E-08
    1    5    0.29101203E-02  0.12721296E-08  0.29101212E-02  0.14578320E-08 -0.11476552E-01 -0.12303867E-08
    2    5   -0.21972167E-02 -0.98685576E-09  0.37482043E-02  0.61667901E-09  0.91036353E-03  0.10292202E-08
    3    5    0.37482078E-02  0.21061549E-09 -0.21972143E-02 -0.17732403E-09  0.91036679E-03 -0.60940450E-10
    4    5   -0.38523525E-02  0.69143703E-09 -0.38523534E-02 -0.15883114E-08  0.83149979E-02  0.71554191E-09
    5    5    0.54292368E-03 -0.41308387E-09  0.54292396E-03 -0.32377270E-09 -0.81433361E-03 -0.55006710E-09
    6    5   -0.77530178E-03 -0.18747980E-09 -0.36333119E-03 -0.11215183E-09  0.55233908E-02 -0.34522163E-10
    7    5   -0.36333112E-03  0.11870214E-08 -0.77530329E-03 -0.12060053E-08  0.55233890E-02  0.79323675E-09
    8    5    0.20758711E-02 -0.17084675E-08  0.20758713E-02  0.42975051E-09 -0.85330964E-02  0.97833937E-09
    1    6   -0.10927629E-02 -0.49928449E-09  0.32508169E-02  0.22076775E-09  0.27976210E-04 -0.21827251E-08
    2    6   -0.10022009E-02  0.25569299E-09 -0.14663587E-02  0.50870441E-09 -0.80039376E-04 -0.18835377E-08
    3    6    0.68455104E-04  0.50862933E-10 -0.23116760E-03 -0.53438316E-09 -0.17855361E-02  0.81017519E-09
    4    6    0.19936856E-02 -0.10498111E-08 -0.30657588E-02  0.88459406E-09  0.68992547E-03  0.23095201E-08
    5    6   -0.21992769E-02  0.11194890E-08  0.89585029E-02 -0.10698849E-08 -0.49855097E-02 -0.12354701E-08
    6    6   -0.31353912E-02  0.16554917E-08 -0.22538150E-03 -0.20960262E-08 -0.69755519E-03 -0.23007469E-09
    7    6   -0.49914233E-02 -0.26158162E-08 -0.11544348E-05  0.17117064E-08  0.56355284E-02  0.13558844E-08
    8    6    0.61782242E-02 -0.16253554E-08 -0.90076135E-02  0.31677143E-09  0.53942206E-02  0.99948201E-09
    1    7    0.32508185E-02 -0.68847270E-10 -0.10927611E-02  0.14089642E-08  0.27975825E-04 -0.16710220E-08
    2    7   -0.23116403E-03  0.10581045E-08  0.68453513E-04 -0.14207594E-08 -0.17855341E-02  0.12245880E-08
    3    7   -0.14663618E-02  0.66604570E-09 -0.10022007E-02  0.77283098E-09 -0.80040570E-04 -0.11130992E-08
    4    7   -0.30657617E-02 -0.13579096E-08  0.19936862E-02 -0.28185796E-08  0.68992553E-03  0.13631549E-08
    5    7    0.89585053E-02 -0.42351683E-11 -0.21992768E-02  0.22919109E-08 -0.49855092E-02  0.11775353E-09
    6    7   -0.11583808E-05 -0.87971614E-09 -0.49914226E-02 -0.13836068E-08  0.56355280E-02  0.13485592E-08
    7    7   -0.22538256E-03 -0.71900971E-10 -0.31353926E-02 -0.62668639E-09 -0.69755653E-03 -0.19007639E-09
    8    7   -0.90076133E-02  0.22376884E-08  0.61782244E-02  0.16847620E-08  0.53942199E-02 -0.21752074E-08
    1    8   -0.79346078E-02 -0.11302158E-08 -0.79346086E-02 -0.28853175E-08  0.98413216E-02  0.31426438E-08
    2    8    0.46910691E-02 -0.59446831E-09 -0.16139713E-02  0.19024365E-08 -0.13431339E-04  0.87441763E-09
    3    8   -0.16139723E-02 -0.10666812E-09  0.46910696E-02 -0.13093642E-08 -0.13431584E-04  0.35942136E-09
    4    8    0.62132111E-02  0.28737795E-08  0.62132100E-02  0.33659275E-08 -0.10597576E-01 -0.43934813E-08
    5    8   -0.16353755E-01 -0.20091688E-08 -0.16353756E-01 -0.25620065E-08  0.22179196E-01  0.25098529E-08
    6    8    0.88349830E-02  0.19939853E-08  0.16246232E-01  0.26331971E-08 -0.12349154E-01 -0.29509150E-08
    7    8    0.16246231E-01  0.27771269E-08  0.88349806E-02  0.21486367E-08 -0.12349152E-01 -0.35060302E-08
    8    8   -0.46286432E-02  0.60440227E-09 -0.46286427E-02 -0.88914610E-09 -0.41511426E-02 -0.14404776E-09

   -2    0    2
    1    1   -0.13381240E-02  0.72239625E-24  0.50711461E-03  0.24556905E-18  0.50711461E-03 -0.24556773E-18
    2    1   -0.50271686E-02 -0.10244951E-08 -0.26430705E-02 -0.14384470E-08 -0.26430722E-02  0.13823823E-09
    3    1    0.34085034E-02 -0.42587449E-09 -0.22724104E-01  0.20287330E-08  0.21165007E-01 -0.23695914E-08
    4    1    0.34085043E-02 -0.14299882E-10  0.21165007E-01 -0.19117130E-08 -0.22724104E-01  0.35166453E-08
    5    1   -0.30923983E-03  0.14205843E-08  0.14377788E-02  0.15166389E-08  0.14377807E-02 -0.26526534E-09
    6    1    0.27370919E-02 -0.54558285E-09 -0.11774897E-03 -0.12669450E-08 -0.11774678E-03 -0.18679039E-08
    7    1   -0.20953253E-02 -0.44028187E-09  0.25453792E-03 -0.82208755E-09 -0.68380405E-03  0.92339587E-09
    8    1   -0.20953253E-02 -0.26676687E-09 -0.68380266E-03  0.44772704E-09  0.25453574E-03  0.10727839E-09
    1    2   -0.50271696E-02 -0.34219156E-09 -0.26430722E-02 -0.13823786E-09 -0.26430705E-02  0.14384496E-08
    2    2   -0.13381210E-02  0.29453841E-25 -0.50711989E-03  0.93380790E-18 -0.50711989E-03 -0.93380826E-18
    3    2    0.50720975E-02 -0.10918219E-08 -0.21470013E-01 -0.27301552E-09  0.22419100E-01  0.29521275E-09
    4    2    0.50720961E-02  0.51814783E-09  0.22419099E-01 -0.51953882E-09 -0.21470013E-01 -0.30273519E-08
    5    2   -0.84206173E-02 -0.93921460E-09 -0.38245205E-02  0.16409314E-08 -0.38245216E-02  0.15133272E-08
    6    2   -0.31155852E-02 -0.18249604E-08  0.10358182E-02  0.20476521E-08  0.10358180E-02 -0.18469331E-08
    7    2    0.64223611E-02  0.18935117E-08 -0.73091140E-02 -0.91683414E-09  0.72708289E-02 -0.37373475E-09
    8    2    0.64223622E-02  0.64080753E-09  0.72708304E-02 -0.15735614E-08 -0.73091119E-02  0.11350943E-08
    1    3    0.45268882E-02  0.12194623E-08  0.21165007E-01  0.23695910E-08 -0.22724104E-01 -0.20287354E-08
    2    3    0.61904798E-02 -0.16384659E-08  0.22419100E-01 -0.29521032E-09 -0.21470013E-01  0.27301600E-09
    3    3   -0.16349433E-01 -0.62941279E-19  0.84616954E-09 -0.21694496E-18  0.84616864E-09 -0.99675018E-18
    4    3    0.12442069E-04 -0.13646626E-08 -0.27349235E-01 -0.71737613E-09  0.25508601E-01  0.81882945E-09
    5    3    0.23811989E-02  0.39756651E-09  0.25110219E-02  0.11841890E-08 -0.44279770E-03 -0.25552036E-08
    6    3   -0.19168272E-02  0.25858330E-08 -0.45715935E-02 -0.10082524E-08  0.31716036E-02  0.28120700E-08
    7    3   -0.14353501E-02 -0.15523506E-08  0.36921966E-02  0.94941194E-09 -0.45555256E-02 -0.69898711E-09
    8    3    0.26060623E-02  0.60298224E-10  0.32361168E-02 -0.42096909E-09 -0.17798617E-02  0.22435130E-09
    1    4    0.45268902E-02 -0.26396357E-09 -0.22724104E-01 -0.35166467E-08  0.21165007E-01  0.19117116E-08
    2    4    0.61904814E-02  0.11337372E-08 -0.21470013E-01  0.30273542E-08  0.22419099E-01  0.51953941E-09
    3    4    0.12440247E-04 -0.20460992E-08  0.25508601E-01 -0.81883065E-09 -0.27349235E-01  0.71737462E-09
    4    4   -0.16349437E-01  0.62942385E-19 -0.20100908E-08  0.99675057E-18 -0.20100912E-08  0.21694555E-18
    5    4    0.23812009E-02 -0.93133868E-09 -0.44279399E-03 -0.28632281E-08  0.25110242E-02  0.45850088E-09
    6    4   -0.19168284E-02 -0.11833752E-08  0.31716026E-02  0.15530640E-09 -0.45715953E-02  0.76473255E-09
    7    4    0.26060617E-02  0.81132403E-09 -0.17798615E-02  0.87321716E-09  0.32361153E-02 -0.27061930E-09
    8    4   -0.14353494E-02  0.19187152E-09 -0.45555284E-02  0.34554354E-09  0.36921984E-02 -0.45380058E-09
    1    5   -0.16642502E-02 -0.10825541E-08  0.14377807E-02  0.26526595E-09  0.14377788E-02 -0.15166382E-08
    2    5   -0.98580568E-02 -0.74247230E-09 -0.38245216E-02 -0.15133283E-08 -0.38245205E-02 -0.16409312E-08
    3    5    0.25054635E-02  0.99981987E-09 -0.44279770E-03  0.25552053E-08  0.25110219E-02 -0.11841894E-08
    4    5    0.25054650E-02 -0.76494418E-09  0.25110242E-02 -0.45850058E-09 -0.44279399E-03  0.28632290E-08
    5    5    0.44902444E-02  0.15425816E-24 -0.41572656E-03 -0.46661998E-18 -0.41572656E-03  0.46662032E-18
    6    5    0.85006663E-02  0.24393069E-08  0.15628833E-08 -0.84291949E-09  0.65213225E-09  0.24199321E-09
    7    5   -0.72135986E-02 -0.19167565E-08  0.15537168E-01  0.70774552E-09 -0.14947019E-01 -0.32044118E-09
    8    5   -0.72136003E-02 -0.17516704E-08 -0.14947019E-01  0.16995407E-08  0.15537167E-01 -0.24844025E-08
    1    6    0.68445240E-02  0.17919985E-08 -0.11774678E-03  0.18679024E-08 -0.11774897E-03  0.12669442E-08
    2    6    0.35087364E-02 -0.15277200E-08  0.10358180E-02  0.18469300E-08  0.10358182E-02 -0.20476510E-08
    3    6   -0.46921198E-02  0.65739595E-09  0.31716036E-02 -0.28120709E-08 -0.45715935E-02  0.10082510E-08
    4    6   -0.46921195E-02  0.33672850E-09 -0.45715953E-02 -0.76473452E-09  0.31716026E-02 -0.15530672E-09
    5    6    0.85006682E-02 -0.52525709E-09  0.65213013E-09 -0.24199351E-09  0.15628833E-08  0.84292024E-09
    6    6    0.44902442E-02 -0.21913950E-24  0.41571992E-03 -0.82608925E-18  0.41571992E-03  0.82608902E-18
    7    6   -0.72136002E-02  0.14647818E-08  0.14947021E-01  0.23495763E-08 -0.15537165E-01 -0.46965582E-08
    8    6   -0.72136009E-02 -0.31204906E-09 -0.15537164E-01 -0.84775066E-10  0.14947018E-01  0.13832307E-08
    1    7   -0.42830315E-02  0.21548684E-09 -0.68380405E-03 -0.92339427E-09  0.25453792E-03  0.82208750E-09
    2    7   -0.11037000E-02  0.24874699E-08  0.72708289E-02  0.37373425E-09 -0.73091140E-02  0.91683298E-09
    3    7    0.36681589E-02 -0.19016112E-08 -0.45555256E-02  0.69898974E-09  0.36921966E-02 -0.94941296E-09
    4    7    0.20955164E-02  0.13989317E-09  0.32361153E-02  0.27062076E-09 -0.17798615E-02 -0.87321702E-09
    5    7   -0.38997644E-02 -0.24633017E-09 -0.14947019E-01  0.32044083E-09  0.15537168E-01 -0.70774592E-09
    6    7   -0.38997633E-02 -0.36247360E-08 -0.15537165E-01  0.46965582E-08  0.14947021E-01 -0.23495751E-08
    7    7    0.12546714E-01 -0.56469976E-18 -0.18846909E-08 -0.39934187E-18 -0.18846934E-08  0.26138979E-18
    8    7   -0.47211336E-02  0.20280945E-08  0.52680844E-01 -0.15846739E-08 -0.52680844E-01  0.21968536E-08
    1    8   -0.42830323E-02 -0.13405620E-08  0.25453574E-03 -0.10727805E-09 -0.68380266E-03 -0.44772583E-09
    2    8   -0.11037003E-02 -0.70777053E-10 -0.73091119E-02 -0.11350959E-08  0.72708304E-02  0.15735614E-08
    3    8    0.20955185E-02 -0.40280141E-09 -0.17798617E-02 -0.22435030E-09  0.32361168E-02  0.42096966E-09
    4    8    0.36681599E-02  0.86625673E-09  0.36921984E-02  0.45380186E-09 -0.45555284E-02 -0.34554321E-09
    5    8   -0.38997664E-02  0.51741714E-09  0.15537167E-01  0.24844027E-08 -0.14947019E-01 -0.16995416E-08
    6    8   -0.38997653E-02 -0.21393604E-08  0.14947018E-01 -0.13832308E-08 -0.15537164E-01  0.84776370E-10
    7    8   -0.47211323E-02 -0.12442257E-08 -0.52680844E-01 -0.21968524E-08  0.52680844E-01  0.15846718E-08
    8    8    0.12546714E-01  0.56469976E-18 -0.91196588E-09 -0.26138942E-18 -0.91196695E-09  0.39934173E-18

   -2    1   -1
    1    1   -0.70300015E-03  0.25567029E-09 -0.66962646E-03 -0.23738703E-09 -0.70300015E-03  0.25567020E-09
    2    1    0.14077281E-02  0.28984737E-08 -0.41968152E-03  0.20683124E-08 -0.20083628E-02  0.61115730E-09
    3    1   -0.98473281E-09 -0.22942124E-08 -0.93023757E-04 -0.10612626E-08 -0.30491490E-09  0.67405470E-09
    4    1   -0.20083620E-02  0.72728492E-09 -0.41968082E-03  0.49041670E-09  0.14077279E-02 -0.42273391E-09
    5    1   -0.92241423E-04 -0.15659322E-08 -0.12902290E-02 -0.16708651E-08 -0.92241719E-04 -0.17470542E-08
    6    1    0.23539605E-02 -0.65082542E-09 -0.30605305E-03 -0.11779739E-08 -0.80382953E-03  0.26326512E-08
    7    1   -0.70246768E-03 -0.24110722E-08  0.11979188E-02  0.25523922E-09 -0.70246899E-03 -0.41086277E-08
    8    1   -0.80382913E-03  0.15669011E-08 -0.30605469E-03  0.59062690E-09  0.23539637E-02  0.14050447E-08
    1    2   -0.15495481E-02  0.69845258E-09 -0.21404552E-02 -0.93348624E-09  0.17658655E-02 -0.32598309E-09
    2    2    0.70320014E-09 -0.86174008E-09  0.74434771E-03  0.78054038E-10  0.70320006E-09 -0.86174015E-09
    3    2   -0.14077257E-02  0.20896385E-08 -0.87132100E-03 -0.10476924E-09  0.20083613E-02  0.11612382E-08
    4    2    0.28749035E-02 -0.20767702E-08  0.15127569E-02  0.15287256E-09 -0.28749046E-02 -0.73723512E-10
    5    2    0.10732211E-02  0.18322195E-08  0.33411862E-04 -0.32087925E-09 -0.46436406E-03  0.21731323E-08
    6    2   -0.25578016E-02 -0.25874383E-08  0.12592915E-02 -0.11191151E-09  0.24572775E-02 -0.12732056E-08
    7    2    0.11152813E-02 -0.57412547E-08  0.30422944E-03 -0.96576925E-09 -0.15961600E-02 -0.27103849E-08
    8    2   -0.66282559E-03  0.32057610E-08 -0.17026383E-02  0.49452352E-09  0.95738072E-03 -0.69602518E-09
    1    3    0.13364528E-08 -0.11208845E-08  0.21761652E-02 -0.82581460E-10 -0.19695188E-09  0.56169536E-09
    2    3    0.15495433E-02  0.13907157E-08 -0.63168920E-03 -0.12778460E-08 -0.17658639E-02  0.98592225E-10
    3    3    0.70300133E-03 -0.63278573E-10 -0.66962739E-03 -0.42025794E-09  0.70300133E-03 -0.63278562E-10
    4    3   -0.17658625E-02  0.20098137E-08 -0.63168977E-03  0.28267521E-09  0.15495469E-02 -0.80690288E-09
    5    3    0.92264487E-03 -0.75810292E-09  0.90614601E-03  0.77391568E-09  0.92264296E-03  0.77705047E-10
    6    3    0.26033853E-04  0.47190274E-09 -0.81308461E-03  0.68085775E-09 -0.79658947E-03 -0.19266210E-08
    7    3   -0.74707282E-03  0.36543020E-08  0.16089898E-02  0.22554463E-08 -0.74707260E-03  0.20024076E-08
    8    3   -0.79659177E-03 -0.19908797E-08 -0.81308577E-03 -0.19641812E-08  0.26033379E-04  0.17532717E-08
    1    4    0.17658626E-02 -0.88926859E-09 -0.21404543E-02  0.11023542E-08 -0.15495510E-02 -0.23349475E-08
    2    4   -0.28749012E-02 -0.14573142E-08  0.15127556E-02 -0.10600503E-08  0.28749034E-02  0.65967222E-09
    3    4    0.20083612E-02  0.30871689E-08 -0.87131912E-03  0.14611905E-08 -0.14077265E-02 -0.52697936E-09
    4    4    0.43567755E-09  0.54510921E-09  0.74434777E-03  0.50602436E-09  0.43567770E-09  0.54510907E-09
    5    4   -0.46436494E-03  0.13003720E-11  0.33411456E-04  0.24883863E-09  0.10732218E-02 -0.17769438E-09
    6    4    0.95737870E-03  0.31665948E-08 -0.17026371E-02  0.37239359E-09 -0.66282387E-03  0.10541800E-08
    7    4   -0.15961616E-02 -0.29335899E-08  0.30422835E-03 -0.16437597E-08  0.11152812E-02 -0.30611077E-08
    8    4    0.24572808E-02 -0.24059025E-08  0.12592931E-02  0.32748892E-09 -0.25578060E-02 -0.60671116E-09
    1    5   -0.10358169E-02  0.50802042E-09  0.35087391E-02 -0.74494807E-09 -0.10358152E-02  0.14902272E-08
    2    5    0.45715944E-02  0.19163902E-08 -0.46921201E-02  0.16138133E-08 -0.31716040E-02  0.96051252E-09
    3    5    0.11774729E-03 -0.21349024E-08  0.68445259E-02 -0.12295645E-09  0.11774697E-03  0.22321786E-09
    4    5   -0.31716047E-02  0.13509439E-08 -0.46921222E-02  0.12423985E-08  0.45715935E-02 -0.11107246E-08
    5    5   -0.13699402E-03  0.14275979E-09 -0.25957666E-03  0.70214556E-09 -0.13699402E-03  0.14275980E-09
    6    5   -0.71933798E-03 -0.32076480E-08  0.79569285E-03 -0.19617354E-09  0.10171578E-02  0.14988965E-08
    7    5    0.16504320E-02  0.22237860E-08 -0.24649983E-02 -0.33186740E-09  0.16504308E-02  0.66729902E-09
    8    5    0.10171589E-02  0.10661430E-08  0.79569415E-03  0.15864119E-08 -0.71933525E-03 -0.46409834E-09
    1    6    0.73091097E-02  0.37558191E-09 -0.11037007E-02 -0.77783406E-09 -0.72708336E-02  0.22285852E-08
    2    6   -0.36921957E-02 -0.80097935E-09  0.36681593E-02  0.54102949E-09  0.45555265E-02 -0.13335380E-09
    3    6   -0.25453643E-03 -0.96290109E-10 -0.42830345E-02 -0.10115348E-08  0.68380571E-03 -0.25872533E-08
    4    6    0.17798613E-02  0.12869667E-08  0.20955184E-02 -0.11966896E-08 -0.32361181E-02 -0.58367096E-09
    5    6    0.13759134E-02 -0.46656431E-09 -0.17422802E-02  0.40769984E-09 -0.13587538E-02  0.23502101E-08
    6    6    0.13296706E-09 -0.88170451E-09 -0.28664269E-03 -0.71446141E-09  0.13296708E-09 -0.88170455E-09
    7    6    0.13324820E-02  0.15214881E-08  0.17248100E-02  0.17856086E-08 -0.40400980E-03  0.10519214E-08
    8    6   -0.30418878E-02 -0.11122488E-08 -0.68448013E-03  0.12506218E-09  0.26868835E-02  0.41318263E-11
    1    7    0.38245213E-02 -0.12273575E-08 -0.98580574E-02  0.23073775E-09  0.38245226E-02 -0.77555277E-09
    2    7   -0.25110223E-02 -0.13060686E-09  0.25054655E-02 -0.75894857E-09  0.44279387E-03  0.16993065E-09
    3    7   -0.14377803E-02  0.20794003E-08 -0.16642507E-02  0.20817659E-08 -0.14377787E-02  0.39542805E-09
    4    7    0.44279722E-03 -0.13957006E-08  0.25054630E-02 -0.48924764E-09 -0.25110211E-02  0.54077174E-09
    5    7    0.26969876E-02 -0.79946259E-09 -0.55082268E-03 -0.57903967E-10  0.26969883E-02 -0.20154026E-10
    6    7   -0.12340811E-02  0.17164367E-08  0.16123254E-02 -0.41120088E-09  0.15005833E-02  0.11088805E-09
    7    7    0.13699622E-03 -0.57577059E-09 -0.25957796E-03  0.24257452E-09  0.13699622E-03 -0.57577058E-09
    8    7    0.15005807E-02  0.16070426E-08  0.16123285E-02 -0.25518042E-09 -0.12340852E-02 -0.12678406E-09
    1    8   -0.72708272E-02  0.31511545E-08 -0.11036997E-02  0.17409714E-08  0.73091122E-02 -0.24480267E-08
    2    8   -0.32361190E-02 -0.40807559E-08  0.20955164E-02 -0.13187812E-08  0.17798626E-02  0.17317774E-08
    3    8    0.68380471E-03  0.13368499E-08 -0.42830324E-02 -0.74242445E-09 -0.25453835E-03 -0.31597356E-09
    4    8    0.45555264E-02 -0.21539686E-08  0.36681611E-02 -0.33176559E-09 -0.36921961E-02  0.40555749E-09
    5    8   -0.13587528E-02  0.33333939E-08 -0.17422819E-02  0.18209913E-08  0.13759135E-02 -0.74521997E-09
    6    8    0.26868841E-02  0.23288172E-08 -0.68447781E-03  0.14791552E-08 -0.30418911E-02 -0.27848419E-08
    7    8   -0.40400932E-03 -0.23584506E-08  0.17248098E-02  0.36614802E-09  0.13324846E-02  0.10038163E-08
    8    8   -0.14279167E-09 -0.53575935E-09 -0.28664392E-03 -0.31537149E-09 -0.14279166E-09 -0.53575938E-09

   -2    1    0
    1    1   -0.23413818E-02  0.44790517E-09  0.39654467E-02  0.27190910E-09 -0.28909773E-02  0.74313632E-09
    2    1   -0.39879679E-02 -0.27546615E-08 -0.21080919E-02 -0.48668689E-09 -0.15276457E-02 -0.30249766E-08
    3    1   -0.55263906E-02  0.37343822E-09  0.89615226E-03 -0.82230573E-10  0.89981773E-02  0.21939697E-08
    4    1    0.10178867E-01  0.10067655E-08 -0.11262241E-03  0.83185413E-09 -0.46869772E-02 -0.16629027E-08
    5    1    0.16029690E-02 -0.83026132E-09  0.69715031E-03 -0.40009881E-09 -0.24230279E-02  0.17664240E-08
    6    1    0.17176188E-02  0.76221172E-09 -0.28660076E-03 -0.98383867E-09 -0.31105943E-02  0.41389087E-09
    7    1   -0.22274916E-02  0.10203687E-08 -0.25688333E-02  0.12621022E-09  0.25195971E-02 -0.52213522E-10
    8    1    0.13309502E-02  0.87311512E-09  0.35836461E-02  0.16851896E-08 -0.80227963E-03 -0.14038985E-08
    1    2   -0.27009941E-02 -0.12040373E-08  0.45862411E-02  0.57790762E-09  0.51666844E-02 -0.16342765E-08
    2    2   -0.23413813E-02 -0.14796809E-09  0.28909751E-02  0.11607694E-08 -0.39654470E-02  0.51587831E-09
    3    2   -0.42128011E-02  0.19136285E-09 -0.26274541E-02 -0.13127876E-08  0.54745685E-02  0.74779326E-09
    4    2    0.32275848E-02  0.29252000E-08  0.21920021E-03  0.62369992E-09 -0.43551537E-02 -0.22305405E-08
    5    2    0.20067066E-02  0.31428333E-09  0.87676293E-03 -0.83916303E-09  0.22882842E-02 -0.10889663E-08
    6    2   -0.72367198E-03  0.15012495E-08  0.19539930E-02 -0.72043138E-09  0.37010153E-02  0.49063627E-09
    7    2   -0.15662693E-02 -0.15941155E-08 -0.16483487E-02  0.19481351E-08 -0.45031901E-02 -0.13889159E-08
    8    2    0.13469072E-02 -0.19412368E-08  0.21695870E-03  0.21262563E-09  0.25668204E-02  0.35805057E-10
    1    3    0.17869101E-01  0.70014655E-09  0.25465221E-02  0.55782023E-09 -0.13343221E-01  0.93543949E-09
    2    3    0.50687918E-02  0.27573125E-08  0.96399731E-02 -0.17962442E-08 -0.62497711E-02  0.21101109E-08
    3    3   -0.64864404E-03 -0.58968150E-09 -0.43395326E-03 -0.48423432E-09  0.43395466E-03 -0.11042340E-08
    4    3   -0.16292501E-01 -0.20843212E-08 -0.99682995E-02 -0.68450492E-09  0.19250310E-01 -0.39910137E-09
    5    3   -0.10231890E-02  0.39426553E-09 -0.20983976E-02  0.17645124E-08 -0.12499265E-02 -0.89395761E-09
    6    3    0.34384020E-02 -0.20307512E-08 -0.46786207E-03  0.12430006E-08  0.41282312E-02 -0.55016561E-10
    7    3   -0.34008383E-02  0.32310032E-09  0.13726069E-02 -0.32262143E-08  0.55240122E-02  0.15435806E-08
    8    3    0.43877247E-02  0.17643891E-08  0.33125221E-02 -0.13008480E-08 -0.10418953E-01 -0.69819914E-10
    1    4   -0.16404062E-02  0.93299476E-09 -0.73812461E-02 -0.88862095E-09  0.32091073E-03 -0.48973014E-09
    2    4    0.37503172E-02  0.38014550E-09  0.16047064E-02  0.60905671E-09  0.93068643E-02 -0.11926841E-08
    3    4    0.59751845E-02  0.59453396E-09  0.15217105E-03  0.43688165E-10 -0.55935163E-02 -0.90554552E-09
    4    4   -0.15248937E-02 -0.15256311E-09  0.21234578E-02  0.92312523E-09 -0.21234559E-02  0.79060083E-09
    5    4   -0.42437636E-02  0.66906084E-09 -0.19910661E-02  0.36614959E-09 -0.13610138E-02  0.15811380E-09
    6    4   -0.74383123E-03 -0.95354379E-09 -0.27480499E-02  0.77306872E-10 -0.26182278E-02  0.11869893E-09
    7    4    0.52266554E-02  0.10159040E-08  0.48853128E-02 -0.56593898E-09  0.22305474E-02 -0.79513830E-09
    8    4   -0.43066090E-02 -0.19467962E-08 -0.52124273E-02 -0.12067271E-08 -0.84878260E-04  0.14533720E-09
    1    5   -0.18137833E-01 -0.15656825E-08  0.50150677E-03 -0.58831410E-09  0.17133132E-01  0.92362226E-09
    2    5   -0.19569779E-02 -0.10144734E-08 -0.84759651E-02  0.17358972E-08  0.28742248E-04 -0.15033511E-08
    3    5   -0.10930248E-01 -0.39636809E-09  0.18241195E-02 -0.12610290E-08  0.13918463E-01  0.55515650E-09
    4    5    0.15843168E-01  0.15024059E-08  0.69082037E-02  0.73145785E-09 -0.21330175E-01 -0.74030714E-09
    5    5    0.69755737E-03 -0.42522630E-09 -0.31353935E-02  0.81685013E-09  0.22538347E-03  0.75376048E-09
    6    5   -0.56355274E-02  0.17662568E-08 -0.49914230E-02 -0.24015582E-08  0.11553104E-05 -0.48187449E-09
    7    5    0.49855105E-02  0.13854888E-09 -0.21992754E-02  0.23608515E-08 -0.89585028E-02  0.13625317E-08
    8    5   -0.53942232E-02  0.27525765E-08  0.61782241E-02  0.26267749E-08  0.90076134E-02  0.39260551E-09
    1    6    0.13815886E-01 -0.22260351E-09 -0.89985225E-02 -0.13761804E-09 -0.16491566E-01  0.12940985E-08
    2    6    0.34983288E-01  0.15477966E-08  0.10627203E-01  0.56383736E-09 -0.34983289E-01 -0.23808704E-08
    3    6    0.16491564E-01 -0.49991142E-08 -0.89985214E-02  0.13087330E-08 -0.13815886E-01  0.37278951E-08
    4    6   -0.45545811E-01  0.10723760E-08 -0.32017851E-04 -0.89887120E-09  0.45545812E-01  0.14846399E-09
    5    6   -0.56355284E-02  0.18293381E-08 -0.11569680E-05 -0.34231688E-09  0.49914226E-02 -0.15192476E-08
    6    6    0.69755687E-03  0.20516175E-09 -0.22538418E-03  0.10550640E-08  0.31353919E-02  0.19590211E-08
    7    6    0.49855115E-02  0.57416701E-09  0.89585047E-02 -0.18221685E-08  0.21992771E-02 -0.12718628E-08
    8    6   -0.53942230E-02 -0.24427920E-10 -0.90076136E-02  0.21491942E-09 -0.61782235E-02 -0.43895953E-09
    1    7   -0.13918465E-01  0.70117002E-09  0.18241214E-02 -0.68611785E-09  0.10930248E-01  0.63240331E-09
    2    7   -0.28740099E-04  0.13958795E-08 -0.84759677E-02  0.81444496E-09  0.19569770E-02 -0.17260266E-08
    3    7   -0.17133131E-01 -0.10951000E-08  0.50150589E-03 -0.51505794E-09  0.18137834E-01 -0.41637825E-09
    4    7    0.21330175E-01 -0.74598282E-09  0.69082048E-02  0.89928884E-09 -0.15843170E-01 -0.25941915E-09
    5    7   -0.55233916E-02  0.51259760E-09 -0.77530141E-03 -0.14622210E-08  0.36333314E-03  0.30207119E-08
    6    7   -0.55233900E-02 -0.34051735E-08 -0.36333359E-03  0.41986155E-09  0.77530205E-03 -0.42247561E-09
    7    7    0.81433148E-03 -0.50265588E-09  0.54292509E-03  0.22110312E-09 -0.54292638E-03 -0.80213101E-09
    8    7    0.85330975E-02  0.87257135E-09  0.20758712E-02 -0.42104201E-09 -0.20758701E-02 -0.77164789E-09
    1    8    0.31769649E-01  0.78295565E-09  0.97453380E-02  0.23383580E-08 -0.27977925E-01 -0.24102106E-08
    2    8   -0.48125992E-01 -0.46844179E-09 -0.16674952E-01 -0.46296810E-08  0.48125993E-01  0.38153084E-08
    3    8    0.27977926E-01  0.43319926E-08  0.97453398E-02  0.22332554E-08 -0.31769651E-01 -0.38286712E-08
    4    8    0.25137765E-02 -0.27134509E-08 -0.51488017E-02 -0.10754330E-08 -0.25137752E-02  0.34132403E-08
    5    8    0.12349154E-01  0.55742245E-09  0.88349820E-02  0.27682770E-08 -0.16246234E-01 -0.33533746E-08
    6    8    0.12349152E-01  0.21510016E-08  0.16246236E-01  0.28523330E-08 -0.88349827E-02 -0.27332711E-08
    7    8   -0.22179198E-01 -0.89525184E-09 -0.16353758E-01 -0.17267221E-08  0.16353756E-01  0.20514940E-08
    8    8    0.41511430E-02  0.64483454E-09 -0.46286435E-02 -0.43978048E-09  0.46286446E-02 -0.62600693E-09

   -2    1    1
    1    1    0.39654467E-02 -0.16730860E-09 -0.23413817E-02  0.38478106E-09 -0.28909763E-02 -0.32660472E-09
    2    1    0.89615192E-03  0.10615647E-08 -0.55263900E-02  0.60057153E-09  0.89981747E-02  0.49310515E-09
    3    1   -0.21080913E-02 -0.62152241E-09 -0.39879677E-02 -0.12782059E-09 -0.15276461E-02  0.82096375E-09
    4    1   -0.11262250E-03  0.24202281E-09  0.10178868E-01  0.77457662E-09 -0.46869798E-02 -0.20164494E-08
    5    1    0.69715070E-03 -0.45813984E-09  0.16029675E-02 -0.87289013E-09 -0.24230240E-02  0.52795473E-09
    6    1   -0.25688346E-02 -0.97917140E-09 -0.22274919E-02  0.67108536E-09  0.25195971E-02  0.13809928E-08
    7    1   -0.28660008E-03  0.26827148E-10  0.17176198E-02 -0.57943577E-09 -0.31105968E-02 -0.11831417E-08
    8    1    0.35836444E-02  0.73118588E-09  0.13309491E-02  0.84682953E-09 -0.80227945E-03 -0.16449065E-08
    1    2    0.25465226E-02  0.35191018E-09  0.17869098E-01 -0.51692473E-10 -0.13343220E-01 -0.78784704E-09
    2    2   -0.43395567E-03 -0.34319019E-09 -0.64864164E-03  0.30137451E-09  0.43395604E-03  0.97739633E-09
    3    2    0.96399732E-02  0.10567753E-08  0.50687906E-02 -0.53824274E-09 -0.62497739E-02 -0.22449905E-09
    4    2   -0.99682999E-02 -0.13709919E-08 -0.16292499E-01 -0.20777777E-08  0.19250310E-01  0.29359070E-08
    5    2   -0.20983961E-02  0.14674106E-08 -0.10231902E-02  0.62890693E-09 -0.12499267E-02 -0.83416187E-09
    6    2    0.13726055E-02  0.23691692E-08 -0.34008361E-02 -0.25459496E-08  0.55240114E-02 -0.72285603E-09
    7    2   -0.46786194E-03 -0.17517929E-08  0.34383999E-02  0.14335402E-08  0.41282350E-02  0.44918482E-09
    8    2    0.33125223E-02 -0.22966570E-08  0.43877252E-02  0.13809896E-08 -0.10418954E-01  0.59877582E-09
    1    3    0.45862385E-02 -0.75716312E-09 -0.27009954E-02 -0.80720018E-09  0.51666846E-02  0.39710097E-08
    2    3   -0.26274544E-02  0.61887142E-09 -0.42128018E-02 -0.19159466E-08  0.54745663E-02 -0.45301154E-09
    3    3    0.28909763E-02  0.13790153E-08 -0.23413816E-02 -0.37894144E-09 -0.39654454E-02  0.44420850E-09
    4    3    0.21920207E-03  0.15940278E-08  0.32275880E-02  0.23819916E-08 -0.43551542E-02 -0.36653902E-08
    5    3    0.87676111E-03 -0.14843144E-08  0.20067067E-02 -0.57324429E-09  0.22882822E-02  0.21711775E-08
    6    3   -0.16483463E-02 -0.95678440E-09 -0.15662718E-02  0.11685055E-08 -0.45031868E-02 -0.65320703E-09
    7    3    0.19539937E-02  0.12862271E-08 -0.72366995E-03  0.57190350E-09  0.37010126E-02 -0.14010822E-08
    8    3    0.21695903E-03  0.19797937E-08  0.13469068E-02 -0.96557553E-09  0.25668220E-02  0.25852760E-10
    1    4   -0.73812439E-02 -0.69725426E-10 -0.16404050E-02  0.19619687E-08  0.32090930E-03 -0.23871876E-08
    2    4    0.15217168E-03  0.12861968E-08  0.59751819E-02 -0.31173864E-09 -0.55935141E-02  0.15757919E-08
    3    4    0.16047043E-02  0.12345383E-09  0.37503196E-02  0.17770850E-08  0.93068617E-02 -0.10327370E-08
    4    4    0.21234577E-02 -0.13169671E-09 -0.15248932E-02 -0.64623501E-09 -0.21234549E-02 -0.75078678E-09
    5    4   -0.19910659E-02  0.24354159E-11 -0.42437626E-02  0.10006401E-08 -0.13610150E-02 -0.23487870E-08
    6    4    0.48853136E-02 -0.16857894E-08  0.52266580E-02  0.14439028E-09  0.22305461E-02  0.21820501E-09
    7    4   -0.27480489E-02  0.13348409E-09 -0.74383234E-03 -0.30176546E-08 -0.26182263E-02  0.31023349E-08
    8    4   -0.52124271E-02  0.83149327E-09 -0.43066106E-02  0.12830772E-08 -0.84878721E-04  0.10073984E-08
    1    5    0.50150721E-03  0.13213413E-08 -0.18137831E-01 -0.15489484E-08  0.17133134E-01 -0.24557229E-09
    2    5    0.18241214E-02 -0.13683240E-08 -0.10930249E-01 -0.20858752E-09  0.13918462E-01  0.83280581E-09
    3    5   -0.84759649E-02 -0.98860174E-09 -0.19569787E-02  0.62456237E-09  0.28744736E-04 -0.14701954E-08
    4    5    0.69082020E-02  0.16504213E-08  0.15843168E-01  0.13089910E-08 -0.21330181E-01  0.31675804E-09
    5    5   -0.31353925E-02 -0.46524062E-10  0.69755919E-03 -0.61249048E-10  0.22538717E-03  0.15404019E-09
    6    5   -0.21992768E-02  0.18916578E-09  0.49855090E-02  0.17262166E-09 -0.89585034E-02  0.30069566E-09
    7    5   -0.49914244E-02 -0.53780176E-09 -0.56355264E-02  0.14210024E-08  0.11533627E-05 -0.25082736E-08
    8    5    0.61782256E-02  0.64945675E-10 -0.53942212E-02 -0.15895707E-08  0.90076147E-02 -0.13393992E-08
    1    6    0.18241223E-02 -0.14754706E-08 -0.13918464E-01  0.28974255E-08  0.10930242E-01  0.32077432E-08
    2    6    0.50150419E-03 -0.87671996E-09 -0.17133126E-01 -0.35898769E-08  0.18137834E-01  0.14345955E-08
    3    6   -0.84759692E-02  0.30581778E-08 -0.28741060E-04  0.19768982E-08  0.19569757E-02 -0.36671339E-08
    4    6    0.69082048E-02 -0.65349776E-09  0.21330172E-01 -0.16594479E-08 -0.15843165E-01  0.30727005E-09
    5    6   -0.77529949E-03 -0.64340495E-09 -0.55233916E-02 -0.49636856E-09  0.36333041E-03  0.10352283E-08
    6    6    0.54292584E-03 -0.36126716E-08  0.81433145E-03  0.29021490E-08 -0.54292510E-03  0.54785926E-09
    7    6   -0.36333236E-03 -0.69897417E-09 -0.55233906E-02 -0.23404232E-08  0.77530196E-03  0.28943291E-08
    8    6    0.20758708E-02  0.20519487E-08  0.85330979E-02  0.50475726E-08 -0.20758722E-02 -0.15480902E-08
    1    7   -0.89985231E-02 -0.84315736E-09  0.13815884E-01  0.13561289E-08 -0.16491564E-01 -0.36613671E-08
    2    7   -0.89985246E-02  0.10763195E-09  0.16491564E-01  0.13505848E-08 -0.13815884E-01 -0.91057093E-10
    3    7    0.10627205E-01  0.30373908E-08  0.34983285E-01 -0.16804640E-09 -0.34983288E-01  0.12375924E-08
    4    7   -0.32015087E-04 -0.23955657E-08 -0.45545808E-01 -0.80086948E-09  0.45545811E-01  0.12354067E-08
    5    7   -0.11559604E-05 -0.83991720E-09 -0.56355276E-02  0.69965740E-09  0.49914216E-02 -0.27596576E-08
    6    7    0.89585023E-02  0.17513876E-08  0.49855129E-02 -0.26296278E-08  0.21992756E-02  0.10506913E-08
    7    7   -0.22538273E-03  0.15417549E-08  0.69755709E-03 -0.23658588E-09  0.31353930E-02  0.19860132E-08
    8    7   -0.90076137E-02  0.42008652E-09 -0.53942233E-02  0.15064400E-08 -0.61782242E-02 -0.20366783E-09
    1    8    0.97453353E-02  0.74466238E-09  0.31769648E-01 -0.16533359E-08 -0.27977924E-01  0.30802677E-09
    2    8    0.97453391E-02  0.26514219E-08  0.27977924E-01  0.17995626E-08 -0.31769651E-01 -0.18955276E-08
    3    8   -0.16674949E-01 -0.47987489E-08 -0.48125988E-01 -0.33131282E-08  0.48125988E-01  0.46525549E-08
    4    8   -0.51488020E-02  0.20929121E-09  0.25137724E-02  0.19207080E-08 -0.25137710E-02 -0.17151961E-08
    5    8    0.88349801E-02  0.87552734E-09  0.12349153E-01  0.10439738E-08 -0.16246232E-01  0.44543495E-09
    6    8   -0.16353754E-01  0.87857307E-09 -0.22179196E-01  0.12766996E-08  0.16353755E-01 -0.27790413E-08
    7    8    0.16246233E-01  0.94817728E-09  0.12349155E-01  0.21118613E-08 -0.88349828E-02 -0.19388312E-08
    8    8   -0.46286436E-02  0.32385599E-09  0.41511423E-02 -0.50381806E-09  0.46286421E-02 -0.48536223E-10

   -2    1    2
    1    1   -0.66962691E-03  0.94031641E-09 -0.70300123E-03  0.61121628E-09 -0.70300123E-03  0.61121624E-09
    2    1   -0.93025197E-04 -0.49694288E-09 -0.99054457E-09 -0.25302117E-08  0.11301774E-08 -0.59095990E-09
    3    1   -0.41968024E-03 -0.75144668E-09  0.14077275E-02  0.26896453E-08 -0.20083618E-02 -0.20444580E-09
    4    1   -0.41968065E-03  0.91851956E-09 -0.20083620E-02  0.72109121E-09  0.14077270E-02  0.19311264E-09
    5    1   -0.12902282E-02 -0.11179492E-08 -0.92241043E-04 -0.21816009E-08 -0.92242890E-04 -0.75953462E-09
    6    1    0.11979201E-02 -0.26388040E-08 -0.70246891E-03 -0.20064513E-08 -0.70246822E-03 -0.39212349E-08
    7    1   -0.30605432E-03  0.10346504E-08  0.23539601E-02 -0.10453967E-08 -0.80382765E-03  0.21469133E-08
    8    1   -0.30605486E-03  0.25331919E-09 -0.80382775E-03  0.14925838E-08  0.23539612E-02 -0.34722849E-09
    1    2    0.21761655E-02  0.81376685E-09 -0.32089678E-10 -0.14115682E-08  0.15390595E-08 -0.37851407E-09
    2    2   -0.66962754E-03  0.43191896E-09  0.70300120E-03  0.10823584E-08  0.70300120E-03  0.10823607E-08
    3    2   -0.63169037E-03  0.92295809E-09  0.15495476E-02 -0.36050184E-08 -0.17658643E-02  0.26589831E-08
    4    2   -0.63168883E-03 -0.69787764E-10 -0.17658650E-02  0.25911769E-08  0.15495461E-02 -0.74876190E-09
    5    2    0.90614721E-03  0.11901124E-08  0.92264287E-03  0.17923918E-09  0.92264403E-03 -0.12504281E-08
    6    2    0.16089899E-02  0.33940623E-08 -0.74707327E-03  0.17247069E-08 -0.74707411E-03  0.35276065E-08
    7    2   -0.81308624E-03 -0.85802407E-09  0.26034677E-04  0.33343866E-08 -0.79659076E-03 -0.23014897E-08
    8    2   -0.81308657E-03 -0.18611258E-08 -0.79659051E-03 -0.26907979E-08  0.26035668E-04  0.28537886E-08
    1    3   -0.21404545E-02 -0.22099636E-08 -0.15495475E-02  0.15906411E-08  0.17658647E-02 -0.16991096E-09
    2    3   -0.87131829E-03  0.15691002E-08 -0.14077266E-02  0.22362773E-09  0.20083615E-02  0.18229414E-08
    3    3    0.74434685E-03 -0.22201139E-09 -0.53686058E-10  0.81405272E-09 -0.53686080E-10  0.81405184E-09
    4    3    0.15127560E-02  0.49464472E-09  0.28749034E-02 -0.35314439E-08 -0.28749045E-02 -0.84867301E-09
    5    3    0.33411047E-04 -0.99294470E-09  0.10732215E-02  0.13245743E-08 -0.46436329E-03  0.33321179E-09
    6    3    0.30422679E-03 -0.86944679E-09  0.11152822E-02 -0.43084435E-08 -0.15961608E-02 -0.31288916E-08
    7    3    0.12592930E-02 -0.39705080E-09 -0.25578037E-02 -0.39996186E-08  0.24572785E-02  0.39977562E-09
    8    3   -0.17026368E-02 -0.23108559E-09 -0.66282439E-03  0.32920333E-08  0.95737946E-03 -0.82431951E-09
    1    4   -0.21404555E-02  0.15709311E-08  0.17658635E-02  0.94433472E-09 -0.15495480E-02 -0.23755545E-08
    2    4   -0.87131786E-03 -0.68326282E-09  0.20083625E-02  0.14892369E-08 -0.14077285E-02  0.19691095E-09
    3    4    0.15127575E-02  0.28388414E-09 -0.28749038E-02 -0.26586135E-08  0.28749039E-02  0.10496389E-09
    4    4    0.74434728E-03 -0.31775541E-10  0.80425488E-09  0.11865299E-08  0.80425492E-09  0.11865296E-08
    5    4    0.33408906E-04  0.68890051E-09 -0.46436501E-03  0.99966564E-09  0.10732213E-02 -0.30665460E-09
    6    4    0.30422755E-03 -0.57216925E-09 -0.15961607E-02 -0.19743589E-08  0.11152822E-02 -0.44948972E-08
    7    4   -0.17026362E-02  0.40510512E-10  0.95738005E-03  0.22405808E-08 -0.66282396E-03 -0.48339067E-09
    8    4    0.12592942E-02 -0.59272053E-10  0.24572789E-02 -0.40166508E-08 -0.25578048E-02  0.15889563E-09
    1    5    0.35087384E-02 -0.33672589E-09 -0.10358194E-02  0.45830610E-09 -0.10358178E-02  0.12023527E-08
    2    5    0.68445224E-02  0.26964346E-09  0.11774662E-03 -0.14467370E-08  0.11774842E-03 -0.10539387E-08
    3    5   -0.46921202E-02 -0.40383969E-09  0.45715947E-02  0.80437942E-09 -0.31716031E-02 -0.12646524E-08
    4    5   -0.46921202E-02 -0.69396772E-09 -0.31716033E-02 -0.75896623E-10  0.45715933E-02  0.14233255E-09
    5    5   -0.25957624E-03  0.10598869E-08 -0.13699499E-03  0.45139663E-09 -0.13699499E-03  0.45139664E-09
    6    5   -0.24649948E-02 -0.10499410E-08  0.16504306E-02  0.19518481E-08  0.16504317E-02  0.14312943E-08
    7    5    0.79569293E-03  0.11144988E-08 -0.71933665E-03 -0.27096761E-08  0.10171577E-02  0.23311935E-08
    8    5    0.79569206E-03  0.21576190E-08  0.10171571E-02  0.17999047E-08 -0.71933705E-03 -0.23570633E-08
    1    6   -0.98580577E-02 -0.15078891E-08  0.38245241E-02 -0.15352962E-09  0.38245250E-02  0.18099704E-09
    2    6   -0.16642497E-02  0.31133170E-08 -0.14377822E-02  0.21952825E-09 -0.14377826E-02  0.12631042E-08
    3    6    0.25054651E-02 -0.13326951E-08 -0.25110212E-02  0.51041718E-09  0.44279629E-03  0.13396694E-08
    4    6    0.25054648E-02 -0.49538969E-09  0.44279675E-03  0.12118656E-08 -0.25110204E-02 -0.22116719E-08
    5    6   -0.55082542E-03 -0.35862461E-09  0.26969875E-02 -0.13991054E-08  0.26969875E-02 -0.28259543E-09
    6    6   -0.25957758E-03  0.62733406E-09  0.13699528E-03  0.49333795E-09  0.13699528E-03  0.49333926E-09
    7    6    0.16123284E-02 -0.46427029E-09 -0.12340852E-02 -0.19072480E-09  0.15005844E-02  0.40624697E-09
    8    6    0.16123286E-02  0.70190447E-09  0.15005837E-02  0.53250974E-10 -0.12340855E-02  0.43958766E-09
    1    7   -0.11037008E-02  0.70753832E-09  0.73091124E-02 -0.27506484E-08 -0.72708317E-02 -0.20495507E-10
    2    7   -0.42830299E-02 -0.15925589E-08 -0.25453542E-03  0.32898284E-08  0.68380509E-03 -0.17250842E-08
    3    7    0.36681592E-02  0.37900278E-09 -0.36921964E-02 -0.27651266E-08  0.45555243E-02  0.17958658E-09
    4    7    0.20955155E-02  0.16050745E-08  0.17798597E-02 -0.36762408E-10 -0.32361164E-02  0.13354560E-08
    5    7   -0.17422816E-02  0.30437169E-09  0.13759139E-02 -0.48668058E-09 -0.13587539E-02  0.45888696E-09
    6    7    0.17248069E-02  0.12512162E-08  0.13324833E-02 -0.18484502E-08 -0.40400980E-03  0.10790347E-08
    7    7   -0.28664377E-03  0.53860288E-09  0.41054926E-09 -0.17092965E-09  0.41054924E-09 -0.17093218E-09
    8    7   -0.68447700E-03 -0.18804100E-08 -0.30418903E-02 -0.65772474E-09  0.26868848E-02  0.16172114E-08
    1    8   -0.11036985E-02  0.82307142E-09 -0.72708285E-02  0.66719035E-09  0.73091089E-02 -0.66776003E-09
    2    8   -0.42830326E-02 -0.17326974E-08  0.68380513E-03 -0.12270739E-08 -0.25453531E-03  0.14902592E-08
    3    8    0.20955159E-02  0.17981264E-08 -0.32361203E-02  0.19198483E-08  0.17798642E-02  0.91253650E-10
    4    8    0.36681599E-02 -0.44194832E-09  0.45555280E-02 -0.97210390E-09 -0.36921977E-02 -0.10412142E-09
    5    8   -0.17422794E-02  0.37979051E-10 -0.13587541E-02  0.12483032E-08  0.13759138E-02 -0.91263103E-09
    6    8    0.17248096E-02  0.18520094E-08 -0.40400950E-03 -0.14446594E-08  0.13324816E-02 -0.44319535E-09
    7    8   -0.68447905E-03 -0.33174162E-09  0.26868838E-02  0.84285099E-09 -0.30418913E-02 -0.43309327E-09
    8    8   -0.28664523E-03 -0.40139043E-09  0.45110869E-09  0.20319830E-09  0.45110868E-09  0.20319723E-09

   -2    2   -2
    1    1   -0.67871056E-15  0.16394197E-18 -0.69085362E-15  0.96499915E-18 -0.76544673E-15  0.96499886E-18
    2    1    0.67912141E-03 -0.62543088E-08 -0.30904958E-03 -0.68019165E-09 -0.30905050E-03 -0.15359215E-08
    3    1   -0.30904989E-03 -0.12549040E-08  0.67911992E-03 -0.53359421E-08 -0.30905039E-03 -0.26083634E-08
    4    1   -0.30905249E-03 -0.16674703E-08 -0.30905033E-03 -0.26903379E-08  0.67911906E-03 -0.25604974E-08
    5    1   -0.91448268E-04  0.24708018E-08 -0.91449227E-04  0.30787061E-08 -0.91446822E-04  0.10439676E-08
    6    1    0.20805317E-04  0.73337096E-09 -0.80181592E-03 -0.12945457E-08 -0.80181768E-03 -0.24968557E-09
    7    1   -0.80181594E-03  0.14931270E-10  0.20808297E-04  0.97305929E-09 -0.80181614E-03  0.13921119E-10
    8    1   -0.80181376E-03 -0.11573675E-08 -0.80181564E-03 -0.13746589E-08  0.20808460E-04  0.11475130E-08
    1    2   -0.67912141E-03 -0.62543112E-08  0.30904958E-03 -0.68019187E-09  0.30905050E-03 -0.15359239E-08
    2    2   -0.73161963E-15  0.53859957E-19  0.16579620E-14  0.16394231E-18 -0.92937810E-15  0.16394224E-18
    3    2   -0.98816991E-03 -0.39925595E-08  0.98817145E-03 -0.27565450E-08  0.90253332E-09  0.16296970E-08
    4    2   -0.98816949E-03 -0.98327138E-09  0.12235754E-08  0.32111354E-08  0.98817033E-03 -0.22145048E-08
    5    2    0.19013663E-02 -0.23198585E-08 -0.81007550E-03  0.56618625E-09 -0.81007435E-03 -0.20830366E-08
    6    2   -0.20501883E-02 -0.24606660E-08  0.29648968E-02 -0.93980747E-09  0.29648954E-02 -0.22138607E-08
    7    2   -0.48283161E-03  0.15692687E-08  0.11373681E-02 -0.49517595E-09 -0.20204230E-02  0.25688049E-08
    8    2   -0.48283604E-03  0.14276294E-08 -0.20204227E-02 -0.13771986E-08  0.11373700E-02 -0.38004318E-09
    1    3    0.30904989E-03 -0.12549029E-08 -0.67911992E-03 -0.53359431E-08  0.30905039E-03 -0.26083623E-08
    2    3    0.98816991E-03 -0.39925572E-08 -0.98817145E-03 -0.27565447E-08 -0.90253262E-09  0.16296993E-08
    3    3   -0.30249241E-16  0.96499862E-18 -0.86833752E-15  0.85491680E-18 -0.45861752E-16  0.16394211E-18
    4    3    0.23039644E-08  0.11139077E-08 -0.98817158E-03 -0.21104957E-08  0.98817197E-03 -0.12651223E-08
    5    3   -0.81007436E-03  0.59963830E-09  0.19013706E-02 -0.18195447E-08 -0.81007449E-03 -0.18567488E-08
    6    3    0.11373708E-02  0.21456841E-08 -0.48283488E-03 -0.44872809E-09 -0.20204208E-02  0.21467269E-08
    7    3    0.29648960E-02 -0.34077843E-08 -0.20501890E-02 -0.13744544E-08  0.29648964E-02 -0.18034253E-08
    8    3   -0.20204247E-02 -0.82766048E-09 -0.48283625E-03  0.13922843E-08  0.11373675E-02  0.14776661E-09
    1    4    0.30905249E-03 -0.16674702E-08  0.30905033E-03 -0.26903379E-08 -0.67911906E-03 -0.25604973E-08
    2    4    0.98816949E-03 -0.98326924E-09 -0.12235748E-08  0.32111358E-08 -0.98817033E-03 -0.22145026E-08
    3    4   -0.23039637E-08  0.11139078E-08  0.98817158E-03 -0.21104959E-08 -0.98817197E-03 -0.12651221E-08
    4    4   -0.38857806E-15  0.96499880E-18 -0.77325299E-15  0.16394222E-18 -0.33653635E-15  0.85491686E-18
    5    4   -0.81007066E-03 -0.30760489E-08 -0.81007418E-03 -0.31921937E-08  0.19013688E-02 -0.74020462E-09
    6    4    0.11373694E-02 -0.12202816E-08 -0.20204207E-02  0.41887205E-09 -0.48283362E-03  0.57382235E-09
    7    4   -0.20204253E-02  0.21612317E-08  0.11373695E-02  0.19328091E-08 -0.48283523E-03 -0.33943074E-09
    8    4    0.29648952E-02  0.11144628E-08  0.29648961E-02  0.98174423E-09 -0.20501886E-02 -0.12830697E-08
    1    5    0.91448268E-04  0.24708016E-08  0.91449227E-04  0.30787059E-08  0.91446822E-04  0.10439674E-08
    2    5   -0.19013663E-02 -0.23198596E-08  0.81007550E-03  0.56618653E-09  0.81007435E-03 -0.20830377E-08
    3    5    0.81007436E-03  0.59963910E-09 -0.19013706E-02 -0.18195459E-08  0.81007449E-03 -0.18567480E-08
    4    5    0.81007066E-03 -0.30760494E-08  0.81007418E-03 -0.31921935E-08 -0.19013688E-02 -0.74020512E-09
    5    5   -0.15460723E-15 -0.24315966E-18 -0.19537323E-15 -0.69092794E-18 -0.14680097E-15 -0.69092807E-18
    6    5   -0.22622941E-08 -0.62793458E-08 -0.34804565E-03  0.22683067E-09 -0.34804562E-03  0.39981377E-09
    7    5   -0.34804453E-03  0.49183038E-11  0.14646655E-08 -0.52403723E-08 -0.34804355E-03 -0.23522726E-09
    8    5   -0.34804068E-03 -0.82604008E-09 -0.34804303E-03 -0.46743450E-09  0.98050045E-09 -0.62617654E-08
    1    6   -0.20805317E-04  0.73337289E-09  0.80181592E-03 -0.12945430E-08  0.80181768E-03 -0.24968364E-09
    2    6    0.20501883E-02 -0.24606695E-08 -0.29648968E-02 -0.93980669E-09 -0.29648954E-02 -0.22138642E-08
    3    6   -0.11373708E-02  0.21456867E-08  0.48283488E-03 -0.44872608E-09  0.20204208E-02  0.21467295E-08
    4    6   -0.11373694E-02 -0.12202801E-08  0.20204207E-02  0.41887518E-09  0.48283362E-03  0.57382386E-09
    5    6    0.22622931E-08 -0.62793472E-08  0.34804565E-03  0.22683031E-09  0.34804562E-03  0.39981229E-09
    6    6    0.21139232E-14 -0.32762499E-18  0.34696638E-14 -0.24315883E-18  0.21534966E-14 -0.24315864E-18
    7    6   -0.34804492E-03 -0.58250844E-09  0.34804344E-03  0.10755671E-08 -0.24023175E-08  0.52720135E-08
    8    6   -0.34804446E-03  0.72593950E-10 -0.18144816E-08  0.81761910E-08  0.34804423E-03 -0.20917273E-09
    1    7    0.80181594E-03  0.14932067E-10 -0.20808297E-04  0.97305846E-09  0.80181614E-03  0.13921910E-10
    2    7    0.48283161E-03  0.15692683E-08 -0.11373681E-02 -0.49517699E-09  0.20204230E-02  0.25688045E-08
    3    7   -0.29648960E-02 -0.34077824E-08  0.20501890E-02 -0.13744562E-08 -0.29648964E-02 -0.18034235E-08
    4    7    0.20204253E-02  0.21612324E-08 -0.11373695E-02  0.19328084E-08  0.48283523E-03 -0.33943009E-09
    5    7    0.34804453E-03  0.49182125E-11 -0.14646669E-08 -0.52403725E-08  0.34804355E-03 -0.23522733E-09
    6    7    0.34804492E-03 -0.58250775E-09 -0.34804344E-03  0.10755691E-08  0.24023163E-08  0.52720142E-08
    7    7    0.12338221E-14 -0.69092803E-18 -0.12849964E-14 -0.77539391E-18  0.12156075E-14 -0.24315907E-18
    8    7   -0.13222175E-08  0.61293144E-08 -0.34804177E-03 -0.72177343E-09  0.34804161E-03  0.12265660E-08
    1    8    0.80181376E-03 -0.11573679E-08  0.80181564E-03 -0.13746585E-08 -0.20808460E-04  0.11475125E-08
    2    8    0.48283604E-03  0.14276278E-08  0.20204227E-02 -0.13771985E-08 -0.11373700E-02 -0.38004475E-09
    3    8    0.20204247E-02 -0.82766029E-09  0.48283625E-03  0.13922840E-08 -0.11373675E-02  0.14776683E-09
    4    8   -0.29648952E-02  0.11144632E-08 -0.29648961E-02  0.98174375E-09  0.20501886E-02 -0.12830693E-08
    5    8    0.34804068E-03 -0.82603969E-09  0.34804303E-03 -0.46743514E-09 -0.98050079E-09 -0.62617650E-08
    6    8    0.34804446E-03  0.72594579E-10  0.18144814E-08  0.81761930E-08 -0.34804423E-03 -0.20917211E-09
    7    8    0.13222175E-08  0.61293160E-08  0.34804177E-03 -0.72177508E-09 -0.34804161E-03  0.12265677E-08
    8    8    0.50653925E-15 -0.69092793E-18 -0.53190959E-15 -0.24315910E-18  0.48268681E-15 -0.77539365E-18

   -2    2   -1
    1    1   -0.32659173E-09  0.79328531E-10  0.32659324E-09 -0.79328444E-10 -0.74434700E-03 -0.36960765E-09
    2    1    0.79981289E-04 -0.16794111E-08 -0.17379851E-02 -0.18532945E-08  0.21683347E-02  0.15618372E-08
    3    1   -0.53463266E-03  0.27383445E-08 -0.12990089E-02  0.35204510E-09  0.15806719E-02  0.61078668E-09
    4    1    0.11368083E-02 -0.73163373E-09  0.25501163E-02  0.42083967E-09 -0.18375430E-02 -0.22606354E-09
    5    1    0.87062685E-03  0.22594990E-09  0.51537187E-04  0.11795374E-08 -0.15010988E-02 -0.16250870E-08
    6    1   -0.68826582E-03  0.15780198E-08  0.37958446E-02  0.35876456E-08  0.40486644E-02  0.20275091E-09
    7    1    0.36374740E-03 -0.11823581E-08 -0.19181177E-02 -0.77913097E-09 -0.12307773E-02 -0.98321417E-09
    8    1   -0.15341256E-02 -0.50709920E-09 -0.31703762E-02 -0.28923766E-08 -0.10252707E-02  0.12694804E-08
    1    2    0.12640820E-02  0.69331427E-09  0.56956182E-03 -0.16577918E-09 -0.10191203E-02  0.15279111E-08
    2    2   -0.70300227E-03  0.58019443E-09  0.70300227E-03 -0.58019446E-09  0.66962859E-03  0.57236092E-09
    3    2    0.12447965E-02 -0.19018384E-08 -0.12447975E-02  0.14009565E-08 -0.11517726E-02 -0.13147780E-08
    4    2   -0.76534238E-03  0.12314034E-08 -0.14598591E-02 -0.14446831E-08  0.36755067E-03  0.10279583E-08
    5    2    0.74170669E-03 -0.87855808E-09  0.37903053E-03  0.11812301E-08  0.29179424E-02  0.16981144E-09
    6    2   -0.42029221E-02  0.78679273E-09 -0.10183752E-01 -0.38805797E-09  0.14395989E-02 -0.96937153E-09
    7    2   -0.38907909E-02  0.14204934E-08  0.66794898E-03  0.22425266E-10 -0.17145497E-02  0.21429469E-09
    8    2    0.85319794E-02 -0.52576714E-09  0.92439539E-02 -0.79579747E-09 -0.56945622E-02  0.91539832E-09
    1    3    0.20037921E-02 -0.53406570E-09 -0.34578901E-03 -0.18793586E-08 -0.14799640E-02  0.15659089E-08
    2    3    0.46072785E-04 -0.84207093E-09 -0.46072050E-04  0.22328981E-08 -0.22222397E-02 -0.13732071E-08
    3    3    0.70300155E-03  0.79676216E-09 -0.70300155E-03 -0.79676214E-09  0.66962789E-03  0.40753437E-09
    4    3    0.91516592E-03  0.97209016E-09 -0.14344168E-02  0.35528817E-08  0.74682081E-03 -0.20214892E-08
    5    3    0.43599689E-03  0.74779359E-09 -0.22899846E-02 -0.37086793E-08 -0.11585279E-02  0.32069167E-08
    6    3   -0.43288497E-02  0.94703604E-09  0.14910053E-02  0.65778561E-09  0.40807997E-03 -0.17737449E-08
    7    3    0.10081495E-02 -0.58487068E-09  0.37817297E-03  0.42358249E-08 -0.13635785E-02 -0.27539345E-08
    8    3    0.19223727E-02 -0.19293577E-08 -0.32183273E-03 -0.30277831E-09  0.24312287E-02  0.25196503E-09
    1    4   -0.25501180E-02 -0.81331652E-09 -0.11368105E-02  0.10900076E-08  0.22534094E-03 -0.12560120E-08
    2    4    0.11686068E-02  0.12759649E-08 -0.64935643E-03  0.12245141E-08 -0.58449186E-04  0.58486489E-09
    3    4    0.14947867E-02 -0.53737146E-09  0.73041247E-03 -0.75292168E-09  0.19400225E-03  0.50763943E-09
    4    4   -0.32339923E-09  0.46232207E-09  0.32340036E-09 -0.46232208E-09 -0.74434713E-03  0.29240972E-09
    5    4   -0.18803491E-02 -0.46717720E-09  0.57658454E-03  0.17045210E-08 -0.21565477E-02 -0.12651963E-08
    6    4    0.68359691E-02 -0.35017427E-08  0.53313853E-02 -0.34666128E-08 -0.47291799E-02  0.62127666E-09
    7    4    0.35782522E-02  0.46107641E-09  0.17743424E-03 -0.16836304E-08  0.33020489E-02  0.24840380E-08
    8    4   -0.79817765E-02  0.18898326E-08 -0.88290119E-02  0.21131747E-08  0.54631572E-02 -0.11436206E-08
    1    5    0.80039208E-04  0.28135758E-08 -0.10022013E-02  0.18219665E-08  0.14663593E-02 -0.14984861E-08
    2    5    0.17855339E-02 -0.34236047E-08  0.68451740E-04 -0.15998050E-08  0.23116490E-03  0.58591080E-09
    3    5   -0.27975077E-04  0.19617473E-08 -0.10927596E-02  0.11510247E-08 -0.32508168E-02  0.49964805E-09
    4    5   -0.68992378E-03 -0.12499751E-08  0.19936857E-02 -0.20991939E-08  0.30657601E-02 -0.92909934E-09
    5    5   -0.79772926E-09  0.67709727E-09  0.79772960E-09 -0.67709732E-09  0.28664342E-03 -0.59528705E-09
    6    5    0.13759146E-02  0.25051216E-08  0.13587549E-02  0.96605786E-09  0.17422823E-02  0.99750077E-09
    7    5    0.13324828E-02 -0.26500379E-08  0.40400814E-03 -0.24911645E-08 -0.17248107E-02 -0.15671935E-08
    8    5   -0.30418905E-02 -0.16327480E-08 -0.26868849E-02 -0.62341181E-09  0.68447809E-03  0.59824503E-09
    1    6    0.17855332E-02  0.70694323E-11 -0.23116580E-03  0.10728639E-08 -0.68453479E-04  0.19780499E-09
    2    6    0.80037996E-04 -0.13426834E-09 -0.14663602E-02 -0.94288348E-09  0.10022017E-02 -0.12788201E-08
    3    6   -0.27974199E-04  0.12718064E-08  0.32508158E-02 -0.63671874E-09  0.10927620E-02 -0.89297905E-09
    4    6   -0.68992377E-03  0.33381034E-09 -0.30657594E-02  0.32368929E-09 -0.19936874E-02  0.15506098E-08
    5    6   -0.71933613E-03 -0.93305178E-09 -0.10171566E-02  0.13873164E-08 -0.79569206E-03 -0.89951902E-10
    6    6   -0.13699556E-03 -0.85459580E-09  0.13699556E-03  0.85459582E-09  0.25957778E-03  0.48846679E-09
    7    6    0.16504300E-02  0.88044754E-09 -0.16504290E-02 -0.19439681E-08  0.24649973E-02  0.12224659E-08
    8    6    0.10171573E-02  0.36781439E-09  0.71933538E-03  0.57531607E-09 -0.79569287E-03 -0.27771844E-08
    1    7   -0.91036529E-03 -0.36383150E-09 -0.21972160E-02  0.88661347E-09 -0.37482047E-02 -0.64604664E-09
    2    7   -0.91036407E-03  0.17528330E-08  0.37482070E-02  0.94520779E-10  0.21972144E-02  0.16024569E-08
    3    7    0.11476552E-01  0.10834257E-08  0.29101216E-02  0.66004825E-09 -0.29101215E-02 -0.62753320E-09
    4    7   -0.83149998E-02 -0.29230333E-08 -0.38523534E-02 -0.17388402E-09  0.38523537E-02  0.17155195E-08
    5    7   -0.12340828E-02  0.16275250E-09 -0.15005846E-02 -0.44670106E-09 -0.16123245E-02 -0.18669352E-08
    6    7    0.26969882E-02 -0.11271479E-08 -0.26969870E-02  0.45734126E-09  0.55082109E-03 -0.26253492E-08
    7    7    0.13699561E-03  0.16551269E-09 -0.13699561E-03 -0.16551268E-09  0.25957727E-03  0.48348881E-09
    8    7    0.15005825E-02  0.10911643E-08  0.12340840E-02 -0.36473018E-09 -0.16123264E-02  0.82447693E-09
    1    8    0.13433593E-04 -0.26983445E-08  0.46910707E-02 -0.43603711E-08  0.16139710E-02  0.35222627E-08
    2    8    0.13433222E-04  0.17364059E-08 -0.16139712E-02  0.21158551E-08 -0.46910695E-02 -0.21845703E-08
    3    8   -0.98413222E-02 -0.29620434E-08 -0.79346098E-02 -0.10489473E-08  0.79346089E-02  0.19599148E-08
    4    8    0.10597574E-01  0.30360486E-08  0.62132104E-02  0.33140373E-08 -0.62132100E-02 -0.20710144E-08
    5    8    0.26868837E-02 -0.27048858E-08  0.30418911E-02 -0.37396768E-08  0.68447706E-03  0.23384493E-08
    6    8   -0.13587549E-02  0.60918681E-10 -0.13759150E-02 -0.19026997E-08  0.17422824E-02  0.91954732E-09
    7    8   -0.40400830E-03  0.19359721E-08 -0.13324837E-02  0.43589017E-08 -0.17248085E-02 -0.37737283E-08
    8    8   -0.32465080E-09  0.27163256E-09  0.32465093E-09 -0.27163258E-09  0.28664476E-03 -0.54701434E-09

   -2    2    0
    1    1   -0.14084940E-08  0.99675051E-18  0.14084926E-08 -0.21694515E-18  0.16349436E-01  0.62942059E-19
    2    1    0.18272857E-01  0.38416994E-09  0.17863354E-01 -0.30314126E-09 -0.93876402E-02  0.62962128E-09
    3    1    0.17863352E-01 -0.64946553E-09  0.18272856E-01  0.62090692E-09 -0.93876403E-02 -0.12876861E-08
    4    1   -0.20942794E-01 -0.23518255E-08 -0.20942797E-01 -0.22892579E-08  0.45533654E-02  0.16542942E-08
    5    1   -0.34983287E-01  0.32703875E-08 -0.34983288E-01  0.31476262E-08  0.19986606E-01 -0.15436807E-08
    6    1    0.28740924E-04  0.11093902E-09  0.19569792E-02 -0.23223411E-08 -0.77464768E-02  0.60040001E-09
    7    1    0.19569730E-02 -0.20025611E-09  0.28739132E-04  0.16802968E-09 -0.77464747E-02  0.98380337E-09
    8    1    0.48125990E-01 -0.24363751E-08  0.48125989E-01 -0.65561190E-09 -0.12370066E-01  0.60275517E-10
    1    2   -0.17863354E-01 -0.30314150E-09 -0.18272857E-01  0.38416752E-09 -0.51635260E-03 -0.49825626E-09
    2    2    0.50711698E-03  0.93380839E-18 -0.50711698E-03  0.93380836E-18  0.13381219E-02  0.15493955E-25
    3    2   -0.27093914E-10  0.40831074E-09  0.28785511E-09  0.16491628E-08  0.23840969E-02 -0.19870616E-09
    4    2    0.20900121E-01  0.89782658E-09  0.20490622E-01 -0.12646518E-08 -0.56419922E-02  0.81039683E-09
    5    2   -0.16491566E-01 -0.28113785E-08 -0.13815890E-01  0.35048166E-09 -0.35428174E-03 -0.34427848E-09
    6    2    0.17133130E-01  0.14801600E-09  0.18137833E-01  0.52287687E-09 -0.24581268E-02 -0.55562768E-09
    7    2    0.10930248E-01  0.92928665E-09  0.13918462E-01 -0.33421847E-08  0.12069456E-03  0.16279981E-08
    8    2   -0.27977927E-01  0.81071618E-09 -0.31769649E-01 -0.54287935E-10  0.82206795E-03  0.14749506E-09
    1    3   -0.18272856E-01  0.62090589E-09 -0.17863352E-01 -0.64946451E-09 -0.51635085E-03 -0.13978903E-08
    2    3   -0.28785653E-09  0.16491652E-08  0.27094437E-10  0.40831085E-09  0.23840969E-02  0.89815854E-09
    3    3   -0.50711453E-03  0.24556850E-18  0.50711453E-03  0.24556816E-18  0.13381216E-02  0.12444162E-24
    4    3    0.20490618E-01 -0.22543956E-08  0.20900119E-01 -0.86803654E-09 -0.56419906E-02  0.16785157E-08
    5    3   -0.13815889E-01 -0.26689560E-09 -0.16491565E-01 -0.17408774E-08 -0.35428240E-03 -0.23214691E-08
    6    3    0.13918462E-01  0.20792952E-08  0.10930245E-01 -0.20517731E-08  0.12069526E-03  0.22749430E-08
    7    3    0.18137833E-01 -0.29403139E-08  0.17133129E-01  0.21543080E-08 -0.24581267E-02  0.57729381E-09
    8    3   -0.31769646E-01 -0.45818125E-09 -0.27977923E-01  0.83838132E-09  0.82206601E-03  0.33346174E-09
    1    4    0.20942797E-01 -0.22892579E-08  0.20942794E-01 -0.23518254E-08 -0.64188814E-02  0.85785271E-09
    2    4   -0.20490622E-01 -0.12646506E-08 -0.20900121E-01  0.89782799E-09 -0.42620013E-02 -0.13251216E-08
    3    4   -0.20900119E-01 -0.86803647E-09 -0.20490618E-01 -0.22543956E-08 -0.42620001E-02  0.22730345E-08
    4    4   -0.20470049E-08 -0.21694526E-18  0.20470039E-08  0.99675034E-18  0.16349437E-01 -0.62942188E-19
    5    4    0.45545814E-01 -0.27586114E-08  0.45545813E-01 -0.48663360E-08 -0.40392317E-02  0.19513163E-08
    6    4   -0.21330174E-01 -0.72824635E-09 -0.15843169E-01  0.35203997E-08  0.47735796E-02 -0.16178767E-08
    7    4   -0.15843167E-01  0.23943983E-08 -0.21330172E-01  0.20879750E-08  0.47735787E-02 -0.29106051E-08
    8    4   -0.25137714E-02  0.58340576E-09 -0.25137742E-02  0.34607473E-09 -0.62191251E-02  0.10982867E-08
    1    5    0.34983288E-01  0.31476260E-08  0.34983287E-01  0.32703873E-08 -0.10627205E-01  0.13691412E-08
    2    5    0.13815890E-01  0.35048060E-09  0.16491566E-01 -0.28113782E-08  0.89985252E-02  0.10979565E-08
    3    5    0.16491565E-01 -0.17408766E-08  0.13815889E-01 -0.26689681E-09  0.89985229E-02 -0.19298403E-08
    4    5   -0.45545813E-01 -0.48663365E-08 -0.45545814E-01 -0.27586112E-08  0.32017571E-04  0.11663392E-08
    5    5    0.11877764E-08 -0.26138978E-18 -0.11877767E-08 -0.39934151E-18 -0.12546718E-01  0.56469967E-18
    6    5   -0.14947021E-01 -0.12522047E-08 -0.15537163E-01  0.11451640E-09  0.38997656E-02 -0.30021978E-09
    7    5   -0.15537168E-01 -0.12680910E-08 -0.14947021E-01 -0.13972461E-08  0.38997657E-02  0.44051941E-09
    8    5    0.52680847E-01 -0.20650854E-08  0.52680847E-01 -0.32184720E-08  0.47211332E-02 -0.10413164E-08
    1    6   -0.19569792E-02 -0.23223384E-08 -0.28740924E-04  0.11094093E-09  0.84759705E-02 -0.20539664E-08
    2    6   -0.18137833E-01  0.52287569E-09 -0.17133130E-01  0.14801451E-09 -0.50150758E-03  0.57765691E-09
    3    6   -0.10930245E-01 -0.20517697E-08 -0.13918462E-01  0.20792964E-08 -0.18241232E-02  0.12111269E-08
    4    6    0.15843169E-01  0.35204034E-08  0.21330174E-01 -0.72824551E-09 -0.69082050E-02 -0.23341680E-08
    5    6    0.15537163E-01  0.11451602E-09  0.14947021E-01 -0.12522061E-08  0.72136047E-02  0.18541641E-09
    6    6   -0.41572230E-03 -0.82608888E-18  0.41572230E-03 -0.82608933E-18 -0.44902451E-02 -0.28835896E-24
    7    6    0.25957983E-08 -0.44836311E-09  0.26724139E-09  0.23036385E-08 -0.85006704E-02 -0.16384200E-08
    8    6   -0.14947020E-01 -0.28213253E-09 -0.15537165E-01 -0.63327516E-09  0.72136009E-02  0.10347769E-08
    1    7   -0.28739132E-04  0.16802884E-09 -0.19569730E-02 -0.20025530E-09  0.84759638E-02 -0.71295828E-09
    2    7   -0.13918462E-01 -0.33421871E-08 -0.10930248E-01  0.92928756E-09 -0.18241207E-02 -0.19639999E-08
    3    7   -0.17133129E-01  0.21543082E-08 -0.18137833E-01 -0.29403141E-08 -0.50150353E-03  0.20190540E-08
    4    7    0.21330172E-01  0.20879736E-08  0.15843167E-01  0.23943996E-08 -0.69082040E-02 -0.15088163E-08
    5    7    0.14947021E-01 -0.13972462E-08  0.15537168E-01 -0.12680911E-08  0.72135984E-02  0.13542782E-08
    6    7   -0.26724300E-09  0.23036415E-08 -0.25957974E-08 -0.44836347E-09 -0.85006663E-02  0.10353341E-08
    7    7    0.41572437E-03 -0.46661958E-18 -0.41572437E-03 -0.46662027E-18 -0.44902430E-02  0.57928704E-24
    8    7   -0.15537163E-01 -0.12797755E-08 -0.14947016E-01 -0.43337260E-09  0.72136008E-02  0.94199751E-09
    1    8   -0.48125989E-01 -0.65561148E-09 -0.48125990E-01 -0.24363756E-08  0.16674952E-01  0.17790727E-08
    2    8    0.31769649E-01 -0.54289798E-10  0.27977927E-01  0.81071657E-09 -0.97453389E-02 -0.98978629E-11
    3    8    0.27977923E-01  0.83838242E-09  0.31769646E-01 -0.45818239E-09 -0.97453374E-02  0.60623223E-09
    4    8    0.25137742E-02  0.34607484E-09  0.25137714E-02  0.58340556E-09  0.51488021E-02  0.11662841E-08
    5    8   -0.52680847E-01 -0.32184726E-08 -0.52680847E-01 -0.20650850E-08  0.47211337E-02 -0.15968689E-08
    6    8    0.15537165E-01 -0.63327501E-09  0.14947020E-01 -0.28213006E-09  0.38997643E-02  0.17052010E-08
    7    8    0.14947016E-01 -0.43337197E-09  0.15537163E-01 -0.12797761E-08  0.38997668E-02  0.29856810E-08
    8    8   -0.34837685E-09 -0.39934169E-18  0.34837684E-09 -0.26138968E-18 -0.12546715E-01 -0.56469968E-18

   -2    2    1
    1    1   -0.32659173E-09 -0.79328531E-10  0.32659324E-09  0.79328444E-10 -0.74434700E-03  0.36960765E-09
    2    1   -0.12990100E-02 -0.96588799E-09 -0.53463377E-03  0.14934204E-08  0.15806716E-02  0.69607421E-09
    3    1   -0.17379842E-02 -0.62827749E-09  0.79981124E-04 -0.17851468E-08  0.21683358E-02 -0.93042084E-10
    4    1    0.25501191E-02  0.10187000E-09  0.11368093E-02  0.17482108E-09 -0.18375446E-02 -0.77981249E-10
    5    1    0.51534230E-04  0.23270827E-08  0.87062791E-03  0.23084592E-08 -0.15010981E-02 -0.65406993E-10
    6    1   -0.19181149E-02  0.17620278E-08  0.36374748E-03 -0.68208986E-09 -0.12307775E-02 -0.12616279E-08
    7    1    0.37958474E-02 -0.26665116E-09 -0.68826613E-03  0.78943310E-09  0.40486638E-02  0.12777393E-11
    8    1   -0.31703777E-02 -0.40993565E-08 -0.15341266E-02 -0.29593592E-08 -0.10252693E-02  0.15300654E-08
    1    2   -0.34578709E-03 -0.24749583E-08  0.20037909E-02 -0.10577448E-08 -0.14799637E-02  0.20354911E-08
    2    2   -0.70300227E-03 -0.58019443E-09  0.70300227E-03  0.58019446E-09  0.66962859E-03 -0.57236092E-09
    3    2   -0.46074401E-04 -0.41914318E-09  0.46073666E-04  0.18099730E-08 -0.22222402E-02  0.37336718E-09
    4    2   -0.14344156E-02  0.12637320E-08  0.91516531E-03  0.12367496E-08  0.74682122E-03 -0.52991687E-09
    5    2   -0.22899817E-02 -0.29646092E-08  0.43599612E-03 -0.20588013E-08 -0.11585287E-02 -0.50764129E-09
    6    2    0.37817386E-03 -0.24362595E-08  0.10081483E-02  0.13591050E-08 -0.13635783E-02  0.64433877E-09
    7    2    0.14910046E-02  0.12342145E-08 -0.43288475E-02  0.61313771E-09  0.40808079E-03 -0.15879151E-08
    8    2   -0.32183401E-03  0.35727280E-08  0.19223720E-02  0.27953152E-09  0.24312299E-02  0.53384750E-09
    1    3    0.56955996E-03  0.20144857E-08  0.12640816E-02  0.10759039E-08 -0.10191200E-02 -0.76626117E-10
    2    3   -0.12447951E-02 -0.81591368E-09  0.12447961E-02  0.31502922E-09 -0.11517715E-02 -0.16086422E-09
    3    3    0.70300155E-03 -0.79676217E-09 -0.70300155E-03  0.79676214E-09  0.66962789E-03 -0.40753437E-09
    4    3   -0.14598604E-02 -0.34708080E-09 -0.76533880E-03 -0.94321233E-09  0.36754823E-03 -0.66410323E-10
    5    3    0.37903034E-03  0.25524285E-08  0.74170430E-03  0.56034310E-09  0.29179443E-02  0.70546972E-09
    6    3    0.66794776E-03  0.89781910E-09 -0.38907893E-02 -0.26272686E-09 -0.17145518E-02 -0.24482643E-08
    7    3   -0.10183754E-01  0.96545980E-09 -0.42029202E-02  0.77801414E-09  0.14395969E-02  0.21939444E-09
    8    3    0.92439536E-02 -0.37806610E-08  0.85319784E-02 -0.23032974E-09 -0.56945606E-02  0.19802601E-08
    1    4   -0.11368085E-02  0.19164874E-09 -0.25501162E-02 -0.50244275E-09  0.22533956E-03  0.73018948E-10
    2    4    0.73041424E-03 -0.59693978E-09  0.14947873E-02  0.38365749E-09  0.19400039E-03  0.97509846E-09
    3    4   -0.64935601E-03  0.27913760E-08  0.11686069E-02  0.17335958E-08 -0.58449563E-04 -0.16163005E-08
    4    4   -0.32339923E-09 -0.46232207E-09  0.32340036E-09  0.46232208E-09 -0.74434713E-03 -0.29240972E-09
    5    4    0.57658455E-03 -0.16961380E-08 -0.18803465E-02 -0.16530314E-08 -0.21565500E-02 -0.69947810E-09
    6    4    0.17743211E-03  0.91413179E-09  0.35782511E-02 -0.25662758E-09  0.33020504E-02  0.23899133E-08
    7    4    0.53313873E-02 -0.23254511E-08  0.68359659E-02 -0.77146632E-09 -0.47291773E-02  0.17993104E-08
    8    4   -0.88290103E-02  0.33678273E-08 -0.79817742E-02  0.29822586E-08  0.54631538E-02 -0.23811385E-08
    1    5   -0.10022022E-02 -0.49763305E-10  0.80038173E-04  0.14552510E-08  0.14663607E-02 -0.20046548E-08
    2    5   -0.10927625E-02  0.20959309E-09 -0.27974675E-04  0.93079746E-10 -0.32508164E-02 -0.12461149E-08
    3    5    0.68454241E-04 -0.31631441E-09  0.17855335E-02 -0.26445709E-08  0.23116615E-03  0.22306324E-08
    4    5    0.19936880E-02 -0.60749352E-09 -0.68992352E-03  0.18448377E-08  0.30657581E-02  0.45670939E-10
    5    5   -0.79772926E-09 -0.67709727E-09  0.79772960E-09  0.67709732E-09  0.28664342E-03  0.59528705E-09
    6    5    0.40401090E-03  0.39214002E-09  0.13324819E-02  0.62122883E-10 -0.17248102E-02 -0.55717745E-09
    7    5    0.13587541E-02 -0.15541656E-09  0.13759133E-02 -0.12853222E-09  0.17422795E-02 -0.14011355E-08
    8    5   -0.26868850E-02 -0.20548004E-08 -0.30418898E-02 -0.43897624E-08  0.68448015E-03 -0.16999916E-09
    1    6   -0.21972164E-02  0.38632286E-08 -0.91036239E-03  0.13024322E-08 -0.37482074E-02 -0.14283391E-08
    2    6    0.29101231E-02 -0.25015576E-08  0.11476551E-01  0.29002950E-08 -0.29101224E-02  0.10359449E-08
    3    6    0.37482081E-02  0.18829833E-08 -0.91036375E-03 -0.27816625E-09  0.21972148E-02 -0.28178142E-08
    4    6   -0.38523562E-02 -0.15846422E-08 -0.83149981E-02 -0.53837179E-08  0.38523558E-02  0.10097407E-08
    5    6   -0.15005844E-02  0.16169894E-08 -0.12340852E-02  0.18541918E-08 -0.16123278E-02 -0.42936905E-10
    6    6   -0.13699556E-03  0.85459580E-09  0.13699556E-03 -0.85459582E-09  0.25957778E-03 -0.48846679E-09
    7    6   -0.26969888E-02 -0.71051490E-09  0.26969876E-02  0.40710868E-10  0.55082602E-03 -0.68448600E-10
    8    6    0.12340865E-02 -0.18398537E-08  0.15005834E-02 -0.19247428E-11 -0.16123301E-02  0.13197903E-08
    1    7   -0.23116294E-03 -0.18753148E-08  0.17855332E-02 -0.86174294E-10 -0.68453757E-04  0.13629185E-08
    2    7    0.32508169E-02  0.19194198E-08 -0.27974889E-04 -0.47649968E-09  0.10927601E-02  0.55505422E-09
    3    7   -0.14663624E-02  0.35459493E-09  0.80039985E-04  0.32963593E-08  0.10022004E-02 -0.23606627E-08
    4    7   -0.30657602E-02 -0.32687713E-09 -0.68992623E-03 -0.89567678E-09 -0.19936858E-02  0.47618324E-09
    5    7   -0.10171560E-02 -0.21221036E-08 -0.71933500E-03 -0.30190986E-08 -0.79569113E-03 -0.48177352E-09
    6    7   -0.16504313E-02 -0.20590485E-08  0.16504303E-02  0.99552526E-09  0.24649951E-02  0.84914807E-09
    7    7    0.13699561E-03 -0.16551268E-09 -0.13699561E-03  0.16551268E-09  0.25957727E-03 -0.48348881E-09
    8    7    0.71933557E-03  0.26052203E-08  0.10171564E-02  0.36896536E-08 -0.79569388E-03 -0.22857416E-08
    1    8    0.46910689E-02 -0.17411894E-08  0.13432932E-04 -0.16582864E-08  0.16139725E-02  0.20469930E-08
    2    8   -0.79346097E-02 -0.21298449E-09 -0.98413236E-02 -0.11085787E-08  0.79346102E-02 -0.24923082E-09
    3    8   -0.16139717E-02 -0.14800088E-08  0.13431747E-04 -0.75212712E-09 -0.46910682E-02  0.23419356E-08
    4    8    0.62132118E-02  0.19764565E-08  0.10597577E-01  0.20265509E-08 -0.62132121E-02 -0.13721273E-08
    5    8    0.30418912E-02 -0.94816639E-09  0.26868841E-02 -0.13079932E-08  0.68447790E-03  0.34782760E-09
    6    8   -0.13324825E-02  0.12446897E-08 -0.40401013E-03 -0.30156188E-09 -0.17248091E-02 -0.32363114E-08
    7    8   -0.13759144E-02 -0.56925756E-09 -0.13587522E-02  0.12956917E-08  0.17422799E-02 -0.52829003E-09
    8    8   -0.32465080E-09 -0.27163256E-09  0.32465093E-09  0.27163258E-09  0.28664476E-03  0.54701434E-09

   -2    2    2
    1    1   -0.67871056E-15  0.16394224E-18 -0.69085362E-15  0.96499888E-18 -0.76544673E-15 -0.85491721E-18
    2    1    0.67912141E-03 -0.62543088E-08 -0.30904958E-03 -0.68019166E-09 -0.30905050E-03 -0.15359215E-08
    3    1   -0.30904989E-03 -0.12549040E-08  0.67911992E-03 -0.53359421E-08 -0.30905039E-03 -0.26083634E-08
    4    1   -0.30905249E-03 -0.16674703E-08 -0.30905033E-03 -0.26903379E-08  0.67911906E-03 -0.25604974E-08
    5    1   -0.91448268E-04  0.24708018E-08 -0.91449227E-04  0.30787061E-08 -0.91446822E-04  0.10439676E-08
    6    1    0.20805317E-04  0.73337096E-09 -0.80181592E-03 -0.12945457E-08 -0.80181768E-03 -0.24968557E-09
    7    1   -0.80181594E-03  0.14931272E-10  0.20808297E-04  0.97305929E-09 -0.80181614E-03  0.13921118E-10
    8    1   -0.80181376E-03 -0.11573675E-08 -0.80181564E-03 -0.13746589E-08  0.20808460E-04  0.11475130E-08
    1    2   -0.67912141E-03 -0.62543112E-08  0.30904958E-03 -0.68019187E-09  0.30905050E-03 -0.15359239E-08
    2    2   -0.73161963E-15  0.16394208E-18  0.16579620E-14  0.53860188E-19 -0.92937810E-15 -0.16394199E-18
    3    2   -0.98816991E-03 -0.39925595E-08  0.98817145E-03 -0.27565450E-08  0.90253332E-09  0.16296970E-08
    4    2   -0.98816949E-03 -0.98327139E-09  0.12235754E-08  0.32111354E-08  0.98817033E-03 -0.22145048E-08
    5    2    0.19013663E-02 -0.23198585E-08 -0.81007550E-03  0.56618625E-09 -0.81007435E-03 -0.20830366E-08
    6    2   -0.20501883E-02 -0.24606660E-08  0.29648968E-02 -0.93980747E-09  0.29648954E-02 -0.22138607E-08
    7    2   -0.48283161E-03  0.15692687E-08  0.11373681E-02 -0.49517595E-09 -0.20204230E-02  0.25688049E-08
    8    2   -0.48283604E-03  0.14276294E-08 -0.20204227E-02 -0.13771986E-08  0.11373700E-02 -0.38004318E-09
    1    3    0.30904989E-03 -0.12549029E-08 -0.67911992E-03 -0.53359431E-08  0.30905039E-03 -0.26083623E-08
    2    3    0.98816991E-03 -0.39925572E-08 -0.98817145E-03 -0.27565447E-08 -0.90253262E-09  0.16296993E-08
    3    3   -0.30249241E-16  0.85491671E-18 -0.86833752E-15  0.96499871E-18 -0.45861752E-16 -0.16394196E-18
    4    3    0.23039644E-08  0.11139077E-08 -0.98817158E-03 -0.21104958E-08  0.98817197E-03 -0.12651223E-08
    5    3   -0.81007436E-03  0.59963830E-09  0.19013706E-02 -0.18195447E-08 -0.81007449E-03 -0.18567488E-08
    6    3    0.11373708E-02  0.21456841E-08 -0.48283488E-03 -0.44872809E-09 -0.20204208E-02  0.21467269E-08
    7    3    0.29648960E-02 -0.34077843E-08 -0.20501890E-02 -0.13744544E-08  0.29648964E-02 -0.18034253E-08
    8    3   -0.20204247E-02 -0.82766048E-09 -0.48283625E-03  0.13922843E-08  0.11373675E-02  0.14776661E-09
    1    4    0.30905249E-03 -0.16674702E-08  0.30905033E-03 -0.26903379E-08 -0.67911906E-03 -0.25604973E-08
    2    4    0.98816949E-03 -0.98326924E-09 -0.12235748E-08  0.32111358E-08 -0.98817033E-03 -0.22145026E-08
    3    4   -0.23039637E-08  0.11139078E-08  0.98817158E-03 -0.21104959E-08 -0.98817197E-03 -0.12651221E-08
    4    4   -0.38857806E-15  0.96499925E-18 -0.77325299E-15  0.16394178E-18 -0.33653635E-15 -0.96499911E-18
    5    4   -0.81007066E-03 -0.30760489E-08 -0.81007418E-03 -0.31921937E-08  0.19013688E-02 -0.74020462E-09
    6    4    0.11373694E-02 -0.12202816E-08 -0.20204207E-02  0.41887205E-09 -0.48283362E-03  0.57382235E-09
    7    4   -0.20204253E-02  0.21612317E-08  0.11373695E-02  0.19328091E-08 -0.48283523E-03 -0.33943073E-09
    8    4    0.29648952E-02  0.11144628E-08  0.29648961E-02  0.98174423E-09 -0.20501886E-02 -0.12830697E-08
    1    5    0.91448268E-04  0.24708016E-08  0.91449227E-04  0.30787059E-08  0.91446822E-04  0.10439674E-08
    2    5   -0.19013663E-02 -0.23198596E-08  0.81007550E-03  0.56618653E-09  0.81007435E-03 -0.20830377E-08
    3    5    0.81007436E-03  0.59963910E-09 -0.19013706E-02 -0.18195459E-08  0.81007449E-03 -0.18567480E-08
    4    5    0.81007066E-03 -0.30760494E-08  0.81007418E-03 -0.31921935E-08 -0.19013688E-02 -0.74020512E-09
    5    5   -0.15460723E-15 -0.24315944E-18 -0.19537323E-15 -0.69092815E-18 -0.14680097E-15  0.77539421E-18
    6    5   -0.22622941E-08 -0.62793458E-08 -0.34804565E-03  0.22683068E-09 -0.34804562E-03  0.39981377E-09
    7    5   -0.34804453E-03  0.49183027E-11  0.14646655E-08 -0.52403723E-08 -0.34804355E-03 -0.23522726E-09
    8    5   -0.34804068E-03 -0.82604008E-09 -0.34804303E-03 -0.46743451E-09  0.98050045E-09 -0.62617654E-08
    1    6   -0.20805317E-04  0.73337289E-09  0.80181592E-03 -0.12945430E-08  0.80181768E-03 -0.24968364E-09
    2    6    0.20501883E-02 -0.24606695E-08 -0.29648968E-02 -0.93980669E-09 -0.29648954E-02 -0.22138641E-08
    3    6   -0.11373708E-02  0.21456867E-08  0.48283488E-03 -0.44872607E-09  0.20204208E-02  0.21467295E-08
    4    6   -0.11373694E-02 -0.12202801E-08  0.20204207E-02  0.41887518E-09  0.48283362E-03  0.57382386E-09
    5    6    0.22622931E-08 -0.62793472E-08  0.34804565E-03  0.22683031E-09  0.34804562E-03  0.39981229E-09
    6    6    0.21139232E-14 -0.24315966E-18  0.34696638E-14 -0.32762416E-18  0.21534966E-14  0.24315969E-18
    7    6   -0.34804492E-03 -0.58250844E-09  0.34804344E-03  0.10755671E-08 -0.24023175E-08  0.52720135E-08
    8    6   -0.34804446E-03  0.72593950E-10 -0.18144815E-08  0.81761910E-08  0.34804423E-03 -0.20917273E-09
    1    7    0.80181594E-03  0.14932068E-10 -0.20808297E-04  0.97305845E-09  0.80181614E-03  0.13921909E-10
    2    7    0.48283161E-03  0.15692683E-08 -0.11373681E-02 -0.49517699E-09  0.20204230E-02  0.25688045E-08
    3    7   -0.29648960E-02 -0.34077824E-08  0.20501890E-02 -0.13744562E-08 -0.29648964E-02 -0.18034235E-08
    4    7    0.20204253E-02  0.21612324E-08 -0.11373695E-02  0.19328084E-08  0.48283523E-03 -0.33943009E-09
    5    7    0.34804453E-03  0.49182088E-11 -0.14646669E-08 -0.52403725E-08  0.34804355E-03 -0.23522732E-09
    6    7    0.34804492E-03 -0.58250776E-09 -0.34804344E-03  0.10755691E-08  0.24023163E-08  0.52720142E-08
    7    7    0.12338221E-14 -0.77539379E-18 -0.12849964E-14 -0.69092815E-18  0.12156075E-14  0.24315913E-18
    8    7   -0.13222175E-08  0.61293144E-08 -0.34804177E-03 -0.72177343E-09  0.34804161E-03  0.12265660E-08
    1    8    0.80181376E-03 -0.11573679E-08  0.80181564E-03 -0.13746585E-08 -0.20808460E-04  0.11475125E-08
    2    8    0.48283604E-03  0.14276278E-08  0.20204227E-02 -0.13771985E-08 -0.11373700E-02 -0.38004475E-09
    3    8    0.20204247E-02 -0.82766029E-09  0.48283625E-03  0.13922840E-08 -0.11373675E-02  0.14776683E-09
    4    8   -0.29648952E-02  0.11144632E-08 -0.29648961E-02  0.98174374E-09  0.20501886E-02 -0.12830693E-08
    5    8    0.34804068E-03 -0.82603968E-09  0.34804303E-03 -0.46743513E-09 -0.98050079E-09 -0.62617650E-08
    6    8    0.34804446E-03  0.72594576E-10  0.18144814E-08  0.81761930E-08 -0.34804423E-03 -0.20917211E-09
    7    8    0.13222175E-08  0.61293160E-08  0.34804177E-03 -0.72177508E-09 -0.34804161E-03  0.12265677E-08
    8    8    0.50653925E-15 -0.69092774E-18 -0.53190959E-15 -0.24315929E-18  0.48268681E-15  0.69092790E-18

   -1   -2    1
    1    1   -0.74434823E-03  0.65070993E-10 -0.21093421E-09  0.56725505E-09  0.21093296E-09 -0.56725497E-09
    2    1   -0.18375433E-02 -0.12265631E-08  0.11368079E-02  0.74998358E-09  0.25501158E-02 -0.11281678E-09
    3    1    0.21683350E-02  0.85790296E-10  0.79980900E-04 -0.97852724E-09 -0.17379835E-02  0.91818073E-09
    4    1    0.15806731E-02  0.22693020E-08 -0.53463226E-03  0.71628999E-09 -0.12990092E-02  0.10974005E-08
    5    1   -0.15010997E-02 -0.13674168E-08  0.87062688E-03 -0.12537349E-08  0.51535504E-04 -0.13550980E-08
    6    1   -0.10252678E-02  0.28270348E-09 -0.15341256E-02 -0.18956558E-09 -0.31703753E-02  0.86328536E-09
    7    1    0.40486640E-02 -0.43473543E-09 -0.68826547E-03  0.18829464E-08  0.37958456E-02  0.38115720E-09
    8    1   -0.12307781E-02  0.13253591E-08  0.36374692E-03  0.11930668E-08 -0.19181169E-02 -0.14887467E-08
    1    2    0.22534053E-03 -0.39343041E-09 -0.25501163E-02 -0.10104852E-08 -0.11368076E-02  0.82416659E-10
    2    2   -0.74434781E-03  0.36763943E-10 -0.36899214E-09 -0.20168151E-09  0.36899266E-09  0.20168147E-09
    3    2   -0.58450081E-04  0.96202074E-09  0.11686077E-02 -0.91024061E-09 -0.64935819E-03  0.50039502E-09
    4    2    0.19400490E-03 -0.92911431E-10  0.14947866E-02  0.17005299E-08  0.73040984E-03 -0.25488240E-08
    5    2   -0.21565483E-02  0.11861251E-08 -0.18803474E-02 -0.58781398E-10  0.57658708E-03  0.23545420E-08
    6    2    0.54631571E-02  0.17084468E-08 -0.79817757E-02 -0.40524663E-09 -0.88290135E-02 -0.74185807E-09
    7    2   -0.47291792E-02 -0.34782877E-09  0.68359667E-02 -0.23102356E-09  0.53313846E-02 -0.24713461E-08
    8    2    0.33020470E-02 -0.24745200E-08  0.35782521E-02 -0.61939421E-09  0.17743518E-03  0.17390214E-08
    1    3   -0.10191185E-02  0.18076343E-08  0.12640807E-02  0.17589555E-08  0.56956091E-03 -0.10842154E-10
    2    3    0.36754884E-03  0.11991369E-08 -0.76533867E-03 -0.28705514E-09 -0.14598589E-02  0.12858164E-08
    3    3    0.66962736E-03  0.98892279E-10 -0.70300110E-03  0.31985447E-09  0.70300110E-03 -0.31985457E-09
    4    3   -0.11517740E-02 -0.11906802E-09  0.12447973E-02 -0.20694501E-08 -0.12447972E-02  0.19248240E-10
    5    3    0.29179457E-02 -0.18049235E-09  0.74170531E-03  0.12133876E-08  0.37903269E-03 -0.83349383E-09
    6    3   -0.56945628E-02 -0.73332801E-10  0.85319773E-02 -0.15332501E-08  0.92439518E-02 -0.12403321E-08
    7    3    0.14395957E-02  0.54941474E-09 -0.42029196E-02 -0.10965222E-08 -0.10183753E-01  0.27900761E-08
    8    3   -0.17145489E-02  0.16016290E-08 -0.38907911E-02  0.70535417E-09  0.66794954E-03 -0.11473897E-08
    1    4   -0.14799639E-02 -0.83391098E-09  0.20037924E-02 -0.50297168E-09 -0.34579016E-03  0.12950198E-09
    2    4    0.74682224E-03  0.76249360E-09  0.91516614E-03  0.62227351E-09 -0.14344175E-02 -0.59985450E-09
    3    4   -0.22222386E-02  0.74711770E-09  0.46073971E-04  0.24071452E-09 -0.46071577E-04  0.22983436E-09
    4    4    0.66962754E-03 -0.57702886E-09  0.70300168E-03 -0.21119875E-09 -0.70300168E-03  0.21119862E-09
    5    4   -0.11585283E-02  0.10596972E-08  0.43599701E-03  0.22572368E-10 -0.22899872E-02 -0.10297721E-08
    6    4    0.24312273E-02 -0.17183938E-08  0.19223736E-02  0.87069135E-09 -0.32183202E-03  0.11208166E-09
    7    4    0.40808139E-03 -0.93239403E-09 -0.43288502E-02  0.26081922E-09  0.14910071E-02  0.35710098E-10
    8    4   -0.13635765E-02 -0.24387534E-09  0.10081489E-02 -0.10078026E-08  0.37817183E-03  0.75144073E-09
    1    5    0.14663585E-02 -0.88519149E-09  0.80039145E-04 -0.10229890E-08 -0.10022011E-02 -0.78572438E-09
    2    5    0.30657602E-02  0.58696897E-09 -0.68992509E-03  0.12459365E-08  0.19936854E-02  0.19009298E-09
    3    5    0.23116503E-03 -0.18534121E-09  0.17855338E-02 -0.12358068E-08  0.68453403E-04 -0.30904234E-09
    4    5   -0.32508155E-02  0.26540390E-08 -0.27975177E-04  0.14228500E-08 -0.10927615E-02  0.23231600E-08
    5    5    0.28664332E-03  0.26418129E-09  0.12345947E-09 -0.23910033E-09 -0.12345988E-09  0.23910033E-09
    6    5    0.68448026E-03  0.54557697E-09 -0.30418902E-02  0.50370489E-09 -0.26868832E-02  0.17071130E-08
    7    5    0.17422826E-02  0.97522692E-09  0.13759147E-02  0.18657189E-08  0.13587542E-02  0.13551738E-09
    8    5   -0.17248106E-02  0.38086878E-09  0.13324840E-02  0.12282253E-08  0.40400786E-03 -0.32096651E-09
    1    6    0.16139701E-02 -0.24070617E-08  0.13431874E-04  0.55010816E-09  0.46910689E-02  0.54887269E-09
    2    6   -0.62132085E-02  0.15478685E-08  0.10597578E-01 -0.17519477E-08  0.62132087E-02 -0.93220539E-09
    3    6   -0.46910672E-02 -0.10822271E-08  0.13432120E-04  0.17004067E-08 -0.16139689E-02  0.20140703E-08
    4    6    0.79346049E-02  0.73848508E-09 -0.98413229E-02 -0.42394679E-09 -0.79346060E-02 -0.43432341E-10
    5    6    0.68447727E-03 -0.35858970E-09  0.26868827E-02  0.43326181E-09  0.30418886E-02 -0.44439821E-09
    6    6    0.28664268E-03 -0.87007666E-09 -0.41058872E-09 -0.31945747E-09  0.41059431E-09  0.31945752E-09
    7    6    0.17422810E-02  0.31741654E-09 -0.13587534E-02 -0.76418293E-09 -0.13759132E-02 -0.74825598E-09
    8    6   -0.17248057E-02 -0.16865865E-09 -0.40400893E-03  0.11430915E-08 -0.13324859E-02 -0.31998461E-09
    1    7   -0.68453076E-04  0.22945867E-09  0.17855346E-02 -0.16148207E-08 -0.23116489E-03  0.43759231E-09
    2    7   -0.19936856E-02 -0.12108141E-08 -0.68992611E-03  0.73831213E-09 -0.30657585E-02  0.66310889E-09
    3    7    0.10022006E-02 -0.12144500E-09  0.80040160E-04  0.20027243E-10 -0.14663607E-02 -0.55506108E-09
    4    7    0.10927605E-02  0.57179748E-09 -0.27976266E-04 -0.23743925E-09  0.32508164E-02 -0.18060303E-08
    5    7   -0.79569188E-03  0.42130936E-09 -0.71933468E-03 -0.89833986E-09 -0.10171579E-02  0.13052675E-08
    6    7   -0.79569327E-03  0.17945344E-10  0.10171571E-02  0.26382025E-09  0.71933494E-03  0.24958942E-09
    7    7    0.25957708E-03  0.30849539E-09 -0.13699563E-03  0.28089785E-09  0.13699563E-03 -0.28089785E-09
    8    7    0.24649962E-02 -0.86369022E-09  0.16504312E-02 -0.91577971E-09 -0.16504301E-02  0.35097554E-09
    1    8   -0.37482040E-02  0.12711276E-08 -0.91036575E-03  0.13078632E-08 -0.21972137E-02 -0.64985447E-09
    2    8    0.38523513E-02 -0.17927287E-09 -0.83149989E-02  0.30148567E-09 -0.38523531E-02 -0.57300435E-09
    3    8    0.21972131E-02  0.67589833E-09 -0.91036634E-03 -0.40904709E-09  0.37482050E-02  0.12119202E-09
    4    8   -0.29101173E-02 -0.23087835E-08  0.11476553E-01 -0.14264397E-08  0.29101188E-02 -0.55251490E-10
    5    8   -0.16123249E-02  0.14341781E-08 -0.12340832E-02  0.20266876E-08 -0.15005803E-02  0.10718641E-08
    6    8   -0.16123243E-02 -0.13603801E-08  0.15005824E-02 -0.23659023E-09  0.12340805E-02 -0.10262036E-09
    7    8    0.55082236E-03 -0.94462429E-09  0.26969903E-02 -0.16512106E-08 -0.26969908E-02  0.54746972E-09
    8    8    0.25957732E-03  0.62702901E-09  0.13699544E-03  0.83662020E-09 -0.13699544E-03 -0.83662017E-09

   -1   -2    2
    1    1    0.52655724E-10  0.59145481E-10 -0.74434710E-03 -0.10261892E-08 -0.52654350E-10 -0.59145462E-10
    2    1    0.79981813E-04 -0.98491174E-09  0.21683342E-02  0.97503730E-09 -0.17379831E-02  0.56154596E-09
    3    1    0.11368083E-02  0.50749167E-09 -0.18375428E-02 -0.11610305E-08  0.25501169E-02  0.10157270E-08
    4    1   -0.53463443E-03  0.11916639E-08  0.15806716E-02  0.27689484E-09 -0.12990094E-02 -0.22005013E-08
    5    1    0.87062692E-03 -0.35561594E-09 -0.15010979E-02 -0.50630060E-09  0.51533935E-04  0.61908240E-09
    6    1   -0.68826606E-03 -0.87767992E-09  0.40486636E-02 -0.36400076E-09  0.37958453E-02  0.80963329E-09
    7    1   -0.15341251E-02 -0.46278141E-09 -0.10252704E-02 -0.39079293E-09 -0.31703740E-02 -0.14795901E-08
    8    1    0.36374855E-03  0.17284132E-08 -0.12307769E-02  0.19193037E-08 -0.19181168E-02  0.46142803E-09
    1    2    0.12640800E-02  0.14723747E-08 -0.10191210E-02 -0.81133061E-10  0.56956076E-03  0.77027631E-09
    2    2   -0.70300137E-03  0.16624220E-08  0.66962816E-03  0.10665022E-09  0.70300137E-03 -0.16624220E-08
    3    2   -0.76533870E-03  0.21206730E-08  0.36754888E-03 -0.10459949E-08 -0.14598593E-02 -0.41370711E-09
    4    2    0.12447971E-02 -0.18366843E-08 -0.11517730E-02  0.33867735E-09 -0.12447972E-02  0.99786141E-09
    5    2    0.74170406E-03  0.14834039E-09  0.29179437E-02 -0.16549011E-09  0.37903166E-03  0.47866110E-09
    6    2   -0.42029205E-02  0.20673106E-08  0.14395967E-02 -0.25813552E-08 -0.10183752E-01  0.18719936E-08
    7    2    0.85319786E-02 -0.46749832E-09 -0.56945607E-02  0.16807700E-08  0.92439525E-02  0.19279529E-08
    8    2   -0.38907897E-02 -0.78771154E-09 -0.17145512E-02  0.93483597E-09  0.66794978E-03 -0.17799797E-08
    1    3   -0.25501173E-02 -0.71859225E-09  0.22533974E-03 -0.13025712E-08 -0.11368082E-02 -0.30509363E-09
    2    3    0.11686069E-02  0.16071296E-08 -0.58450406E-04 -0.57327995E-09 -0.64935746E-03  0.13227540E-08
    3    3   -0.34803899E-10  0.78590844E-09 -0.74434827E-03 -0.22292147E-09  0.34805950E-10 -0.78590847E-09
    4    3    0.14947885E-02  0.70115917E-09  0.19400426E-03  0.52276523E-10  0.73041254E-03 -0.12200328E-08
    5    3   -0.18803481E-02 -0.18630181E-08 -0.21565501E-02 -0.23078665E-08  0.57658697E-03 -0.37222672E-09
    6    3    0.68359680E-02 -0.12007020E-08 -0.47291778E-02  0.33789072E-08  0.53313842E-02 -0.27694174E-08
    7    3   -0.79817750E-02  0.74262257E-09  0.54631565E-02 -0.16789342E-09 -0.88290120E-02 -0.65013780E-09
    8    3    0.35782498E-02  0.13196440E-08  0.33020490E-02 -0.83780497E-09  0.17743154E-03  0.18356506E-08
    1    4    0.20037937E-02  0.25914807E-09 -0.14799644E-02  0.67981840E-09 -0.34578969E-03 -0.57520349E-09
    2    4    0.46072206E-04  0.26390315E-09 -0.22222385E-02 -0.30876295E-08 -0.46072178E-04  0.50593126E-09
    3    4    0.91516420E-03 -0.13676723E-08  0.74682138E-03  0.22262609E-08 -0.14344167E-02 -0.19792038E-08
    4    4    0.70300178E-03 -0.56535314E-09  0.66962761E-03 -0.13368880E-09 -0.70300178E-03  0.56535318E-09
    5    4    0.43599885E-03  0.16116713E-08 -0.11585286E-02  0.20089092E-08 -0.22899865E-02  0.24679405E-09
    6    4   -0.43288494E-02  0.35520915E-09  0.40807968E-03  0.62116720E-09  0.14910065E-02  0.30506177E-09
    7    4    0.19223721E-02  0.81898870E-09  0.24312291E-02 -0.14708747E-08 -0.32183318E-03  0.85667994E-09
    8    4    0.10081483E-02 -0.17548928E-08 -0.13635778E-02 -0.13104568E-08  0.37817351E-03 -0.17972742E-08
    1    5    0.80040487E-04  0.67571939E-09  0.14663629E-02  0.36607822E-09 -0.10022004E-02  0.19786010E-09
    2    5    0.17855353E-02 -0.98810864E-09  0.23116388E-03 -0.45175244E-09  0.68453538E-04  0.83925640E-09
    3    5   -0.68992551E-03 -0.14421506E-08  0.30657597E-02 -0.21715478E-08  0.19936852E-02  0.10796378E-08
    4    5   -0.27977007E-04  0.12037047E-08 -0.32508184E-02  0.77856564E-09 -0.10927619E-02 -0.17959657E-08
    5    5   -0.36232344E-09  0.77290149E-09  0.28664476E-03  0.24663058E-09  0.36232379E-09 -0.77290146E-09
    6    5    0.13759140E-02 -0.25502268E-08  0.17422824E-02 -0.14338548E-08  0.13587543E-02 -0.28577649E-09
    7    5   -0.30418898E-02  0.15554017E-09  0.68447717E-03 -0.38552634E-09 -0.26868833E-02 -0.98822191E-09
    8    5    0.13324837E-02  0.12890288E-08 -0.17248099E-02  0.18215114E-09  0.40400913E-03  0.21878324E-08
    1    6    0.17855357E-02  0.53992881E-10 -0.68454143E-04  0.22635529E-08 -0.23116582E-03  0.62542340E-09
    2    6    0.80038055E-04 -0.32927046E-09  0.10022008E-02  0.29044942E-09 -0.14663608E-02  0.18814042E-08
    3    6   -0.68992527E-03 -0.11834079E-08 -0.19936863E-02 -0.76022912E-10 -0.30657595E-02 -0.22009454E-08
    4    6   -0.27975530E-04  0.88741495E-09  0.10927633E-02  0.29086346E-09  0.32508167E-02 -0.26109655E-10
    5    6   -0.71933410E-03 -0.63895253E-09 -0.79569330E-03 -0.11723631E-08 -0.10171567E-02  0.78599343E-09
    6    6   -0.13699513E-03  0.23066912E-08  0.25957788E-03 -0.77812177E-09  0.13699513E-03 -0.23066913E-08
    7    6    0.10171564E-02  0.80892238E-09 -0.79569282E-03  0.25702212E-09  0.71933499E-03  0.15154863E-08
    8    6    0.16504300E-02  0.10142881E-08  0.24649953E-02 -0.17933021E-08 -0.16504304E-02 -0.17273217E-08
    1    7    0.13432944E-04 -0.10763317E-08  0.16139698E-02  0.40812545E-09  0.46910696E-02 -0.83940803E-09
    2    7    0.13431851E-04  0.32878838E-09 -0.46910676E-02  0.56789238E-09 -0.16139719E-02 -0.10959223E-08
    3    7    0.10597576E-01  0.20110497E-08 -0.62132091E-02 -0.12791383E-08  0.62132110E-02  0.15222980E-08
    4    7   -0.98413212E-02 -0.16728661E-08  0.79346068E-02  0.98683014E-09 -0.79346079E-02  0.16688432E-09
    5    7    0.26868843E-02  0.73754456E-09  0.68447660E-03  0.46960477E-09  0.30418911E-02  0.11548074E-08
    6    7   -0.13587543E-02  0.13533899E-08  0.17422808E-02 -0.22838134E-08 -0.13759135E-02  0.16526713E-08
    7    7   -0.16956029E-09 -0.79017787E-10  0.28664381E-03  0.20227656E-09  0.16956289E-09  0.79017771E-10
    8    7   -0.40400973E-03  0.15820072E-09 -0.17248081E-02  0.12284361E-09 -0.13324837E-02 -0.14823047E-08
    1    8   -0.91036676E-03 -0.61865662E-09 -0.37482066E-02 -0.22951937E-08 -0.21972152E-02  0.47781072E-09
    2    8   -0.91036413E-03  0.27289200E-09  0.21972150E-02  0.10026556E-08  0.37482061E-02 -0.61056279E-09
    3    8   -0.83149963E-02  0.16904119E-08  0.38523527E-02  0.20448734E-08 -0.38523520E-02 -0.47346714E-09
    4    8    0.11476551E-01 -0.49327855E-09 -0.29101205E-02 -0.23722082E-08  0.29101197E-02  0.10378814E-08
    5    8   -0.12340844E-02 -0.73714255E-09 -0.16123251E-02 -0.12862031E-08 -0.15005835E-02 -0.39218545E-09
    6    8    0.26969872E-02  0.76449135E-09  0.55082122E-03  0.26041197E-08 -0.26969882E-02  0.16618001E-08
    7    8    0.15005823E-02  0.12923240E-09 -0.16123267E-02 -0.74711717E-09  0.12340835E-02  0.79676349E-10
    8    8    0.13699692E-03  0.56200055E-09  0.25957714E-03  0.99982428E-09 -0.13699692E-03 -0.56200057E-09

   -1   -1   -1
    1    1   -0.14965831E-02 -0.73376289E-09 -0.14965836E-02  0.50488961E-09 -0.14965845E-02 -0.27039270E-08
    2    1   -0.31516300E-02 -0.19141340E-08 -0.33514635E-02  0.26668328E-08 -0.33514617E-02  0.24644955E-08
    3    1   -0.33514625E-02  0.11547180E-08 -0.31516303E-02 -0.14329934E-08 -0.33514622E-02 -0.15073949E-08
    4    1   -0.33514645E-02 -0.95033829E-09 -0.33514627E-02 -0.17081243E-08 -0.31516295E-02  0.12884671E-08
    5    1    0.77175787E-02  0.16000522E-08  0.77175776E-02  0.18135372E-09  0.77175757E-02 -0.27972181E-08
    6    1    0.11480235E-02 -0.58650642E-09 -0.28759610E-02  0.71737364E-09 -0.28759611E-02  0.17674471E-09
    7    1   -0.28759624E-02 -0.55740197E-09  0.11480260E-02 -0.11876897E-09 -0.28759624E-02  0.11780735E-08
    8    1   -0.28759605E-02  0.39438017E-09 -0.28759620E-02  0.53786569E-09  0.11480241E-02  0.68680995E-09
    1    2   -0.39084259E-02 -0.16344294E-08  0.37183232E-03  0.52441173E-09  0.37183313E-03 -0.87224843E-11
    2    2   -0.14965835E-02  0.18691339E-08  0.14965835E-02 -0.14751777E-08  0.14965833E-02 -0.19713449E-08
    3    2   -0.86574263E-03 -0.19804615E-08  0.36143543E-02  0.26882213E-08  0.34145165E-02  0.13927721E-08
    4    2   -0.86574035E-03  0.19555578E-08  0.34145164E-02 -0.54818211E-09  0.36143531E-02  0.10226911E-08
    5    2    0.69340920E-02 -0.24031205E-08 -0.90526431E-02  0.26341130E-08 -0.90526425E-02  0.15408074E-08
    6    2    0.20739962E-02 -0.95932696E-09 -0.49640543E-02 -0.51911258E-10 -0.49640529E-02  0.32706860E-09
    7    2   -0.21279476E-02  0.22038688E-08 -0.31892243E-02 -0.16566344E-08  0.12686263E-01 -0.26153873E-08
    8    2   -0.21279499E-02  0.10614670E-08  0.12686267E-01 -0.72121804E-09 -0.31892235E-02 -0.12746222E-09
    1    3    0.37183145E-03  0.28324938E-08 -0.39084269E-02  0.56650892E-09  0.37183114E-03 -0.23410129E-10
    2    3    0.36143517E-02 -0.30789167E-08 -0.86574094E-03  0.67845307E-09  0.34145173E-02  0.12215193E-08
    3    3    0.14965843E-02  0.57353856E-09 -0.14965841E-02 -0.66789535E-10  0.14965834E-02 -0.24076045E-08
    4    3    0.34145183E-02 -0.33107299E-08 -0.86573996E-03 -0.99995340E-09  0.36143532E-02 -0.78802369E-09
    5    3   -0.90526440E-02  0.35189933E-08  0.69340907E-02 -0.26475412E-09 -0.90526447E-02  0.11115414E-09
    6    3   -0.31892220E-02  0.16813896E-08 -0.21279494E-02 -0.26488678E-08  0.12686265E-01 -0.20384650E-09
    7    3   -0.49640543E-02 -0.30047420E-08  0.20739983E-02  0.22556109E-08 -0.49640537E-02  0.48120488E-10
    8    3    0.12686265E-01 -0.23154203E-09 -0.21279491E-02  0.13728303E-08 -0.31892227E-02 -0.13862237E-08
    1    4    0.37183003E-03 -0.26970692E-08  0.37183144E-03 -0.33995484E-08 -0.39084262E-02 -0.88854363E-09
    2    4    0.36143532E-02  0.56146208E-09  0.34145177E-02  0.99301712E-09 -0.86574041E-03  0.14145773E-08
    3    4    0.34145176E-02 -0.20514805E-08  0.36143525E-02 -0.23799426E-09 -0.86573986E-03  0.41048367E-10
    4    4    0.14965851E-02  0.27033972E-10  0.14965852E-02  0.59665483E-09 -0.14965841E-02 -0.86819450E-09
    5    4   -0.90526456E-02 -0.12749762E-08 -0.90526447E-02 -0.17814117E-08  0.69340911E-02  0.26748252E-09
    6    4   -0.31892233E-02 -0.71431567E-09  0.12686267E-01  0.18235201E-08 -0.21279503E-02 -0.25026111E-08
    7    4    0.12686265E-01 -0.13195302E-09 -0.31892239E-02 -0.47135198E-09 -0.21279466E-02  0.10275505E-08
    8    4   -0.49640531E-02 -0.31549732E-09 -0.49640546E-02 -0.11020519E-08  0.20739969E-02  0.15713250E-08
    1    5    0.38337621E-02  0.28875033E-08  0.38337604E-02  0.12576837E-08  0.38337604E-02  0.18042185E-08
    2    5   -0.48911852E-02 -0.31471124E-09 -0.39033542E-02  0.39204001E-09 -0.39033540E-02  0.88219970E-09
    3    5   -0.39033549E-02  0.77307606E-10 -0.48911865E-02 -0.90753597E-09 -0.39033549E-02  0.25183674E-10
    4    5   -0.39033558E-02 -0.11194267E-08 -0.39033546E-02 -0.17866390E-09 -0.48911852E-02 -0.33944602E-09
    5    5   -0.11457190E-02 -0.15327616E-08 -0.11457186E-02 -0.15808867E-08 -0.11457188E-02 -0.14976721E-08
    6    5    0.76553888E-03  0.17495771E-08 -0.66998890E-03  0.17510229E-08 -0.66998714E-03  0.29729491E-08
    7    5   -0.66998925E-03  0.65984861E-09  0.76553864E-03 -0.29422841E-10 -0.66998970E-03  0.61188779E-09
    8    5   -0.66998823E-03 -0.21965306E-08 -0.66998929E-03 -0.10083869E-08  0.76553876E-03 -0.90818517E-09
    1    6    0.33663925E-02 -0.46286315E-09 -0.12960163E-02  0.33192755E-08 -0.12960162E-02 -0.30574072E-10
    2    6    0.32400288E-02 -0.69049311E-09  0.17017315E-02 -0.23136550E-08  0.17017337E-02  0.84290548E-09
    3    6   -0.13552340E-02  0.12041748E-09 -0.14007014E-02  0.49319222E-09 -0.20924007E-03  0.22962473E-09
    4    6   -0.13552325E-02 -0.21847850E-09 -0.20924089E-03 -0.11088850E-09 -0.14007040E-02 -0.13547463E-08
    5    6    0.76553738E-03  0.10269166E-08  0.66998990E-03  0.22838783E-08  0.66998934E-03  0.12003695E-08
    6    6   -0.11457198E-02  0.10660057E-08  0.11457205E-02 -0.11366967E-08  0.11457197E-02 -0.32884800E-08
    7    6   -0.66998770E-03 -0.69173622E-09  0.66998762E-03  0.23227432E-09 -0.76553817E-03 -0.13748654E-08
    8    6   -0.66999115E-03 -0.23934537E-08 -0.76553700E-03 -0.16264426E-08  0.66999053E-03  0.28982333E-08
    1    7   -0.12960166E-02 -0.89457174E-09  0.33663967E-02 -0.27883113E-08 -0.12960180E-02 -0.13261562E-08
    2    7   -0.14007034E-02 -0.17277891E-09 -0.13552342E-02 -0.11549184E-09 -0.20924017E-03  0.91771268E-09
    3    7    0.17017337E-02 -0.17703203E-08  0.32400272E-02  0.98552659E-09  0.17017334E-02 -0.11184389E-08
    4    7   -0.20924077E-03  0.16374529E-08 -0.13552339E-02  0.14884457E-08 -0.14007034E-02  0.10169093E-08
    5    7    0.66998987E-03  0.34185344E-09  0.76553979E-03 -0.92042163E-09  0.66998966E-03 -0.47931815E-09
    6    7    0.66998835E-03 -0.16284331E-08 -0.66998957E-03 -0.10279413E-09 -0.76554000E-03 -0.33048238E-09
    7    7    0.11457194E-02 -0.15906066E-08 -0.11457197E-02  0.91104938E-09  0.11457203E-02 -0.12202721E-09
    8    7   -0.76553846E-03  0.13318835E-08 -0.66999077E-03 -0.32143297E-09  0.66998944E-03  0.44644907E-09
    1    8   -0.12960170E-02 -0.14690959E-08 -0.12960169E-02 -0.18695260E-08  0.33663970E-02 -0.44331256E-11
    2    8   -0.14007014E-02  0.21480427E-08 -0.20924055E-03  0.27081531E-08 -0.13552368E-02 -0.33801169E-08
    3    8   -0.20924089E-03 -0.95101736E-10 -0.14007021E-02 -0.41519445E-09 -0.13552349E-02  0.37367364E-09
    4    8    0.17017312E-02  0.19144060E-09  0.17017322E-02  0.24663844E-09  0.32400301E-02  0.20529810E-08
    5    8    0.66999017E-03 -0.16057180E-08  0.66998869E-03 -0.19811903E-08  0.76554100E-03  0.35749489E-09
    6    8    0.66998999E-03 -0.20481039E-08 -0.76553905E-03  0.91260699E-09 -0.66998998E-03  0.25759001E-08
    7    8   -0.76553988E-03  0.55927939E-09  0.66999037E-03 -0.79022750E-09 -0.66999050E-03 -0.14205026E-08
    8    8    0.11457205E-02  0.12374420E-08  0.11457207E-02  0.73907146E-09 -0.11457208E-02 -0.14096615E-08

   -1   -1    0
    1    1   -0.28909771E-02  0.18652869E-08  0.39654463E-02  0.63699996E-09 -0.23413819E-02  0.95381235E-09
    2    1    0.29528124E-03 -0.61802346E-10 -0.37503199E-02 -0.13421153E-08  0.93068611E-02 -0.20867355E-09
    3    1    0.12533158E-01 -0.72587191E-09 -0.50687914E-02  0.34453500E-08 -0.62497706E-02 -0.15720468E-08
    4    1   -0.98825704E-03 -0.51316674E-09  0.39879685E-02 -0.25017220E-08 -0.15276456E-02  0.14333346E-08
    5    1   -0.16832091E-01  0.13793603E-08  0.37638693E-02 -0.20307190E-09  0.88005179E-02 -0.30577808E-09
    6    1    0.24031358E-01  0.17888769E-08 -0.85603611E-02  0.90237315E-10 -0.29667957E-01 -0.23478900E-08
    7    1   -0.10414402E-01 -0.73295288E-09  0.33833655E-02 -0.23600164E-09  0.59754747E-02  0.73128606E-09
    8    1    0.14750681E-01 -0.37963889E-08  0.12890825E-02  0.99544090E-09 -0.61830297E-02  0.32573658E-08
    1    2    0.76609765E-02 -0.19273412E-08 -0.32275870E-02  0.20746692E-08 -0.43551542E-02 -0.22087922E-09
    2    2   -0.21234563E-02 -0.23692863E-09  0.21234580E-02 -0.80573476E-09 -0.15248936E-02  0.14091742E-08
    3    2   -0.91937664E-02  0.91326297E-09  0.16292500E-01 -0.19588878E-08  0.19250310E-01 -0.21239272E-08
    4    2    0.70969449E-03  0.12936183E-08 -0.10178868E-01 -0.31387466E-09 -0.46869794E-02  0.10174731E-09
    5    2    0.12693808E-01 -0.21622922E-08 -0.79229404E-02  0.29029947E-08 -0.16680534E-01  0.21126466E-09
    6    2    0.41317006E-02  0.75997468E-09  0.78370532E-02  0.98685953E-09  0.16806399E-02  0.56313197E-10
    7    2    0.14994253E-01  0.58646556E-10 -0.11109505E-01 -0.81313158E-09 -0.14380092E-01  0.21736467E-08
    8    2   -0.38310945E-01  0.79354311E-09  0.11274097E-01 -0.26230232E-08  0.34429773E-01 -0.62123941E-09
    1    3   -0.23187622E-02  0.10575035E-08  0.42128022E-02 -0.17717704E-08  0.54745695E-02 -0.11676556E-08
    2    3    0.20130361E-02 -0.15597004E-08 -0.59751841E-02  0.14736328E-08 -0.55935175E-02 -0.31905166E-09
    3    3    0.43395706E-03  0.11589312E-08 -0.43395705E-03 -0.81976183E-09 -0.64864053E-03  0.89943273E-09
    4    3   -0.10051750E-02 -0.12153929E-08  0.55263903E-02  0.20770167E-08  0.89981747E-02 -0.15111109E-08
    5    3   -0.70974459E-02  0.20455733E-08  0.37121083E-02 -0.35849343E-08  0.92924305E-02  0.96640880E-09
    6    3    0.22195825E-01  0.12716898E-08 -0.66041681E-02  0.17584731E-08 -0.31503490E-01 -0.56113890E-09
    7    3   -0.12043374E-01 -0.15792618E-08  0.75478857E-02  0.14360953E-08  0.13589235E-01 -0.20930960E-08
    8    3    0.13008985E-01 -0.31853984E-08 -0.31282998E-02  0.12565375E-09 -0.79247284E-02  0.26942577E-08
    1    4   -0.22752308E-02 -0.74671825E-09  0.27009955E-02 -0.25349406E-08  0.51666843E-02  0.46331620E-09
    2    4    0.56860045E-02  0.22347666E-08  0.16404056E-02 -0.77454871E-09  0.32091233E-03 -0.29579955E-08
    3    4   -0.26715099E-03 -0.24022676E-08 -0.17869100E-01  0.85289481E-09 -0.13343222E-01  0.23255518E-08
    4    4   -0.39654467E-02  0.19802537E-08  0.28909764E-02  0.52028690E-09 -0.23413818E-02  0.11159910E-08
    5    4    0.28729994E-02 -0.12448619E-08  0.12576453E-01 -0.99181112E-10  0.61546243E-02 -0.72814540E-09
    6    4   -0.47708968E-01 -0.13447472E-08  0.12787088E-01 -0.26468040E-08  0.48074570E-01  0.21596221E-08
    7    4   -0.38466382E-03  0.20019477E-08  0.73905558E-02 -0.10960350E-08  0.28969608E-02 -0.14880338E-08
    8    4    0.28787165E-01  0.35861437E-08 -0.26182727E-01  0.26477759E-08 -0.32194435E-01 -0.34513821E-08
    1    5   -0.36681597E-02  0.15191302E-08 -0.36921977E-02  0.31168195E-08 -0.45555279E-02  0.17171294E-08
    2    5   -0.20955176E-02 -0.16409286E-09  0.17798609E-02 -0.16686959E-08  0.32361165E-02  0.77121909E-09
    3    5    0.11036990E-02 -0.31719898E-09  0.73091142E-02  0.17329623E-08  0.72708310E-02 -0.84388629E-09
    4    5    0.42830318E-02 -0.14399254E-08 -0.25453604E-03 -0.37507474E-08 -0.68380195E-03 -0.11344610E-08
    5    5    0.22538523E-03  0.22320779E-09 -0.31353923E-02  0.12187154E-08  0.69755736E-03  0.39424366E-10
    6    5    0.84208305E-02 -0.26225898E-08 -0.75703841E-02 -0.71637476E-09 -0.17457447E-01 -0.84204199E-09
    7    5   -0.62897159E-02 -0.34047694E-09 -0.20956842E-02 -0.61433516E-09  0.24812795E-02  0.43610312E-10
    8    5    0.17382368E-02 -0.70577600E-09  0.11176153E-01  0.43088581E-09  0.56305651E-02  0.10985848E-08
    1    6   -0.20955152E-02  0.11587490E-08 -0.32361167E-02 -0.17878822E-08 -0.17798613E-02 -0.87945979E-09
    2    6   -0.36681595E-02  0.41111022E-09  0.45555270E-02  0.19804997E-09  0.36921967E-02 -0.13400650E-09
    3    6    0.11036978E-02  0.14272057E-08 -0.72708312E-02 -0.55407061E-09 -0.73091132E-02 -0.51865331E-09
    4    6    0.42830307E-02 -0.22150415E-08  0.68380396E-03  0.24294927E-08  0.25453721E-03  0.31117996E-08
    5    6   -0.41866668E-02  0.12356634E-08  0.52968545E-02 -0.24356277E-08  0.30293610E-02 -0.26500838E-08
    6    6    0.46286439E-02 -0.58088526E-10 -0.46286453E-02  0.43665681E-09  0.41511437E-02  0.19773643E-10
    7    6    0.65354701E-02 -0.40229293E-08 -0.65354697E-02  0.33783194E-08 -0.58749745E-02  0.30813363E-08
    8    6   -0.52968552E-02  0.19747004E-08  0.41866691E-02 -0.20382145E-08  0.30293589E-02 -0.12909132E-08
    1    7    0.46921199E-02  0.27241952E-09  0.45715943E-02  0.48100129E-09  0.31716028E-02  0.11412250E-08
    2    7    0.46921203E-02 -0.10612582E-08 -0.31716019E-02 -0.54770067E-10 -0.45715954E-02 -0.86859150E-09
    3    7   -0.35087366E-02  0.75491629E-09 -0.10358194E-02 -0.11168134E-08  0.10358189E-02  0.11402729E-08
    4    7   -0.68445239E-02  0.77005796E-09  0.11774809E-03 -0.13954087E-08 -0.11774840E-03 -0.86343752E-09
    5    7    0.89089666E-02 -0.10252485E-08  0.78705047E-03  0.19411586E-08 -0.41137702E-02  0.68917251E-09
    6    7   -0.14395727E-01  0.93730441E-09  0.14395727E-01 -0.40986535E-09  0.24143918E-01 -0.14948255E-09
    7    7   -0.54292654E-03  0.85379372E-09  0.54292561E-03 -0.65305775E-09  0.81433085E-03  0.46122581E-09
    8    7   -0.78704881E-03  0.16262305E-09 -0.89089683E-02  0.87762953E-09 -0.41137717E-02  0.49062916E-09
    1    8   -0.25054654E-02 -0.16612162E-08 -0.25110233E-02 -0.19674353E-08 -0.44279449E-03 -0.24447865E-08
    2    8   -0.25054652E-02  0.61156227E-09  0.44279354E-03  0.23604143E-08  0.25110254E-02  0.76061106E-09
    3    8    0.98580584E-02 -0.10409971E-08  0.38245233E-02 -0.47058903E-09 -0.38245225E-02 -0.11628590E-09
    4    8    0.16642520E-02  0.14299486E-08 -0.14377795E-02  0.19850413E-08  0.14377782E-02 -0.63027258E-09
    5    8   -0.11176153E-01 -0.97978280E-09 -0.17382369E-02 -0.26126718E-08  0.56305637E-02  0.13836282E-08
    6    8    0.75703841E-02  0.11682835E-08 -0.84208297E-02  0.62825073E-09 -0.17457448E-01 -0.95926885E-09
    7    8    0.20956829E-02  0.30391805E-08  0.62897147E-02  0.83364724E-09  0.24812797E-02 -0.11454761E-08
    8    8    0.31353925E-02 -0.13163280E-08 -0.22538478E-03  0.10186709E-08  0.69755720E-03 -0.18326352E-08

   -1   -1    1
    1    1    0.12783272E-02 -0.63122371E-09  0.12783270E-02  0.50077196E-09  0.70639725E-10  0.11578039E-09
    2    1    0.19431945E-03  0.16039737E-08 -0.26096233E-02  0.78679504E-09 -0.66284070E-02  0.59213112E-09
    3    1   -0.26096246E-02 -0.93357820E-09  0.19431932E-03  0.25560619E-09 -0.66284062E-02 -0.64585171E-09
    4    1    0.29347733E-02 -0.20136457E-08  0.29347753E-02 -0.40979934E-09  0.17027775E-01  0.21997821E-08
    5    1    0.41924427E-02  0.15755185E-08  0.41924394E-02 -0.19272958E-08 -0.11399194E-01 -0.23939463E-08
    6    1    0.95567775E-02 -0.19449245E-08 -0.97699635E-02 -0.33186216E-09  0.41180447E-02  0.62517668E-10
    7    1   -0.97699631E-02 -0.18763584E-09  0.95567787E-02  0.14448213E-08  0.41180432E-02  0.15586662E-08
    8    1   -0.10263199E-01  0.20518552E-09 -0.10263196E-01  0.68946211E-09  0.15826223E-01 -0.35505758E-09
    1    2   -0.28984096E-02 -0.43014760E-09  0.76674784E-02  0.12720866E-08  0.78828434E-04 -0.19947354E-08
    2    2    0.12783291E-02 -0.15460452E-08 -0.12783274E-02 -0.93254914E-09 -0.71235507E-10  0.14066828E-09
    3    2    0.90768335E-02 -0.21036741E-09 -0.20068095E-02  0.89474109E-09  0.10885718E-01  0.18560153E-08
    4    2   -0.97230523E-02  0.15230608E-09  0.84283432E-03 -0.20919873E-08 -0.36624141E-02 -0.71672605E-09
    5    2   -0.36244127E-02  0.13694069E-09  0.87304563E-02  0.27499924E-08 -0.50625930E-02  0.60398817E-09
    6    2    0.13449364E-02 -0.13115735E-08 -0.14952245E-02  0.10276203E-09  0.46049810E-02 -0.14483805E-08
    7    2   -0.32133707E-02 -0.12134505E-09 -0.12882061E-01 -0.22773960E-08  0.19675915E-02 -0.75546261E-10
    8    2    0.47831513E-02  0.12016553E-08  0.38286976E-02 -0.83176150E-10 -0.38749086E-02 -0.57390509E-09
    1    3    0.76674766E-02 -0.30185254E-09 -0.28984093E-02  0.72461506E-09  0.78826970E-04  0.13962329E-08
    2    3   -0.20068112E-02  0.54905650E-09  0.90768330E-02 -0.18719025E-08  0.10885719E-01 -0.44687039E-09
    3    3   -0.12783253E-02 -0.26412361E-10  0.12783269E-02  0.58630765E-09 -0.71249017E-10  0.12139674E-09
    4    3    0.84283662E-03 -0.79543604E-09 -0.97230512E-02  0.87098591E-09 -0.36624136E-02  0.95618900E-09
    5    3    0.87304524E-02 -0.86243216E-09 -0.36244124E-02 -0.33933406E-09 -0.50625956E-02 -0.82108317E-09
    6    3   -0.12882061E-01  0.12009330E-08 -0.32133706E-02 -0.56371343E-09  0.19675943E-02  0.31292236E-08
    7    3   -0.14952223E-02  0.39528990E-09  0.13449377E-02  0.95556511E-09  0.46049827E-02  0.22380386E-08
    8    3    0.38286996E-02  0.28906880E-10  0.47831502E-02  0.73406962E-09 -0.38749080E-02 -0.15025425E-08
    1    4   -0.37064053E-03 -0.10037536E-08 -0.37064250E-03 -0.24012687E-08  0.92495513E-02  0.86535472E-09
    2    4   -0.24765251E-03 -0.24797810E-08 -0.30515947E-02  0.15813273E-08 -0.33824939E-02 -0.13452424E-08
    3    4   -0.30515958E-02  0.11534475E-08 -0.24765265E-03 -0.23911834E-09 -0.33824939E-02  0.18677386E-08
    4    4   -0.12783260E-02 -0.62204112E-09 -0.12783260E-02  0.16656567E-08  0.71257021E-10  0.10404492E-09
    5    4   -0.47244525E-02 -0.16742602E-10 -0.47244563E-02 -0.30849470E-08  0.90850937E-02  0.80601220E-09
    6    4    0.10411029E-01  0.18641914E-08  0.92355324E-02  0.80237698E-09 -0.49084686E-02 -0.19332504E-09
    7    4    0.92355294E-02 -0.16100949E-08  0.10411029E-01  0.14333788E-08 -0.49084685E-02 -0.43845768E-08
    8    4   -0.48808733E-02 -0.73927603E-09 -0.48808725E-02 -0.68995077E-10 -0.13574007E-03  0.29283023E-08
    1    5   -0.62132099E-02  0.99265320E-09 -0.62132111E-02  0.27857821E-09 -0.10597576E-01  0.11826089E-09
    2    5    0.16139703E-02  0.26330967E-08 -0.46910693E-02  0.15266342E-08 -0.13432481E-04  0.60802470E-09
    3    5   -0.46910714E-02 -0.10139353E-08  0.16139711E-02 -0.41521178E-09 -0.13431973E-04 -0.22111508E-08
    4    5    0.79346076E-02 -0.12234838E-08  0.79346090E-02 -0.96204564E-09  0.98413223E-02  0.10798722E-08
    5    5    0.13175094E-02 -0.11637002E-08  0.13175073E-02 -0.81977046E-09 -0.12496039E-09  0.75847771E-10
    6    5    0.20022076E-02  0.45370768E-09  0.44692903E-02  0.97704501E-09 -0.33825652E-02 -0.35682720E-09
    7    5    0.44692885E-02  0.12224654E-08  0.20022060E-02 -0.17512702E-09 -0.33825639E-02  0.16018050E-08
    8    5   -0.46792009E-02 -0.40930859E-09 -0.46791997E-02 -0.12788679E-08  0.83722990E-02 -0.55607723E-09
    1    6    0.30657599E-02 -0.35465141E-09 -0.19936852E-02 -0.29209321E-09  0.68992434E-03  0.24876854E-08
    2    6    0.14663596E-02 -0.69411333E-09  0.10022007E-02 -0.56555924E-09 -0.80038436E-04 -0.18134774E-08
    3    6    0.23116733E-03  0.64277766E-09 -0.68454848E-04 -0.85743516E-10 -0.17855355E-02  0.70271232E-09
    4    6   -0.32508162E-02 -0.58267064E-11  0.10927612E-02  0.10872528E-08  0.27974465E-04 -0.10985409E-08
    5    6   -0.14712654E-02 -0.47957127E-09 -0.78882267E-03 -0.16000823E-08 -0.41336529E-03  0.14295668E-08
    6    6    0.13175102E-02  0.78343622E-10 -0.13175095E-02 -0.96222767E-11  0.12417498E-09  0.10876736E-09
    7    6   -0.15971317E-02  0.20124514E-08  0.15971304E-02  0.30509802E-09  0.62691034E-02 -0.25778375E-08
    8    6    0.78882277E-03  0.50718574E-09  0.14712655E-02  0.28087603E-09 -0.41336437E-03  0.21307897E-08
    1    7   -0.19936878E-02 -0.52619394E-09  0.30657596E-02 -0.17467946E-09  0.68992419E-03 -0.21629980E-08
    2    7   -0.68452470E-04  0.57710775E-09  0.23116373E-03  0.31184650E-09 -0.17855345E-02  0.15690111E-08
    3    7    0.10022010E-02  0.17830356E-10  0.14663608E-02 -0.70941176E-09 -0.80039041E-04  0.14902712E-08
    4    7    0.10927627E-02  0.71119846E-09 -0.32508168E-02 -0.11524003E-09  0.27977069E-04 -0.15329547E-09
    5    7   -0.78882499E-03  0.19814297E-09 -0.14712644E-02  0.79424932E-09 -0.41336585E-03 -0.10858766E-08
    6    7    0.15971305E-02 -0.70641877E-10 -0.15971290E-02  0.19069395E-10  0.62691049E-02 -0.19366365E-08
    7    7   -0.13175073E-02 -0.98356993E-09  0.13175085E-02 -0.12997725E-08  0.12572053E-09  0.87955818E-10
    8    7    0.14712641E-02 -0.11232506E-08  0.78882221E-03 -0.58307099E-09 -0.41336540E-03  0.18501835E-08
    1    8    0.38523526E-02  0.38829355E-09  0.38523534E-02  0.23012817E-09  0.83149981E-02 -0.11842279E-08
    2    8   -0.37482045E-02 -0.23061601E-08  0.21972159E-02 -0.14509212E-08  0.91036434E-03  0.99738706E-09
    3    8    0.21972144E-02  0.68730941E-09 -0.37482059E-02  0.97623995E-10  0.91036557E-03 -0.26586929E-09
    4    8   -0.29101205E-02  0.70746172E-09 -0.29101201E-02 -0.27301088E-10 -0.11476551E-01  0.71161440E-09
    5    8    0.46792000E-02  0.87742164E-09  0.46792004E-02  0.16140347E-08  0.83722984E-02 -0.10269650E-08
    6    8   -0.44692918E-02 -0.12416607E-09 -0.20022079E-02 -0.20111493E-08 -0.33825633E-02 -0.35468100E-09
    7    8   -0.20022062E-02 -0.12563855E-08 -0.44692895E-02  0.11381813E-08 -0.33825626E-02  0.23290731E-08
    8    8   -0.13175056E-02 -0.10463572E-08 -0.13175078E-02 -0.14193597E-08 -0.12597086E-09  0.89155661E-10

   -1   -1    2
    1    1    0.39654455E-02  0.19295617E-08 -0.28909774E-02  0.91100410E-09 -0.23413820E-02 -0.17636485E-09
    2    1   -0.50687905E-02 -0.21298916E-09  0.12533156E-01 -0.70536600E-09 -0.62497720E-02 -0.60219541E-09
    3    1   -0.37503196E-02  0.53635988E-09  0.29528283E-03  0.82407638E-10  0.93068608E-02  0.78465419E-09
    4    1    0.39879680E-02 -0.13780025E-08 -0.98825941E-03 -0.86561532E-09 -0.15276461E-02 -0.60256391E-09
    5    1    0.37638694E-02  0.72798294E-09 -0.16832089E-01  0.89617129E-09  0.88005194E-02  0.17067242E-09
    6    1    0.33833655E-02  0.10136150E-08 -0.10414400E-01  0.45286500E-09  0.59754704E-02  0.10909652E-08
    7    1   -0.85603579E-02  0.24067880E-09  0.24031352E-01  0.70371252E-09 -0.29667952E-01 -0.28293745E-08
    8    1    0.12890799E-02  0.12679675E-09  0.14750683E-01 -0.76222504E-09 -0.61830311E-02  0.19145176E-08
    1    2    0.42128040E-02 -0.19640045E-08 -0.23187637E-02  0.74426890E-09  0.54745671E-02 -0.31750224E-09
    2    2   -0.43395684E-03  0.26312095E-09  0.43395741E-03  0.16467375E-08 -0.64864011E-03  0.18283001E-08
    3    2   -0.59751852E-02 -0.67630007E-09  0.20130349E-02  0.12252343E-08 -0.55935162E-02 -0.46909991E-08
    4    2    0.55263909E-02  0.92058312E-09 -0.10051732E-02  0.10017036E-08  0.89981764E-02  0.10590945E-08
    5    2    0.37121097E-02 -0.22078983E-08 -0.70974478E-02  0.15305130E-09  0.92924280E-02 -0.72275552E-09
    6    2    0.75478838E-02 -0.79135229E-09 -0.12043371E-01  0.19959724E-08  0.13589235E-01  0.15399974E-09
    7    2   -0.66041665E-02  0.67903216E-09  0.22195824E-01 -0.55500482E-09 -0.31503486E-01  0.40225949E-08
    8    2   -0.31283010E-02  0.19833183E-09  0.13008985E-01  0.35196760E-09 -0.79247301E-02 -0.30810064E-08
    1    3   -0.32275878E-02  0.10526258E-08  0.76609776E-02 -0.88812106E-09 -0.43551557E-02  0.24817490E-08
    2    3    0.16292500E-01 -0.10562303E-08 -0.91937666E-02  0.38512586E-08  0.19250308E-01 -0.37387634E-08
    3    3    0.21234567E-02 -0.72684662E-09 -0.21234588E-02 -0.12377834E-08 -0.15248949E-02  0.42340143E-09
    4    3   -0.10178869E-01 -0.59225539E-09  0.70969415E-03  0.31463185E-09 -0.46869768E-02 -0.66763010E-10
    5    3   -0.79229407E-02  0.23479281E-08  0.12693809E-01 -0.27613708E-08 -0.16680533E-01  0.34089875E-08
    6    3   -0.11109503E-01  0.17405065E-08  0.14994250E-01 -0.13017840E-08 -0.14380089E-01 -0.20537721E-08
    7    3    0.78370478E-02 -0.17890611E-08  0.41317028E-02  0.32472782E-08  0.16806367E-02 -0.28218467E-08
    8    3    0.11274100E-01 -0.14242961E-08 -0.38310944E-01 -0.34294986E-09  0.34429769E-01  0.39658181E-09
    1    4    0.27009950E-02 -0.13125673E-08 -0.22752308E-02 -0.54465845E-10  0.51666869E-02 -0.17275209E-08
    2    4   -0.17869097E-01  0.95093797E-09 -0.26715041E-03 -0.33292139E-09 -0.13343220E-01  0.28080710E-09
    3    4    0.16404045E-02 -0.12807372E-08  0.56860054E-02 -0.10753848E-08  0.32091095E-03  0.11125168E-08
    4    4    0.28909776E-02  0.42298483E-09 -0.39654467E-02  0.14175950E-08 -0.23413829E-02  0.75833090E-09
    5    4    0.12576450E-01 -0.15433574E-08  0.28730003E-02  0.21564558E-08  0.61546215E-02 -0.22664759E-08
    6    4    0.73905537E-02 -0.21725503E-08 -0.38466478E-03 -0.21974249E-08  0.28969623E-02  0.22944912E-08
    7    4    0.12787093E-01  0.31087770E-08 -0.47708969E-01 -0.59811713E-09  0.48074567E-01  0.25506992E-08
    8    4   -0.26182726E-01  0.55270265E-09  0.28787163E-01  0.92869217E-09 -0.32194429E-01 -0.20896008E-08
    1    5   -0.36921987E-02  0.40751300E-08 -0.36681601E-02 -0.79255729E-11 -0.45555265E-02  0.14681836E-08
    2    5    0.73091113E-02 -0.29282038E-08  0.11036988E-02 -0.18143852E-08  0.72708291E-02 -0.10690946E-08
    3    5    0.17798622E-02  0.18509202E-08 -0.20955157E-02  0.27345694E-08  0.32361165E-02  0.13874463E-08
    4    5   -0.25453622E-03 -0.20622486E-08  0.42830299E-02 -0.17418615E-08 -0.68380447E-03 -0.32636886E-08
    5    5   -0.31353939E-02  0.12960878E-08  0.22538404E-03  0.24887919E-08  0.69755811E-03  0.13827460E-08
    6    5   -0.20956816E-02  0.10550009E-08 -0.62897165E-02  0.28519220E-09  0.24812772E-02 -0.11730179E-09
    7    5   -0.75703829E-02 -0.27953181E-08  0.84208306E-02 -0.24442915E-08 -0.17457445E-01 -0.31028856E-08
    8    5    0.11176149E-01  0.49961104E-09  0.17382384E-02 -0.48502694E-09  0.56305630E-02  0.27108605E-08
    1    6    0.45715936E-02  0.21795916E-09  0.46921192E-02  0.84425246E-09  0.31716028E-02  0.15218482E-09
    2    6   -0.10358179E-02  0.15222159E-08 -0.35087356E-02  0.16362744E-08  0.10358182E-02 -0.38707341E-08
    3    6   -0.31716032E-02 -0.49873155E-09  0.46921184E-02 -0.27316059E-08 -0.45715934E-02  0.21096286E-08
    4    6    0.11774825E-03 -0.10446243E-08 -0.68445227E-02  0.42974314E-09 -0.11774841E-03  0.26413883E-08
    5    6    0.78704973E-03  0.35089218E-09  0.89089666E-02 -0.49136424E-09 -0.41137725E-02 -0.17698774E-08
    6    6    0.54292544E-03 -0.20817078E-08 -0.54292561E-03  0.11592161E-08  0.81433142E-03  0.23711025E-08
    7    6    0.14395725E-01 -0.73744421E-09 -0.14395723E-01  0.22604595E-08  0.24143916E-01  0.10673925E-08
    8    6   -0.89089664E-02  0.10387506E-09 -0.78705161E-03 -0.79857815E-09 -0.41137693E-02 -0.45151430E-09
    1    7   -0.32361149E-02 -0.15296799E-08 -0.20955172E-02  0.19210513E-08 -0.17798612E-02 -0.30999446E-08
    2    7   -0.72708297E-02  0.16170728E-09  0.11036994E-02 -0.18067296E-08 -0.73091115E-02  0.29219992E-08
    3    7    0.45555256E-02 -0.45563162E-09 -0.36681576E-02  0.77347735E-09  0.36921974E-02 -0.15852385E-08
    4    7    0.68380361E-03  0.50428332E-09  0.42830311E-02  0.48473978E-09  0.25453555E-03  0.21868639E-08
    5    7    0.52968555E-02 -0.52089084E-10 -0.41866695E-02  0.16656845E-08  0.30293599E-02 -0.32072842E-08
    6    7   -0.65354744E-02 -0.14264268E-08  0.65354720E-02  0.11102472E-08 -0.58749745E-02 -0.58719624E-10
    7    7   -0.46286426E-02  0.12391622E-08  0.46286420E-02 -0.22706539E-09  0.41511418E-02 -0.61143385E-09
    8    7    0.41866697E-02 -0.98645115E-09 -0.52968534E-02  0.77833412E-10  0.30293604E-02  0.20572941E-09
    1    8   -0.25110230E-02 -0.12852790E-08 -0.25054641E-02 -0.28321079E-08 -0.44279690E-03  0.11618906E-08
    2    8    0.38245215E-02  0.51467653E-09  0.98580567E-02  0.21729541E-08 -0.38245220E-02  0.14652360E-08
    3    8    0.44279844E-03 -0.24740888E-09 -0.25054650E-02 -0.12801943E-08  0.25110223E-02 -0.24260139E-08
    4    8   -0.14377811E-02  0.10437119E-08  0.16642514E-02  0.14394582E-08  0.14377802E-02 -0.15482719E-08
    5    8   -0.17382372E-02 -0.15567931E-08 -0.11176151E-01 -0.31646219E-08  0.56305659E-02  0.34266318E-08
    6    8    0.62897166E-02  0.25136393E-09  0.20956840E-02 -0.65815271E-09  0.24812759E-02 -0.16397485E-08
    7    8   -0.84208341E-02  0.33495042E-09  0.75703822E-02  0.23786822E-08 -0.17457445E-01 -0.20827375E-08
    8    8   -0.22538270E-03  0.66164001E-09  0.31353913E-02 -0.34935150E-09  0.69755598E-03 -0.73083756E-09

   -1   -1    3
    1    1   -0.14965831E-02 -0.73376286E-09 -0.14965836E-02  0.50488962E-09 -0.14965845E-02 -0.27039270E-08
    2    1   -0.31516300E-02 -0.19141340E-08 -0.33514635E-02  0.26668328E-08 -0.33514617E-02  0.24644955E-08
    3    1   -0.33514625E-02  0.11547180E-08 -0.31516303E-02 -0.14329934E-08 -0.33514622E-02 -0.15073949E-08
    4    1   -0.33514645E-02 -0.95033830E-09 -0.33514627E-02 -0.17081243E-08 -0.31516295E-02  0.12884671E-08
    5    1    0.77175787E-02  0.16000522E-08  0.77175776E-02  0.18135372E-09  0.77175757E-02 -0.27972181E-08
    6    1    0.11480235E-02 -0.58650642E-09 -0.28759610E-02  0.71737364E-09 -0.28759611E-02  0.17674472E-09
    7    1   -0.28759624E-02 -0.55740197E-09  0.11480260E-02 -0.11876897E-09 -0.28759624E-02  0.11780735E-08
    8    1   -0.28759605E-02  0.39438016E-09 -0.28759620E-02  0.53786569E-09  0.11480241E-02  0.68680995E-09
    1    2   -0.39084259E-02 -0.16344294E-08  0.37183232E-03  0.52441173E-09  0.37183313E-03 -0.87224853E-11
    2    2   -0.14965835E-02  0.18691339E-08  0.14965835E-02 -0.14751777E-08  0.14965833E-02 -0.19713449E-08
    3    2   -0.86574263E-03 -0.19804615E-08  0.36143543E-02  0.26882213E-08  0.34145165E-02  0.13927721E-08
    4    2   -0.86574035E-03  0.19555578E-08  0.34145164E-02 -0.54818211E-09  0.36143531E-02  0.10226911E-08
    5    2    0.69340920E-02 -0.24031205E-08 -0.90526431E-02  0.26341130E-08 -0.90526425E-02  0.15408074E-08
    6    2    0.20739962E-02 -0.95932697E-09 -0.49640543E-02 -0.51911256E-10 -0.49640529E-02  0.32706859E-09
    7    2   -0.21279476E-02  0.22038688E-08 -0.31892243E-02 -0.16566344E-08  0.12686263E-01 -0.26153873E-08
    8    2   -0.21279499E-02  0.10614670E-08  0.12686267E-01 -0.72121803E-09 -0.31892235E-02 -0.12746223E-09
    1    3    0.37183145E-03  0.28324938E-08 -0.39084269E-02  0.56650892E-09  0.37183114E-03 -0.23410126E-10
    2    3    0.36143517E-02 -0.30789167E-08 -0.86574094E-03  0.67845307E-09  0.34145173E-02  0.12215193E-08
    3    3    0.14965843E-02  0.57353857E-09 -0.14965841E-02 -0.66789538E-10  0.14965834E-02 -0.24076045E-08
    4    3    0.34145183E-02 -0.33107299E-08 -0.86573996E-03 -0.99995340E-09  0.36143532E-02 -0.78802369E-09
    5    3   -0.90526440E-02  0.35189933E-08  0.69340907E-02 -0.26475412E-09 -0.90526447E-02  0.11115414E-09
    6    3   -0.31892220E-02  0.16813896E-08 -0.21279494E-02 -0.26488678E-08  0.12686265E-01 -0.20384650E-09
    7    3   -0.49640543E-02 -0.30047421E-08  0.20739983E-02  0.22556109E-08 -0.49640537E-02  0.48120486E-10
    8    3    0.12686265E-01 -0.23154203E-09 -0.21279491E-02  0.13728303E-08 -0.31892227E-02 -0.13862237E-08
    1    4    0.37183003E-03 -0.26970692E-08  0.37183144E-03 -0.33995484E-08 -0.39084262E-02 -0.88854363E-09
    2    4    0.36143532E-02  0.56146208E-09  0.34145177E-02  0.99301713E-09 -0.86574041E-03  0.14145773E-08
    3    4    0.34145176E-02 -0.20514805E-08  0.36143525E-02 -0.23799425E-09 -0.86573986E-03  0.41048364E-10
    4    4    0.14965851E-02  0.27033948E-10  0.14965852E-02  0.59665483E-09 -0.14965841E-02 -0.86819451E-09
    5    4   -0.90526456E-02 -0.12749762E-08 -0.90526447E-02 -0.17814117E-08  0.69340911E-02  0.26748251E-09
    6    4   -0.31892233E-02 -0.71431568E-09  0.12686267E-01  0.18235201E-08 -0.21279503E-02 -0.25026111E-08
    7    4    0.12686265E-01 -0.13195303E-09 -0.31892239E-02 -0.47135198E-09 -0.21279466E-02  0.10275505E-08
    8    4   -0.49640531E-02 -0.31549731E-09 -0.49640546E-02 -0.11020519E-08  0.20739969E-02  0.15713250E-08
    1    5    0.38337621E-02  0.28875033E-08  0.38337604E-02  0.12576837E-08  0.38337604E-02  0.18042185E-08
    2    5   -0.48911852E-02 -0.31471125E-09 -0.39033542E-02  0.39204001E-09 -0.39033540E-02  0.88219969E-09
    3    5   -0.39033549E-02  0.77307605E-10 -0.48911865E-02 -0.90753598E-09 -0.39033549E-02  0.25183676E-10
    4    5   -0.39033558E-02 -0.11194267E-08 -0.39033546E-02 -0.17866390E-09 -0.48911852E-02 -0.33944602E-09
    5    5   -0.11457190E-02 -0.15327616E-08 -0.11457186E-02 -0.15808867E-08 -0.11457188E-02 -0.14976721E-08
    6    5    0.76553888E-03  0.17495771E-08 -0.66998890E-03  0.17510229E-08 -0.66998714E-03  0.29729491E-08
    7    5   -0.66998925E-03  0.65984861E-09  0.76553864E-03 -0.29422843E-10 -0.66998970E-03  0.61188780E-09
    8    5   -0.66998823E-03 -0.21965306E-08 -0.66998929E-03 -0.10083869E-08  0.76553876E-03 -0.90818518E-09
    1    6    0.33663925E-02 -0.46286315E-09 -0.12960163E-02  0.33192755E-08 -0.12960162E-02 -0.30574073E-10
    2    6    0.32400288E-02 -0.69049310E-09  0.17017315E-02 -0.23136550E-08  0.17017337E-02  0.84290549E-09
    3    6   -0.13552340E-02  0.12041748E-09 -0.14007014E-02  0.49319222E-09 -0.20924007E-03  0.22962473E-09
    4    6   -0.13552325E-02 -0.21847850E-09 -0.20924089E-03 -0.11088850E-09 -0.14007040E-02 -0.13547463E-08
    5    6    0.76553738E-03  0.10269166E-08  0.66998990E-03  0.22838783E-08  0.66998934E-03  0.12003695E-08
    6    6   -0.11457198E-02  0.10660057E-08  0.11457205E-02 -0.11366967E-08  0.11457197E-02 -0.32884800E-08
    7    6   -0.66998770E-03 -0.69173623E-09  0.66998762E-03  0.23227432E-09 -0.76553817E-03 -0.13748654E-08
    8    6   -0.66999115E-03 -0.23934537E-08 -0.76553700E-03 -0.16264426E-08  0.66999053E-03  0.28982333E-08
    1    7   -0.12960166E-02 -0.89457174E-09  0.33663967E-02 -0.27883113E-08 -0.12960180E-02 -0.13261562E-08
    2    7   -0.14007034E-02 -0.17277890E-09 -0.13552342E-02 -0.11549184E-09 -0.20924017E-03  0.91771268E-09
    3    7    0.17017337E-02 -0.17703203E-08  0.32400272E-02  0.98552659E-09  0.17017334E-02 -0.11184389E-08
    4    7   -0.20924077E-03  0.16374528E-08 -0.13552339E-02  0.14884457E-08 -0.14007034E-02  0.10169093E-08
    5    7    0.66998987E-03  0.34185344E-09  0.76553979E-03 -0.92042163E-09  0.66998966E-03 -0.47931815E-09
    6    7    0.66998835E-03 -0.16284331E-08 -0.66998957E-03 -0.10279413E-09 -0.76554000E-03 -0.33048238E-09
    7    7    0.11457194E-02 -0.15906066E-08 -0.11457197E-02  0.91104937E-09  0.11457203E-02 -0.12202722E-09
    8    7   -0.76553846E-03  0.13318835E-08 -0.66999077E-03 -0.32143298E-09  0.66998944E-03  0.44644906E-09
    1    8   -0.12960170E-02 -0.14690959E-08 -0.12960169E-02 -0.18695260E-08  0.33663970E-02 -0.44331271E-11
    2    8   -0.14007014E-02  0.21480427E-08 -0.20924055E-03  0.27081531E-08 -0.13552368E-02 -0.33801169E-08
    3    8   -0.20924089E-03 -0.95101737E-10 -0.14007021E-02 -0.41519445E-09 -0.13552349E-02  0.37367365E-09
    4    8    0.17017312E-02  0.19144060E-09  0.17017322E-02  0.24663844E-09  0.32400301E-02  0.20529810E-08
    5    8    0.66999017E-03 -0.16057180E-08  0.66998869E-03 -0.19811903E-08  0.76554100E-03  0.35749490E-09
    6    8    0.66998999E-03 -0.20481039E-08 -0.76553905E-03  0.91260699E-09 -0.66998998E-03  0.25759001E-08
    7    8   -0.76553988E-03  0.55927941E-09  0.66999037E-03 -0.79022750E-09 -0.66999050E-03 -0.14205026E-08
    8    8    0.11457205E-02  0.12374420E-08  0.11457207E-02  0.73907146E-09 -0.11457208E-02 -0.14096615E-08

   -1    0   -1
    1    1    0.64863891E-03  0.75315510E-09 -0.43395779E-03 -0.87420253E-09 -0.43395865E-03  0.18883340E-08
    2    1    0.60310909E-02  0.87896326E-09 -0.15754609E-02  0.17837490E-09 -0.15754611E-02 -0.82166063E-09
    3    1   -0.43888005E-02 -0.79071830E-11  0.56145474E-02 -0.21697715E-09  0.34045315E-02 -0.25611552E-09
    4    1   -0.43888005E-02  0.40583780E-09  0.34045303E-02  0.13937758E-08  0.56145473E-02 -0.61646754E-09
    5    1    0.53727296E-02 -0.95895744E-09 -0.62506185E-02 -0.37253888E-09 -0.62506190E-02  0.18659660E-08
    6    1   -0.10376185E-01 -0.26572097E-08  0.45623260E-02 -0.11244761E-09  0.45623266E-02  0.11947602E-08
    7    1    0.45783914E-03  0.18066178E-08  0.28403398E-02  0.21380070E-09 -0.20810752E-02 -0.96842886E-09
    8    1    0.45783784E-03  0.10106830E-08 -0.20810742E-02 -0.86790114E-09  0.28403393E-02 -0.20341672E-08
    1    2   -0.14153627E-01  0.20154428E-09  0.14290448E-01  0.10868255E-08  0.14290446E-01  0.12274301E-08
    2    2    0.15248929E-02 -0.10656522E-08  0.21234559E-02  0.34017919E-09  0.21234566E-02 -0.15126752E-08
    3    2    0.49734869E-02  0.62710930E-09 -0.42318387E-03  0.23936412E-09 -0.70426426E-02  0.14571574E-08
    4    2    0.49734875E-02  0.11998076E-08 -0.70426436E-02 -0.10828599E-08 -0.42318411E-03 -0.31799768E-08
    5    2   -0.49251309E-02 -0.56490407E-09  0.51354313E-02  0.56902453E-10  0.51354302E-02  0.13719329E-08
    6    2    0.10503156E-01  0.24846745E-08 -0.37890123E-02 -0.90016254E-09 -0.37890124E-02 -0.18242420E-09
    7    2   -0.51294751E-03 -0.43270977E-09 -0.36375634E-02 -0.17456976E-08  0.22201926E-02 -0.21074085E-08
    8    2   -0.51294755E-03 -0.18636998E-08  0.22201916E-02  0.18358651E-08 -0.36375642E-02  0.19032478E-08
    1    3    0.78901425E-02 -0.23826170E-08 -0.51859270E-02  0.25903310E-08 -0.10892785E-01 -0.15198486E-08
    2    3   -0.15001993E-02  0.33590409E-08 -0.68652947E-02 -0.39017832E-08  0.75113820E-02  0.25547945E-09
    3    3    0.23413821E-02 -0.12623488E-09  0.39654468E-02  0.82090617E-09  0.28909765E-02 -0.59274632E-09
    4    3   -0.37190738E-02 -0.24770652E-10  0.37228414E-02 -0.65767046E-09 -0.42584637E-02  0.33004388E-08
    5    3   -0.27599730E-04 -0.92884704E-09  0.10553286E-02  0.70732325E-09 -0.28041721E-03 -0.19951351E-08
    6    3    0.11977694E-02 -0.16643256E-08 -0.15552922E-02 -0.39973129E-09 -0.94733502E-03  0.21846199E-08
    7    3   -0.89237284E-03  0.23208017E-09  0.84937797E-03  0.62000575E-09  0.66026030E-03  0.69893549E-09
    8    3    0.44186449E-03  0.19247517E-08 -0.68959466E-03  0.68164617E-09 -0.24547667E-03 -0.10715710E-08
    1    4    0.78901431E-02  0.26781978E-08 -0.10892786E-01 -0.57069340E-09 -0.51859270E-02  0.85993170E-09
    2    4   -0.15002015E-02 -0.30333317E-08  0.75113810E-02  0.29036902E-08 -0.68652950E-02  0.63455635E-09
    3    4   -0.37190719E-02  0.67935433E-09 -0.42584645E-02 -0.12192901E-08  0.37228412E-02  0.78054241E-10
    4    4    0.23413833E-02 -0.10540293E-08  0.28909787E-02 -0.11034437E-09  0.39654465E-02 -0.50900220E-09
    5    4   -0.27599094E-04  0.26535477E-08 -0.28041666E-03 -0.61043866E-09  0.10553286E-02 -0.12620481E-08
    6    4    0.11977694E-02 -0.26316555E-09 -0.94733477E-03  0.13912514E-08 -0.15552925E-02 -0.31752132E-09
    7    4    0.44186274E-03 -0.13406179E-08 -0.24547730E-03 -0.64156260E-10 -0.68959592E-03 -0.11970493E-09
    8    4   -0.89237253E-03 -0.30738315E-09  0.66025986E-03 -0.93465032E-09  0.84937940E-03  0.17984405E-08
    1    5    0.32400268E-02 -0.10345322E-08 -0.17017355E-02 -0.23205284E-08 -0.17017353E-02 -0.11881715E-08
    2    5    0.33663954E-02  0.20214320E-08  0.12960185E-02  0.35406357E-09  0.12960175E-02  0.17462011E-08
    3    5   -0.13552333E-02 -0.20580853E-08  0.20924254E-03 -0.12326417E-08  0.14007031E-02 -0.21907868E-08
    4    5   -0.13552320E-02  0.86311672E-09  0.14007032E-02  0.11437212E-08  0.20924027E-03  0.33546009E-09
    5    5   -0.81433402E-03  0.18176574E-09  0.54292353E-03 -0.19190504E-09  0.54292325E-03 -0.14369967E-09
    6    5   -0.24143916E-01 -0.15724648E-08  0.14395729E-01  0.54097724E-09  0.14395728E-01 -0.14516526E-08
    7    5    0.41137720E-02  0.22196348E-08  0.78705160E-03  0.34886732E-09 -0.89089683E-02  0.27024407E-08
    8    5    0.41137704E-02 -0.33098346E-10 -0.89089698E-02 -0.15227476E-08  0.78705019E-03 -0.20896497E-08
    1    6   -0.48911833E-02  0.56003632E-10  0.39033564E-02 -0.58370608E-09  0.39033571E-02  0.10836735E-08
    2    6    0.38337601E-02  0.32393609E-08 -0.38337596E-02 -0.24760284E-08 -0.38337624E-02 -0.40729714E-08
    3    6   -0.39033557E-02 -0.16138547E-08  0.39033569E-02  0.14466244E-08  0.48911830E-02  0.29393394E-08
    4    6   -0.39033560E-02  0.47909691E-09  0.48911820E-02  0.55360577E-09  0.39033561E-02 -0.54114292E-10
    5    6    0.58749744E-02 -0.23288463E-08 -0.65354698E-02  0.31380310E-09 -0.65354672E-02  0.40622225E-09
    6    6   -0.41511442E-02 -0.67490980E-10 -0.46286461E-02 -0.13362263E-08 -0.46286430E-02  0.16402131E-08
    7    6   -0.30293582E-02  0.21577122E-08  0.52968517E-02 -0.44918509E-09  0.41866670E-02 -0.24249782E-08
    8    6   -0.30293584E-02  0.78256147E-09  0.41866724E-02  0.16647028E-08  0.52968534E-02  0.55404735E-09
    1    7   -0.14007017E-02  0.11107043E-08  0.20924177E-03  0.16677907E-09  0.13552327E-02  0.10995231E-08
    2    7   -0.12960149E-02 -0.15596411E-08  0.12960150E-02  0.17006056E-08 -0.33663938E-02  0.58450601E-09
    3    7    0.17017342E-02  0.76821850E-09 -0.17017339E-02 -0.20510963E-09 -0.32400279E-02  0.21613582E-09
    4    7   -0.20924193E-03 -0.20406513E-09  0.14007027E-02  0.24865548E-09  0.13552350E-02 -0.16838128E-08
    5    7   -0.24812786E-02  0.16914916E-08 -0.20956813E-02 -0.47015223E-09  0.62897129E-02  0.58474682E-09
    6    7    0.17457441E-01 -0.20036856E-08 -0.75703794E-02  0.15020928E-08 -0.84208304E-02  0.11603092E-08
    7    7   -0.69755694E-03 -0.11895242E-08 -0.31353922E-02  0.25013768E-09 -0.22538416E-03 -0.13735131E-08
    8    7   -0.56305622E-02 -0.11506224E-09  0.11176148E-01 -0.10266075E-08 -0.17382364E-02 -0.34713739E-09
    1    8   -0.14007034E-02 -0.70578821E-09  0.13552343E-02  0.55056635E-09  0.20924219E-03 -0.12871288E-08
    2    8   -0.12960175E-02 -0.30885728E-08 -0.33663961E-02  0.23067949E-09  0.12960167E-02  0.26987115E-08
    3    8   -0.20924217E-03  0.43125750E-08  0.13552320E-02  0.77842291E-09  0.14007043E-02 -0.18433147E-08
    4    8    0.17017336E-02 -0.74114934E-09 -0.32400272E-02 -0.19290877E-08 -0.17017351E-02  0.59904665E-09
    5    8   -0.24812765E-02 -0.14954712E-08  0.62897155E-02 -0.57189842E-09 -0.20956842E-02  0.65641514E-10
    6    8    0.17457448E-01  0.58128508E-08 -0.84208323E-02  0.13061258E-10 -0.75703837E-02 -0.36194959E-08
    7    8   -0.56305654E-02 -0.27349747E-08 -0.17382371E-02  0.40713599E-10  0.11176153E-01  0.61011136E-09
    8    8   -0.69755611E-03  0.10347495E-08 -0.22538276E-03  0.32328482E-09 -0.31353919E-02  0.10958842E-08

   -1    0    0
    1    1    0.32009924E-02 -0.53501521E-10  0.81691229E-02  0.61930703E-10  0.32009924E-02 -0.63703385E-10
    2    1    0.13390190E-01  0.19065275E-08 -0.15516504E-01 -0.21960904E-09 -0.20960407E-01 -0.12143394E-08
    3    1   -0.14935938E-01  0.34845737E-09  0.29106618E-01 -0.10820463E-08  0.16831842E-01  0.24145929E-08
    4    1   -0.51203515E-02 -0.64654551E-09 -0.11830841E-01 -0.97977483E-09  0.11888157E-01 -0.17425646E-08
    5    1    0.16428004E-02 -0.11004802E-08  0.14254641E-02  0.18456199E-08  0.77430077E-02  0.15062000E-08
    6    1   -0.23126545E-02  0.52082561E-10  0.63207145E-02 -0.11940910E-08  0.12537000E-01  0.33989762E-08
    7    1    0.12627319E-02  0.76299937E-10 -0.60990179E-02 -0.74021745E-09 -0.12530316E-01 -0.20122017E-08
    8    1    0.46555116E-02  0.89307673E-09  0.77191632E-04  0.78537595E-09 -0.30480976E-02 -0.84938334E-09
    1    2   -0.68592498E-02 -0.11312829E-09 -0.14157826E-01 -0.28687253E-08  0.13627054E-01 -0.18728520E-08
    2    2    0.22235920E-08  0.47959889E-09  0.45312231E-01  0.31644863E-08 -0.13408494E-08  0.40002032E-09
    3    2   -0.12948894E-01  0.82936186E-09 -0.16189499E-01 -0.18491162E-08  0.75374063E-02 -0.94573224E-10
    4    2    0.25072803E-01 -0.17647621E-08  0.22979554E-02  0.28664273E-08 -0.18956971E-01  0.21477627E-08
    5    2   -0.85694680E-02 -0.14773679E-09 -0.96047872E-02 -0.28269698E-08 -0.33885039E-02 -0.48932423E-09
    6    2   -0.62881633E-03 -0.60024187E-09 -0.36863132E-02 -0.12457086E-08  0.26312285E-02  0.19080159E-08
    7    2    0.64155858E-02 -0.61796090E-09  0.11408703E-01  0.38887900E-08  0.49774030E-02 -0.98400984E-09
    8    2    0.17683299E-02  0.16233309E-08 -0.37644432E-02 -0.11199080E-08 -0.68897277E-02 -0.19587136E-08
    1    3   -0.14935936E-01  0.67923050E-09  0.29106616E-01  0.12145367E-09  0.16831842E-01  0.54828728E-10
    2    3    0.17078998E-01 -0.19028570E-08 -0.10511757E-01  0.95919865E-09 -0.17271602E-01 -0.85334088E-09
    3    3   -0.32009878E-02 -0.78035922E-09  0.81691182E-02 -0.22554391E-08 -0.32009878E-02 -0.78931459E-09
    4    3   -0.11210000E-01  0.18071143E-08 -0.13862509E-01 -0.20745942E-08  0.57985110E-02 -0.35084850E-08
    5    3    0.22105907E-02  0.15736175E-08  0.51584610E-02  0.13719404E-08  0.16098598E-01  0.32665518E-08
    6    3    0.89698964E-03 -0.10104466E-08 -0.15481883E-01  0.58554477E-09 -0.45417439E-02 -0.44363481E-08
    7    3    0.65525375E-02  0.13123585E-08 -0.18683640E-02 -0.23249163E-08 -0.90390976E-02  0.81171923E-09
    8    3   -0.16405194E-01 -0.16081956E-08 -0.67723426E-03  0.47563319E-09  0.96842301E-02 -0.96300495E-09
    1    4    0.24345483E-01 -0.23626472E-09 -0.28012722E-01  0.31470527E-08 -0.31915698E-01  0.57847367E-09
    2    4   -0.23711451E-01 -0.28308399E-10 -0.52389401E-01 -0.32648743E-08  0.35083391E-01  0.27653537E-08
    3    4    0.28034287E-01  0.52303990E-09 -0.23007970E-01  0.36484736E-08 -0.28226893E-01 -0.25813256E-08
    4    4   -0.88865951E-09  0.20233172E-08  0.45312230E-01 -0.12652640E-08  0.26774743E-08  0.19598819E-08
    5    4    0.41374211E-02 -0.86232305E-09  0.30301607E-02 -0.88860215E-10 -0.10006580E-01 -0.36773346E-08
    6    4    0.50524855E-02  0.92429413E-09  0.27697284E-02  0.98982128E-09 -0.10267012E-01 -0.87905777E-09
    7    4   -0.42475206E-02 -0.64058244E-09 -0.80502768E-03 -0.86220508E-09  0.95620257E-02  0.28065867E-08
    8    4   -0.49463834E-02 -0.13013318E-08  0.44136691E-02  0.43150014E-09 -0.20125032E-03  0.25322698E-08
    1    5    0.27845387E-02  0.19972577E-08  0.45988589E-02 -0.63159781E-09  0.66012658E-02  0.18807117E-09
    2    5    0.18682384E-02 -0.31772865E-08 -0.25228695E-02 -0.12584165E-08 -0.77373966E-02 -0.11960962E-08
    3    5    0.97780271E-02  0.11435737E-08  0.12175920E-01 -0.65883045E-09  0.85311651E-02  0.47157745E-09
    4    5   -0.14855801E-01 -0.33126795E-09 -0.73265186E-02  0.13192333E-08  0.28978264E-02 -0.37068728E-09
    5    5    0.33302042E-02  0.13586556E-08  0.57187595E-02  0.31147556E-09  0.33302042E-02  0.13659270E-08
    6    5   -0.47488278E-02  0.10303887E-08  0.37392647E-01  0.14004523E-08  0.42284462E-02  0.11558396E-08
    7    5   -0.16346988E-01 -0.73523661E-09 -0.11694226E-01 -0.54496410E-09  0.16346989E-01 -0.23247433E-08
    8    5    0.27288791E-01  0.19262364E-08 -0.22205823E-02 -0.41156277E-09 -0.18687433E-01  0.85054065E-09
    1    6    0.76162252E-02 -0.34693446E-08 -0.88741116E-03  0.31131483E-08 -0.60088081E-02  0.14321631E-08
    2    6   -0.57813548E-02 -0.61714918E-09  0.57813551E-02 -0.99353841E-09  0.63372266E-03  0.14355413E-08
    3    6   -0.17236719E-01  0.30691422E-08  0.17236720E-01 -0.24438773E-08  0.10515751E-01 -0.62954233E-10
    4    6    0.88740984E-03 -0.58191881E-11 -0.76162230E-02 -0.64001126E-09 -0.60088074E-02 -0.10563659E-08
    5    6    0.20829098E-01 -0.21962345E-08 -0.12106422E-01  0.38238590E-08 -0.12227743E-01  0.90685818E-09
    6    6    0.34253170E-08  0.23385791E-09 -0.55862363E-01 -0.76511650E-09 -0.20400454E-08  0.13638972E-09
    7    6    0.12227743E-01  0.26360628E-09 -0.12106421E-01  0.66361571E-10 -0.20829100E-01  0.11879633E-08
    8    6   -0.37367954E-01  0.27103749E-08  0.34471377E-01 -0.17357762E-08  0.37367955E-01 -0.26910695E-08
    1    7   -0.73241023E-02 -0.41989646E-09 -0.15336476E-01  0.25072473E-09 -0.39434817E-02 -0.42589124E-09
    2    7   -0.29981244E-02  0.23877201E-08  0.29981234E-02  0.10725684E-08  0.83126258E-02  0.37647432E-09
    3    7    0.91651788E-02 -0.64054697E-09 -0.91651769E-02  0.94842200E-09 -0.11651739E-01 -0.62583679E-10
    4    7    0.15336476E-01  0.56231911E-09  0.73241007E-02 -0.75054070E-09 -0.39434812E-02  0.95202563E-09
    5    7   -0.16346989E-01 -0.16239804E-08 -0.11694228E-01 -0.17216816E-08  0.16346989E-01 -0.23386527E-08
    6    7   -0.42284482E-02 -0.24853043E-09  0.37392651E-01  0.87786143E-10  0.47488275E-02  0.48193166E-09
    7    7   -0.33302025E-02 -0.11876049E-09  0.57187533E-02  0.21296217E-09 -0.33302025E-02 -0.10999783E-09
    8    7    0.18687434E-01 -0.40409885E-09 -0.22205797E-02  0.10612069E-08 -0.27288793E-01  0.13974028E-08
    1    8    0.73265170E-02  0.49279654E-09  0.14855801E-01 -0.34079435E-08  0.28978278E-02  0.24660693E-09
    2    8    0.25228703E-02  0.23823308E-08 -0.18682370E-02  0.10342359E-08 -0.77373977E-02 -0.72062847E-09
    3    8   -0.12175918E-01 -0.32008214E-08 -0.97780289E-02  0.10882331E-08  0.85311676E-02 -0.71694886E-09
    4    8   -0.45988584E-02 -0.48536416E-09 -0.27845385E-02  0.11917692E-08  0.66012652E-02  0.56451991E-09
    5    8    0.16469845E-02  0.11230210E-08  0.30759508E-01 -0.27599616E-08 -0.21673621E-02 -0.23894573E-09
    6    8    0.33445321E-01 -0.25366802E-08  0.53085138E-02 -0.78291819E-09 -0.33445321E-01  0.10215266E-08
    7    8    0.21673633E-02  0.15767045E-08  0.30759509E-01 -0.62795356E-09 -0.16469858E-02  0.26519182E-08
    8    8   -0.17361845E-08 -0.18010899E-08 -0.55862362E-01  0.86315711E-09  0.36942290E-08 -0.18951044E-08

   -1    0    1
    1    1    0.81691188E-02 -0.15842301E-08  0.32009873E-02  0.16466200E-08  0.32009873E-02  0.16408810E-08
    2    1    0.29106615E-01 -0.12154802E-08 -0.14935935E-01 -0.10701225E-08  0.16831844E-01 -0.15359524E-08
    3    1   -0.15516503E-01  0.21950826E-08  0.13390192E-01  0.94597325E-10 -0.20960403E-01 -0.79466072E-09
    4    1   -0.11830839E-01 -0.11964904E-09 -0.51203502E-02 -0.45561592E-09  0.11888156E-01  0.43320342E-10
    5    1    0.14254632E-02  0.14956298E-08  0.16427979E-02  0.82720595E-09  0.77430003E-02  0.18738130E-08
    6    1   -0.60990174E-02 -0.19313857E-08  0.12627328E-02  0.60904425E-09 -0.12530311E-01  0.26647882E-08
    7    1    0.63207179E-02 -0.13583249E-08 -0.23126567E-02 -0.15016605E-08  0.12537000E-01 -0.16022459E-08
    8    1    0.77190815E-04  0.16896059E-09  0.46555132E-02  0.22641888E-09 -0.30480961E-02 -0.23400851E-08
    1    2    0.29106615E-01  0.20883800E-08 -0.14935934E-01 -0.23801212E-08  0.16831843E-01 -0.91552771E-09
    2    2    0.81691192E-02 -0.75742028E-09 -0.32009912E-02  0.15229486E-08 -0.32009913E-02  0.15155861E-08
    3    2   -0.10511753E-01 -0.61013568E-10  0.17078996E-01  0.46229946E-09 -0.17271600E-01  0.22897288E-08
    4    2   -0.13862510E-01 -0.17478897E-09 -0.11209999E-01  0.15997105E-08  0.57985103E-02 -0.16799506E-08
    5    2    0.51584600E-02  0.73642522E-09  0.22105928E-02 -0.15248934E-08  0.16098600E-01 -0.94764306E-09
    6    2   -0.18683621E-02  0.33821882E-08  0.65525341E-02 -0.20612319E-08 -0.90391047E-02 -0.22080000E-08
    7    2   -0.15481886E-01 -0.14955488E-10  0.89699231E-03  0.18420979E-08 -0.45417406E-02  0.49403108E-09
    8    2   -0.67723547E-03 -0.10877439E-08 -0.16405193E-01 -0.34201704E-10  0.96842316E-02  0.30178834E-08
    1    3   -0.14157820E-01 -0.16202286E-08 -0.68592478E-02  0.14705133E-08  0.13627054E-01 -0.16050927E-08
    2    3   -0.16189498E-01  0.17324724E-08 -0.12948896E-01 -0.17399531E-08  0.75374073E-02  0.32376101E-08
    3    3    0.45312226E-01  0.12399224E-08  0.99280861E-09  0.28912280E-09 -0.25768155E-08  0.23034349E-09
    4    3    0.22979535E-02  0.12167035E-08  0.25072802E-01 -0.13193663E-08 -0.18956971E-01  0.16858750E-08
    5    3   -0.96047822E-02 -0.81773540E-09 -0.85694662E-02  0.88215750E-09 -0.33885015E-02 -0.90687380E-09
    6    3    0.11408700E-01 -0.11844814E-08  0.64155853E-02  0.12221379E-09  0.49774060E-02  0.24272139E-08
    7    3   -0.36863121E-02  0.14529575E-08 -0.62881733E-03 -0.10069829E-08  0.26312246E-02  0.44287477E-10
    8    3   -0.37644432E-02  0.15171806E-09  0.17683307E-02  0.14686729E-08 -0.68897293E-02 -0.33359018E-08
    1    4   -0.28012723E-01 -0.12154039E-08  0.24345483E-01  0.30788331E-09 -0.31915693E-01 -0.59605498E-09
    2    4   -0.23007971E-01  0.15182013E-08  0.28034287E-01  0.15281562E-08 -0.28226893E-01 -0.37162361E-08
    3    4   -0.52389396E-01 -0.23129675E-09 -0.23711452E-01 -0.11301809E-08  0.35083387E-01  0.24741759E-08
    4    4    0.45312229E-01 -0.27508238E-08 -0.11383650E-08 -0.97527051E-10  0.24240094E-08 -0.15484541E-09
    5    4    0.30301597E-02  0.89294311E-09  0.41374209E-02  0.21488933E-09 -0.10006577E-01  0.16270873E-08
    6    4   -0.80502963E-03 -0.13917130E-08 -0.42475200E-02  0.26514223E-09  0.95620252E-02 -0.23697984E-08
    7    4    0.27697291E-02 -0.98821777E-09  0.50524852E-02  0.50169742E-09 -0.10267012E-01 -0.11157526E-08
    8    4    0.44136701E-02  0.18091610E-09 -0.49463836E-02 -0.14888363E-08 -0.20125060E-03  0.11093381E-08
    1    5    0.45988540E-02 -0.11745142E-08  0.27845340E-02 -0.12015589E-09  0.66012637E-02  0.83542711E-09
    2    5    0.12175917E-01  0.17515395E-08  0.97780301E-02  0.98890569E-09  0.85311673E-02  0.57802722E-09
    3    5   -0.25228702E-02  0.35483230E-09  0.18682386E-02 -0.42964079E-09 -0.77373937E-02 -0.85167694E-09
    4    5   -0.73265148E-02  0.13810573E-08 -0.14855797E-01  0.42616564E-09  0.28978270E-02  0.94863360E-09
    5    5    0.57187565E-02 -0.34956137E-08  0.33301989E-02 -0.79489263E-09  0.33301988E-02 -0.78566928E-09
    6    5   -0.11694223E-01  0.38843927E-09 -0.16346986E-01  0.45809598E-09  0.16346994E-01  0.92930261E-09
    7    5    0.37392654E-01 -0.13397670E-08 -0.47488275E-02 -0.92649583E-09  0.42284473E-02  0.20538635E-08
    8    5   -0.22205836E-02  0.19257961E-08  0.27288792E-01  0.10332570E-08 -0.18687437E-01  0.27841974E-09
    1    6   -0.15336474E-01  0.45780952E-09 -0.73241000E-02  0.34274385E-08 -0.39434803E-02 -0.66728328E-09
    2    6   -0.91651734E-02  0.14115168E-08  0.91651735E-02 -0.27343905E-08 -0.11651741E-01 -0.40645115E-10
    3    6    0.29981209E-02  0.20378596E-10 -0.29981212E-02 -0.56108884E-10  0.83126261E-02  0.16881243E-09
    4    6    0.73240993E-02 -0.90096894E-09  0.15336473E-01 -0.26708838E-08 -0.39434808E-02 -0.16033127E-08
    5    6   -0.11694230E-01 -0.44810631E-09 -0.16346983E-01  0.41333998E-08  0.16346990E-01  0.16991621E-08
    6    6    0.57187556E-02 -0.27669527E-08 -0.33302065E-02  0.29297551E-08 -0.33302065E-02  0.29431883E-08
    7    6    0.37392647E-01  0.19610040E-08 -0.42284501E-02 -0.31512642E-08  0.47488261E-02 -0.16703187E-08
    8    6   -0.22205757E-02  0.50473322E-09  0.18687430E-01 -0.32727226E-08 -0.27288786E-01 -0.95173238E-09
    1    7   -0.88741064E-03  0.81619176E-09  0.76162270E-02 -0.20970876E-08 -0.60088085E-02  0.15014009E-08
    2    7    0.17236719E-01 -0.36614858E-08 -0.17236716E-01  0.19687191E-08  0.10515753E-01 -0.30309767E-08
    3    7    0.57813561E-02 -0.62003499E-09 -0.57813583E-02 -0.17900262E-09  0.63372001E-03  0.26497984E-08
    4    7   -0.76162256E-02 -0.12203038E-09  0.88740930E-03  0.17383016E-08 -0.60088075E-02 -0.62664523E-09
    5    7   -0.12106419E-01  0.47504576E-08  0.20829099E-01 -0.15980109E-08 -0.12227743E-01  0.19351448E-08
    6    7   -0.12106422E-01  0.10072733E-08  0.12227739E-01 -0.13051760E-08 -0.20829096E-01 -0.46947498E-08
    7    7   -0.55862368E-01 -0.31851054E-08  0.52905752E-08  0.36168577E-09 -0.13004018E-09  0.30694604E-09
    8    7    0.34471377E-01 -0.23989805E-08 -0.37367953E-01 -0.10811848E-08  0.37367954E-01  0.17916569E-08
    1    8    0.14855802E-01  0.15992352E-09  0.73265177E-02 -0.57347368E-09  0.28978262E-02  0.23460139E-09
    2    8   -0.97780258E-02 -0.16843778E-09 -0.12175918E-01 -0.20726491E-09  0.85311673E-02  0.21046893E-08
    3    8   -0.18682354E-02 -0.29064363E-09  0.25228695E-02  0.67343760E-09 -0.77373972E-02 -0.15059845E-08
    4    8   -0.27845386E-02  0.84124972E-10 -0.45988567E-02  0.36726493E-09  0.66012649E-02  0.14849781E-08
    5    8    0.30759505E-01 -0.56778892E-10  0.16469851E-02 -0.35150420E-08 -0.21673619E-02 -0.16617707E-08
    6    8    0.30759505E-01 -0.65212852E-09  0.21673628E-02 -0.20225856E-09 -0.16469906E-02  0.40419310E-08
    7    8    0.53085130E-02  0.45487033E-08  0.33445319E-01  0.26057601E-08 -0.33445317E-01 -0.66165170E-09
    8    8   -0.55862359E-01 -0.22377349E-08 -0.16585779E-08  0.32187170E-09  0.38384694E-08  0.25316449E-09

   -1    0    2
    1    1   -0.43395457E-03 -0.24119422E-08  0.64864307E-03 -0.16857184E-08 -0.43395447E-03 -0.63977883E-09
    2    1    0.56145488E-02  0.12351921E-08 -0.43888018E-02 -0.71190760E-09  0.34045290E-02 -0.84716739E-09
    3    1   -0.15754630E-02 -0.64045874E-09  0.60310924E-02 -0.58014974E-09 -0.15754636E-02  0.75512184E-09
    4    1    0.34045301E-02 -0.37760725E-09 -0.43888026E-02 -0.39130777E-09  0.56145493E-02 -0.26819192E-08
    5    1   -0.62506173E-02  0.13346754E-09  0.53727316E-02  0.37006375E-09 -0.62506162E-02  0.20304365E-08
    6    1    0.28403386E-02  0.32658004E-09  0.45783843E-03  0.10531061E-09 -0.20810749E-02 -0.43223974E-10
    7    1    0.45623253E-02 -0.70015179E-09 -0.10376188E-01  0.15649524E-09  0.45623254E-02 -0.90019572E-09
    8    1   -0.20810742E-02  0.19000814E-09  0.45783880E-03  0.71916975E-09  0.28403381E-02 -0.63815924E-09
    1    2   -0.51859279E-02  0.92464313E-09  0.78901420E-02 -0.23865640E-08 -0.10892784E-01 -0.96589548E-09
    2    2    0.39654464E-02 -0.47337184E-09  0.23413833E-02  0.12601683E-08  0.28909786E-02  0.68384681E-09
    3    2   -0.68652936E-02  0.23396950E-08 -0.15002003E-02 -0.11937753E-08  0.75113798E-02 -0.36001939E-08
    4    2    0.37228420E-02 -0.13673303E-08 -0.37190730E-02  0.33860404E-09 -0.42584626E-02  0.43229676E-08
    5    2    0.10553272E-02  0.77836234E-09 -0.27599193E-04 -0.21141778E-08 -0.28041732E-03 -0.42068605E-09
    6    2    0.84937779E-03  0.30708948E-09 -0.89237446E-03 -0.24632818E-08  0.66026297E-03  0.18125587E-08
    7    2   -0.15552916E-02 -0.65204414E-09  0.11977707E-02  0.40589064E-09 -0.94733533E-03  0.11874565E-08
    8    2   -0.68959338E-03 -0.22864416E-09  0.44186334E-03  0.31099693E-08 -0.24547928E-03 -0.30197955E-08
    1    3    0.14290447E-01 -0.27540249E-08 -0.14153628E-01 -0.47367020E-09  0.14290447E-01 -0.45121945E-11
    2    3   -0.42318352E-03  0.26934281E-08  0.49734879E-02 -0.25606002E-08 -0.70426436E-02  0.36813186E-10
    3    3    0.21234583E-02 -0.25146943E-08  0.15248951E-02 -0.56536697E-09  0.21234582E-02  0.95942671E-09
    4    3   -0.70426428E-02  0.18498358E-08  0.49734870E-02  0.12289948E-08 -0.42318347E-03 -0.10551018E-09
    5    3    0.51354288E-02 -0.15877540E-08 -0.49251326E-02  0.68922752E-09  0.51354301E-02 -0.10350666E-08
    6    3   -0.36375630E-02 -0.32116507E-08 -0.51294645E-03  0.38223723E-08  0.22201902E-02 -0.12720494E-08
    7    3   -0.37890113E-02  0.18951384E-08  0.10503158E-01 -0.15320749E-08 -0.37890105E-02  0.78224014E-09
    8    3    0.22201920E-02  0.13509526E-08 -0.51294777E-03 -0.39225265E-08 -0.36375626E-02  0.69989606E-09
    1    4   -0.10892784E-01  0.15151694E-08  0.78901431E-02  0.43172985E-09 -0.51859303E-02 -0.15591502E-08
    2    4   -0.42584638E-02 -0.13259927E-08 -0.37190736E-02 -0.12651511E-09  0.37228428E-02  0.16003068E-08
    3    4    0.75113796E-02 -0.12351674E-08 -0.15002009E-02  0.14768820E-08 -0.68652911E-02 -0.73007402E-09
    4    4    0.28909788E-02  0.17515025E-08  0.23413829E-02  0.35304110E-09  0.39654455E-02 -0.11313617E-08
    5    4   -0.28041531E-03 -0.91094485E-10 -0.27598844E-04 -0.89061681E-09  0.10553256E-02 -0.15535274E-08
    6    4   -0.24547664E-03  0.22992543E-08  0.44186389E-03 -0.98268884E-09 -0.68959632E-03  0.33997253E-10
    7    4   -0.94733537E-03  0.14850036E-08  0.11977694E-02  0.12275319E-08 -0.15552924E-02  0.15931248E-08
    8    4    0.66025761E-03 -0.17137053E-08 -0.89237337E-03  0.48998950E-09  0.84938068E-03  0.13386645E-08
    1    5   -0.17017346E-02 -0.56688840E-09  0.32400297E-02  0.76873647E-09 -0.17017331E-02  0.67174700E-09
    2    5    0.20924274E-03  0.73770657E-09 -0.13552345E-02 -0.42163170E-09  0.14007022E-02 -0.78973673E-09
    3    5    0.12960167E-02  0.36516259E-09  0.33663947E-02 -0.16924808E-09  0.12960150E-02  0.86279411E-09
    4    5    0.14007012E-02 -0.12085968E-08 -0.13552336E-02 -0.33023014E-09  0.20924106E-03 -0.17379408E-08
    5    5    0.54292572E-03  0.47922096E-09 -0.81433093E-03  0.12751151E-08  0.54292601E-03  0.13649079E-08
    6    5    0.78704956E-03 -0.14938200E-08  0.41137716E-02 -0.63650687E-09 -0.89089674E-02 -0.14164460E-08
    7    5    0.14395727E-01 -0.11776831E-08 -0.24143920E-01 -0.25027854E-09  0.14395726E-01 -0.27061238E-08
    8    5   -0.89089669E-02  0.95512605E-09  0.41137712E-02  0.33764929E-09  0.78704939E-03  0.20847420E-08
    1    6    0.20924132E-03 -0.19294667E-08 -0.14007033E-02  0.80177354E-09  0.13552318E-02  0.16444975E-09
    2    6   -0.17017348E-02  0.10695018E-08  0.17017342E-02 -0.15563482E-08 -0.32400254E-02  0.31344712E-08
    3    6    0.12960162E-02 -0.14496117E-08 -0.12960164E-02  0.11984132E-08 -0.33663926E-02 -0.41020587E-08
    4    6    0.14007029E-02  0.19046889E-08 -0.20923922E-03 -0.41129674E-09  0.13552319E-02 -0.12359734E-08
    5    6   -0.20956807E-02 -0.11323903E-09 -0.24812811E-02  0.21063580E-08  0.62897123E-02  0.13383885E-08
    6    6   -0.31353909E-02  0.22982286E-09 -0.69755592E-03  0.54183256E-09 -0.22538328E-03 -0.36355342E-09
    7    6   -0.75703831E-02  0.55885206E-09  0.17457448E-01 -0.15839530E-08 -0.84208313E-02  0.26357868E-08
    8    6    0.11176148E-01 -0.55007811E-09 -0.56305644E-02 -0.12126959E-08 -0.17382359E-02 -0.28422812E-08
    1    7    0.39033569E-02  0.11632597E-08 -0.48911852E-02 -0.20780009E-08  0.39033559E-02  0.11534379E-08
    2    7    0.39033539E-02 -0.17132821E-08 -0.39033548E-02  0.19525825E-08  0.48911838E-02 -0.19116993E-08
    3    7   -0.38337597E-02  0.34478922E-08  0.38337614E-02 -0.13320080E-08 -0.38337608E-02  0.22705516E-08
    4    7    0.48911859E-02 -0.13500822E-08 -0.39033565E-02  0.95517278E-09  0.39033554E-02 -0.11683692E-08
    5    7   -0.65354702E-02 -0.94299884E-09  0.58749749E-02 -0.15013143E-08 -0.65354696E-02 -0.75814695E-09
    6    7    0.52968547E-02  0.34070069E-08 -0.30293601E-02 -0.30391026E-08  0.41866665E-02  0.36107498E-08
    7    7   -0.46286450E-02 -0.47749665E-09 -0.41511446E-02 -0.15877515E-09 -0.46286441E-02 -0.59408942E-09
    8    7    0.41866675E-02  0.79310344E-09 -0.30293596E-02  0.22591446E-08  0.52968552E-02  0.18851973E-09
    1    8    0.13552327E-02  0.18980515E-08 -0.14007020E-02  0.26186178E-08  0.20924261E-03 -0.45447826E-09
    2    8    0.13552357E-02 -0.10384327E-08 -0.20924124E-03 -0.10425220E-08  0.14007004E-02 -0.56571280E-09
    3    8   -0.33663965E-02 -0.46656868E-09 -0.12960174E-02 -0.87787294E-09  0.12960153E-02 -0.60512660E-09
    4    8   -0.32400284E-02 -0.12837201E-08  0.17017321E-02 -0.73884652E-09 -0.17017311E-02  0.26505166E-08
    5    8    0.62897138E-02  0.18731773E-08 -0.24812780E-02  0.90034329E-09 -0.20956809E-02 -0.12435840E-09
    6    8   -0.17382381E-02  0.11294011E-08 -0.56305661E-02  0.12229548E-08  0.11176151E-01 -0.53323693E-09
    7    8   -0.84208315E-02 -0.20305941E-08  0.17457448E-01  0.12585576E-08 -0.75703832E-02  0.63193027E-09
    8    8   -0.22538223E-03 -0.93075479E-09 -0.69755624E-03 -0.14753620E-08 -0.31353925E-02 -0.11977162E-08

   -1    1   -2
    1    1   -0.70300116E-03  0.28997649E-10 -0.70300116E-03  0.28997680E-10 -0.66962774E-03 -0.79770969E-09
    2    1    0.14077269E-02  0.10122090E-08 -0.20083620E-02  0.22570881E-08 -0.41968125E-03  0.29132363E-09
    3    1   -0.20083620E-02  0.20275765E-08  0.14077280E-02  0.38266743E-09 -0.41968103E-03  0.21224913E-09
    4    1   -0.37464273E-11 -0.22117103E-08 -0.13696861E-08 -0.53188355E-09 -0.93023896E-04  0.12324870E-08
    5    1   -0.92241720E-04 -0.60523943E-09 -0.92241732E-04 -0.27641063E-08 -0.12902291E-02 -0.22131218E-08
    6    1    0.23539631E-02  0.14987584E-08 -0.80382965E-03  0.72826020E-09 -0.30605320E-03  0.67108523E-09
    7    1   -0.80382872E-03 -0.21912567E-09  0.23539622E-02  0.55977485E-09 -0.30605470E-03  0.11550707E-09
    8    1   -0.70247008E-03 -0.39616460E-08 -0.70246913E-03 -0.19467137E-08  0.11979199E-02  0.30790404E-09
    1    2   -0.15495474E-02 -0.14126258E-09  0.17658633E-02  0.33531466E-08 -0.21404567E-02  0.40475016E-09
    2    2    0.30747276E-09  0.91635961E-10  0.30747283E-09  0.91633582E-10  0.74434810E-03  0.39105646E-09
    3    2    0.28749031E-02 -0.16215781E-08 -0.28749031E-02  0.67015032E-09  0.15127563E-02 -0.19720990E-08
    4    2   -0.14077272E-02  0.94786970E-09  0.20083627E-02 -0.76206361E-09 -0.87132023E-03  0.41808039E-09
    5    2    0.10732240E-02  0.39150650E-09 -0.46436495E-03  0.19103886E-08  0.33411594E-04  0.54483039E-09
    6    2   -0.25578034E-02 -0.41762944E-08  0.24572800E-02 -0.36472984E-09  0.12592919E-02 -0.18809236E-08
    7    2   -0.66282621E-03  0.29617246E-08  0.95738024E-03 -0.54554724E-09 -0.17026382E-02  0.26868032E-08
    8    2    0.11152810E-02 -0.38335534E-08 -0.15961610E-02 -0.31239368E-08  0.30422872E-03 -0.24218622E-08
    1    3    0.17658647E-02  0.11215990E-08 -0.15495488E-02 -0.23654832E-08 -0.21404544E-02  0.10342961E-08
    2    3   -0.28749026E-02 -0.25489293E-08  0.28749029E-02  0.13938507E-08  0.15127562E-02 -0.15508496E-08
    3    3   -0.34865321E-10  0.36883103E-09 -0.34865292E-10  0.36883205E-09  0.74434762E-03 -0.67563622E-11
    4    3    0.20083602E-02  0.10410971E-08 -0.14077264E-02  0.83289780E-10 -0.87132007E-03  0.26109671E-09
    5    3   -0.46436375E-03  0.36046858E-09  0.10732237E-02  0.26766714E-09  0.33411357E-04  0.35373465E-09
    6    3    0.95737837E-03  0.23686395E-08 -0.66282554E-03  0.87131411E-09 -0.17026378E-02  0.14371566E-08
    7    3    0.24572790E-02 -0.23654547E-08 -0.25578043E-02 -0.37426993E-09  0.12592919E-02 -0.22061135E-08
    8    3   -0.15961597E-02 -0.19441766E-08  0.11152812E-02 -0.34982181E-08  0.30422862E-03  0.11438929E-09
    1    4   -0.49307782E-09 -0.97919210E-09  0.94665572E-09  0.12662360E-09  0.21761672E-02  0.13323536E-09
    2    4    0.15495477E-02  0.19960090E-08 -0.17658640E-02 -0.21151236E-08 -0.63169015E-03  0.63378627E-09
    3    4   -0.17658637E-02 -0.17772557E-08  0.15495476E-02  0.21372322E-09 -0.63169046E-03 -0.31425914E-09
    4    4    0.70300082E-03  0.58815374E-09  0.70300082E-03  0.58815419E-09 -0.66962757E-03  0.14646752E-09
    5    4    0.92264140E-03 -0.15658055E-08  0.92264303E-03  0.93443502E-09  0.90614621E-03 -0.14901261E-09
    6    4    0.26032206E-04  0.10388137E-08 -0.79658924E-03 -0.20017413E-08 -0.81308468E-03 -0.77338010E-10
    7    4   -0.79658826E-03  0.13102421E-08  0.26032621E-04  0.13494486E-10 -0.81308401E-03  0.12535162E-08
    8    4   -0.74707067E-03  0.18725647E-08 -0.74707140E-03  0.25294095E-08  0.16089874E-02 -0.50742532E-09
    1    5   -0.10358182E-02  0.27460942E-09 -0.10358179E-02 -0.92954670E-09  0.35087372E-02 -0.67834052E-09
    2    5    0.45715927E-02 -0.28201520E-08 -0.31716027E-02  0.55990526E-09 -0.46921214E-02 -0.74761190E-09
    3    5   -0.31716029E-02  0.17953180E-08  0.45715935E-02 -0.14111071E-10 -0.46921209E-02  0.30338162E-08
    4    5    0.11774972E-03 -0.91773066E-10  0.11774789E-03  0.59760340E-09  0.68445261E-02 -0.16619153E-08
    5    5   -0.13699500E-03  0.50504041E-10 -0.13699500E-03  0.50504061E-10 -0.25957610E-03 -0.42638891E-09
    6    5   -0.71933503E-03  0.30214940E-09  0.10171566E-02  0.39131323E-09  0.79569354E-03  0.11367223E-08
    7    5    0.10171581E-02 -0.22812733E-08 -0.71933523E-03 -0.51285330E-09  0.79569363E-03 -0.23758947E-08
    8    5    0.16504298E-02 -0.54936709E-09  0.16504309E-02 -0.64900490E-09 -0.24649960E-02  0.30535137E-08
    1    6    0.73091084E-02  0.10105010E-08 -0.72708310E-02 -0.21939981E-09 -0.11036997E-02  0.27855643E-09
    2    6   -0.36921959E-02 -0.22148840E-08  0.45555283E-02  0.20752477E-08  0.36681609E-02 -0.60259907E-09
    3    6    0.17798645E-02  0.20862639E-08 -0.32361187E-02 -0.83803545E-09  0.20955172E-02 -0.15693761E-08
    4    6   -0.25453712E-03 -0.10398185E-08  0.68380488E-03 -0.71153443E-09 -0.42830320E-02  0.28863674E-08
    5    6    0.13759120E-02  0.66099858E-09 -0.13587545E-02 -0.34687355E-09 -0.17422824E-02 -0.54896142E-09
    6    6   -0.13500750E-09 -0.12169618E-08 -0.13500747E-09 -0.12169631E-08 -0.28664266E-03  0.20964142E-09
    7    6   -0.30418885E-02 -0.57480192E-09  0.26868841E-02  0.10971267E-08 -0.68447815E-03  0.81216409E-09
    8    6    0.13324834E-02 -0.55500225E-09 -0.40400820E-03  0.15508509E-08  0.17248076E-02 -0.39663913E-09
    1    7   -0.72708292E-02 -0.10851845E-08  0.73091121E-02  0.19854735E-08 -0.11036974E-02 -0.18686837E-08
    2    7   -0.32361155E-02  0.32113680E-08  0.17798609E-02 -0.30239122E-08  0.20955165E-02  0.21934736E-08
    3    7    0.45555252E-02 -0.23661431E-08 -0.36921945E-02  0.14906064E-08  0.36681590E-02 -0.12295727E-08
    4    7    0.68380198E-03 -0.19981080E-08 -0.25453658E-03  0.96398592E-09 -0.42830327E-02 -0.37327995E-09
    5    7   -0.13587527E-02  0.10591692E-08  0.13759132E-02  0.96683521E-09 -0.17422806E-02 -0.29970895E-09
    6    7    0.26868817E-02 -0.30670207E-10 -0.30418887E-02 -0.63880664E-09 -0.68447945E-03 -0.15827026E-08
    7    7   -0.37499977E-10  0.17448918E-10 -0.37499981E-10  0.17451437E-10 -0.28664385E-03  0.19699123E-09
    8    7   -0.40400737E-03  0.81159640E-09  0.13324834E-02 -0.28974881E-09  0.17248094E-02 -0.33578588E-09
    1    8    0.38245226E-02  0.31270727E-09  0.38245230E-02  0.18233665E-09 -0.98580579E-02  0.11210484E-08
    2    8   -0.25110244E-02  0.15120031E-08  0.44279372E-03  0.56342600E-09  0.25054646E-02 -0.78748855E-09
    3    8    0.44279446E-03 -0.65387500E-09 -0.25110228E-02 -0.12675315E-08  0.25054657E-02 -0.61513762E-09
    4    8   -0.14377779E-02 -0.30932329E-09 -0.14377794E-02 -0.49077792E-09 -0.16642527E-02  0.42159028E-09
    5    8    0.26969903E-02 -0.94599363E-09  0.26969903E-02 -0.43096218E-09 -0.55082171E-03  0.96922417E-09
    6    8   -0.12340805E-02 -0.13468703E-08  0.15005839E-02  0.17132399E-08  0.16123251E-02  0.42734162E-10
    7    8    0.15005798E-02  0.19935760E-08 -0.12340837E-02 -0.60776863E-09  0.16123256E-02  0.67532785E-09
    8    8    0.13699551E-03  0.12654413E-08  0.13699551E-03  0.12654424E-08 -0.25957714E-03 -0.72916224E-09

   -1    1   -1
    1    1    0.70627234E-10 -0.14392005E-09  0.12783253E-02  0.18435161E-08  0.12783257E-02  0.57534889E-09
    2    1   -0.58218015E-02 -0.95121176E-09  0.70707260E-02 -0.57086989E-09  0.70707253E-02 -0.15195585E-09
    3    1    0.37943240E-02  0.11764062E-08 -0.71092629E-03  0.42944682E-09 -0.37943240E-02 -0.10188111E-08
    4    1    0.37943226E-02 -0.11955333E-09 -0.37943244E-02 -0.61934256E-09 -0.71092617E-03  0.11456480E-08
    5    1    0.12540757E-02  0.46324141E-09  0.40683836E-03  0.69120074E-09  0.40683794E-03  0.17496881E-10
    6    1   -0.85573976E-03  0.65090904E-09 -0.23603207E-02  0.87578686E-09 -0.23603210E-02 -0.13354508E-08
    7    1    0.71537033E-04 -0.65324684E-10 -0.33292813E-02 -0.18548139E-08  0.25284710E-02  0.88508141E-09
    8    1    0.71536655E-04 -0.12153662E-08  0.25284713E-02  0.36615057E-09 -0.33292809E-02  0.75359018E-09
    1    2   -0.25163862E-02 -0.10584272E-08 -0.70750037E-03 -0.21583967E-09 -0.70749934E-03 -0.22165778E-09
    2    2    0.71226785E-10 -0.15307097E-09 -0.12783278E-02 -0.32219960E-09 -0.12783281E-02  0.20362806E-08
    3    2   -0.30303177E-02 -0.99399663E-09  0.30303195E-02  0.17875727E-08 -0.53082000E-04 -0.52994347E-09
    4    2   -0.30303171E-02 -0.34418145E-09 -0.53080043E-04 -0.97595485E-09  0.30303200E-02  0.56371663E-09
    5    2   -0.24456489E-02  0.20645823E-10 -0.17336739E-02  0.11875750E-08 -0.17336726E-02 -0.13462578E-08
    6    2    0.58731532E-02 -0.15080820E-08 -0.10767936E-03 -0.19491239E-10 -0.10767984E-03  0.84161020E-10
    7    2   -0.10096747E-02  0.11078869E-08  0.35490649E-02 -0.20776342E-08 -0.13723478E-02  0.93221580E-09
    8    2   -0.10096758E-02  0.39078827E-09 -0.13723492E-02  0.26813137E-10  0.35490636E-02  0.12673919E-09
    1    3    0.20093921E-02 -0.18133975E-09  0.16784926E-02  0.98371031E-09 -0.20093938E-02 -0.43084635E-08
    2    3    0.15674196E-02 -0.83911873E-09 -0.15674201E-02  0.11574353E-08 -0.52553063E-02  0.21125049E-08
    3    3   -0.71387789E-10 -0.93437167E-10  0.12783278E-02  0.31529559E-09 -0.12783265E-02  0.42681391E-09
    4    3   -0.54345549E-02 -0.85844419E-09  0.41856341E-02  0.79218882E-09  0.86584454E-02  0.11661459E-08
    5    3    0.40591928E-03  0.16444714E-09 -0.18382883E-02 -0.55787239E-09 -0.12303302E-02 -0.23462525E-08
    6    3   -0.26069601E-02  0.88095314E-09  0.32128944E-02 -0.64419365E-09  0.18771506E-02  0.74238192E-09
    7    3    0.73694021E-03 -0.20960980E-08  0.10696546E-03  0.23304681E-08 -0.82152184E-04  0.76103987E-09
    8    3    0.18593132E-02  0.84894232E-09 -0.86666792E-03  0.61898449E-09 -0.42255239E-03 -0.50487497E-09
    1    4    0.20093933E-02  0.15529510E-10 -0.20093924E-02 -0.23318723E-08  0.16784938E-02  0.16868360E-08
    2    4    0.15674199E-02  0.20751704E-09 -0.52553087E-02  0.11473123E-08 -0.15674207E-02 -0.12406100E-08
    3    4   -0.54345563E-02 -0.16353094E-08  0.86584420E-02 -0.44212662E-09  0.41856371E-02  0.17231155E-08
    4    4   -0.71134181E-10 -0.91821932E-10 -0.12783258E-02  0.12518727E-08  0.12783249E-02 -0.12537128E-08
    5    4    0.40591964E-03 -0.67473443E-09 -0.12303282E-02 -0.15646316E-08 -0.18382879E-02  0.26747613E-08
    6    4   -0.26069615E-02 -0.10619009E-08  0.18771501E-02 -0.55500847E-09  0.32128938E-02 -0.18153547E-08
    7    4    0.18593133E-02  0.18791570E-08 -0.42255250E-03  0.19721550E-08 -0.86666940E-03 -0.26094644E-08
    8    4    0.73694205E-03  0.41131149E-09 -0.82152314E-04 -0.70005210E-09  0.10696555E-03  0.62905757E-09
    1    5    0.11651738E-01  0.58337047E-09 -0.91651775E-02 -0.67244118E-10 -0.91651768E-02  0.15311013E-08
    2    5   -0.83126257E-02 -0.18410680E-08  0.29981236E-02  0.66473295E-10  0.29981247E-02 -0.13033937E-08
    3    5    0.39434822E-02  0.13057187E-08 -0.15336477E-01 -0.85819453E-10  0.73241021E-02 -0.87355096E-09
    4    5    0.39434809E-02  0.13740166E-09  0.73241014E-02 -0.52250022E-10 -0.15336477E-01  0.20944291E-08
    5    5   -0.12499202E-09 -0.91965359E-10  0.13175071E-02 -0.79302478E-10  0.13175084E-02 -0.56597410E-09
    6    5   -0.62691045E-02  0.28443463E-08 -0.15971282E-02  0.14825325E-08 -0.15971281E-02  0.20035968E-08
    7    5    0.41336543E-03 -0.13713806E-08 -0.14712655E-02 -0.83488689E-09  0.78882235E-03  0.44266437E-09
    8    5    0.41336565E-03 -0.13825874E-08  0.78882307E-03 -0.10085243E-08 -0.14712636E-02 -0.53720555E-09
    1    6   -0.10515750E-01 -0.87966859E-09  0.17236719E-01  0.37417162E-09  0.17236718E-01 -0.13129910E-08
    2    6   -0.63372217E-03 -0.10440855E-08  0.57813532E-02 -0.12823626E-08  0.57813525E-02  0.14967805E-09
    3    6    0.60088065E-02  0.67288826E-09 -0.88740789E-03  0.19701732E-08 -0.76162273E-02  0.10332956E-08
    4    6    0.60088067E-02  0.14478724E-08 -0.76162246E-02 -0.33409441E-09 -0.88740653E-03 -0.27874511E-08
    5    6   -0.62691028E-02 -0.36254214E-09  0.15971305E-02  0.32067881E-09  0.15971318E-02  0.65928297E-09
    6    6   -0.12602817E-09 -0.11423875E-09 -0.13175107E-02  0.35660177E-08 -0.13175102E-02  0.79994274E-09
    7    6    0.41336413E-03 -0.18363359E-09 -0.78882406E-03 -0.26271448E-08  0.14712666E-02 -0.19423816E-08
    8    6    0.41336597E-03 -0.11335589E-08  0.14712661E-02  0.67779523E-09 -0.78882542E-03  0.22099679E-08
    1    7   -0.85311645E-02  0.22886274E-08  0.12175916E-01 -0.16130537E-09 -0.97780277E-02  0.15823297E-08
    2    7    0.77373950E-02 -0.81167091E-09 -0.25228712E-02  0.32092273E-09 -0.18682360E-02  0.18045396E-08
    3    7   -0.66012642E-02 -0.38953085E-09  0.45988530E-02  0.74688159E-09 -0.27845349E-02 -0.19568754E-08
    4    7   -0.28978265E-02  0.11243121E-08 -0.73265145E-02 -0.86654433E-09  0.14855798E-01 -0.12826317E-08
    5    7    0.33825634E-02  0.55051791E-09  0.20022094E-02 -0.26681011E-09 -0.44692914E-02  0.12415688E-08
    6    7    0.33825634E-02 -0.38981320E-09  0.44692894E-02 -0.22044210E-09 -0.20022076E-02 -0.51786118E-08
    7    7    0.12698999E-09 -0.72355875E-10  0.13175086E-02  0.15085255E-09 -0.13175070E-02  0.19965670E-08
    8    7   -0.83722981E-02 -0.14608416E-08 -0.46792023E-02 -0.67638127E-09  0.46792015E-02  0.32056500E-09
    1    8   -0.85311685E-02  0.28867589E-10 -0.97780263E-02  0.13682494E-08  0.12175918E-01 -0.31306264E-10
    2    8    0.77373986E-02  0.35275039E-08 -0.18682320E-02  0.91551910E-10 -0.25228702E-02 -0.25006407E-08
    3    8   -0.28978268E-02 -0.32058456E-08  0.14855803E-01 -0.15043651E-08 -0.73265167E-02  0.30065440E-08
    4    8   -0.66012641E-02 -0.21182018E-08 -0.27845413E-02  0.11942185E-09  0.45988564E-02  0.21815014E-09
    5    8    0.33825628E-02 -0.42339426E-10 -0.44692928E-02  0.79889403E-09  0.20022080E-02 -0.12779741E-09
    6    8    0.33825640E-02 -0.17618219E-08 -0.20022082E-02 -0.35816968E-08  0.44692886E-02  0.31601837E-08
    7    8   -0.83722972E-02  0.24851116E-09  0.46792015E-02  0.30257634E-08 -0.46791994E-02 -0.15371327E-08
    8    8    0.12282443E-09 -0.84200090E-10 -0.13175064E-02  0.74675561E-09  0.13175062E-02 -0.56568656E-09

   -1    1    0
    1    1    0.10843531E-08 -0.13693660E-08  0.24833896E-08  0.14363562E-08 -0.45312228E-01 -0.43915448E-08
    2    1   -0.39550035E-05  0.15007771E-08 -0.40619291E-02 -0.92131322E-09  0.23722949E-01  0.33818528E-08
    3    1   -0.40619294E-02 -0.16211521E-08 -0.39548508E-05  0.20679275E-08  0.23722948E-01 -0.20753404E-08
    4    1   -0.14116427E-08  0.23815536E-08  0.18182781E-09 -0.22291378E-09 -0.21254926E-01  0.27275949E-08
    5    1    0.28149461E-02 -0.57556407E-09  0.28149464E-02  0.52912872E-09 -0.33414640E-02 -0.26754392E-08
    6    1    0.11276268E-02  0.10514440E-08  0.66146330E-02 -0.85570845E-09 -0.21429606E-02 -0.17528068E-09
    7    1    0.66146341E-02 -0.34140122E-09  0.11276265E-02  0.50759940E-09 -0.21429598E-02  0.11390894E-08
    8    1   -0.16312817E-01 -0.81473415E-09 -0.16312818E-01 -0.11283820E-08  0.68428522E-02  0.47820192E-09
    1    2    0.14284349E-02 -0.82116119E-09  0.11248567E-03  0.28095776E-08 -0.53314163E-02  0.95992560E-09
    2    2    0.32009913E-02  0.30829945E-09 -0.32009913E-02 -0.30040521E-09 -0.81691176E-02 -0.61923093E-09
    3    2   -0.84688642E-09  0.10705805E-08  0.16475147E-08 -0.15275490E-08 -0.12274773E-01 -0.10075228E-09
    4    2    0.40619299E-02  0.20830407E-09  0.39553561E-05 -0.88060036E-10  0.23722952E-01 -0.15974545E-08
    5    2    0.12178379E-01 -0.20344986E-08  0.83866552E-02  0.12212757E-08 -0.12720946E-01  0.12670384E-08
    6    2   -0.72121346E-02 -0.91141124E-09 -0.62074319E-02  0.22844934E-08 -0.11707857E-02 -0.10245320E-08
    7    2   -0.60459497E-02  0.58046497E-09 -0.30577354E-02 -0.66535526E-09 -0.46563032E-03 -0.27617027E-09
    8    2    0.68758755E-02  0.10594095E-08  0.95515543E-02 -0.22739396E-08  0.20794476E-02  0.77383760E-09
    1    3    0.11248921E-03  0.32614491E-08  0.14284349E-02 -0.19573148E-08 -0.53314084E-02  0.19383406E-08
    2    3   -0.18290558E-08 -0.15108969E-08  0.92845637E-09  0.76566930E-09 -0.12274775E-01 -0.17551958E-08
    3    3   -0.32009900E-02 -0.12025381E-09  0.32009900E-02  0.12527842E-09 -0.81691183E-02  0.10267997E-08
    4    3    0.39541651E-05 -0.22681974E-08  0.40619295E-02  0.96372682E-09  0.23722949E-01  0.34406533E-09
    5    3    0.83866556E-02  0.36438668E-08  0.12178375E-01 -0.15669536E-08 -0.12720941E-01  0.93563160E-09
    6    3   -0.30577345E-02  0.13431675E-08 -0.60459518E-02 -0.10685146E-08 -0.46562862E-03 -0.10990833E-08
    7    3   -0.62074326E-02  0.13151820E-09 -0.72121320E-02  0.11511962E-08 -0.11707857E-02 -0.89356425E-09
    8    3    0.95515539E-02 -0.39216179E-08  0.68758755E-02  0.45558015E-09  0.20794439E-02  0.73139669E-09
    1    4   -0.26305462E-08 -0.71458250E-09  0.17590294E-08  0.10692305E-08  0.87472787E-01  0.21649022E-08
    2    4   -0.11248482E-03  0.38575158E-10 -0.14284358E-02  0.36466303E-09 -0.53314123E-02 -0.84398939E-09
    3    4   -0.14284351E-02 -0.11441393E-09 -0.11248870E-03 -0.13255803E-09 -0.53314093E-02 -0.10928051E-08
    4    4   -0.17723590E-08  0.17675858E-08 -0.17948902E-08 -0.17105988E-08 -0.45312227E-01  0.91955244E-09
    5    4   -0.21852674E-01  0.57391685E-10 -0.21852670E-01  0.52705567E-09  0.13434810E-01  0.30374531E-09
    6    4    0.39927083E-03 -0.11043852E-08  0.23275081E-02 -0.96606741E-09 -0.40943202E-02  0.23961393E-08
    7    4    0.23275057E-02 -0.12896885E-08  0.39926931E-03  0.41256826E-09 -0.40943215E-02  0.36884172E-09
    8    4    0.15546598E-01  0.23017555E-08  0.15546597E-01  0.20841054E-08  0.95348921E-02 -0.17755302E-08
    1    5   -0.33702295E-01  0.48438212E-09 -0.33702292E-01 -0.22723942E-08 -0.14682474E-01 -0.37058528E-08
    2    5   -0.15535981E-02  0.41541825E-08  0.21705496E-01  0.20277569E-09 -0.17724001E-01  0.44889746E-08
    3    5    0.21705498E-01 -0.19222789E-08 -0.15536008E-02  0.28472817E-08 -0.17723999E-01  0.56040026E-09
    4    5   -0.16596051E-01 -0.91876595E-09 -0.16596048E-01 -0.14443039E-08 -0.84457247E-02  0.44176473E-11
    5    5    0.12747544E-08 -0.21164933E-09  0.42666296E-08  0.27225637E-09  0.55862372E-01 -0.31801667E-08
    6    5    0.20829101E-01 -0.11878570E-08  0.12227742E-01  0.31226458E-09  0.12106420E-01 -0.56049027E-09
    7    5    0.12227740E-01  0.70934791E-09  0.20829099E-01 -0.13218890E-08  0.12106426E-01  0.72947210E-09
    8    5   -0.37367959E-01 -0.65185904E-09 -0.37367958E-01 -0.58523770E-09 -0.34471380E-01 -0.14101103E-09
    1    6   -0.15535998E-02  0.17476392E-08  0.17723996E-01 -0.16863925E-08 -0.21705497E-01 -0.13775389E-09
    2    6   -0.33702295E-01 -0.16120181E-10  0.14682482E-01 -0.20636863E-09  0.33702300E-01 -0.85354701E-09
    3    6    0.21705495E-01 -0.28069305E-09  0.17724000E-01 -0.13350879E-09  0.15535991E-02  0.54379670E-09
    4    6   -0.16596047E-01 -0.36960186E-08  0.84457253E-02  0.24599634E-08  0.16596047E-01  0.16071985E-08
    5    6   -0.47488233E-02  0.47446568E-08 -0.42284513E-02 -0.55455961E-09 -0.37392654E-01 -0.10476674E-08
    6    6    0.33301978E-02 -0.74264887E-09 -0.33301978E-02  0.73132680E-09 -0.57187535E-02 -0.21105245E-09
    7    6   -0.16346989E-01 -0.20244581E-08 -0.16346988E-01  0.33418684E-08  0.11694223E-01 -0.73141287E-09
    8    6    0.27288790E-01  0.20292023E-08  0.18687430E-01 -0.28573539E-08  0.22205825E-02  0.45872232E-09
    1    7    0.17724000E-01 -0.27717476E-08 -0.15536014E-02  0.21710817E-08 -0.21705496E-01 -0.48298102E-09
    2    7    0.17724000E-01 -0.26878572E-08  0.21705495E-01  0.41207542E-09  0.15535929E-02 -0.13795669E-08
    3    7    0.14682476E-01  0.98213179E-09 -0.33702294E-01 -0.13269360E-08  0.33702291E-01 -0.65365144E-09
    4    7    0.84457223E-02  0.34535769E-08 -0.16596050E-01 -0.26698947E-08  0.16596048E-01  0.22120447E-08
    5    7   -0.42284481E-02 -0.14106486E-08 -0.47488289E-02  0.15782676E-08 -0.37392642E-01 -0.40081205E-09
    6    7   -0.16346986E-01  0.28177283E-08 -0.16346985E-01 -0.22957506E-08  0.11694228E-01  0.26629375E-08
    7    7   -0.33302011E-02 -0.15377798E-09  0.33302011E-02  0.14517693E-09 -0.57187583E-02 -0.99481822E-09
    8    7    0.18687430E-01 -0.16663337E-09  0.27288788E-01  0.20001739E-08  0.22205764E-02  0.23529875E-09
    1    8   -0.24347038E-01 -0.10052916E-08 -0.24347039E-01  0.64711863E-09  0.37142928E-01  0.11440766E-08
    2    8   -0.24347034E-01 -0.23489571E-08 -0.37142932E-01 -0.24798149E-08  0.24347039E-01 -0.45096582E-08
    3    8   -0.37142932E-01  0.30503889E-08 -0.24347037E-01 -0.43725741E-08  0.24347040E-01 -0.20001593E-08
    4    8    0.59270358E-01  0.18160215E-09  0.59270358E-01  0.45856897E-08 -0.59270357E-01 -0.26752598E-08
    5    8    0.33445317E-01 -0.56230817E-08  0.33445321E-01 -0.19934582E-08 -0.53085153E-02  0.70385024E-08
    6    8    0.16469878E-02  0.21025311E-08  0.21673586E-02  0.17415514E-08 -0.30759507E-01 -0.24853949E-08
    7    8    0.21673669E-02  0.10712833E-08  0.16469877E-02 -0.17415978E-08 -0.30759508E-01  0.15826037E-08
    8    8   -0.34697683E-08 -0.40196166E-09 -0.19523547E-08  0.47585851E-09  0.55862361E-01 -0.30871825E-08

   -1    1    1
    1    1    0.12783266E-02  0.26358084E-08  0.70894450E-10 -0.11481694E-09  0.12783259E-02  0.14718421E-09
    2    1   -0.71092585E-03 -0.21245540E-08  0.37943240E-02  0.46172347E-09 -0.37943219E-02  0.24839538E-08
    3    1    0.70707230E-02 -0.75988945E-09 -0.58218016E-02  0.12172941E-08  0.70707223E-02 -0.25253335E-08
    4    1   -0.37943234E-02  0.12450841E-08  0.37943227E-02 -0.14329822E-08 -0.71092599E-03  0.52859845E-09
    5    1    0.40683933E-03  0.19338479E-08  0.12540766E-02  0.35073750E-09  0.40683837E-03 -0.65073762E-10
    6    1   -0.33292826E-02 -0.10312114E-08  0.71537592E-04 -0.11782536E-09  0.25284702E-02 -0.81753609E-09
    7    1   -0.23603214E-02 -0.50584392E-09 -0.85574083E-03  0.23524954E-10 -0.23603205E-02  0.28812264E-09
    8    1    0.25284722E-02 -0.64018029E-09  0.71536860E-04 -0.37905634E-09 -0.33292820E-02  0.95338287E-09
    1    2    0.16784930E-02 -0.31099475E-08  0.20093916E-02  0.24475229E-08 -0.20093895E-02  0.89002126E-09
    2    2    0.12783285E-02  0.21398491E-08 -0.71335918E-10 -0.14135100E-09 -0.12783297E-02 -0.20087291E-08
    3    2   -0.15674193E-02 -0.62339889E-09  0.15674206E-02 -0.21187057E-09 -0.52553046E-02  0.19226858E-08
    4    2    0.41856324E-02 -0.72203141E-09 -0.54345560E-02  0.12321047E-09  0.86584474E-02  0.77886295E-09
    5    2   -0.18382882E-02 -0.30422756E-08  0.40591874E-03  0.30514411E-09 -0.12303303E-02 -0.72849838E-09
    6    2    0.10696407E-03 -0.13347353E-08  0.73693999E-03  0.45615665E-10 -0.82149707E-04  0.27876451E-08
    7    2    0.32128953E-02  0.19681168E-08 -0.26069611E-02  0.33426996E-09  0.18771491E-02 -0.23542458E-08
    8    2   -0.86666662E-03  0.24297095E-08  0.18593136E-02  0.88824985E-10 -0.42255268E-03 -0.10125961E-08
    1    3   -0.70750029E-03  0.18827806E-08 -0.25163863E-02 -0.12802829E-08 -0.70750197E-03 -0.20175337E-08
    2    3    0.30303180E-02 -0.10224038E-08 -0.30303183E-02  0.54789423E-09 -0.53079730E-04  0.15136836E-09
    3    3   -0.12783256E-02  0.11578340E-08  0.70655188E-10 -0.10469477E-09 -0.12783266E-02 -0.13878687E-08
    4    3   -0.53079571E-04 -0.16892540E-08 -0.30303175E-02  0.12998675E-08  0.30303178E-02  0.74283745E-09
    5    3   -0.17336741E-02  0.52930624E-09 -0.24456493E-02  0.33748057E-10 -0.17336727E-02 -0.48517968E-10
    6    3    0.35490649E-02 -0.70908066E-09 -0.10096746E-02 -0.73508688E-09 -0.13723490E-02  0.78614830E-09
    7    3   -0.10767840E-03  0.65159294E-09  0.58731531E-02 -0.10887205E-08 -0.10767834E-03  0.13350362E-08
    8    3   -0.13723496E-02  0.74954372E-10 -0.10096751E-02  0.10798677E-09  0.35490640E-02 -0.82249591E-09
    1    4   -0.20093919E-02 -0.12623050E-09  0.20093918E-02 -0.72900605E-09  0.16784942E-02  0.16473113E-08
    2    4    0.86584417E-02 -0.21375823E-08 -0.54345562E-02 -0.24937861E-09  0.41856368E-02 -0.12898296E-08
    3    4   -0.52553079E-02  0.29770287E-08  0.15674196E-02  0.63447077E-13 -0.15674198E-02  0.39545575E-08
    4    4   -0.12783242E-02 -0.42254904E-09 -0.71496025E-10 -0.12045967E-09  0.12783258E-02 -0.10590843E-08
    5    4   -0.12303295E-02  0.11886193E-09  0.40591864E-03 -0.72059312E-09 -0.18382884E-02  0.10833318E-08
    6    4   -0.42254927E-03  0.31296880E-08  0.18593141E-02  0.33839984E-09 -0.86666994E-03 -0.13823475E-08
    7    4    0.18771490E-02 -0.38798358E-08 -0.26069603E-02  0.20820575E-08  0.32128934E-02 -0.90503489E-09
    8    4   -0.82154762E-04 -0.68655735E-09  0.73694027E-03 -0.91940522E-09  0.10696866E-03  0.13949522E-08
    1    5   -0.91651782E-02  0.78702554E-09  0.11651740E-01  0.33005394E-09 -0.91651785E-02  0.44730196E-09
    2    5   -0.15336475E-01 -0.56609510E-09  0.39434809E-02  0.37145893E-09  0.73241045E-02  0.22274558E-08
    3    5    0.29981189E-02 -0.47239935E-08 -0.83126279E-02 -0.32230241E-09  0.29981197E-02 -0.50389259E-08
    4    5    0.73241021E-02  0.17392740E-08  0.39434818E-02 -0.16512742E-08 -0.15336476E-01  0.13946264E-08
    5    5    0.13175098E-02  0.11405750E-08 -0.12863450E-09 -0.70498359E-10  0.13175092E-02 -0.66079635E-10
    6    5   -0.14712656E-02 -0.86649130E-09  0.41336480E-03  0.11895264E-08  0.78882307E-03 -0.11132039E-08
    7    5   -0.15971287E-02  0.71143223E-10 -0.62691038E-02 -0.76438344E-09 -0.15971277E-02  0.67485564E-09
    8    5    0.78882310E-03 -0.20416349E-08  0.41336506E-03 -0.12294286E-09 -0.14712666E-02 -0.44215957E-09
    1    6    0.12175919E-01  0.30222359E-09 -0.85311652E-02 -0.39449955E-08 -0.97780235E-02 -0.22952802E-08
    2    6    0.45988528E-02 -0.32949266E-09 -0.66012650E-02  0.23726098E-08 -0.27845377E-02  0.14646482E-08
    3    6   -0.25228693E-02  0.99101302E-09  0.77373972E-02 -0.21360445E-08 -0.18682351E-02 -0.28726223E-09
    4    6   -0.73265135E-02  0.64628854E-09 -0.28978285E-02  0.11268134E-08  0.14855797E-01 -0.15518895E-08
    5    6    0.20022069E-02 -0.10097844E-08  0.33825637E-02  0.83954239E-09 -0.44692873E-02  0.61815795E-09
    6    6    0.13175113E-02  0.28928172E-08  0.12405443E-09 -0.11365469E-09 -0.13175103E-02 -0.23525051E-08
    7    6    0.44692854E-02 -0.11042322E-08  0.33825645E-02 -0.20217921E-09 -0.20022087E-02  0.10055128E-08
    8    6   -0.46792028E-02 -0.23282069E-08 -0.83722993E-02 -0.21379486E-08  0.46792032E-02  0.27500774E-08
    1    7    0.17236715E-01  0.74611708E-10 -0.10515751E-01  0.23481468E-08  0.17236714E-01  0.23532183E-08
    2    7   -0.88740953E-03  0.86702409E-09  0.60088078E-02 -0.74526242E-09 -0.76162241E-02 -0.22344349E-08
    3    7    0.57813571E-02  0.20205649E-08 -0.63372308E-03  0.37639768E-09  0.57813554E-02  0.41725237E-08
    4    7   -0.76162229E-02 -0.13050510E-08  0.60088098E-02  0.63208070E-09 -0.88740797E-03 -0.10090276E-09
    5    7    0.15971271E-02 -0.10620587E-08 -0.62691037E-02 -0.32236593E-09  0.15971280E-02 -0.16770311E-08
    6    7   -0.78882332E-03 -0.78416917E-09  0.41336532E-03  0.21840026E-08  0.14712656E-02  0.10763163E-08
    7    7   -0.13175069E-02 -0.90316741E-10 -0.12290906E-09 -0.71960104E-10 -0.13175072E-02 -0.10535623E-09
    8    7    0.14712660E-02  0.11803864E-09  0.41336441E-03 -0.16961396E-08 -0.78882212E-03  0.67063119E-09
    1    8   -0.97780234E-02  0.15111528E-08 -0.85311670E-02  0.21374320E-09  0.12175920E-01 -0.14680740E-08
    2    8    0.14855803E-01  0.26146553E-09 -0.28978251E-02 -0.77836878E-09 -0.73265209E-02  0.62530571E-09
    3    8   -0.18682347E-02 -0.13945890E-08  0.77373985E-02  0.12374997E-08 -0.25228678E-02  0.44277605E-09
    4    8   -0.27845429E-02  0.61926038E-09 -0.66012662E-02 -0.76495281E-09  0.45988585E-02 -0.76730686E-09
    5    8   -0.44692897E-02 -0.81031386E-09  0.33825617E-02 -0.12788629E-08  0.20022080E-02 -0.39600282E-10
    6    8    0.46791972E-02 -0.51789594E-09 -0.83722973E-02  0.10542408E-09 -0.46791983E-02  0.14182597E-08
    7    8   -0.20022069E-02  0.12051072E-08  0.33825628E-02 -0.35608180E-09  0.44692883E-02 -0.19675873E-08
    8    8   -0.13175057E-02  0.13426103E-08  0.12522715E-09 -0.10468665E-09  0.13175064E-02 -0.10172763E-08

   -1    1    2
    1    1   -0.70300116E-03  0.28997683E-10 -0.70300116E-03  0.28997723E-10 -0.66962774E-03 -0.79770964E-09
    2    1    0.14077269E-02  0.10122090E-08 -0.20083620E-02  0.22570881E-08 -0.41968125E-03  0.29132362E-09
    3    1   -0.20083620E-02  0.20275765E-08  0.14077280E-02  0.38266743E-09 -0.41968103E-03  0.21224912E-09
    4    1   -0.37464278E-11 -0.22117104E-08 -0.13696861E-08 -0.53188356E-09 -0.93023896E-04  0.12324871E-08
    5    1   -0.92241720E-04 -0.60523943E-09 -0.92241732E-04 -0.27641063E-08 -0.12902291E-02 -0.22131218E-08
    6    1    0.23539631E-02  0.14987584E-08 -0.80382965E-03  0.72826021E-09 -0.30605320E-03  0.67108523E-09
    7    1   -0.80382872E-03 -0.21912567E-09  0.23539622E-02  0.55977485E-09 -0.30605470E-03  0.11550707E-09
    8    1   -0.70247008E-03 -0.39616460E-08 -0.70246913E-03 -0.19467137E-08  0.11979199E-02  0.30790404E-09
    1    2   -0.15495474E-02 -0.14126257E-09  0.17658633E-02  0.33531466E-08 -0.21404567E-02  0.40475016E-09
    2    2    0.30747276E-09  0.91635971E-10  0.30747284E-09  0.91633593E-10  0.74434810E-03  0.39105647E-09
    3    2    0.28749031E-02 -0.16215781E-08 -0.28749031E-02  0.67015032E-09  0.15127563E-02 -0.19720990E-08
    4    2   -0.14077272E-02  0.94786969E-09  0.20083627E-02 -0.76206361E-09 -0.87132023E-03  0.41808039E-09
    5    2    0.10732240E-02  0.39150650E-09 -0.46436495E-03  0.19103886E-08  0.33411594E-04  0.54483039E-09
    6    2   -0.25578034E-02 -0.41762944E-08  0.24572800E-02 -0.36472984E-09  0.12592919E-02 -0.18809236E-08
    7    2   -0.66282621E-03  0.29617246E-08  0.95738024E-03 -0.54554723E-09 -0.17026382E-02  0.26868032E-08
    8    2    0.11152810E-02 -0.38335534E-08 -0.15961610E-02 -0.31239368E-08  0.30422872E-03 -0.24218622E-08
    1    3    0.17658647E-02  0.11215990E-08 -0.15495488E-02 -0.23654832E-08 -0.21404544E-02  0.10342961E-08
    2    3   -0.28749026E-02 -0.25489293E-08  0.28749029E-02  0.13938507E-08  0.15127562E-02 -0.15508496E-08
    3    3   -0.34865325E-10  0.36883104E-09 -0.34865296E-10  0.36883205E-09  0.74434762E-03 -0.67563617E-11
    4    3    0.20083602E-02  0.10410971E-08 -0.14077264E-02  0.83289779E-10 -0.87132007E-03  0.26109671E-09
    5    3   -0.46436375E-03  0.36046858E-09  0.10732237E-02  0.26766714E-09  0.33411357E-04  0.35373465E-09
    6    3    0.95737837E-03  0.23686395E-08 -0.66282554E-03  0.87131411E-09 -0.17026378E-02  0.14371566E-08
    7    3    0.24572790E-02 -0.23654547E-08 -0.25578043E-02 -0.37426993E-09  0.12592919E-02 -0.22061135E-08
    8    3   -0.15961597E-02 -0.19441766E-08  0.11152812E-02 -0.34982181E-08  0.30422862E-03  0.11438929E-09
    1    4   -0.49307782E-09 -0.97919210E-09  0.94665572E-09  0.12662360E-09  0.21761672E-02  0.13323534E-09
    2    4    0.15495477E-02  0.19960090E-08 -0.17658640E-02 -0.21151236E-08 -0.63169015E-03  0.63378627E-09
    3    4   -0.17658637E-02 -0.17772557E-08  0.15495476E-02  0.21372322E-09 -0.63169046E-03 -0.31425914E-09
    4    4    0.70300082E-03  0.58815374E-09  0.70300082E-03  0.58815419E-09 -0.66962757E-03  0.14646753E-09
    5    4    0.92264140E-03 -0.15658055E-08  0.92264303E-03  0.93443502E-09  0.90614621E-03 -0.14901261E-09
    6    4    0.26032206E-04  0.10388137E-08 -0.79658924E-03 -0.20017413E-08 -0.81308468E-03 -0.77338011E-10
    7    4   -0.79658826E-03  0.13102421E-08  0.26032621E-04  0.13494485E-10 -0.81308401E-03  0.12535162E-08
    8    4   -0.74707067E-03  0.18725647E-08 -0.74707140E-03  0.25294095E-08  0.16089874E-02 -0.50742532E-09
    1    5   -0.10358182E-02  0.27460943E-09 -0.10358179E-02 -0.92954670E-09  0.35087372E-02 -0.67834051E-09
    2    5    0.45715927E-02 -0.28201520E-08 -0.31716027E-02  0.55990526E-09 -0.46921214E-02 -0.74761190E-09
    3    5   -0.31716029E-02  0.17953180E-08  0.45715935E-02 -0.14111070E-10 -0.46921209E-02  0.30338162E-08
    4    5    0.11774972E-03 -0.91773064E-10  0.11774789E-03  0.59760340E-09  0.68445261E-02 -0.16619153E-08
    5    5   -0.13699500E-03  0.50504042E-10 -0.13699500E-03  0.50504066E-10 -0.25957610E-03 -0.42638891E-09
    6    5   -0.71933503E-03  0.30214940E-09  0.10171566E-02  0.39131323E-09  0.79569354E-03  0.11367223E-08
    7    5    0.10171581E-02 -0.22812733E-08 -0.71933523E-03 -0.51285331E-09  0.79569363E-03 -0.23758947E-08
    8    5    0.16504298E-02 -0.54936709E-09  0.16504309E-02 -0.64900489E-09 -0.24649960E-02  0.30535137E-08
    1    6    0.73091084E-02  0.10105010E-08 -0.72708310E-02 -0.21939982E-09 -0.11036997E-02  0.27855643E-09
    2    6   -0.36921959E-02 -0.22148840E-08  0.45555283E-02  0.20752477E-08  0.36681609E-02 -0.60259906E-09
    3    6    0.17798645E-02  0.20862639E-08 -0.32361187E-02 -0.83803546E-09  0.20955172E-02 -0.15693761E-08
    4    6   -0.25453712E-03 -0.10398185E-08  0.68380488E-03 -0.71153442E-09 -0.42830320E-02  0.28863674E-08
    5    6    0.13759120E-02  0.66099858E-09 -0.13587545E-02 -0.34687354E-09 -0.17422824E-02 -0.54896142E-09
    6    6   -0.13500750E-09 -0.12169618E-08 -0.13500747E-09 -0.12169631E-08 -0.28664266E-03  0.20964142E-09
    7    6   -0.30418885E-02 -0.57480192E-09  0.26868841E-02  0.10971267E-08 -0.68447815E-03  0.81216410E-09
    8    6    0.13324834E-02 -0.55500225E-09 -0.40400820E-03  0.15508509E-08  0.17248076E-02 -0.39663913E-09
    1    7   -0.72708292E-02 -0.10851845E-08  0.73091121E-02  0.19854735E-08 -0.11036974E-02 -0.18686837E-08
    2    7   -0.32361155E-02  0.32113680E-08  0.17798609E-02 -0.30239122E-08  0.20955165E-02  0.21934736E-08
    3    7    0.45555252E-02 -0.23661431E-08 -0.36921945E-02  0.14906064E-08  0.36681590E-02 -0.12295727E-08
    4    7    0.68380198E-03 -0.19981080E-08 -0.25453658E-03  0.96398592E-09 -0.42830327E-02 -0.37327995E-09
    5    7   -0.13587527E-02  0.10591692E-08  0.13759132E-02  0.96683522E-09 -0.17422806E-02 -0.29970895E-09
    6    7    0.26868817E-02 -0.30670204E-10 -0.30418887E-02 -0.63880663E-09 -0.68447945E-03 -0.15827026E-08
    7    7   -0.37499978E-10  0.17448919E-10 -0.37499978E-10  0.17451436E-10 -0.28664385E-03  0.19699123E-09
    8    7   -0.40400737E-03  0.81159640E-09  0.13324834E-02 -0.28974881E-09  0.17248094E-02 -0.33578588E-09
    1    8    0.38245226E-02  0.31270728E-09  0.38245230E-02  0.18233666E-09 -0.98580579E-02  0.11210483E-08
    2    8   -0.25110244E-02  0.15120031E-08  0.44279372E-03  0.56342600E-09  0.25054646E-02 -0.78748856E-09
    3    8    0.44279446E-03 -0.65387500E-09 -0.25110228E-02 -0.12675315E-08  0.25054657E-02 -0.61513762E-09
    4    8   -0.14377779E-02 -0.30932330E-09 -0.14377794E-02 -0.49077793E-09 -0.16642527E-02  0.42159029E-09
    5    8    0.26969903E-02 -0.94599363E-09  0.26969903E-02 -0.43096219E-09 -0.55082171E-03  0.96922417E-09
    6    8   -0.12340805E-02 -0.13468703E-08  0.15005839E-02  0.17132399E-08  0.16123251E-02  0.42734178E-10
    7    8    0.15005798E-02  0.19935760E-08 -0.12340837E-02 -0.60776863E-09  0.16123256E-02  0.67532786E-09
    8    8    0.13699551E-03  0.12654413E-08  0.13699551E-03  0.12654424E-08 -0.25957714E-03 -0.72916224E-09

   -1    2   -2
    1    1    0.52655731E-10  0.59145475E-10 -0.74434710E-03 -0.10261892E-08 -0.52654351E-10 -0.59145468E-10
    2    1    0.79981813E-04 -0.98491175E-09  0.21683342E-02  0.97503729E-09 -0.17379831E-02  0.56154595E-09
    3    1    0.11368083E-02  0.50749168E-09 -0.18375428E-02 -0.11610305E-08  0.25501169E-02  0.10157270E-08
    4    1   -0.53463443E-03  0.11916639E-08  0.15806716E-02  0.27689484E-09 -0.12990094E-02 -0.22005013E-08
    5    1    0.87062692E-03 -0.35561593E-09 -0.15010979E-02 -0.50630060E-09  0.51533935E-04  0.61908240E-09
    6    1   -0.68826606E-03 -0.87767992E-09  0.40486636E-02 -0.36400076E-09  0.37958453E-02  0.80963329E-09
    7    1   -0.15341251E-02 -0.46278141E-09 -0.10252704E-02 -0.39079293E-09 -0.31703740E-02 -0.14795901E-08
    8    1    0.36374855E-03  0.17284132E-08 -0.12307769E-02  0.19193037E-08 -0.19181168E-02  0.46142802E-09
    1    2    0.12640800E-02  0.14723747E-08 -0.10191210E-02 -0.81133063E-10  0.56956076E-03  0.77027632E-09
    2    2   -0.70300137E-03  0.16624220E-08  0.66962816E-03  0.10665023E-09  0.70300137E-03 -0.16624220E-08
    3    2   -0.76533870E-03  0.21206730E-08  0.36754888E-03 -0.10459948E-08 -0.14598593E-02 -0.41370711E-09
    4    2    0.12447971E-02 -0.18366843E-08 -0.11517730E-02  0.33867735E-09 -0.12447972E-02  0.99786140E-09
    5    2    0.74170406E-03  0.14834039E-09  0.29179437E-02 -0.16549011E-09  0.37903166E-03  0.47866109E-09
    6    2   -0.42029205E-02  0.20673106E-08  0.14395967E-02 -0.25813552E-08 -0.10183752E-01  0.18719936E-08
    7    2    0.85319786E-02 -0.46749832E-09 -0.56945607E-02  0.16807700E-08  0.92439525E-02  0.19279529E-08
    8    2   -0.38907897E-02 -0.78771154E-09 -0.17145512E-02  0.93483597E-09  0.66794978E-03 -0.17799797E-08
    1    3   -0.25501173E-02 -0.71859225E-09  0.22533974E-03 -0.13025712E-08 -0.11368082E-02 -0.30509363E-09
    2    3    0.11686069E-02  0.16071296E-08 -0.58450406E-04 -0.57327995E-09 -0.64935746E-03  0.13227540E-08
    3    3   -0.34803898E-10  0.78590844E-09 -0.74434827E-03 -0.22292146E-09  0.34805953E-10 -0.78590847E-09
    4    3    0.14947885E-02  0.70115916E-09  0.19400426E-03  0.52276520E-10  0.73041254E-03 -0.12200328E-08
    5    3   -0.18803481E-02 -0.18630181E-08 -0.21565501E-02 -0.23078665E-08  0.57658697E-03 -0.37222672E-09
    6    3    0.68359680E-02 -0.12007020E-08 -0.47291778E-02  0.33789072E-08  0.53313842E-02 -0.27694174E-08
    7    3   -0.79817750E-02  0.74262257E-09  0.54631565E-02 -0.16789342E-09 -0.88290120E-02 -0.65013780E-09
    8    3    0.35782498E-02  0.13196440E-08  0.33020490E-02 -0.83780497E-09  0.17743154E-03  0.18356506E-08
    1    4    0.20037937E-02  0.25914807E-09 -0.14799644E-02  0.67981840E-09 -0.34578969E-03 -0.57520350E-09
    2    4    0.46072206E-04  0.26390315E-09 -0.22222385E-02 -0.30876295E-08 -0.46072178E-04  0.50593125E-09
    3    4    0.91516420E-03 -0.13676723E-08  0.74682138E-03  0.22262609E-08 -0.14344167E-02 -0.19792038E-08
    4    4    0.70300178E-03 -0.56535314E-09  0.66962761E-03 -0.13368879E-09 -0.70300178E-03  0.56535318E-09
    5    4    0.43599885E-03  0.16116713E-08 -0.11585286E-02  0.20089092E-08 -0.22899865E-02  0.24679404E-09
    6    4   -0.43288494E-02  0.35520915E-09  0.40807968E-03  0.62116720E-09  0.14910065E-02  0.30506177E-09
    7    4    0.19223721E-02  0.81898870E-09  0.24312291E-02 -0.14708747E-08 -0.32183318E-03  0.85667994E-09
    8    4    0.10081483E-02 -0.17548928E-08 -0.13635778E-02 -0.13104568E-08  0.37817351E-03 -0.17972742E-08
    1    5    0.80040487E-04  0.67571939E-09  0.14663629E-02  0.36607822E-09 -0.10022004E-02  0.19786010E-09
    2    5    0.17855353E-02 -0.98810864E-09  0.23116388E-03 -0.45175245E-09  0.68453538E-04  0.83925640E-09
    3    5   -0.68992551E-03 -0.14421506E-08  0.30657597E-02 -0.21715478E-08  0.19936852E-02  0.10796378E-08
    4    5   -0.27977007E-04  0.12037047E-08 -0.32508184E-02  0.77856564E-09 -0.10927619E-02 -0.17959657E-08
    5    5   -0.36232343E-09  0.77290148E-09  0.28664476E-03  0.24663058E-09  0.36232379E-09 -0.77290146E-09
    6    5    0.13759140E-02 -0.25502268E-08  0.17422824E-02 -0.14338548E-08  0.13587543E-02 -0.28577649E-09
    7    5   -0.30418898E-02  0.15554017E-09  0.68447717E-03 -0.38552634E-09 -0.26868833E-02 -0.98822191E-09
    8    5    0.13324837E-02  0.12890288E-08 -0.17248099E-02  0.18215113E-09  0.40400913E-03  0.21878324E-08
    1    6    0.17855357E-02  0.53992881E-10 -0.68454143E-04  0.22635529E-08 -0.23116582E-03  0.62542340E-09
    2    6    0.80038055E-04 -0.32927046E-09  0.10022008E-02  0.29044942E-09 -0.14663608E-02  0.18814042E-08
    3    6   -0.68992527E-03 -0.11834079E-08 -0.19936863E-02 -0.76022916E-10 -0.30657595E-02 -0.22009454E-08
    4    6   -0.27975530E-04  0.88741495E-09  0.10927633E-02  0.29086346E-09  0.32508167E-02 -0.26109653E-10
    5    6   -0.71933410E-03 -0.63895254E-09 -0.79569330E-03 -0.11723631E-08 -0.10171567E-02  0.78599343E-09
    6    6   -0.13699513E-03  0.23066912E-08  0.25957788E-03 -0.77812177E-09  0.13699513E-03 -0.23066913E-08
    7    6    0.10171564E-02  0.80892238E-09 -0.79569282E-03  0.25702212E-09  0.71933499E-03  0.15154863E-08
    8    6    0.16504300E-02  0.10142881E-08  0.24649953E-02 -0.17933021E-08 -0.16504304E-02 -0.17273217E-08
    1    7    0.13432944E-04 -0.10763317E-08  0.16139698E-02  0.40812545E-09  0.46910696E-02 -0.83940803E-09
    2    7    0.13431851E-04  0.32878838E-09 -0.46910676E-02  0.56789239E-09 -0.16139719E-02 -0.10959223E-08
    3    7    0.10597576E-01  0.20110497E-08 -0.62132091E-02 -0.12791383E-08  0.62132110E-02  0.15222980E-08
    4    7   -0.98413212E-02 -0.16728661E-08  0.79346068E-02  0.98683014E-09 -0.79346079E-02  0.16688432E-09
    5    7    0.26868843E-02  0.73754456E-09  0.68447660E-03  0.46960477E-09  0.30418911E-02  0.11548074E-08
    6    7   -0.13587543E-02  0.13533899E-08  0.17422808E-02 -0.22838134E-08 -0.13759135E-02  0.16526713E-08
    7    7   -0.16956029E-09 -0.79017786E-10  0.28664381E-03  0.20227656E-09  0.16956288E-09  0.79017771E-10
    8    7   -0.40400973E-03  0.15820071E-09 -0.17248081E-02  0.12284361E-09 -0.13324837E-02 -0.14823047E-08
    1    8   -0.91036676E-03 -0.61865662E-09 -0.37482066E-02 -0.22951937E-08 -0.21972152E-02  0.47781071E-09
    2    8   -0.91036413E-03  0.27289200E-09  0.21972150E-02  0.10026556E-08  0.37482061E-02 -0.61056280E-09
    3    8   -0.83149963E-02  0.16904119E-08  0.38523527E-02  0.20448734E-08 -0.38523520E-02 -0.47346714E-09
    4    8    0.11476551E-01 -0.49327856E-09 -0.29101205E-02 -0.23722082E-08  0.29101197E-02  0.10378814E-08
    5    8   -0.12340844E-02 -0.73714256E-09 -0.16123251E-02 -0.12862031E-08 -0.15005835E-02 -0.39218545E-09
    6    8    0.26969872E-02  0.76449134E-09  0.55082122E-03  0.26041197E-08 -0.26969882E-02  0.16618001E-08
    7    8    0.15005823E-02  0.12923240E-09 -0.16123267E-02 -0.74711717E-09  0.12340835E-02  0.79676352E-10
    8    8    0.13699692E-03  0.56200055E-09  0.25957714E-03  0.99982428E-09 -0.13699692E-03 -0.56200057E-09

   -1    2   -1
    1    1    0.15248952E-02  0.22368868E-10 -0.21234579E-02 -0.14312623E-08 -0.21234578E-02  0.35410745E-09
    2    1   -0.67564246E-02  0.36400068E-11 -0.37986122E-02  0.75809998E-09 -0.37986128E-02  0.41654093E-09
    3    1    0.35404627E-03 -0.10256138E-08  0.58459353E-02 -0.14717349E-10 -0.77352274E-03  0.41803475E-09
    4    1    0.35404584E-03 -0.31667612E-09 -0.77352262E-03 -0.59161049E-09  0.58459356E-02 -0.57418477E-09
    5    1    0.32946466E-02  0.50076306E-09  0.32157392E-02 -0.11544487E-08  0.32157390E-02 -0.93806433E-09
    6    1    0.10329716E-01 -0.21796674E-08  0.13981952E-02 -0.72911763E-09  0.13981955E-02  0.11841797E-08
    7    1   -0.44975276E-02 -0.62952038E-09 -0.87395827E-02  0.11666188E-08  0.71359024E-02  0.13161203E-08
    8    1   -0.44975277E-02  0.21093332E-08  0.71359010E-02  0.20160002E-08 -0.87395833E-02 -0.15983025E-08
    1    2    0.18212745E-02  0.74491612E-09  0.22029436E-02 -0.79128083E-09  0.22029434E-02 -0.12826816E-09
    2    2    0.64864225E-03 -0.77512592E-09  0.43395539E-03 -0.26131383E-09  0.43395576E-03  0.24853171E-09
    3    2   -0.41473573E-02  0.54455984E-09 -0.67557421E-03 -0.54782415E-09 -0.28855915E-02 -0.20394670E-09
    4    2   -0.41473587E-02  0.25460080E-09 -0.28855920E-02  0.18804898E-08 -0.67557328E-03 -0.91142753E-10
    5    2    0.69886247E-02  0.75892803E-09  0.36343802E-02 -0.20344275E-09  0.36343788E-02  0.66865325E-09
    6    2    0.77454642E-03  0.11516991E-08 -0.14386972E-02 -0.15007750E-08 -0.14386965E-02 -0.18890155E-08
    7    2   -0.22335580E-02  0.67608168E-11 -0.15638215E-02  0.71769737E-09 -0.55878049E-02 -0.30560289E-08
    8    2   -0.22335579E-02 -0.75123820E-09 -0.55878026E-02 -0.24872698E-09 -0.15638207E-02  0.16865348E-08
    1    3   -0.32711662E-02 -0.41934834E-09 -0.45906614E-02  0.12488848E-08  0.97860138E-02 -0.18806660E-09
    2    3    0.42051658E-02 -0.12163473E-08  0.87310427E-02  0.52735545E-09  0.30241837E-02  0.47392313E-09
    3    3    0.23413820E-02  0.71345216E-09 -0.28909760E-02  0.16744390E-09 -0.39654467E-02 -0.85021202E-09
    4    3   -0.20523369E-02 -0.17916280E-09  0.41335433E-03 -0.23511194E-08 -0.75679479E-02  0.16866613E-08
    5    3   -0.85575355E-02  0.17472686E-08 -0.11738322E-01  0.18792512E-08  0.30758941E-02 -0.13621389E-08
    6    3   -0.36201633E-02 -0.29048343E-08  0.34350519E-02  0.60276151E-09 -0.12551684E-01  0.28192453E-08
    7    3   -0.46987505E-02  0.29795141E-10  0.22603925E-02 -0.29860472E-08 -0.47776546E-02 -0.16463091E-09
    8    3    0.13417075E-01  0.16087530E-08  0.10236291E-01  0.10940509E-08  0.91750162E-02 -0.74479871E-09
    1    4   -0.32711673E-02  0.17339270E-09  0.97860150E-02 -0.76543589E-09 -0.45906601E-02  0.92199663E-09
    2    4    0.42051658E-02  0.20762014E-08  0.30241845E-02 -0.18004042E-08  0.87310421E-02 -0.28415776E-08
    3    4   -0.20523362E-02 -0.38076847E-09 -0.75679504E-02  0.19804532E-08  0.41335418E-03  0.22620563E-08
    4    4    0.23413822E-02 -0.75925193E-09 -0.39654460E-02  0.89421004E-09 -0.28909777E-02 -0.55781367E-09
    5    4   -0.85575383E-02 -0.15597301E-08  0.30758937E-02 -0.78331643E-09 -0.11738321E-01  0.26831751E-08
    6    4   -0.36201603E-02  0.30078510E-08 -0.12551685E-01  0.26289114E-08  0.34350509E-02  0.19830884E-09
    7    4    0.13417074E-01 -0.77539762E-09  0.91750184E-02 -0.54588905E-09  0.10236289E-01  0.32613151E-09
    8    4   -0.46987494E-02 -0.19128282E-08 -0.47776545E-02 -0.18577117E-08  0.22603949E-02 -0.10538253E-08
    1    5   -0.63371950E-03 -0.18302847E-08 -0.57813573E-02  0.50766756E-09 -0.57813575E-02 -0.82549459E-09
    2    5   -0.10515754E-01  0.19890664E-08 -0.17236717E-01  0.20330425E-08 -0.17236714E-01  0.38014624E-08
    3    5    0.60088066E-02 -0.13058946E-08  0.76162256E-02 -0.13902441E-08  0.88741029E-03 -0.14217841E-08
    4    5    0.60088092E-02 -0.30288347E-09  0.88740826E-03 -0.83979123E-09  0.76162224E-02 -0.65335254E-09
    5    5   -0.41511410E-02  0.28485942E-09  0.46286429E-02 -0.48741247E-09  0.46286416E-02 -0.58179516E-09
    6    5    0.58749724E-02 -0.16438254E-08  0.65354713E-02 -0.17984042E-08  0.65354703E-02 -0.15098000E-08
    7    5   -0.30293578E-02  0.13996581E-08 -0.41866653E-02  0.32005343E-08 -0.52968531E-02  0.32205365E-08
    8    5   -0.30293606E-02  0.20668453E-08 -0.52968557E-02  0.11831816E-08 -0.41866659E-02  0.96949397E-09
    1    6   -0.83126283E-02 -0.84019686E-09 -0.29981198E-02 -0.18340890E-08 -0.29981210E-02  0.10072744E-08
    2    6    0.11651742E-01 -0.10745374E-08  0.91651732E-02  0.63004249E-09  0.91651733E-02 -0.62748150E-09
    3    6    0.39434818E-02  0.52416120E-09 -0.73241002E-02  0.84349292E-09  0.15336473E-01 -0.98802082E-09
    4    6    0.39434816E-02  0.14497971E-08  0.15336475E-01 -0.18493131E-08 -0.73240989E-02  0.14330802E-10
    5    6   -0.24143920E-01 -0.78739285E-09 -0.14395724E-01  0.13513421E-08 -0.14395723E-01  0.14495787E-08
    6    6   -0.81433011E-03  0.82840344E-09 -0.54292694E-03 -0.18202542E-08 -0.54292628E-03  0.56488273E-09
    7    6    0.41137689E-02 -0.80954155E-09  0.89089657E-02 -0.21002035E-08 -0.78705074E-03  0.43134192E-09
    8    6    0.41137715E-02  0.50913179E-09 -0.78705231E-03  0.96514947E-09  0.89089649E-02 -0.10775665E-08
    1    7    0.77373945E-02  0.34385022E-09  0.18682371E-02 -0.23371701E-08  0.25228714E-02  0.38799322E-08
    2    7   -0.85311680E-02  0.13595141E-08  0.97780271E-02 -0.63636599E-09 -0.12175918E-01 -0.33943738E-08
    3    7   -0.66012630E-02 -0.10383109E-08  0.27845344E-02 -0.11316670E-09 -0.45988549E-02  0.25176024E-08
    4    7   -0.28978272E-02 -0.84137417E-09 -0.14855797E-01  0.24133061E-08  0.73265154E-02  0.28995073E-09
    5    7    0.17457446E-01  0.36222164E-09  0.84208322E-02 -0.62461347E-09  0.75703821E-02  0.13577428E-08
    6    7   -0.24812771E-02  0.25060479E-09 -0.62897163E-02  0.14219336E-08  0.20956851E-02  0.70389841E-09
    7    7   -0.69755729E-03  0.96973727E-09  0.22538451E-03 -0.99130515E-09  0.31353915E-02 -0.14178549E-09
    8    7   -0.56305645E-02 -0.24727838E-08  0.17382376E-02 -0.63709281E-09 -0.11176150E-01 -0.15707021E-08
    1    8    0.77373962E-02  0.24649119E-08  0.25228697E-02  0.19201589E-08  0.18682382E-02 -0.36180075E-08
    2    8   -0.85311675E-02 -0.22580895E-08 -0.12175916E-01 -0.68408355E-09  0.97780241E-02  0.17839012E-08
    3    8   -0.28978260E-02  0.78899268E-09  0.73265176E-02  0.74908624E-10 -0.14855802E-01 -0.54586472E-09
    4    8   -0.66012659E-02 -0.13384371E-08 -0.45988564E-02  0.68894467E-09  0.27845394E-02  0.79332622E-10
    5    8    0.17457447E-01  0.28792291E-08  0.75703813E-02  0.70840682E-09  0.84208340E-02 -0.75753043E-09
    6    8   -0.24812768E-02  0.55252578E-09  0.20956838E-02  0.17186772E-08 -0.62897164E-02 -0.17621391E-08
    7    8   -0.56305633E-02 -0.15044732E-08 -0.11176151E-01 -0.37059739E-09  0.17382393E-02 -0.12086088E-08
    8    8   -0.69755618E-03 -0.17574545E-09  0.31353926E-02 -0.11622486E-08  0.22538217E-03  0.14232515E-08

   -1    2    0
    1    1   -0.21234573E-02 -0.14600317E-08  0.15248935E-02  0.38544392E-09 -0.21234571E-02  0.11093689E-08
    2    1    0.58459376E-02  0.84421680E-09  0.35404615E-03  0.38502555E-09 -0.77352539E-03 -0.23723285E-08
    3    1   -0.37986137E-02 -0.13162042E-08 -0.67564235E-02  0.10465614E-08 -0.37986147E-02 -0.21637187E-09
    4    1   -0.77352482E-03  0.19454824E-08  0.35404545E-03  0.24166752E-09  0.58459372E-02 -0.52571312E-09
    5    1    0.32157409E-02 -0.13340782E-08  0.32946474E-02  0.20331868E-10  0.32157428E-02  0.23668410E-08
    6    1   -0.87395864E-02 -0.19626300E-09 -0.44975286E-02 -0.68591135E-09  0.71359020E-02  0.70015892E-10
    7    1    0.13981951E-02  0.20794400E-08  0.10329717E-01 -0.36553087E-08  0.13981945E-02 -0.16353079E-08
    8    1    0.71359052E-02 -0.50583258E-09 -0.44975254E-02  0.30866294E-08 -0.87395869E-02 -0.66102282E-09
    1    2   -0.45906629E-02  0.28560696E-08 -0.32711664E-02 -0.16250090E-08  0.97860158E-02  0.21062468E-09
    2    2   -0.28909773E-02 -0.25539115E-09  0.23413825E-02  0.64320698E-09 -0.39654469E-02  0.37794523E-09
    3    2    0.87310439E-02  0.32048827E-08  0.42051645E-02 -0.11728847E-08  0.30241851E-02 -0.14770655E-08
    4    2    0.41335504E-03 -0.42623575E-08 -0.20523365E-02  0.40623121E-09 -0.75679497E-02  0.27254214E-08
    5    2   -0.11738323E-01  0.16506914E-08 -0.85575380E-02 -0.15828410E-08  0.30758941E-02 -0.18139239E-08
    6    2    0.22603949E-02 -0.11878501E-09 -0.46987504E-02  0.19795607E-09 -0.47776551E-02  0.16020542E-08
    7    2    0.34350498E-02 -0.30660456E-08 -0.36201619E-02  0.28421589E-08 -0.12551685E-01  0.33762494E-08
    8    2    0.10236292E-01  0.12292317E-08  0.13417077E-01 -0.82591601E-09  0.91750164E-02 -0.28900223E-08
    1    3    0.22029423E-02 -0.31428572E-08  0.18212757E-02  0.38272089E-09  0.22029423E-02 -0.47329916E-09
    2    3   -0.67557311E-03  0.14932689E-08 -0.41473583E-02  0.13213175E-08 -0.28855913E-02 -0.15019375E-08
    3    3    0.43395602E-03  0.76846974E-09  0.64864136E-03 -0.13010836E-08  0.43395647E-03  0.17725115E-08
    4    3   -0.28855925E-02  0.77051618E-09 -0.41473579E-02  0.13760200E-08 -0.67557425E-03 -0.31568569E-10
    5    3    0.36343776E-02 -0.22593535E-08  0.69886241E-02 -0.23372484E-08  0.36343775E-02 -0.36219417E-09
    6    3   -0.15638218E-02 -0.14376114E-08 -0.22335562E-02  0.57222062E-09 -0.55878053E-02  0.13646304E-08
    7    3   -0.14386948E-02  0.17810246E-08  0.77454603E-03  0.12202559E-08 -0.14386952E-02 -0.10533081E-08
    8    3   -0.55878027E-02  0.26999452E-08 -0.22335585E-02 -0.10344556E-10 -0.15638194E-02  0.36537817E-09
    1    4    0.97860165E-02  0.10328794E-08 -0.32711685E-02  0.15318280E-08 -0.45906616E-02 -0.12753902E-08
    2    4   -0.75679521E-02  0.27022129E-09 -0.20523371E-02 -0.25546106E-08  0.41335638E-03  0.41228178E-08
    3    4    0.30241842E-02 -0.21650569E-08  0.42051660E-02  0.17259026E-08  0.87310441E-02 -0.88634714E-09
    4    4   -0.39654459E-02  0.27644691E-08  0.23413825E-02 -0.12749128E-08 -0.28909782E-02 -0.11762954E-08
    5    4    0.30758945E-02  0.67416852E-09 -0.85575384E-02  0.44703404E-08 -0.11738325E-01  0.69146972E-10
    6    4    0.91750191E-02  0.11507780E-08  0.13417078E-01  0.15764599E-09  0.10236293E-01 -0.28689557E-08
    7    4   -0.12551684E-01  0.14756248E-08 -0.36201624E-02 -0.18422027E-08  0.34350506E-02  0.44801348E-09
    8    4   -0.47776589E-02 -0.45208468E-08 -0.46987518E-02 -0.22939425E-08  0.22603969E-02  0.12667190E-08
    1    5   -0.57813550E-02 -0.39232076E-09 -0.63372133E-03 -0.93267104E-09 -0.57813555E-02  0.10819571E-08
    2    5    0.76162264E-02 -0.15026234E-08  0.60088084E-02 -0.15435448E-08  0.88740633E-03 -0.23998830E-08
    3    5   -0.17236718E-01 -0.12294876E-08 -0.10515755E-01 -0.46111419E-09 -0.17236719E-01  0.93497811E-10
    4    5    0.88740556E-03  0.27941307E-08  0.60088075E-02  0.29416259E-08  0.76162245E-02  0.56539575E-09
    5    5    0.46286431E-02 -0.52790695E-09 -0.41511418E-02  0.14783358E-09  0.46286439E-02  0.50837849E-09
    6    5   -0.41866683E-02  0.11376549E-08 -0.30293623E-02 -0.24708161E-09 -0.52968559E-02  0.66488869E-09
    7    5    0.65354702E-02 -0.93342137E-09  0.58749730E-02 -0.10735105E-08  0.65354706E-02 -0.18336053E-08
    8    5   -0.52968543E-02 -0.11213665E-09 -0.30293600E-02  0.15905700E-08 -0.41866694E-02  0.16458378E-08
    1    6    0.18682400E-02 -0.97411173E-09  0.77373967E-02 -0.20020836E-08  0.25228707E-02  0.45484284E-09
    2    6    0.27845337E-02  0.10220665E-08 -0.66012663E-02  0.18185866E-08 -0.45988523E-02  0.74598896E-09
    3    6    0.97780263E-02  0.22070287E-08 -0.85311657E-02 -0.27894877E-08 -0.12175919E-01  0.29292104E-08
    4    6   -0.14855793E-01  0.45990912E-09 -0.28978294E-02  0.28445890E-08  0.73265140E-02 -0.28304615E-08
    5    6    0.84208311E-02 -0.27213580E-08  0.17457448E-01 -0.29410255E-08  0.75703813E-02 -0.56887890E-09
    6    6    0.22538386E-03 -0.13775820E-08 -0.69755697E-03  0.10517206E-08  0.31353922E-02  0.42706052E-10
    7    6   -0.62897135E-02  0.18040520E-08 -0.24812759E-02  0.80322166E-09  0.20956835E-02 -0.92377258E-10
    8    6    0.17382352E-02  0.10940437E-08 -0.56305664E-02 -0.33279190E-09 -0.11176148E-01  0.76145037E-09
    1    7   -0.29981231E-02 -0.11241266E-08 -0.83126290E-02  0.14959682E-08 -0.29981236E-02 -0.86479663E-09
    2    7   -0.73241017E-02  0.25871641E-09  0.39434834E-02 -0.13434276E-08  0.15336475E-01  0.57165062E-10
    3    7    0.91651762E-02 -0.18368740E-08  0.11651739E-01  0.21436196E-08  0.91651746E-02 -0.12944119E-08
    4    7    0.15336476E-01 -0.25641313E-09  0.39434848E-02 -0.20715901E-08 -0.73241001E-02 -0.37176760E-09
    5    7   -0.14395726E-01  0.16782006E-08 -0.24143923E-01  0.12242963E-08 -0.14395725E-01  0.12083850E-08
    6    7    0.89089670E-02 -0.16409824E-08  0.41137733E-02  0.15308261E-08 -0.78705166E-03 -0.14260066E-08
    7    7   -0.54292445E-03  0.29686147E-09 -0.81433329E-03 -0.11181295E-09 -0.54292383E-03 -0.39263491E-09
    8    7   -0.78705156E-03  0.71138229E-10  0.41137727E-02 -0.87909123E-09  0.89089660E-02 -0.95184513E-10
    1    8    0.25228686E-02  0.18761748E-08  0.77373987E-02  0.13281663E-08  0.18682366E-02  0.19042139E-09
    2    8    0.73265196E-02  0.78264995E-09 -0.28978283E-02  0.10085529E-08 -0.14855799E-01 -0.73678628E-09
    3    8   -0.12175920E-01  0.20445260E-08 -0.85311650E-02  0.50248734E-09  0.97780263E-02 -0.16099590E-08
    4    8   -0.45988588E-02 -0.48124057E-08 -0.66012655E-02 -0.31555733E-08  0.27845406E-02  0.30094568E-08
    5    8    0.75703829E-02  0.47219489E-09  0.17457448E-01  0.21899416E-08  0.84208299E-02  0.72121157E-10
    6    8   -0.11176152E-01  0.68215345E-09 -0.56305662E-02 -0.11860156E-08  0.17382385E-02  0.25423535E-08
    7    8    0.20956834E-02 -0.11235733E-08 -0.24812768E-02 -0.88713022E-09 -0.62897136E-02  0.11042399E-08
    8    8    0.31353937E-02  0.15052613E-09 -0.69755649E-03  0.13780883E-08  0.22538196E-03 -0.20612636E-08

   -1    2    1
    1    1   -0.74434823E-03  0.65071001E-10 -0.21093420E-09  0.56725505E-09  0.21093296E-09 -0.56725497E-09
    2    1   -0.18375433E-02 -0.12265631E-08  0.11368079E-02  0.74998358E-09  0.25501158E-02 -0.11281679E-09
    3    1    0.21683350E-02  0.85790299E-10  0.79980900E-04 -0.97852724E-09 -0.17379835E-02  0.91818073E-09
    4    1    0.15806731E-02  0.22693020E-08 -0.53463226E-03  0.71628999E-09 -0.12990092E-02  0.10974005E-08
    5    1   -0.15010997E-02 -0.13674168E-08  0.87062688E-03 -0.12537349E-08  0.51535504E-04 -0.13550980E-08
    6    1   -0.10252678E-02  0.28270348E-09 -0.15341256E-02 -0.18956557E-09 -0.31703753E-02  0.86328536E-09
    7    1    0.40486640E-02 -0.43473543E-09 -0.68826547E-03  0.18829464E-08  0.37958456E-02  0.38115719E-09
    8    1   -0.12307781E-02  0.13253591E-08  0.36374692E-03  0.11930668E-08 -0.19181169E-02 -0.14887467E-08
    1    2    0.22534053E-03 -0.39343042E-09 -0.25501163E-02 -0.10104852E-08 -0.11368076E-02  0.82416654E-10
    2    2   -0.74434781E-03  0.36763943E-10 -0.36899215E-09 -0.20168151E-09  0.36899266E-09  0.20168147E-09
    3    2   -0.58450081E-04  0.96202074E-09  0.11686077E-02 -0.91024061E-09 -0.64935819E-03  0.50039502E-09
    4    2    0.19400490E-03 -0.92911426E-10  0.14947866E-02  0.17005299E-08  0.73040984E-03 -0.25488240E-08
    5    2   -0.21565483E-02  0.11861251E-08 -0.18803474E-02 -0.58781405E-10  0.57658708E-03  0.23545420E-08
    6    2    0.54631571E-02  0.17084468E-08 -0.79817757E-02 -0.40524663E-09 -0.88290135E-02 -0.74185807E-09
    7    2   -0.47291792E-02 -0.34782876E-09  0.68359667E-02 -0.23102355E-09  0.53313846E-02 -0.24713461E-08
    8    2    0.33020470E-02 -0.24745200E-08  0.35782521E-02 -0.61939420E-09  0.17743518E-03  0.17390214E-08
    1    3   -0.10191185E-02  0.18076343E-08  0.12640807E-02  0.17589555E-08  0.56956091E-03 -0.10842152E-10
    2    3    0.36754884E-03  0.11991369E-08 -0.76533867E-03 -0.28705514E-09 -0.14598589E-02  0.12858164E-08
    3    3    0.66962736E-03  0.98892268E-10 -0.70300110E-03  0.31985447E-09  0.70300110E-03 -0.31985457E-09
    4    3   -0.11517740E-02 -0.11906801E-09  0.12447973E-02 -0.20694501E-08 -0.12447972E-02  0.19248242E-10
    5    3    0.29179457E-02 -0.18049234E-09  0.74170531E-03  0.12133876E-08  0.37903269E-03 -0.83349383E-09
    6    3   -0.56945628E-02 -0.73332806E-10  0.85319773E-02 -0.15332501E-08  0.92439518E-02 -0.12403321E-08
    7    3    0.14395957E-02  0.54941475E-09 -0.42029196E-02 -0.10965222E-08 -0.10183753E-01  0.27900761E-08
    8    3   -0.17145489E-02  0.16016290E-08 -0.38907911E-02  0.70535416E-09  0.66794954E-03 -0.11473897E-08
    1    4   -0.14799639E-02 -0.83391097E-09  0.20037924E-02 -0.50297169E-09 -0.34579016E-03  0.12950198E-09
    2    4    0.74682224E-03  0.76249361E-09  0.91516614E-03  0.62227350E-09 -0.14344175E-02 -0.59985450E-09
    3    4   -0.22222386E-02  0.74711771E-09  0.46073971E-04  0.24071452E-09 -0.46071577E-04  0.22983436E-09
    4    4    0.66962754E-03 -0.57702886E-09  0.70300168E-03 -0.21119875E-09 -0.70300168E-03  0.21119862E-09
    5    4   -0.11585283E-02  0.10596972E-08  0.43599701E-03  0.22572366E-10 -0.22899872E-02 -0.10297721E-08
    6    4    0.24312273E-02 -0.17183938E-08  0.19223736E-02  0.87069134E-09 -0.32183202E-03  0.11208166E-09
    7    4    0.40808139E-03 -0.93239402E-09 -0.43288502E-02  0.26081922E-09  0.14910071E-02  0.35710100E-10
    8    4   -0.13635765E-02 -0.24387533E-09  0.10081489E-02 -0.10078026E-08  0.37817183E-03  0.75144074E-09
    1    5    0.14663585E-02 -0.88519148E-09  0.80039145E-04 -0.10229890E-08 -0.10022011E-02 -0.78572437E-09
    2    5    0.30657602E-02  0.58696896E-09 -0.68992509E-03  0.12459365E-08  0.19936854E-02  0.19009299E-09
    3    5    0.23116503E-03 -0.18534120E-09  0.17855338E-02 -0.12358068E-08  0.68453403E-04 -0.30904234E-09
    4    5   -0.32508155E-02  0.26540390E-08 -0.27975177E-04  0.14228500E-08 -0.10927615E-02  0.23231600E-08
    5    5    0.28664332E-03  0.26418128E-09  0.12345947E-09 -0.23910033E-09 -0.12345988E-09  0.23910033E-09
    6    5    0.68448026E-03  0.54557697E-09 -0.30418902E-02  0.50370489E-09 -0.26868832E-02  0.17071130E-08
    7    5    0.17422826E-02  0.97522692E-09  0.13759147E-02  0.18657189E-08  0.13587542E-02  0.13551738E-09
    8    5   -0.17248106E-02  0.38086877E-09  0.13324840E-02  0.12282253E-08  0.40400786E-03 -0.32096651E-09
    1    6    0.16139701E-02 -0.24070617E-08  0.13431874E-04  0.55010816E-09  0.46910689E-02  0.54887269E-09
    2    6   -0.62132085E-02  0.15478685E-08  0.10597578E-01 -0.17519477E-08  0.62132087E-02 -0.93220539E-09
    3    6   -0.46910672E-02 -0.10822271E-08  0.13432120E-04  0.17004067E-08 -0.16139689E-02  0.20140703E-08
    4    6    0.79346049E-02  0.73848509E-09 -0.98413229E-02 -0.42394679E-09 -0.79346060E-02 -0.43432345E-10
    5    6    0.68447727E-03 -0.35858970E-09  0.26868827E-02  0.43326181E-09  0.30418886E-02 -0.44439821E-09
    6    6    0.28664268E-03 -0.87007666E-09 -0.41058872E-09 -0.31945747E-09  0.41059431E-09  0.31945752E-09
    7    6    0.17422810E-02  0.31741653E-09 -0.13587534E-02 -0.76418293E-09 -0.13759132E-02 -0.74825598E-09
    8    6   -0.17248057E-02 -0.16865865E-09 -0.40400893E-03  0.11430915E-08 -0.13324859E-02 -0.31998460E-09
    1    7   -0.68453076E-04  0.22945866E-09  0.17855346E-02 -0.16148207E-08 -0.23116489E-03  0.43759230E-09
    2    7   -0.19936856E-02 -0.12108141E-08 -0.68992611E-03  0.73831213E-09 -0.30657585E-02  0.66310888E-09
    3    7    0.10022006E-02 -0.12144501E-09  0.80040160E-04  0.20027239E-10 -0.14663607E-02 -0.55506108E-09
    4    7    0.10927605E-02  0.57179748E-09 -0.27976266E-04 -0.23743925E-09  0.32508164E-02 -0.18060303E-08
    5    7   -0.79569188E-03  0.42130936E-09 -0.71933468E-03 -0.89833986E-09 -0.10171579E-02  0.13052675E-08
    6    7   -0.79569327E-03  0.17945345E-10  0.10171571E-02  0.26382025E-09  0.71933494E-03  0.24958942E-09
    7    7    0.25957708E-03  0.30849539E-09 -0.13699563E-03  0.28089785E-09  0.13699563E-03 -0.28089785E-09
    8    7    0.24649962E-02 -0.86369023E-09  0.16504312E-02 -0.91577970E-09 -0.16504301E-02  0.35097553E-09
    1    8   -0.37482040E-02  0.12711276E-08 -0.91036575E-03  0.13078632E-08 -0.21972137E-02 -0.64985448E-09
    2    8    0.38523513E-02 -0.17927287E-09 -0.83149989E-02  0.30148567E-09 -0.38523531E-02 -0.57300435E-09
    3    8    0.21972131E-02  0.67589834E-09 -0.91036634E-03 -0.40904708E-09  0.37482050E-02  0.12119202E-09
    4    8   -0.29101173E-02 -0.23087835E-08  0.11476553E-01 -0.14264397E-08  0.29101188E-02 -0.55251490E-10
    5    8   -0.16123249E-02  0.14341781E-08 -0.12340832E-02  0.20266876E-08 -0.15005803E-02  0.10718641E-08
    6    8   -0.16123243E-02 -0.13603801E-08  0.15005824E-02 -0.23659022E-09  0.12340805E-02 -0.10262036E-09
    7    8    0.55082236E-03 -0.94462429E-09  0.26969903E-02 -0.16512106E-08 -0.26969908E-02  0.54746972E-09
    8    8    0.25957732E-03  0.62702902E-09  0.13699544E-03  0.83662020E-09 -0.13699544E-03 -0.83662018E-09

   -1    3   -1
    1    1   -0.14965831E-02 -0.73376287E-09 -0.14965836E-02  0.50488963E-09 -0.14965845E-02 -0.27039270E-08
    2    1   -0.31516300E-02 -0.19141340E-08 -0.33514635E-02  0.26668328E-08 -0.33514617E-02  0.24644955E-08
    3    1   -0.33514625E-02  0.11547180E-08 -0.31516303E-02 -0.14329934E-08 -0.33514622E-02 -0.15073949E-08
    4    1   -0.33514645E-02 -0.95033829E-09 -0.33514627E-02 -0.17081243E-08 -0.31516295E-02  0.12884671E-08
    5    1    0.77175787E-02  0.16000522E-08  0.77175776E-02  0.18135372E-09  0.77175757E-02 -0.27972181E-08
    6    1    0.11480235E-02 -0.58650642E-09 -0.28759610E-02  0.71737364E-09 -0.28759611E-02  0.17674470E-09
    7    1   -0.28759624E-02 -0.55740198E-09  0.11480260E-02 -0.11876897E-09 -0.28759624E-02  0.11780735E-08
    8    1   -0.28759605E-02  0.39438017E-09 -0.28759620E-02  0.53786569E-09  0.11480241E-02  0.68680994E-09
    1    2   -0.39084259E-02 -0.16344294E-08  0.37183232E-03  0.52441173E-09  0.37183313E-03 -0.87224862E-11
    2    2   -0.14965835E-02  0.18691339E-08  0.14965835E-02 -0.14751777E-08  0.14965833E-02 -0.19713449E-08
    3    2   -0.86574263E-03 -0.19804615E-08  0.36143543E-02  0.26882213E-08  0.34145165E-02  0.13927721E-08
    4    2   -0.86574035E-03  0.19555578E-08  0.34145164E-02 -0.54818211E-09  0.36143531E-02  0.10226911E-08
    5    2    0.69340920E-02 -0.24031205E-08 -0.90526431E-02  0.26341130E-08 -0.90526425E-02  0.15408074E-08
    6    2    0.20739962E-02 -0.95932697E-09 -0.49640543E-02 -0.51911261E-10 -0.49640529E-02  0.32706859E-09
    7    2   -0.21279476E-02  0.22038688E-08 -0.31892243E-02 -0.16566344E-08  0.12686263E-01 -0.26153873E-08
    8    2   -0.21279499E-02  0.10614670E-08  0.12686267E-01 -0.72121803E-09 -0.31892235E-02 -0.12746222E-09
    1    3    0.37183145E-03  0.28324938E-08 -0.39084269E-02  0.56650892E-09  0.37183114E-03 -0.23410130E-10
    2    3    0.36143517E-02 -0.30789167E-08 -0.86574094E-03  0.67845307E-09  0.34145173E-02  0.12215193E-08
    3    3    0.14965843E-02  0.57353856E-09 -0.14965841E-02 -0.66789531E-10  0.14965834E-02 -0.24076045E-08
    4    3    0.34145183E-02 -0.33107299E-08 -0.86573996E-03 -0.99995341E-09  0.36143532E-02 -0.78802369E-09
    5    3   -0.90526440E-02  0.35189933E-08  0.69340907E-02 -0.26475412E-09 -0.90526447E-02  0.11115413E-09
    6    3   -0.31892220E-02  0.16813896E-08 -0.21279494E-02 -0.26488678E-08  0.12686265E-01 -0.20384650E-09
    7    3   -0.49640543E-02 -0.30047420E-08  0.20739983E-02  0.22556109E-08 -0.49640537E-02  0.48120492E-10
    8    3    0.12686265E-01 -0.23154203E-09 -0.21279491E-02  0.13728303E-08 -0.31892227E-02 -0.13862237E-08
    1    4    0.37183003E-03 -0.26970692E-08  0.37183144E-03 -0.33995484E-08 -0.39084262E-02 -0.88854363E-09
    2    4    0.36143532E-02  0.56146208E-09  0.34145177E-02  0.99301712E-09 -0.86574041E-03  0.14145773E-08
    3    4    0.34145176E-02 -0.20514805E-08  0.36143525E-02 -0.23799426E-09 -0.86573986E-03  0.41048365E-10
    4    4    0.14965851E-02  0.27033962E-10  0.14965852E-02  0.59665484E-09 -0.14965841E-02 -0.86819450E-09
    5    4   -0.90526456E-02 -0.12749762E-08 -0.90526447E-02 -0.17814117E-08  0.69340911E-02  0.26748252E-09
    6    4   -0.31892233E-02 -0.71431569E-09  0.12686267E-01  0.18235201E-08 -0.21279503E-02 -0.25026111E-08
    7    4    0.12686265E-01 -0.13195302E-09 -0.31892239E-02 -0.47135199E-09 -0.21279466E-02  0.10275505E-08
    8    4   -0.49640531E-02 -0.31549730E-09 -0.49640546E-02 -0.11020519E-08  0.20739969E-02  0.15713250E-08
    1    5    0.38337621E-02  0.28875033E-08  0.38337604E-02  0.12576837E-08  0.38337604E-02  0.18042185E-08
    2    5   -0.48911852E-02 -0.31471125E-09 -0.39033542E-02  0.39204001E-09 -0.39033540E-02  0.88219970E-09
    3    5   -0.39033549E-02  0.77307600E-10 -0.48911865E-02 -0.90753598E-09 -0.39033549E-02  0.25183670E-10
    4    5   -0.39033558E-02 -0.11194267E-08 -0.39033546E-02 -0.17866390E-09 -0.48911852E-02 -0.33944602E-09
    5    5   -0.11457190E-02 -0.15327616E-08 -0.11457186E-02 -0.15808867E-08 -0.11457188E-02 -0.14976721E-08
    6    5    0.76553888E-03  0.17495771E-08 -0.66998890E-03  0.17510229E-08 -0.66998714E-03  0.29729491E-08
    7    5   -0.66998925E-03  0.65984861E-09  0.76553864E-03 -0.29422850E-10 -0.66998970E-03  0.61188779E-09
    8    5   -0.66998823E-03 -0.21965306E-08 -0.66998929E-03 -0.10083869E-08  0.76553876E-03 -0.90818517E-09
    1    6    0.33663925E-02 -0.46286315E-09 -0.12960163E-02  0.33192755E-08 -0.12960162E-02 -0.30574073E-10
    2    6    0.32400288E-02 -0.69049311E-09  0.17017315E-02 -0.23136550E-08  0.17017337E-02  0.84290549E-09
    3    6   -0.13552340E-02  0.12041748E-09 -0.14007014E-02  0.49319222E-09 -0.20924007E-03  0.22962473E-09
    4    6   -0.13552325E-02 -0.21847850E-09 -0.20924089E-03 -0.11088850E-09 -0.14007040E-02 -0.13547463E-08
    5    6    0.76553738E-03  0.10269166E-08  0.66998990E-03  0.22838783E-08  0.66998934E-03  0.12003695E-08
    6    6   -0.11457198E-02  0.10660057E-08  0.11457205E-02 -0.11366968E-08  0.11457197E-02 -0.32884800E-08
    7    6   -0.66998770E-03 -0.69173623E-09  0.66998762E-03  0.23227431E-09 -0.76553817E-03 -0.13748654E-08
    8    6   -0.66999115E-03 -0.23934537E-08 -0.76553700E-03 -0.16264426E-08  0.66999053E-03  0.28982333E-08
    1    7   -0.12960166E-02 -0.89457173E-09  0.33663967E-02 -0.27883113E-08 -0.12960180E-02 -0.13261562E-08
    2    7   -0.14007034E-02 -0.17277891E-09 -0.13552342E-02 -0.11549184E-09 -0.20924017E-03  0.91771268E-09
    3    7    0.17017337E-02 -0.17703203E-08  0.32400272E-02  0.98552659E-09  0.17017334E-02 -0.11184389E-08
    4    7   -0.20924077E-03  0.16374529E-08 -0.13552339E-02  0.14884457E-08 -0.14007034E-02  0.10169093E-08
    5    7    0.66998987E-03  0.34185344E-09  0.76553979E-03 -0.92042164E-09  0.66998966E-03 -0.47931816E-09
    6    7    0.66998835E-03 -0.16284331E-08 -0.66998957E-03 -0.10279413E-09 -0.76554000E-03 -0.33048238E-09
    7    7    0.11457194E-02 -0.15906066E-08 -0.11457197E-02  0.91104937E-09  0.11457203E-02 -0.12202722E-09
    8    7   -0.76553846E-03  0.13318835E-08 -0.66999077E-03 -0.32143298E-09  0.66998944E-03  0.44644906E-09
    1    8   -0.12960170E-02 -0.14690959E-08 -0.12960169E-02 -0.18695260E-08  0.33663970E-02 -0.44331259E-11
    2    8   -0.14007014E-02  0.21480427E-08 -0.20924055E-03  0.27081531E-08 -0.13552368E-02 -0.33801169E-08
    3    8   -0.20924089E-03 -0.95101734E-10 -0.14007021E-02 -0.41519445E-09 -0.13552349E-02  0.37367365E-09
    4    8    0.17017312E-02  0.19144060E-09  0.17017322E-02  0.24663844E-09  0.32400301E-02  0.20529810E-08
    5    8    0.66999017E-03 -0.16057180E-08  0.66998869E-03 -0.19811903E-08  0.76554100E-03  0.35749489E-09
    6    8    0.66998999E-03 -0.20481039E-08 -0.76553905E-03  0.91260700E-09 -0.66998998E-03  0.25759001E-08
    7    8   -0.76553988E-03  0.55927940E-09  0.66999037E-03 -0.79022750E-09 -0.66999050E-03 -0.14205026E-08
    8    8    0.11457205E-02  0.12374420E-08  0.11457207E-02  0.73907146E-09 -0.11457208E-02 -0.14096615E-08

    0   -2    0
    1    1    0.16349436E-01  0.10187568E-15 -0.68884535E-09  0.11042816E-15  0.68884379E-09  0.11042817E-15
    2    1    0.45533656E-02 -0.21181335E-08 -0.20942796E-01  0.13581778E-09 -0.20942796E-01  0.49268179E-09
    3    1   -0.93876386E-02  0.17017132E-08  0.18272857E-01 -0.91851053E-09  0.17863354E-01  0.33764209E-09
    4    1   -0.93876397E-02  0.67461929E-09  0.17863355E-01 -0.65188755E-09  0.18272856E-01 -0.18283507E-08
    5    1    0.19986604E-01  0.39987360E-10 -0.34983290E-01  0.15819347E-08 -0.34983289E-01 -0.28031620E-10
    6    1   -0.12370067E-01  0.99631625E-09  0.48125990E-01  0.13856903E-08  0.48125994E-01  0.45519152E-09
    7    1   -0.77464755E-02 -0.68102466E-10  0.28742001E-04 -0.17058264E-08  0.19569725E-02 -0.36726275E-09
    8    1   -0.77464755E-02 -0.12802426E-08  0.19569766E-02 -0.18641753E-08  0.28741855E-04  0.62115397E-09
    1    2   -0.64188841E-02 -0.18045691E-08  0.20942796E-01  0.49267938E-09  0.20942796E-01  0.13581754E-09
    2    2    0.16349438E-01  0.10187567E-15 -0.57008187E-09  0.54825903E-16  0.57008236E-09  0.54825904E-16
    3    2   -0.42620017E-02  0.56454396E-09 -0.20490620E-01  0.16601254E-08 -0.20900122E-01 -0.13655704E-08
    4    2   -0.42620019E-02 -0.11503276E-08 -0.20900121E-01 -0.54705169E-09 -0.20490620E-01  0.41240707E-08
    5    2   -0.40392319E-02 -0.59873251E-09  0.45545817E-01  0.84151170E-09  0.45545816E-01 -0.13860783E-08
    6    2   -0.62191257E-02 -0.15115417E-08 -0.25137747E-02  0.86492780E-09 -0.25137746E-02  0.81057892E-09
    7    2    0.47735807E-02 -0.71130354E-09 -0.21330174E-01 -0.70452386E-09 -0.15843166E-01  0.11491202E-08
    8    2    0.47735799E-02  0.21280727E-08 -0.15843169E-01 -0.11855887E-08 -0.21330177E-01 -0.50843032E-09
    1    3   -0.51634942E-03  0.10245271E-10 -0.17863354E-01  0.33764311E-09 -0.18272857E-01 -0.91851157E-09
    2    3   -0.56419933E-02 -0.13607418E-09  0.20900122E-01 -0.13655703E-08  0.20490620E-01  0.16601279E-08
    3    3    0.13381212E-02  0.53579667E-16  0.50711720E-03  0.11072702E-15 -0.50711720E-03  0.54527052E-16
    4    3    0.23840974E-02  0.23398957E-09 -0.11260231E-09  0.84675466E-09  0.58923335E-09 -0.37817144E-09
    5    3   -0.35427989E-03  0.99545283E-09 -0.16491569E-01  0.94851358E-10 -0.13815889E-01  0.11418807E-09
    6    3    0.82206703E-03 -0.31319561E-09 -0.27977924E-01 -0.17882474E-08 -0.31769647E-01 -0.13260286E-08
    7    3   -0.24581272E-02 -0.53971567E-09  0.17133129E-01  0.18510736E-08  0.18137834E-01 -0.73936237E-09
    8    3    0.12069186E-03 -0.13307785E-08  0.10930248E-01  0.83506497E-09  0.13918462E-01  0.15820945E-08
    1    4   -0.51634925E-03  0.96842643E-09 -0.18272856E-01 -0.18283507E-08 -0.17863355E-01 -0.65188758E-09
    2    4   -0.56419921E-02 -0.35076004E-09  0.20490620E-01  0.41240721E-08  0.20900121E-01 -0.54705052E-09
    3    4    0.23840959E-02 -0.18374061E-08 -0.58923484E-09 -0.37817147E-09  0.11260399E-09  0.84675473E-09
    4    4    0.13381218E-02  0.53579666E-16 -0.50711707E-03  0.54527051E-16  0.50711707E-03  0.11072702E-15
    5    4   -0.35428056E-03 -0.24237586E-09 -0.13815888E-01 -0.19466181E-08 -0.16491566E-01  0.60970782E-09
    6    4    0.82206765E-03 -0.18884084E-09 -0.31769647E-01 -0.83596213E-09 -0.27977927E-01 -0.20479408E-08
    7    4    0.12069349E-03  0.13263224E-08  0.13918461E-01  0.29229836E-09  0.10930247E-01 -0.25815445E-09
    8    4   -0.24581262E-02  0.41899401E-09  0.18137833E-01  0.30523160E-08  0.17133131E-01  0.10420263E-08
    1    5   -0.10627205E-01  0.72564987E-09  0.34983289E-01 -0.28031804E-10  0.34983290E-01  0.15819346E-08
    2    5    0.32018744E-04  0.48016879E-09 -0.45545816E-01 -0.13860780E-08 -0.45545817E-01  0.84151067E-09
    3    5    0.89985252E-02  0.61180559E-09  0.13815889E-01  0.11418686E-09  0.16491569E-01  0.94852164E-10
    4    5    0.89985243E-02 -0.50902866E-09  0.16491566E-01  0.60970796E-09  0.13815888E-01 -0.19466186E-08
    5    5   -0.12546719E-01  0.23214265E-16 -0.40268423E-09  0.14068300E-16  0.40268384E-09  0.14068302E-16
    6    5    0.47211334E-02  0.13497111E-08  0.52680847E-01  0.38581835E-08  0.52680849E-01  0.30465490E-08
    7    5    0.38997647E-02  0.78155173E-09 -0.14947019E-01 -0.24062361E-08 -0.15537170E-01 -0.20599108E-09
    8    5    0.38997670E-02 -0.13690362E-08 -0.15537167E-01 -0.19906793E-08 -0.14947019E-01 -0.25741796E-08
    1    6    0.16674952E-01 -0.12826216E-08 -0.48125994E-01  0.45519346E-09 -0.48125990E-01  0.13856930E-08
    2    6    0.51488027E-02 -0.12533264E-08  0.25137746E-02  0.81057743E-09  0.25137747E-02  0.86492657E-09
    3    6   -0.97453394E-02  0.15253077E-08  0.31769647E-01 -0.13260274E-08  0.27977924E-01 -0.17882440E-08
    4    6   -0.97453389E-02  0.26845755E-08  0.27977927E-01 -0.20479400E-08  0.31769647E-01 -0.83595839E-09
    5    6    0.47211336E-02 -0.20385918E-08 -0.52680849E-01  0.30465475E-08 -0.52680847E-01  0.38581831E-08
    6    6   -0.12546712E-01  0.23214264E-16  0.18006500E-08 -0.14068306E-16 -0.18006445E-08 -0.14068305E-16
    7    6    0.38997646E-02 -0.17270518E-09  0.15537163E-01  0.12608920E-08  0.14947019E-01  0.10936222E-08
    8    6    0.38997648E-02 -0.15102508E-08  0.14947019E-01  0.11503953E-08  0.15537165E-01  0.79697971E-10
    1    7    0.84759631E-02 -0.78625495E-09 -0.19569725E-02 -0.36726193E-09 -0.28742001E-04 -0.17058273E-08
    2    7   -0.69082038E-02 -0.42761146E-09  0.15843166E-01  0.11491211E-08  0.21330174E-01 -0.70452624E-09
    3    7   -0.50150514E-03  0.65332563E-09 -0.18137834E-01 -0.73936257E-09 -0.17133129E-01  0.18510738E-08
    4    7   -0.18241197E-02 -0.86548539E-09 -0.10930247E-01 -0.25815315E-09 -0.13918461E-01  0.29229701E-09
    5    7    0.72135984E-02 -0.32210966E-09  0.15537170E-01 -0.20599114E-09  0.14947019E-01 -0.24062363E-08
    6    7    0.72136005E-02  0.76483785E-09 -0.14947019E-01  0.10936219E-08 -0.15537163E-01  0.12608950E-08
    7    7   -0.44902415E-02 -0.13943803E-16 -0.41572509E-03  0.14552505E-16  0.41572509E-03 -0.14552502E-16
    8    7   -0.85006683E-02  0.49528507E-09 -0.59751313E-09 -0.11713334E-09  0.27097723E-10  0.23152540E-09
    1    8    0.84759684E-02  0.17106609E-08 -0.28741855E-04  0.62115350E-09 -0.19569766E-02 -0.18641748E-08
    2    8   -0.69082053E-02 -0.59897898E-09  0.21330177E-01 -0.50842992E-09  0.15843169E-01 -0.11855906E-08
    3    8   -0.18241213E-02 -0.10787499E-08 -0.13918462E-01  0.15820934E-08 -0.10930248E-01  0.83506605E-09
    4    8   -0.50150713E-03 -0.11455265E-08 -0.17133131E-01  0.10420261E-08 -0.18137833E-01  0.30523162E-08
    5    8    0.72136021E-02  0.17866756E-08  0.14947019E-01 -0.25741793E-08  0.15537167E-01 -0.19906798E-08
    6    8    0.72135996E-02 -0.22938786E-09 -0.15537165E-01  0.79700412E-10 -0.14947019E-01  0.11503955E-08
    7    8   -0.85006674E-02 -0.96236029E-09 -0.27098193E-10  0.23152478E-09  0.59751342E-09 -0.11713270E-09
    8    8   -0.44902443E-02 -0.13943807E-16  0.41572570E-03 -0.14552504E-16 -0.41572570E-03  0.14552504E-16

    0   -2    1
    1    1   -0.21234565E-02  0.78814494E-09 -0.21234568E-02 -0.16971610E-08  0.15248939E-02 -0.51879737E-09
    2    1    0.14785883E-02  0.99503462E-09  0.50738149E-02  0.24143815E-09 -0.66702488E-03  0.16146563E-08
    3    1    0.50738146E-02  0.87505437E-12  0.14785876E-02  0.17756750E-10 -0.66702550E-03 -0.11323713E-08
    4    1   -0.10816765E-02 -0.46379001E-09 -0.10816773E-02 -0.17366536E-08 -0.69046876E-02  0.21325558E-09
    5    1   -0.11480240E-02  0.77826343E-09 -0.11480232E-02  0.22694490E-08  0.82120305E-02 -0.25933318E-09
    6    1   -0.53886031E-02 -0.15985545E-08 -0.65640990E-02 -0.19285104E-09 -0.76713602E-02 -0.14344877E-08
    7    1   -0.65640999E-02  0.55553113E-09 -0.53886018E-02 -0.25089343E-09 -0.76713601E-02  0.21514188E-08
    8    1    0.66715559E-02 -0.12550243E-08  0.66715549E-02 -0.10018710E-08  0.10114047E-01 -0.19845451E-09
    1    2   -0.30206561E-02  0.13762766E-09  0.42624496E-02  0.17665890E-08 -0.60290406E-02 -0.27199899E-08
    2    2   -0.28909775E-02  0.21320346E-08 -0.39654469E-02  0.71790844E-09  0.23413831E-02 -0.23388749E-08
    3    2   -0.13242693E-02 -0.12552165E-08  0.40830873E-02  0.10017994E-08  0.59629613E-02  0.12901139E-08
    4    2    0.49844091E-02  0.11568476E-08  0.14721238E-03 -0.13362636E-08  0.65697562E-02  0.39705608E-08
    5    2   -0.18807251E-02 -0.25184270E-08 -0.28351784E-02  0.24393399E-09 -0.74134984E-02 -0.39721664E-08
    6    2    0.58304676E-02  0.15361531E-08  0.29903065E-02  0.14328425E-08  0.27729693E-02  0.33919748E-09
    7    2    0.77836302E-02  0.11508140E-08 -0.18850585E-02 -0.28858552E-08  0.67483124E-02  0.12588926E-08
    8    2   -0.11007475E-01  0.68060217E-09  0.13473913E-02  0.47335100E-10 -0.60143561E-02  0.87835450E-09
    1    3    0.42624497E-02  0.19001426E-08 -0.30206573E-02 -0.27649341E-08 -0.60290411E-02  0.38994725E-08
    2    3    0.40830861E-02 -0.13813161E-08 -0.13242694E-02  0.95061888E-09  0.59629634E-02 -0.34290115E-08
    3    3   -0.39654470E-02 -0.26660633E-09 -0.28909762E-02  0.15081629E-08  0.23413821E-02 -0.50159429E-09
    4    3    0.14721191E-03 -0.23826432E-08  0.49844091E-02  0.24418210E-08  0.65697544E-02 -0.19961375E-08
    5    3   -0.28351774E-02  0.35786394E-08 -0.18807263E-02 -0.36752411E-08 -0.74134980E-02  0.46763644E-08
    6    3   -0.18850566E-02  0.37238496E-09  0.77836310E-02  0.20860535E-08  0.67483112E-02  0.21665500E-08
    7    3    0.29903055E-02 -0.31249322E-08  0.58304678E-02  0.45372870E-09  0.27729691E-02 -0.14637455E-08
    8    3    0.13473913E-02 -0.24049195E-09 -0.11007474E-01  0.90220277E-09 -0.60143562E-02 -0.23065045E-08
    1    4    0.56647844E-02 -0.32781029E-10  0.56647854E-02  0.26861367E-08  0.11988983E-01 -0.10140361E-08
    2    4   -0.14968390E-01 -0.18628095E-08  0.49253669E-02 -0.22036967E-08 -0.10397210E-01  0.90511706E-09
    3    4    0.49253664E-02  0.14753550E-10 -0.14968390E-01 -0.22671177E-09 -0.10397207E-01  0.20284229E-08
    4    4    0.43395327E-03  0.23430924E-08  0.43395488E-03  0.34869900E-09  0.64864377E-03 -0.17613652E-08
    5    4    0.74411071E-02 -0.15664107E-08  0.74411064E-02  0.14620479E-09  0.23169065E-01 -0.31919094E-08
    6    4    0.17452564E-01  0.22321330E-08 -0.18741765E-02 -0.23701441E-10  0.10736952E-02  0.14040677E-08
    7    4   -0.18741749E-02 -0.42659662E-09  0.17452565E-01  0.51706995E-09  0.10736956E-02 -0.23725485E-08
    8    4   -0.73696178E-02  0.13705481E-08 -0.73696162E-02 -0.55402179E-10 -0.15790521E-01  0.94152750E-09
    1    5   -0.24152498E-02 -0.12318226E-08 -0.24152510E-02 -0.79146728E-09 -0.65334894E-02  0.36804172E-09
    2    5    0.17598564E-01 -0.43241297E-09 -0.34164328E-02  0.70659988E-09  0.10475179E-01  0.18830920E-08
    3    5   -0.34164337E-02  0.63598123E-09  0.17598562E-01 -0.88171207E-09  0.10475177E-01 -0.25403025E-08
    4    5   -0.61679740E-02 -0.58945104E-09 -0.61679736E-02 -0.17983134E-08 -0.82524057E-02 -0.25800137E-08
    5    5    0.46286418E-02  0.63473625E-09  0.46286437E-02 -0.11760658E-10 -0.41511416E-02 -0.12018110E-08
    6    5   -0.16246235E-01 -0.39771783E-08 -0.88349827E-02 -0.29105707E-08 -0.12349153E-01 -0.26639421E-08
    7    5   -0.88349815E-02  0.17317112E-08 -0.16246235E-01  0.85213605E-09 -0.12349154E-01  0.17465839E-08
    8    5    0.16353759E-01 -0.20198643E-08  0.16353757E-01 -0.14050384E-08  0.22179197E-01  0.95061177E-10
    1    6    0.17598562E-01 -0.19888638E-10 -0.10475178E-01  0.10712873E-08  0.34164322E-02 -0.11316058E-09
    2    6   -0.24152506E-02 -0.29740529E-09  0.65334902E-02  0.86303797E-10  0.24152486E-02 -0.11226804E-08
    3    6   -0.34164333E-02  0.91892025E-09 -0.10475176E-01 -0.10218760E-08 -0.17598560E-01  0.11619330E-08
    4    6   -0.61679749E-02 -0.20905483E-08  0.82524058E-02  0.79526006E-09  0.61679759E-02  0.11702425E-09
    5    6    0.90076146E-02  0.75671454E-09 -0.61782252E-02 -0.28485347E-09  0.53942224E-02 -0.39817630E-09
    6    6    0.22538238E-03  0.13478109E-08  0.31353925E-02 -0.13865344E-08 -0.69755648E-03 -0.22674543E-09
    7    6    0.11569353E-05 -0.93308219E-09  0.49914232E-02  0.15750849E-08  0.56355286E-02 -0.80633551E-09
    8    6   -0.89585046E-02  0.79400190E-09  0.21992771E-02  0.18739398E-09 -0.49855098E-02 -0.88818488E-09
    1    7   -0.10475178E-01  0.15666765E-08  0.17598561E-01  0.29199795E-09  0.34164311E-02  0.16047198E-09
    2    7   -0.10475177E-01  0.14505554E-08 -0.34164325E-02 -0.20793437E-08 -0.17598560E-01  0.87669885E-09
    3    7    0.65334918E-02 -0.18269862E-08 -0.24152496E-02  0.16826700E-08  0.24152512E-02 -0.88754783E-09
    4    7    0.82524057E-02  0.12067778E-08 -0.61679751E-02 -0.55439475E-09  0.61679743E-02  0.27082683E-08
    5    7   -0.61782238E-02 -0.65008808E-09  0.90076129E-02 -0.60224342E-09  0.53942227E-02 -0.17183371E-08
    6    7    0.49914207E-02  0.14381788E-08  0.11562537E-05  0.12670884E-08  0.56355261E-02  0.13140381E-09
    7    7    0.31353919E-02  0.17889001E-09  0.22538360E-03 -0.35322201E-09 -0.69755678E-03 -0.13514040E-09
    8    7    0.21992779E-02 -0.32968414E-09 -0.89585019E-02  0.49668352E-09 -0.49855094E-02  0.11198182E-09
    1    8   -0.51847798E-02  0.62289326E-09 -0.51847784E-02 -0.14495234E-08 -0.67282445E-02 -0.12872752E-08
    2    8   -0.51847820E-02  0.16562570E-09  0.67282439E-02  0.27135389E-08  0.51847802E-02  0.35747180E-09
    3    8    0.67282446E-02 -0.14310184E-09 -0.51847814E-02 -0.13708403E-08  0.51847796E-02 -0.33423482E-09
    4    8   -0.95938043E-03  0.10156579E-08 -0.95938160E-03  0.91755460E-09  0.95938001E-03  0.61618930E-09
    5    8   -0.20758709E-02 -0.21724350E-08 -0.20758695E-02 -0.33538259E-08 -0.85330975E-02 -0.10318577E-10
    6    8    0.36333416E-03  0.19651058E-08  0.77530285E-03  0.11106978E-08  0.55233892E-02  0.11520644E-09
    7    8    0.77530111E-03  0.18897341E-09  0.36333262E-03  0.84659831E-09  0.55233888E-02  0.10199678E-08
    8    8   -0.54292668E-03  0.12153641E-08 -0.54292685E-03  0.10695493E-08 -0.81432981E-03 -0.13389259E-08

    0   -2    2
    1    1    0.18003339E-08 -0.99675041E-18  0.16349435E-01 -0.62941820E-19 -0.18003353E-08  0.21694484E-18
    2    1    0.18272854E-01 -0.11313974E-08 -0.93876401E-02 -0.55757410E-10  0.17863356E-01 -0.16342387E-08
    3    1   -0.20942797E-01 -0.91833722E-09  0.45533660E-02 -0.11967753E-08 -0.20942795E-01  0.13237349E-08
    4    1    0.17863355E-01  0.32893337E-09 -0.93876397E-02  0.91885969E-09  0.18272855E-01  0.66743113E-09
    5    1   -0.34983289E-01  0.25935881E-08  0.19986605E-01  0.78372017E-09 -0.34983292E-01  0.47928598E-09
    6    1    0.28744372E-04  0.18898716E-08 -0.77464761E-02  0.80917474E-09  0.19569780E-02 -0.22321999E-09
    7    1    0.48125988E-01 -0.18643666E-08 -0.12370064E-01 -0.45124271E-09  0.48125989E-01 -0.70910399E-09
    8    1    0.19569774E-02 -0.26816950E-08 -0.77464769E-02 -0.39277963E-09  0.28745155E-04  0.42694844E-09
    1    2   -0.17863356E-01 -0.16342411E-08 -0.51635018E-03  0.51848923E-09 -0.18272854E-01 -0.11313998E-08
    2    2    0.50711940E-03 -0.93380879E-18  0.13381209E-02 -0.48992552E-24 -0.50711940E-03 -0.93380825E-18
    3    2    0.20900122E-01  0.65553928E-10 -0.56419918E-02  0.10047251E-08  0.20490619E-01  0.42992144E-09
    4    2   -0.36717679E-09  0.79627160E-09  0.23840949E-02 -0.21512854E-08  0.57821596E-09 -0.88033268E-09
    5    2   -0.16491567E-01 -0.67407483E-09 -0.35427883E-03  0.12325833E-08 -0.13815884E-01 -0.15956825E-08
    6    2    0.17133129E-01 -0.31868894E-08 -0.24581284E-02  0.68275070E-09  0.18137832E-01  0.26800723E-09
    7    2   -0.27977927E-01  0.20117558E-08  0.82206633E-03 -0.56318009E-09 -0.31769651E-01  0.22520776E-08
    8    2    0.10930246E-01 -0.23932424E-09  0.12069377E-03 -0.52872265E-09  0.13918460E-01  0.75401672E-09
    1    3    0.20942795E-01  0.13237359E-08 -0.64188829E-02 -0.74425127E-09  0.20942797E-01 -0.91833621E-09
    2    3   -0.20490619E-01  0.42992371E-09 -0.42619998E-02  0.15299237E-09 -0.20900122E-01  0.65556188E-10
    3    3   -0.19562091E-08  0.21694522E-18  0.16349436E-01  0.62941568E-19  0.19562089E-08 -0.99675045E-18
    4    3   -0.20900121E-01 -0.89651073E-09 -0.42619996E-02  0.11153807E-08 -0.20490618E-01  0.12897020E-09
    5    3    0.45545815E-01 -0.69414386E-09 -0.40392338E-02 -0.14882800E-09  0.45545813E-01 -0.22725889E-08
    6    3   -0.21330177E-01  0.40316272E-09  0.47735800E-02 -0.24749098E-08 -0.15843167E-01  0.49963659E-09
    7    3   -0.25137688E-02  0.30791778E-09 -0.62191255E-02  0.26780212E-08 -0.25137702E-02  0.79508973E-09
    8    3   -0.15843168E-01  0.11974108E-08  0.47735801E-02  0.31074569E-09 -0.21330175E-01  0.68480538E-09
    1    4   -0.18272855E-01  0.66743118E-09 -0.51635114E-03 -0.48709082E-08 -0.17863355E-01  0.32893344E-09
    2    4   -0.57821754E-09 -0.88033053E-09  0.23840964E-02  0.26813099E-08  0.36717523E-09  0.79627377E-09
    3    4    0.20490618E-01  0.12897039E-09 -0.56419903E-02  0.59797229E-09  0.20900121E-01 -0.89651054E-09
    4    4   -0.50711693E-03 -0.24556839E-18  0.13381225E-02 -0.18105652E-24  0.50711693E-03 -0.24556813E-18
    5    4   -0.13815884E-01  0.10221281E-08 -0.35428266E-03 -0.33779763E-08 -0.16491565E-01  0.33028286E-08
    6    4    0.13918463E-01 -0.99547992E-09  0.12069478E-03 -0.52500816E-09  0.10930246E-01 -0.54818452E-09
    7    4   -0.31769650E-01 -0.24879661E-09  0.82206676E-03  0.68424908E-09 -0.27977926E-01 -0.17512673E-08
    8    4    0.18137830E-01  0.10272358E-08 -0.24581261E-02  0.20629604E-08  0.17133127E-01 -0.11332761E-08
    1    5    0.34983292E-01  0.47928578E-09 -0.10627205E-01  0.35815377E-08  0.34983289E-01  0.25935879E-08
    2    5    0.13815884E-01 -0.15956835E-08  0.89985242E-02 -0.19538434E-08  0.16491567E-01 -0.67407592E-09
    3    5   -0.45545813E-01 -0.22725881E-08  0.32016136E-04  0.25698189E-09 -0.45545815E-01 -0.69414306E-09
    4    5    0.16491565E-01  0.33028281E-08  0.89985237E-02  0.37403463E-09  0.13815884E-01  0.10221276E-08
    5    5   -0.48706756E-09  0.26138991E-18 -0.12546716E-01 -0.56469977E-18  0.48706712E-09  0.39934158E-18
    6    5   -0.14947019E-01  0.46877994E-08  0.38997659E-02  0.29037115E-08 -0.15537168E-01  0.95475161E-10
    7    5    0.52680848E-01 -0.46181814E-09  0.47211333E-02 -0.29820931E-08  0.52680849E-01  0.95074584E-09
    8    5   -0.15537163E-01 -0.30430966E-08  0.38997652E-02 -0.17424928E-08 -0.14947017E-01 -0.28587496E-09
    1    6   -0.19569780E-02 -0.22321811E-09  0.84759678E-02 -0.65314854E-09 -0.28744372E-04  0.18898736E-08
    2    6   -0.18137832E-01  0.26800378E-09 -0.50150685E-03  0.12679894E-09 -0.17133129E-01 -0.31868929E-08
    3    6    0.15843167E-01  0.49963918E-09 -0.69082035E-02 -0.15836941E-09  0.21330177E-01  0.40316531E-09
    4    6   -0.10930246E-01 -0.54818305E-09 -0.18241210E-02  0.39443483E-09 -0.13918463E-01 -0.99547843E-09
    5    6    0.15537168E-01  0.95473704E-10  0.72135986E-02  0.91972369E-10  0.14947019E-01  0.46877980E-08
    6    6   -0.41572516E-03  0.82608917E-18 -0.44902427E-02 -0.71619007E-25  0.41572516E-03  0.82608905E-18
    7    6   -0.14947020E-01 -0.10769003E-08  0.72136028E-02  0.10436190E-10 -0.15537166E-01 -0.44691321E-08
    8    6    0.43553562E-09  0.40537688E-09 -0.85006669E-02  0.35786661E-09 -0.43473293E-09 -0.70444136E-09
    1    7   -0.48125989E-01 -0.70910317E-09  0.16674949E-01 -0.20324136E-08 -0.48125988E-01 -0.18643657E-08
    2    7    0.31769651E-01  0.22520772E-08 -0.97453385E-02 -0.45981034E-09  0.27977927E-01  0.20117554E-08
    3    7    0.25137702E-02  0.79509154E-09  0.51488039E-02  0.67144756E-09  0.25137688E-02  0.30791962E-09
    4    7    0.27977926E-01 -0.17512667E-08 -0.97453373E-02  0.28694741E-09  0.31769650E-01 -0.24879598E-09
    5    7   -0.52680849E-01  0.95074578E-09  0.47211341E-02 -0.10931621E-08 -0.52680848E-01 -0.46181819E-09
    6    7    0.15537166E-01 -0.44691314E-08  0.38997644E-02  0.22704561E-08  0.14947020E-01 -0.10768996E-08
    7    7    0.11210188E-08  0.39934176E-18 -0.12546717E-01  0.56469982E-18 -0.11210163E-08  0.26138960E-18
    8    7    0.14947017E-01  0.17313708E-08  0.38997646E-02 -0.11311541E-08  0.15537164E-01  0.65072008E-09
    1    8   -0.28745155E-04  0.42694797E-09  0.84759688E-02  0.11980880E-08 -0.19569774E-02 -0.26816954E-08
    2    8   -0.13918460E-01  0.75401516E-09 -0.18241215E-02  0.14215099E-08 -0.10930246E-01 -0.23932579E-09
    3    8    0.21330175E-01  0.68480558E-09 -0.69082056E-02 -0.21042617E-08  0.15843168E-01  0.11974110E-08
    4    8   -0.17133127E-01 -0.11332757E-08 -0.50150572E-03 -0.73992025E-09 -0.18137830E-01  0.10272362E-08
    5    8    0.14947017E-01 -0.28587453E-09  0.72136005E-02  0.57011043E-10  0.15537163E-01 -0.30430962E-08
    6    8    0.43473237E-09 -0.70444072E-09 -0.85006676E-02 -0.35190282E-08 -0.43553626E-09  0.40537752E-09
    7    8   -0.15537164E-01  0.65072177E-09  0.72136006E-02  0.28283366E-08 -0.14947017E-01  0.17313725E-08
    8    8    0.41572206E-03  0.46662011E-18 -0.44902429E-02  0.69337293E-25 -0.41572206E-03  0.46661979E-18

    0   -1   -1
    1    1   -0.28909764E-02 -0.50148187E-09 -0.23413828E-02  0.46057509E-09  0.39654480E-02 -0.86764290E-09
    2    1    0.29528092E-03  0.27806204E-09  0.93068611E-02 -0.77799402E-09 -0.37503192E-02 -0.12457614E-08
    3    1   -0.98825646E-03 -0.11099015E-08 -0.15276459E-02 -0.21208031E-09  0.39879686E-02 -0.89187061E-09
    4    1    0.12533157E-01  0.49820689E-09 -0.62497714E-02 -0.12317040E-08 -0.50687928E-02  0.26454086E-09
    5    1   -0.16832089E-01  0.11182211E-08  0.88005197E-02  0.14444472E-08  0.37638709E-02  0.11566658E-08
    6    1    0.24031355E-01 -0.46357172E-09 -0.29667954E-01 -0.19268324E-08 -0.85603602E-02  0.16936522E-08
    7    1    0.14750680E-01 -0.89881669E-09 -0.61830303E-02 -0.12512380E-09  0.12890797E-02  0.58646509E-10
    8    1   -0.10414401E-01 -0.98331406E-09  0.59754710E-02  0.22975587E-08  0.33833651E-02 -0.13798364E-08
    1    2    0.76609769E-02 -0.25723180E-09 -0.43551566E-02 -0.33141161E-08 -0.32275874E-02 -0.49373142E-09
    2    2   -0.21234573E-02  0.95689016E-09 -0.15248941E-02  0.16400905E-08  0.21234574E-02 -0.10610953E-08
    3    2    0.70969354E-03 -0.80786489E-09 -0.46869787E-02 -0.18363440E-09 -0.10178870E-01  0.25525829E-08
    4    2   -0.91937664E-02 -0.10701567E-08  0.19250310E-01  0.25394671E-08  0.16292500E-01 -0.13400377E-09
    5    2    0.12693810E-01  0.55060609E-09 -0.16680537E-01 -0.24873766E-08 -0.79229400E-02 -0.25611341E-08
    6    2    0.41317016E-02 -0.87099483E-09  0.16806415E-02  0.16903167E-08  0.78370508E-02  0.10512001E-08
    7    2   -0.38310941E-01  0.14471263E-08  0.34429772E-01  0.43073659E-09  0.11274097E-01 -0.10425695E-08
    8    2    0.14994248E-01 -0.77751386E-09 -0.14380090E-01 -0.19435772E-08 -0.11109503E-01  0.30330209E-09
    1    3   -0.22752321E-02 -0.16597321E-08  0.51666847E-02  0.71618996E-09  0.27009939E-02  0.25576726E-09
    2    3    0.56860054E-02  0.82700900E-09  0.32091150E-03 -0.20584832E-08  0.16404034E-02 -0.13668919E-09
    3    3   -0.39654457E-02 -0.19638624E-08 -0.23413820E-02  0.21337498E-09  0.28909768E-02 -0.11234532E-08
    4    3   -0.26714770E-03  0.16464984E-08 -0.13343220E-01  0.28741731E-09 -0.17869099E-01  0.11153962E-08
    5    3    0.28729954E-02 -0.15685395E-08  0.61546250E-02 -0.89395115E-09  0.12576455E-01 -0.40272389E-09
    6    3   -0.47708968E-01 -0.18834998E-08  0.48074568E-01  0.48788977E-08  0.12787089E-01 -0.13446483E-08
    7    3    0.28787167E-01  0.67346892E-09 -0.32194432E-01 -0.10479482E-08 -0.26182727E-01  0.16525011E-09
    8    3   -0.38466232E-03  0.18482724E-08  0.28969590E-02 -0.15830520E-08  0.73905521E-02  0.15490585E-08
    1    4   -0.23187635E-02  0.14496845E-09  0.54745700E-02  0.41834731E-09  0.42128019E-02  0.52693088E-09
    2    4    0.20130365E-02 -0.20058396E-08 -0.55935176E-02  0.20115873E-09 -0.59751847E-02  0.17900768E-08
    3    4   -0.10051732E-02  0.24141880E-08  0.89981746E-02  0.20338521E-11  0.55263920E-02 -0.93347624E-09
    4    4    0.43395568E-03 -0.38825417E-09 -0.64864176E-03  0.21079148E-09 -0.43395567E-03 -0.10859684E-08
    5    4   -0.70974476E-02 -0.15790299E-08  0.92924289E-02  0.34969863E-09  0.37121068E-02  0.80347806E-09
    6    4    0.22195823E-01  0.36741535E-08 -0.31503486E-01 -0.23269299E-08 -0.66041648E-02  0.19792482E-08
    7    4    0.13008983E-01 -0.16308822E-08 -0.79247299E-02  0.15040058E-08 -0.31282990E-02  0.12979678E-08
    8    4   -0.12043370E-01 -0.46450229E-09  0.13589237E-01  0.15036997E-09  0.75478841E-02 -0.17351997E-08
    1    5   -0.36681586E-02  0.14908321E-08 -0.45555255E-02  0.10246077E-08 -0.36921963E-02 -0.77521996E-09
    2    5   -0.20955161E-02 -0.19205243E-08  0.32361162E-02  0.85276194E-09  0.17798629E-02 -0.16946941E-08
    3    5    0.42830313E-02 -0.10439381E-08 -0.68380256E-03 -0.10793859E-08 -0.25453555E-03 -0.58209042E-09
    4    5    0.11036971E-02  0.29789446E-10  0.72708288E-02 -0.17589371E-08  0.73091125E-02  0.17072193E-08
    5    5    0.22538674E-03  0.45513674E-09  0.69755941E-03  0.71063910E-09 -0.31353941E-02 -0.43807693E-09
    6    5    0.84208302E-02 -0.10723564E-08 -0.17457447E-01 -0.31366183E-08 -0.75703849E-02 -0.23846009E-08
    7    5    0.17382343E-02 -0.51509480E-09  0.56305635E-02 -0.15433662E-09  0.11176151E-01  0.27743873E-10
    8    5   -0.62897153E-02  0.45232431E-09  0.24812775E-02  0.21469248E-08 -0.20956811E-02  0.82661628E-09
    1    6   -0.20955173E-02  0.17759838E-09 -0.17798623E-02 -0.44953608E-09 -0.32361175E-02  0.14118795E-09
    2    6   -0.36681576E-02 -0.12556165E-08  0.36921964E-02  0.41963849E-10  0.45555246E-02  0.14817761E-09
    3    6    0.42830336E-02  0.79376772E-10  0.25453579E-03  0.97681095E-09  0.68380372E-03 -0.71961226E-09
    4    6    0.11036991E-02  0.24307307E-08 -0.73091116E-02 -0.10731210E-08 -0.72708318E-02 -0.11282474E-08
    5    6   -0.41866715E-02 -0.18138988E-08  0.30293607E-02  0.14042491E-09  0.52968553E-02  0.58679124E-09
    6    6    0.46286447E-02  0.79320020E-09  0.41511432E-02  0.79128926E-09 -0.46286436E-02  0.76101782E-09
    7    6   -0.52968544E-02  0.35141569E-09  0.30293604E-02 -0.12700865E-08  0.41866689E-02 -0.12129151E-08
    8    6    0.65354706E-02 -0.86291508E-09 -0.58749763E-02  0.75204231E-09 -0.65354696E-02  0.56454952E-09
    1    7   -0.25054650E-02 -0.62042766E-09 -0.44279527E-03  0.79989654E-10 -0.25110225E-02  0.55735696E-09
    2    7   -0.25054661E-02  0.25319022E-08  0.25110248E-02 -0.15878729E-08  0.44279320E-03  0.11926301E-08
    3    7    0.16642509E-02 -0.31081528E-09  0.14377794E-02 -0.29901654E-09 -0.14377798E-02  0.54155823E-09
    4    7    0.98580582E-02 -0.16299234E-08 -0.38245227E-02  0.22578037E-08  0.38245239E-02 -0.21233733E-08
    5    7   -0.11176150E-01  0.12525953E-10  0.56305634E-02 -0.24898060E-09 -0.17382368E-02  0.93734085E-09
    6    7    0.75703834E-02 -0.41085252E-09 -0.17457447E-01 -0.80417083E-09 -0.84208323E-02 -0.23933353E-09
    7    7    0.31353925E-02  0.52560530E-10  0.69755648E-03  0.11369295E-08 -0.22538302E-03 -0.15503735E-08
    8    7    0.20956803E-02 -0.12016894E-08  0.24812796E-02 -0.65420318E-09  0.62897141E-02 -0.11811999E-08
    1    8    0.46921203E-02  0.11414022E-09  0.31716021E-02  0.80206803E-09  0.45715929E-02  0.12385607E-08
    2    8    0.46921178E-02  0.18453392E-09 -0.45715938E-02  0.10594568E-09 -0.31716001E-02  0.56454538E-10
    3    8   -0.68445243E-02  0.14231273E-08 -0.11774888E-03  0.41795197E-09  0.11774769E-03 -0.65532815E-09
    4    8   -0.35087355E-02 -0.49181313E-09  0.10358197E-02 -0.10959672E-09 -0.10358178E-02  0.14113502E-11
    5    8    0.89089671E-02 -0.14197921E-09 -0.41137722E-02 -0.25306556E-09  0.78704965E-03  0.71072940E-10
    6    8   -0.14395726E-01 -0.22868151E-09  0.24143917E-01  0.12447647E-09  0.14395727E-01 -0.44447964E-09
    7    8   -0.78704831E-03 -0.16473030E-08 -0.41137708E-02 -0.13019061E-09 -0.89089668E-02  0.71306015E-09
    8    8   -0.54292369E-03  0.98304088E-09  0.81433327E-03  0.53654415E-09  0.54292400E-03  0.23384218E-09

    0   -1    0
    1    1   -0.45312228E-01 -0.11534078E-09  0.21209061E-09 -0.72971419E-09  0.33560057E-08  0.65669141E-09
    2    1    0.39931035E-01  0.78399862E-09  0.11253085E-01  0.10590133E-08  0.11253087E-01  0.65281790E-10
    3    1    0.12519505E-01 -0.12650634E-08 -0.38522751E-01 -0.55636337E-09 -0.39838701E-01  0.66719035E-09
    4    1    0.12519502E-01  0.31343160E-09 -0.39838701E-01  0.90185750E-09 -0.38522756E-01 -0.11652431E-08
    5    1   -0.20804007E-01  0.58972612E-09  0.48290499E-01 -0.20014433E-08  0.48290497E-01  0.19110187E-08
    6    1   -0.27397345E-01 -0.73132698E-09  0.40559825E-01 -0.79314343E-09  0.40559822E-01  0.65441632E-09
    7    1    0.13080394E-01  0.58134588E-09 -0.38841437E-01 -0.38224368E-09 -0.19563838E-01 -0.32802987E-08
    8    1    0.13080397E-01  0.66334560E-09 -0.19563847E-01  0.96214451E-09 -0.38841438E-01 -0.68956544E-09
    1    2   -0.57193073E-02  0.27751219E-08 -0.28494154E-01  0.87821774E-09 -0.28494152E-01 -0.10949657E-09
    2    2   -0.45312230E-01 -0.26515174E-08 -0.18096810E-08  0.13929698E-08 -0.17574084E-08 -0.14721277E-08
    3    2    0.11951458E-01  0.92486319E-09  0.87108547E-02 -0.22538286E-08  0.46528824E-02  0.21734440E-09
    4    2    0.11951462E-01 -0.20104246E-08  0.46528831E-02  0.13499742E-08  0.87108545E-02 -0.23580790E-09
    5    2   -0.28560380E-01  0.33930972E-08 -0.10175790E-01 -0.58413226E-09 -0.10175791E-01  0.19671760E-08
    6    2    0.18191561E-01 -0.25774246E-09 -0.71714853E-01 -0.32882512E-08 -0.71714855E-01 -0.93684479E-09
    7    2    0.12327619E-01 -0.24083281E-08  0.56704428E-02  0.31914510E-08  0.30712212E-01 -0.28600051E-08
    8    2    0.12327622E-01 -0.17260009E-08  0.30712210E-01  0.22927289E-08  0.56704435E-02  0.16926871E-08
    1    3    0.11363366E-01 -0.10142180E-08  0.87108537E-02  0.41625772E-08  0.46528797E-02 -0.21217318E-08
    2    3   -0.10932002E-01  0.54568415E-09 -0.38522755E-01 -0.23613817E-08 -0.39838698E-01 -0.23030796E-09
    3    3   -0.81691192E-02  0.58969899E-09  0.32009916E-02 -0.50546337E-09 -0.32009916E-02  0.49924372E-09
    4    3   -0.98356252E-02  0.27576463E-08  0.34206925E-01 -0.23600996E-08  0.34206926E-01  0.24531086E-08
    5    3    0.13898259E-01 -0.38169536E-08 -0.42005075E-01  0.42707944E-08 -0.18745984E-01 -0.47763860E-08
    6    3   -0.80373548E-02  0.13206249E-08  0.72715709E-01  0.66762549E-09  0.59919817E-01  0.10641712E-08
    7    3   -0.58881709E-02  0.22464226E-08  0.14821551E-01 -0.19572480E-08  0.63206328E-01  0.68630992E-09
    8    3    0.15041507E-01  0.24070499E-08 -0.40861820E-01 -0.34826057E-08 -0.36880328E-01 -0.16555422E-09
    1    4    0.11363369E-01  0.72672795E-09  0.46528836E-02 -0.22758599E-08  0.87108538E-02  0.40172928E-08
    2    4   -0.10932002E-01  0.10535253E-09 -0.39838698E-01  0.94620123E-09 -0.38522756E-01  0.31585025E-10
    3    4   -0.98356263E-02  0.12358891E-08  0.34206924E-01  0.17746474E-08  0.34206924E-01  0.32917802E-09
    4    4   -0.81691232E-02  0.66112523E-09 -0.32009933E-02  0.19754831E-08  0.32009933E-02 -0.19815247E-08
    5    4    0.13898259E-01 -0.19055670E-09 -0.18745980E-01 -0.18738241E-08 -0.42005070E-01  0.15976701E-08
    6    4   -0.80373579E-02  0.10823306E-08  0.59919811E-01  0.21449581E-08  0.72715710E-01  0.39628553E-09
    7    4    0.15041507E-01 -0.33298888E-10 -0.36880330E-01 -0.82777950E-09 -0.40861825E-01 -0.25159455E-09
    8    4   -0.58881698E-02  0.19573157E-09  0.63206333E-01 -0.25473498E-08  0.14821549E-01 -0.96602800E-09
    1    5    0.51488061E-02 -0.36233975E-08 -0.25137708E-02 -0.30681228E-08 -0.25137723E-02 -0.28035375E-08
    2    5    0.16674950E-01  0.21980207E-08  0.48125992E-01  0.21916232E-08  0.48125992E-01  0.69539556E-09
    3    5   -0.97453393E-02 -0.13965565E-08 -0.27977926E-01  0.57919617E-10 -0.31769649E-01 -0.43263059E-09
    4    5   -0.97453416E-02  0.18920626E-08 -0.31769652E-01 -0.87351527E-09 -0.27977928E-01 -0.39052193E-09
    5    5    0.55862373E-01 -0.32776901E-08  0.48185031E-08  0.38537074E-09  0.72298596E-09 -0.46182325E-09
    6    5   -0.53085178E-02  0.29713480E-08 -0.33445319E-01  0.34339349E-09 -0.33445321E-01  0.71655145E-09
    7    5   -0.30759503E-01  0.14392537E-08 -0.21673624E-02 -0.20229362E-08 -0.16469813E-02  0.18471921E-08
    8    5   -0.30759511E-01  0.12424714E-09 -0.16469866E-02  0.28368186E-08 -0.21673612E-02  0.44169744E-10
    1    6    0.32014990E-04  0.91409045E-09  0.45545813E-01 -0.49841987E-09  0.45545812E-01  0.45415095E-10
    2    6   -0.10627201E-01 -0.73948846E-09 -0.34983289E-01 -0.20282777E-08 -0.34983289E-01 -0.22689903E-09
    3    6    0.89985214E-02  0.17304541E-09 -0.16491567E-01  0.11940311E-08 -0.13815886E-01 -0.34089694E-10
    4    6    0.89985228E-02 -0.41904417E-09 -0.13815886E-01  0.14109342E-08 -0.16491564E-01  0.29094706E-08
    5    6   -0.34471380E-01  0.88539654E-09  0.37367959E-01 -0.88278740E-10  0.37367958E-01 -0.16566555E-08
    6    6    0.55862365E-01  0.20465920E-08 -0.32310250E-08  0.54100968E-10 -0.21941060E-08 -0.14729713E-09
    7    6    0.12106419E-01 -0.23008037E-08 -0.12227739E-01 -0.14317098E-09 -0.20829098E-01  0.15260807E-08
    8    6    0.12106420E-01  0.10716638E-08 -0.20829099E-01 -0.13096267E-08 -0.12227742E-01 -0.16693085E-08
    1    7   -0.69082034E-02  0.14074526E-08 -0.21330175E-01 -0.10194637E-08 -0.15843169E-01  0.49148003E-08
    2    7    0.84759672E-02  0.28854121E-09  0.28743683E-04  0.97839683E-10  0.19569814E-02 -0.67416151E-09
    3    7   -0.50150691E-03 -0.28344063E-09  0.17133129E-01 -0.86565238E-09  0.18137831E-01 -0.12229215E-08
    4    7   -0.18241217E-02 -0.11928839E-08  0.13918462E-01  0.12126022E-08  0.10930245E-01 -0.42735818E-08
    5    7    0.22205843E-02  0.17116985E-08 -0.18687430E-01 -0.10626985E-08 -0.27288791E-01  0.53085932E-08
    6    7   -0.37392648E-01 -0.33492651E-08  0.42284436E-02 -0.40866989E-09  0.47488259E-02 -0.15073670E-08
    7    7   -0.57187593E-02 -0.64485839E-09  0.33302029E-02  0.25088441E-08 -0.33302030E-02 -0.24998481E-08
    8    7    0.11694226E-01  0.12515746E-09  0.16346988E-01 -0.72148509E-09  0.16346989E-01  0.31288393E-09
    1    8   -0.69082062E-02  0.73097565E-09 -0.15843173E-01  0.48816259E-08 -0.21330175E-01 -0.22301554E-09
    2    8    0.84759681E-02  0.31956761E-09  0.19569787E-02 -0.20453627E-08  0.28743494E-04 -0.51571154E-09
    3    8   -0.18241201E-02  0.72663011E-09  0.10930249E-01 -0.57002578E-09  0.13918462E-01 -0.13790530E-08
    4    8   -0.50150447E-03 -0.13937919E-08  0.18137834E-01 -0.28067449E-08  0.17133129E-01  0.47440584E-09
    5    8    0.22205784E-02 -0.19408769E-09 -0.27288795E-01  0.24374628E-08 -0.18687432E-01  0.13646825E-08
    6    8   -0.37392648E-01 -0.15435787E-08  0.47488298E-02 -0.96835272E-09  0.42284456E-02  0.17914391E-08
    7    8    0.11694225E-01  0.10612069E-08  0.16346987E-01  0.83385517E-09  0.16346987E-01 -0.22182980E-08
    8    8   -0.57187560E-02  0.21018285E-08 -0.33302033E-02  0.14547190E-08  0.33302033E-02 -0.14444851E-08

    0   -1    1
    1    1   -0.11284095E-09  0.77842365E-09 -0.45312224E-01  0.22604407E-08  0.36859554E-08 -0.84454623E-09
    2    1   -0.38522752E-01  0.65709979E-09  0.12519502E-01 -0.85122052E-09 -0.39838700E-01 -0.16820869E-08
    3    1    0.11253084E-01 -0.12992784E-10  0.39931031E-01 -0.11447775E-08  0.11253085E-01 -0.59465852E-09
    4    1   -0.39838698E-01  0.14173653E-08  0.12519502E-01  0.67004588E-09 -0.38522755E-01  0.25109866E-08
    5    1    0.48290497E-01 -0.31197313E-08 -0.20804001E-01  0.93854979E-09  0.48290498E-01  0.81414858E-09
    6    1   -0.38841439E-01  0.21913163E-08  0.13080393E-01  0.86294409E-09 -0.19563841E-01 -0.17182389E-08
    7    1    0.40559825E-01 -0.15412648E-08 -0.27397347E-01  0.16403349E-09  0.40559825E-01  0.22668843E-08
    8    1   -0.19563841E-01  0.15891096E-08  0.13080392E-01 -0.96431040E-09 -0.38841438E-01  0.12812340E-10
    1    2    0.87108545E-02 -0.89412618E-09  0.11363366E-01 -0.16259031E-08  0.46528815E-02  0.30993147E-09
    2    2    0.32009904E-02  0.10966113E-08 -0.81691170E-02  0.12306963E-08 -0.32009904E-02 -0.11046684E-08
    3    2   -0.38522753E-01  0.70360225E-09 -0.10932004E-01  0.18128334E-08 -0.39838700E-01  0.20961876E-08
    4    2    0.34206925E-01 -0.83840443E-09 -0.98356243E-02 -0.35819792E-09  0.34206925E-01 -0.13968885E-08
    5    2   -0.42005079E-01 -0.23754375E-08  0.13898257E-01 -0.24145637E-08 -0.18745984E-01 -0.95101971E-11
    6    2    0.14821554E-01  0.27183442E-08 -0.58881695E-02 -0.11950834E-08  0.63206334E-01 -0.52438130E-10
    7    2    0.72715711E-01 -0.59177505E-08 -0.80373559E-02  0.22041985E-08  0.59919812E-01  0.21829932E-08
    8    2   -0.40861819E-01  0.12999384E-08  0.15041507E-01  0.15784185E-08 -0.36880324E-01 -0.34787939E-09
    1    3   -0.28494155E-01 -0.23920248E-08 -0.57193063E-02  0.11161901E-09 -0.28494152E-01 -0.10699699E-08
    2    3    0.87108552E-02  0.16755927E-08  0.11951460E-01 -0.57055506E-10  0.46528821E-02  0.14621308E-08
    3    3   -0.42168254E-08  0.11995047E-08 -0.45312226E-01 -0.15740627E-08  0.65333674E-09 -0.12570813E-08
    4    3    0.46528820E-02 -0.55443213E-09  0.11951459E-01 -0.24256808E-08  0.87108532E-02 -0.10263675E-08
    5    3   -0.10175784E-01 -0.29486496E-09 -0.28560382E-01  0.24716435E-08 -0.10175788E-01  0.17838792E-08
    6    3    0.56704405E-02 -0.23206202E-08  0.12327623E-01 -0.57550808E-09  0.30712211E-01 -0.99762090E-09
    7    3   -0.71714854E-01  0.32211300E-08  0.18191561E-01 -0.16548850E-08 -0.71714856E-01 -0.14631207E-08
    8    3    0.30712205E-01 -0.51389587E-09  0.12327623E-01 -0.12101363E-08  0.56704399E-02 -0.36450650E-09
    1    4    0.46528826E-02  0.76511217E-09  0.11363369E-01  0.84944339E-09  0.87108538E-02 -0.93529233E-09
    2    4    0.34206923E-01  0.17747885E-08 -0.98356275E-02  0.47432790E-09  0.34206924E-01  0.16127356E-08
    3    4   -0.39838698E-01 -0.18661597E-08 -0.10932001E-01 -0.52585572E-09 -0.38522754E-01  0.79935676E-09
    4    4   -0.32009915E-02 -0.26166672E-08 -0.81691214E-02 -0.11948453E-09  0.32009915E-02  0.26116583E-08
    5    4   -0.18745984E-01  0.46966953E-08  0.13898261E-01  0.82362088E-09 -0.42005075E-01 -0.37241716E-08
    6    4   -0.36880322E-01 -0.36053112E-08  0.15041506E-01 -0.27464174E-08 -0.40861822E-01  0.10260829E-08
    7    4    0.59919809E-01  0.16819359E-09 -0.80373573E-02  0.73248430E-09  0.72715708E-01  0.10956600E-08
    8    4    0.63206335E-01 -0.53194057E-09 -0.58881717E-02  0.47323731E-09  0.14821557E-01  0.18426964E-08
    1    5   -0.25137749E-02  0.31385603E-08  0.51488052E-02  0.22315567E-09 -0.25137770E-02  0.17577355E-08
    2    5   -0.27977924E-01 -0.41473031E-08 -0.97453414E-02 -0.14964586E-08 -0.31769649E-01 -0.20977386E-08
    3    5    0.48125994E-01 -0.72087869E-09  0.16674951E-01 -0.68748657E-09  0.48125993E-01 -0.12064710E-08
    4    5   -0.31769650E-01  0.33422253E-08 -0.97453403E-02  0.34469344E-08 -0.27977924E-01  0.50203447E-09
    5    5    0.24056545E-08 -0.57654564E-09  0.55862376E-01 -0.15806622E-08  0.30431685E-08  0.50785287E-09
    6    5   -0.21673638E-02  0.92066257E-09 -0.30759511E-01  0.26012653E-08 -0.16469860E-02  0.10659421E-08
    7    5   -0.33445322E-01  0.53982622E-09 -0.53085158E-02  0.26395418E-09 -0.33445320E-01 -0.21558472E-09
    8    5   -0.16469825E-02 -0.74014226E-09 -0.30759508E-01  0.22231024E-09 -0.21673649E-02 -0.87311411E-09
    1    6   -0.21330174E-01 -0.19194324E-08 -0.69082033E-02  0.78132545E-09 -0.15843166E-01  0.30801379E-09
    2    6    0.17133128E-01  0.32541312E-08 -0.50150623E-03  0.13317854E-09  0.18137834E-01  0.66231053E-09
    3    6    0.28741109E-04  0.85526220E-09  0.84759684E-02 -0.14913908E-08  0.19569757E-02 -0.19377550E-08
    4    6    0.13918464E-01 -0.11527700E-08 -0.18241238E-02  0.20422089E-09  0.10930244E-01  0.21332833E-08
    5    6   -0.18687430E-01 -0.81730650E-09  0.22205831E-02  0.67577986E-09 -0.27288789E-01  0.89910563E-10
    6    6    0.33302012E-02 -0.19500767E-08 -0.57187562E-02  0.27327487E-08 -0.33302012E-02  0.19612785E-08
    7    6    0.42284487E-02  0.44394927E-08 -0.37392649E-01 -0.79670097E-09  0.47488247E-02 -0.33921109E-08
    8    6    0.16346985E-01 -0.17846585E-08  0.11694225E-01 -0.16537184E-08  0.16346987E-01  0.87270867E-09
    1    7    0.45545814E-01 -0.11747052E-08  0.32016891E-04  0.10880508E-08  0.45545814E-01 -0.13877607E-08
    2    7   -0.16491568E-01  0.22447400E-08  0.89985242E-02 -0.79237975E-09 -0.13815890E-01  0.13993801E-08
    3    7   -0.34983284E-01  0.55986730E-09 -0.10627204E-01  0.87205034E-09 -0.34983286E-01  0.71275262E-09
    4    7   -0.13815890E-01 -0.96995461E-09  0.89985238E-02 -0.14122160E-08 -0.16491566E-01 -0.14854805E-11
    5    7    0.37367958E-01 -0.16445955E-08 -0.34471382E-01  0.20035001E-08  0.37367958E-01 -0.15408339E-08
    6    7   -0.12227742E-01  0.87414542E-09  0.12106422E-01 -0.27497816E-08 -0.20829098E-01 -0.13215437E-08
    7    7   -0.35315988E-08 -0.12907497E-08  0.55862364E-01 -0.85300947E-09 -0.20080752E-08  0.12227297E-08
    8    7   -0.20829096E-01  0.25476924E-08  0.12106419E-01  0.14694014E-08 -0.12227740E-01 -0.69040440E-09
    1    8   -0.15843167E-01 -0.11840455E-08 -0.69082056E-02 -0.94962624E-09 -0.21330172E-01  0.91125418E-10
    2    8    0.10930246E-01  0.89866219E-09 -0.18241205E-02  0.42561178E-09  0.13918461E-01 -0.79332262E-09
    3    8    0.19569738E-02 -0.31376844E-09  0.84759656E-02  0.15317415E-08  0.28742794E-04  0.10149207E-08
    4    8    0.18137832E-01 -0.21022624E-09 -0.50150501E-03 -0.19354634E-08  0.17133127E-01 -0.36104871E-09
    5    8   -0.27288787E-01 -0.66868061E-09  0.22205816E-02 -0.24309868E-09 -0.18687430E-01  0.80839907E-10
    6    8    0.16346986E-01  0.52035830E-09  0.11694224E-01  0.62324474E-09  0.16346987E-01  0.24419351E-09
    7    8    0.47488269E-02 -0.20914381E-08 -0.37392643E-01 -0.21184421E-08  0.42284450E-02  0.27203024E-08
    8    8   -0.33302066E-02  0.11703943E-08 -0.57187596E-02  0.85532208E-09  0.33302066E-02 -0.11606745E-08

    0   -1    2
    1    1   -0.23413826E-02 -0.15986470E-08 -0.28909786E-02 -0.22924970E-08  0.39654452E-02  0.10614618E-08
    2    1   -0.15276468E-02  0.25379449E-08 -0.98825551E-03  0.95844767E-09  0.39879674E-02  0.55803961E-09
    3    1    0.93068614E-02 -0.19274479E-08  0.29528106E-03  0.96445034E-09 -0.37503204E-02  0.19999413E-08
    4    1   -0.62497741E-02  0.17453580E-08  0.12533157E-01  0.10207482E-08 -0.50687923E-02 -0.13158127E-08
    5    1    0.88005226E-02 -0.13285202E-08 -0.16832090E-01 -0.13597727E-08  0.37638712E-02 -0.18116620E-08
    6    1   -0.61830314E-02 -0.38217182E-08  0.14750681E-01  0.72473910E-09  0.12890799E-02 -0.22726989E-09
    7    1   -0.29667954E-01  0.40944829E-08  0.24031354E-01 -0.18587974E-08 -0.85603590E-02 -0.40600741E-09
    8    1    0.59754706E-02  0.18373939E-09 -0.10414400E-01  0.25852983E-09  0.33833666E-02 -0.21894199E-09
    1    2    0.51666849E-02  0.16917069E-08 -0.22752314E-02 -0.46609055E-10  0.27009947E-02  0.16999989E-08
    2    2   -0.23413834E-02 -0.77943238E-09 -0.39654481E-02  0.13935355E-08  0.28909774E-02  0.16007378E-08
    3    2    0.32091146E-03  0.40504862E-08  0.56860060E-02 -0.26280554E-08  0.16404046E-02 -0.89755136E-09
    4    2   -0.13343218E-01 -0.84284755E-10 -0.26714801E-03  0.12731476E-08 -0.17869099E-01 -0.23182935E-08
    5    2    0.61546201E-02 -0.30481717E-09  0.28729989E-02 -0.14547452E-09  0.12576451E-01  0.33732468E-08
    6    2   -0.32194430E-01  0.31666450E-08  0.28787163E-01 -0.20314916E-08 -0.26182727E-01 -0.29295657E-09
    7    2    0.48074570E-01 -0.30741151E-08 -0.47708970E-01  0.21044044E-08  0.12787092E-01  0.73959582E-09
    8    2    0.28969633E-02 -0.11506608E-09 -0.38466568E-03  0.56694856E-09  0.73905541E-02  0.17536504E-08
    1    3   -0.43551563E-02  0.10913039E-08  0.76609766E-02  0.22645788E-08 -0.32275870E-02  0.14523269E-09
    2    3   -0.46869770E-02  0.61852753E-09  0.70969180E-03 -0.17101885E-08 -0.10178866E-01  0.70915704E-09
    3    3   -0.15248946E-02  0.17036965E-09 -0.21234584E-02  0.10387410E-08  0.21234567E-02  0.74253345E-09
    4    3    0.19250311E-01  0.32540253E-09 -0.91937653E-02 -0.18468024E-08  0.16292499E-01  0.17794915E-08
    5    3   -0.16680535E-01  0.71881912E-09  0.12693809E-01  0.14089642E-08 -0.79229425E-02 -0.35694858E-09
    6    3    0.34429770E-01 -0.79212298E-09 -0.38310942E-01 -0.17041841E-09  0.11274100E-01  0.20030182E-08
    7    3    0.16806382E-02  0.17446742E-08  0.41317033E-02 -0.82383200E-09  0.78370494E-02 -0.11903566E-08
    8    3   -0.14380091E-01  0.20020886E-09  0.14994249E-01  0.13556434E-08 -0.11109502E-01 -0.21412953E-08
    1    4    0.54745671E-02  0.11590679E-08 -0.23187633E-02  0.18372587E-08  0.42128019E-02  0.13583035E-09
    2    4    0.89981764E-02 -0.24888141E-08 -0.10051730E-02 -0.11030602E-08  0.55263892E-02 -0.12527536E-08
    3    4   -0.55935170E-02  0.17494674E-08  0.20130359E-02 -0.14206081E-09 -0.59751855E-02  0.10949349E-08
    4    4   -0.64864369E-03 -0.80673487E-09  0.43395397E-03  0.79399884E-10 -0.43395418E-03  0.95470327E-09
    5    4    0.92924293E-02  0.28480766E-08 -0.70974472E-02  0.88261451E-09  0.37121089E-02  0.11079136E-08
    6    4   -0.79247306E-02  0.11808331E-09  0.13008984E-01  0.39422937E-08 -0.31282999E-02 -0.16325096E-08
    7    4   -0.31503485E-01 -0.21636322E-08  0.22195824E-01 -0.71617244E-09 -0.66041658E-02  0.97065958E-09
    8    4    0.13589235E-01  0.50454872E-09 -0.12043370E-01 -0.25785184E-08  0.75478825E-02  0.50650170E-09
    1    5   -0.45555242E-02 -0.26374121E-08 -0.36681587E-02 -0.43591994E-08 -0.36921973E-02 -0.23083614E-08
    2    5   -0.68380408E-03  0.43458686E-08  0.42830329E-02  0.15899614E-08 -0.25453606E-03  0.27596270E-08
    3    5    0.32361156E-02 -0.31989570E-08 -0.20955171E-02  0.11918801E-08  0.17798627E-02 -0.11241335E-09
    4    5    0.72708283E-02  0.12264437E-08  0.11036977E-02  0.86836094E-09  0.73091125E-02  0.15090471E-08
    5    5    0.69755834E-03  0.82219145E-09  0.22538411E-03  0.10884592E-09 -0.31353942E-02 -0.12487583E-08
    6    5    0.56305645E-02 -0.23016174E-08  0.17382361E-02 -0.43496790E-09  0.11176151E-01 -0.65497902E-09
    7    5   -0.17457447E-01  0.28027481E-08  0.84208301E-02 -0.14651403E-08 -0.75703839E-02  0.91535376E-09
    8    5    0.24812766E-02 -0.16974774E-09 -0.62897143E-02  0.97264116E-09 -0.20956815E-02  0.11847625E-08
    1    6   -0.44279798E-03 -0.11601187E-08 -0.25054627E-02  0.25782065E-08 -0.25110230E-02 -0.22531326E-08
    2    6    0.14377822E-02  0.11801702E-08  0.16642485E-02 -0.31474360E-08 -0.14377821E-02  0.79438052E-09
    3    6    0.25110256E-02 -0.14611804E-08 -0.25054676E-02  0.85175756E-09  0.44279393E-03  0.23341029E-09
    4    6   -0.38245235E-02 -0.14017570E-08  0.98580563E-02 -0.12773790E-08  0.38245240E-02  0.12924071E-08
    5    6    0.56305630E-02  0.93272992E-09 -0.11176146E-01  0.37454975E-08 -0.17382339E-02 -0.12374566E-08
    6    6    0.69755731E-03 -0.88574647E-09  0.31353917E-02 -0.27662900E-09 -0.22538460E-03  0.79023604E-11
    7    6   -0.17457447E-01  0.80281923E-09  0.75703808E-02 -0.13970236E-08 -0.84208316E-02  0.21053713E-08
    8    6    0.24812797E-02  0.48795568E-09  0.20956804E-02 -0.20260034E-08  0.62897121E-02 -0.64253909E-09
    1    7   -0.17798601E-02  0.17327577E-08 -0.20955179E-02 -0.14631338E-08 -0.32361175E-02  0.15868549E-09
    2    7    0.25453470E-03 -0.32727825E-08  0.42830321E-02  0.18378834E-08  0.68380390E-03 -0.23544818E-08
    3    7    0.36921959E-02  0.24201419E-08 -0.36681573E-02 -0.99390648E-09  0.45555248E-02  0.16807483E-08
    4    7   -0.73091126E-02  0.12751802E-08  0.11036999E-02  0.17740326E-09 -0.72708304E-02 -0.35433058E-09
    5    7    0.30293628E-02  0.13665632E-08 -0.41866719E-02 -0.21029017E-08  0.52968556E-02  0.17204802E-08
    6    7    0.30293619E-02  0.18427428E-08 -0.52968558E-02 -0.35245279E-09  0.41866696E-02  0.21351083E-08
    7    7    0.41511433E-02 -0.93556907E-09  0.46286444E-02 -0.25896578E-09 -0.46286433E-02  0.88082365E-09
    8    7   -0.58749762E-02 -0.11121013E-08  0.65354717E-02  0.15955736E-08 -0.65354711E-02 -0.10903556E-08
    1    8    0.31716022E-02 -0.57047959E-09  0.46921188E-02  0.12069416E-08  0.45715962E-02  0.26535601E-08
    2    8   -0.11774900E-03 -0.63632259E-09 -0.68445227E-02  0.85800733E-09  0.11774952E-03 -0.20998897E-09
    3    8   -0.45715945E-02  0.14635977E-08  0.46921209E-02 -0.53524804E-09 -0.31716019E-02 -0.14781950E-08
    4    8    0.10358210E-02  0.38135905E-09 -0.35087360E-02  0.11532825E-08 -0.10358217E-02 -0.22078527E-08
    5    8   -0.41137739E-02 -0.17278546E-08  0.89089653E-02 -0.17041698E-08  0.78704968E-03  0.23906558E-08
    6    8   -0.41137711E-02  0.18486430E-08 -0.78704869E-03  0.63791847E-09 -0.89089663E-02 -0.45304097E-09
    7    8    0.24143919E-01 -0.56953658E-10 -0.14395725E-01  0.15956755E-08  0.14395727E-01 -0.48674608E-09
    8    8    0.81433235E-03 -0.15007788E-09 -0.54292431E-03  0.31016285E-09  0.54292503E-03  0.53606961E-09

    0    0   -2
    1    1    0.50711705E-03  0.11072702E-15  0.50711705E-03  0.11072702E-15 -0.13381228E-02  0.11167440E-15
    2    1   -0.22724102E-01 -0.17390051E-08  0.21165007E-01  0.75983740E-09  0.34085062E-02 -0.10073634E-08
    3    1    0.21165007E-01  0.34849319E-09 -0.22724102E-01 -0.69713452E-09  0.34085049E-02  0.24271501E-09
    4    1   -0.26430709E-02  0.33378683E-08 -0.26430701E-02  0.49755501E-09 -0.50271685E-02  0.73021838E-09
    5    1    0.14377789E-02 -0.81872376E-09  0.14377780E-02 -0.24624171E-09 -0.30924308E-03 -0.16830302E-10
    6    1    0.25453462E-03  0.94466060E-09 -0.68380249E-03 -0.67671375E-09 -0.20953243E-02 -0.33436149E-10
    7    1   -0.68379984E-03 -0.95131252E-09  0.25453518E-03  0.15109539E-08 -0.20953249E-02 -0.51674115E-09
    8    1   -0.11774977E-03 -0.11270074E-08 -0.11774812E-03 -0.99604753E-09  0.27370931E-02  0.12291524E-08
    1    2    0.21165007E-01 -0.75983488E-09 -0.22724102E-01  0.17390055E-08  0.45268902E-02  0.99311605E-10
    2    2   -0.20743640E-08  0.11042817E-15 -0.20743667E-08  0.54825903E-16 -0.16349436E-01  0.63378394E-16
    3    2   -0.27349235E-01 -0.34932399E-09  0.25508598E-01  0.84519539E-09  0.12439778E-04 -0.29217267E-09
    4    2    0.22419100E-01 -0.28822513E-08 -0.21470014E-01  0.29535229E-09  0.61904820E-02 -0.10960491E-08
    5    2    0.25110245E-02  0.17549434E-09 -0.44279027E-03  0.10769797E-08  0.23812011E-02 -0.45117382E-09
    6    2    0.36921968E-02 -0.33599966E-09 -0.45555278E-02 -0.21186325E-10 -0.14353497E-02 -0.52534794E-09
    7    2    0.32361164E-02  0.28606537E-09 -0.17798620E-02  0.70167129E-09  0.26060627E-02  0.26863590E-09
    8    2   -0.45715941E-02  0.39262264E-09  0.31716008E-02 -0.24852338E-08 -0.19168289E-02  0.99909023E-10
    1    3   -0.22724102E-01  0.69713215E-09  0.21165007E-01 -0.34849352E-09  0.45268894E-02 -0.71871557E-09
    2    3    0.25508598E-01 -0.84519494E-09 -0.27349235E-01  0.34932642E-09  0.12440091E-04  0.11819319E-08
    3    3    0.49752536E-09  0.54825904E-16  0.49752664E-09  0.11042816E-15 -0.16349436E-01  0.63378394E-16
    4    3   -0.21470014E-01  0.83630540E-09  0.22419100E-01 -0.46621300E-09  0.61904819E-02 -0.10797214E-08
    5    3   -0.44279267E-03  0.22346767E-09  0.25110227E-02 -0.46179728E-09  0.23812018E-02 -0.53345789E-09
    6    3   -0.17798633E-02  0.29540954E-09  0.32361168E-02 -0.91617813E-09  0.26060645E-02  0.13224623E-08
    7    3   -0.45555255E-02  0.57387539E-09  0.36921956E-02 -0.10186423E-08 -0.14353507E-02  0.90619226E-09
    8    3    0.31716011E-02 -0.19092582E-09 -0.45715924E-02  0.18300426E-08 -0.19168307E-02 -0.21574293E-09
    1    4   -0.26430701E-02 -0.49755638E-09 -0.26430709E-02 -0.33378696E-08 -0.50271689E-02 -0.66317587E-09
    2    4   -0.21470014E-01 -0.29535170E-09  0.22419100E-01  0.28822536E-08  0.50720962E-02 -0.19271505E-08
    3    4    0.22419100E-01  0.46621143E-09 -0.21470014E-01 -0.83630657E-09  0.50720978E-02  0.12348980E-08
    4    4   -0.50711734E-03  0.54527052E-16 -0.50711734E-03  0.54527052E-16 -0.13381205E-02  0.11167440E-15
    5    4   -0.38245226E-02  0.18507497E-09 -0.38245222E-02 -0.15028812E-08 -0.84206168E-02  0.55461507E-10
    6    4   -0.73091093E-02 -0.15519937E-08  0.72708314E-02  0.86974554E-09  0.64223592E-02  0.59239304E-09
    7    4    0.72708275E-02  0.38400651E-09 -0.73091116E-02  0.57009587E-10  0.64223619E-02 -0.10293055E-08
    8    4    0.10358190E-02  0.88924083E-09  0.10358169E-02  0.12797312E-08 -0.31155843E-02 -0.58215699E-09
    1    5    0.14377780E-02  0.24624233E-09  0.14377789E-02  0.81872437E-09 -0.16642503E-02  0.18585827E-08
    2    5   -0.44279027E-03 -0.10769796E-08  0.25110245E-02 -0.17549550E-09  0.25054667E-02 -0.26138014E-09
    3    5    0.25110227E-02  0.46179692E-09 -0.44279267E-03 -0.22346603E-09  0.25054659E-02 -0.18978233E-09
    4    5   -0.38245222E-02  0.15028822E-08 -0.38245226E-02 -0.18507464E-09 -0.98580598E-02 -0.68179166E-10
    5    5   -0.41572819E-03  0.14552503E-16 -0.41572819E-03  0.14552500E-16  0.44902438E-02  0.13943804E-16
    6    5    0.15537168E-01  0.16947936E-08 -0.14947020E-01  0.67875402E-10 -0.72135994E-02 -0.18057739E-09
    7    5   -0.14947018E-01 -0.13143973E-08  0.15537168E-01  0.19714414E-09 -0.72136015E-02 -0.85805338E-09
    8    5    0.18095162E-09  0.50305584E-09  0.30639952E-08  0.18567603E-09  0.85006694E-02 -0.33441808E-09
    1    6   -0.68380249E-03  0.67671298E-09  0.25453462E-03 -0.94466213E-09 -0.42830321E-02  0.13374781E-08
    2    6   -0.45555278E-02  0.21187470E-10  0.36921968E-02  0.33599653E-09  0.36681585E-02 -0.15613778E-08
    3    6    0.32361168E-02  0.91617667E-09 -0.17798633E-02 -0.29541042E-09  0.20955173E-02 -0.99008403E-09
    4    6    0.72708314E-02 -0.86974589E-09 -0.73091093E-02  0.15519918E-08 -0.11036982E-02  0.53028315E-09
    5    6   -0.14947020E-01 -0.67874589E-10  0.15537168E-01 -0.16947939E-08 -0.38997650E-02  0.10850269E-08
    6    6   -0.94883837E-09  0.14068305E-16 -0.94883965E-09 -0.14068305E-16  0.12546712E-01 -0.23214265E-16
    7    6    0.52680843E-01 -0.28766621E-08 -0.52680844E-01  0.30131068E-08 -0.47211319E-02  0.16195696E-09
    8    6   -0.15537163E-01  0.81558686E-09  0.14947017E-01 -0.10943135E-09 -0.38997662E-02 -0.19884536E-09
    1    7    0.25453518E-03 -0.15109539E-08 -0.68379984E-03  0.95131412E-09 -0.42830339E-02 -0.16316130E-08
    2    7   -0.17798620E-02 -0.70167244E-09  0.32361164E-02 -0.28606585E-09  0.20955162E-02  0.48488646E-09
    3    7    0.36921956E-02  0.10186413E-08 -0.45555255E-02 -0.57387276E-09  0.36681591E-02  0.45068680E-09
    4    7   -0.73091116E-02 -0.57009454E-10  0.72708275E-02 -0.38400504E-09 -0.11036979E-02  0.71774074E-10
    5    7    0.15537168E-01 -0.19714451E-09 -0.14947018E-01  0.13143970E-08 -0.38997669E-02 -0.32723119E-09
    6    7   -0.52680844E-01 -0.30131056E-08  0.52680843E-01  0.28766621E-08 -0.47211327E-02 -0.31466290E-08
    7    7    0.24070732E-10 -0.14068302E-16  0.24073279E-10  0.14068306E-16  0.12546716E-01 -0.23214264E-16
    8    7    0.14947018E-01  0.39027400E-09 -0.15537168E-01 -0.10998596E-08 -0.38997650E-02  0.11466501E-08
    1    8   -0.11774812E-03  0.99604874E-09 -0.11774977E-03  0.11270078E-08  0.68445245E-02 -0.17575145E-08
    2    8    0.31716008E-02  0.24852338E-08 -0.45715941E-02 -0.39262428E-09 -0.46921196E-02  0.88649172E-09
    3    8   -0.45715924E-02 -0.18300420E-08  0.31716011E-02  0.19092686E-09 -0.46921206E-02  0.51828154E-09
    4    8    0.10358169E-02 -0.12797309E-08  0.10358190E-02 -0.88923954E-09  0.35087362E-02  0.16384350E-09
    5    8    0.30639955E-08 -0.18567691E-09  0.18095152E-09 -0.50305568E-09  0.85006690E-02 -0.71368820E-09
    6    8    0.14947017E-01  0.10943265E-09 -0.15537163E-01 -0.81558692E-09 -0.72135997E-02 -0.38142563E-09
    7    8   -0.15537168E-01  0.10998575E-08  0.14947018E-01 -0.39027284E-09 -0.72135992E-02 -0.20627006E-09
    8    8    0.41572451E-03 -0.14552507E-16  0.41572451E-03 -0.14552504E-16  0.44902425E-02  0.13943806E-16

    0    0   -1
    1    1    0.32009914E-02  0.29252660E-09  0.32009914E-02  0.28383306E-09  0.81691201E-02 -0.15118243E-08
    2    1    0.13390192E-01 -0.15148303E-09 -0.20960405E-01  0.70651249E-09 -0.15516505E-01  0.15789512E-08
    3    1   -0.51203539E-02  0.12548911E-08  0.11888157E-01  0.13893452E-08 -0.11830837E-01 -0.75679186E-09
    4    1   -0.14935934E-01  0.12172469E-08  0.16831844E-01 -0.49950741E-09  0.29106615E-01 -0.13023480E-09
    5    1    0.16428000E-02 -0.73339794E-09  0.77430039E-02 -0.18454335E-08  0.14254633E-02 -0.81522933E-09
    6    1   -0.23126556E-02  0.53192358E-09  0.12536999E-01  0.24775012E-08  0.63207153E-02 -0.65231402E-09
    7    1    0.46555139E-02 -0.16111764E-10 -0.30480957E-02 -0.16291042E-08  0.77191199E-04  0.95548861E-09
    8    1    0.12627310E-02 -0.55581592E-09 -0.12530316E-01 -0.29586409E-10 -0.60990172E-02  0.10936465E-08
    1    2   -0.68592489E-02 -0.19250210E-08  0.13627052E-01 -0.32676324E-09 -0.14157825E-01  0.13479232E-08
    2    2    0.20878579E-09  0.17613060E-08 -0.33560329E-08  0.16833711E-08  0.45312230E-01  0.39625013E-08
    3    2    0.25072799E-01  0.55867238E-09 -0.18956972E-01  0.21013606E-09  0.22979571E-02 -0.35398921E-08
    4    2   -0.12948894E-01  0.25290149E-08  0.75374086E-02 -0.65999222E-09 -0.16189500E-01  0.17956512E-08
    5    2   -0.85694672E-02 -0.18294870E-08 -0.33885010E-02 -0.45595480E-10 -0.96047855E-02 -0.33951396E-09
    6    2   -0.62881630E-03 -0.38641680E-09  0.26312292E-02  0.33220506E-09 -0.36863139E-02 -0.19143345E-08
    7    2    0.17683293E-02  0.46062587E-09 -0.68897291E-02 -0.14743620E-08 -0.37644440E-02  0.23768351E-08
    8    2    0.64155861E-02  0.86324684E-09  0.49774022E-02  0.55404864E-09  0.11408704E-01 -0.55643022E-09
    1    3    0.24345484E-01  0.21160425E-08 -0.31915695E-01 -0.22938950E-08 -0.28012720E-01  0.30563685E-08
    2    3   -0.23711453E-01 -0.15306477E-08  0.35083390E-01  0.30448160E-08 -0.52389398E-01 -0.28614375E-08
    3    3   -0.22050365E-08 -0.94630991E-09  0.13623350E-08 -0.10095623E-08  0.45312225E-01  0.24927914E-08
    4    3    0.28034286E-01 -0.12825276E-08 -0.28226892E-01  0.16348624E-08 -0.23007969E-01 -0.15905733E-08
    5    3    0.41374223E-02  0.13715944E-08 -0.10006578E-01 -0.86327934E-09  0.30301605E-02  0.14268461E-08
    6    3    0.50524860E-02  0.78577173E-09 -0.10267012E-01 -0.45331317E-09  0.27697275E-02 -0.11338573E-08
    7    3   -0.49463861E-02 -0.92264308E-09 -0.20125252E-03  0.27484778E-08  0.44136686E-02 -0.10365922E-08
    8    3   -0.42475203E-02 -0.11479787E-08  0.95620254E-02 -0.31054996E-10 -0.80502595E-03  0.19059060E-08
    1    4   -0.14935934E-01  0.16470700E-08  0.16831844E-01  0.26449971E-08  0.29106615E-01 -0.29525897E-08
    2    4    0.17078998E-01  0.52684202E-09 -0.17271600E-01 -0.73166410E-09 -0.10511756E-01  0.25081247E-08
    3    4   -0.11209996E-01 -0.21942130E-08  0.57985119E-02 -0.64105969E-09 -0.13862513E-01 -0.87054552E-09
    4    4   -0.32009921E-02 -0.23796312E-08 -0.32009921E-02 -0.23869038E-08  0.81691230E-02  0.83059417E-10
    5    4    0.22105902E-02  0.17812871E-08  0.16098599E-01  0.31025577E-08  0.51584618E-02 -0.24625237E-09
    6    4    0.89698957E-03 -0.15467415E-08 -0.45417425E-02 -0.41398184E-08 -0.15481881E-01  0.98526472E-09
    7    4   -0.16405195E-01  0.12441085E-08  0.96842301E-02  0.53676626E-09 -0.67723379E-03 -0.11912272E-08
    8    4    0.65525388E-02  0.77505833E-09 -0.90390938E-02  0.10798524E-08 -0.18683669E-02 -0.64404877E-09
    1    5    0.27845357E-02  0.76591748E-09  0.66012650E-02  0.89918812E-10  0.45988558E-02  0.51777071E-09
    2    5    0.18682388E-02 -0.26523536E-08 -0.77373950E-02 -0.79989131E-09 -0.25228731E-02 -0.25776610E-08
    3    5   -0.14855797E-01  0.24243293E-08  0.28978289E-02  0.17156104E-08 -0.73265145E-02  0.31288995E-08
    4    5    0.97780265E-02 -0.15441776E-08  0.85311652E-02  0.13738961E-08  0.12175920E-01 -0.12034922E-08
    5    5    0.33302016E-02  0.24578840E-09  0.33302017E-02  0.25404745E-09  0.57187574E-02  0.58860526E-09
    6    5   -0.47488305E-02  0.83187094E-09  0.42284464E-02  0.18879286E-08  0.37392648E-01  0.29971753E-08
    7    5    0.27288793E-01 -0.12544127E-08 -0.18687434E-01 -0.16387301E-08 -0.22205795E-02 -0.20242259E-08
    8    5   -0.16346986E-01 -0.34647836E-09  0.16346989E-01  0.10471526E-09 -0.11694230E-01 -0.60526390E-09
    1    6    0.76162270E-02  0.20325632E-08 -0.60088082E-02 -0.17720522E-08 -0.88740931E-03 -0.56409642E-09
    2    6   -0.57813570E-02  0.16637098E-09  0.63372169E-03  0.60163732E-09  0.57813570E-02 -0.11213684E-08
    3    6    0.88741004E-03 -0.28307827E-08 -0.60088054E-02 -0.12244170E-08 -0.76162262E-02  0.19695370E-08
    4    6   -0.17236720E-01 -0.14926471E-08  0.10515751E-01  0.83160972E-09  0.17236718E-01 -0.15072401E-08
    5    6    0.20829100E-01  0.25561508E-08 -0.12227746E-01  0.22052869E-08 -0.12106424E-01  0.34239635E-09
    6    6    0.47636537E-08 -0.40233779E-10 -0.70344951E-09 -0.13801692E-09 -0.55862361E-01 -0.98554303E-09
    7    6   -0.37367954E-01  0.24888955E-08  0.37367956E-01 -0.17040582E-08  0.34471377E-01 -0.92362554E-09
    8    6    0.12227740E-01 -0.90897552E-09 -0.20829095E-01 -0.14719281E-08 -0.12106414E-01  0.16432651E-08
    1    7    0.73265157E-02 -0.18809016E-08  0.28978289E-02  0.21109792E-08  0.14855800E-01 -0.18126064E-08
    2    7    0.25228719E-02  0.27963740E-08 -0.77373976E-02 -0.11515757E-08 -0.18682378E-02  0.27250374E-08
    3    7   -0.45988570E-02 -0.90408974E-09  0.66012642E-02  0.58799177E-09 -0.27845376E-02 -0.22032020E-08
    4    7   -0.12175918E-01  0.25334879E-08  0.85311664E-02 -0.14419351E-08 -0.97780261E-02  0.30354213E-08
    5    7    0.16469846E-02 -0.16764942E-08 -0.21673629E-02 -0.14437638E-08  0.30759511E-01 -0.31665795E-08
    6    7    0.33445318E-01 -0.22586154E-09 -0.33445318E-01 -0.65615880E-09  0.53085149E-02 -0.14683485E-08
    7    7   -0.22391499E-08  0.11485646E-08  0.32145160E-08  0.10681970E-08 -0.55862364E-01  0.55052959E-08
    8    7    0.21673609E-02 -0.48032233E-09 -0.16469798E-02 -0.13215591E-08  0.30759501E-01 -0.20901633E-08
    1    8   -0.73241003E-02 -0.12700231E-08 -0.39434823E-02 -0.11340736E-08 -0.15336475E-01  0.22902419E-08
    2    8   -0.29981234E-02  0.89527982E-09  0.83126257E-02  0.42995188E-09  0.29981233E-02 -0.65746953E-10
    3    8    0.15336471E-01  0.56408660E-09 -0.39434839E-02  0.13884968E-08  0.73241009E-02 -0.30205060E-08
    4    8    0.91651804E-02  0.12214744E-08 -0.11651735E-01 -0.77807297E-09 -0.91651787E-02  0.18775526E-08
    5    8   -0.16346986E-01 -0.22523705E-08  0.16346992E-01 -0.21636701E-08 -0.11694226E-01  0.75518525E-09
    6    8   -0.42284447E-02 -0.10199108E-08  0.47488250E-02  0.65500065E-09  0.37392646E-01 -0.13058080E-08
    7    8    0.18687430E-01  0.76970680E-09 -0.27288786E-01  0.15565424E-08 -0.22205829E-02  0.16191391E-08
    8    8   -0.33302114E-02  0.29718845E-09 -0.33302115E-02  0.30817229E-09  0.57187594E-02 -0.13862091E-08

    0    0    0
    1    1    0.18034288E+01  0.00000000E+00  0.18034288E+01  0.00000000E+00  0.18034288E+01  0.00000000E+00
    2    1    0.16322342E+00 -0.43334610E-08  0.15023795E-01 -0.20192916E-08  0.15023797E-01  0.25536682E-08
    3    1    0.15023794E-01 -0.30013779E-08  0.16322342E+00  0.25240897E-08  0.15023793E-01  0.39091822E-08
    4    1    0.15023799E-01  0.17436793E-09  0.15023789E-01  0.12354444E-08  0.16322342E+00 -0.17581240E-08
    5    1   -0.59270356E-01  0.42892877E-08 -0.59270359E-01 -0.10739435E-08 -0.59270359E-01 -0.36089412E-08
    6    1   -0.84457246E-02  0.29430166E-08  0.16596047E-01 -0.16690345E-08  0.16596049E-01 -0.18097043E-08
    7    1    0.16596044E-01 -0.11253984E-08 -0.84457248E-02  0.15987131E-08  0.16596043E-01 -0.72314021E-09
    8    1    0.16596047E-01 -0.12303066E-08  0.16596043E-01 -0.12880726E-08 -0.84457207E-02  0.50751229E-08
    1    2    0.16322342E+00  0.43334613E-08  0.15023795E-01  0.20192942E-08  0.15023797E-01 -0.25536678E-08
    2    2    0.18034288E+01  0.00000000E+00  0.89537495E+00  0.00000000E+00  0.89537496E+00  0.00000000E+00
    3    2    0.22804801E-01 -0.92754300E-09  0.22804804E-01  0.49660127E-09 -0.12539481E+00 -0.44506084E-08
    4    2    0.22804805E-01  0.12174959E-08 -0.12539481E+00 -0.75630508E-08  0.22804806E-01  0.11148653E-08
    5    2    0.37142930E-01 -0.40959532E-08  0.24347043E-01  0.39775968E-08  0.24347040E-01  0.34622613E-08
    6    2   -0.14682481E-01 -0.12576354E-08  0.33702296E-01  0.21469227E-08  0.33702295E-01  0.13421198E-08
    7    2   -0.21705494E-01  0.29217685E-08 -0.17723999E-01 -0.40000497E-08  0.15535988E-02 -0.28343808E-08
    8    2   -0.21705496E-01 -0.22622076E-09  0.15535972E-02 -0.39988669E-09 -0.17723999E-01 -0.20618084E-09
    1    3    0.15023794E-01  0.30013775E-08  0.16322342E+00 -0.25240921E-08  0.15023793E-01 -0.39091825E-08
    2    3    0.22804801E-01  0.92754327E-09  0.22804804E-01 -0.49659865E-09 -0.12539481E+00  0.44506087E-08
    3    3    0.89537496E+00  0.00000000E+00  0.18034288E+01  0.00000000E+00  0.89537497E+00  0.00000000E+00
    4    3   -0.12539482E+00 -0.37534096E-08  0.22804804E-01  0.32455203E-08  0.22804804E-01  0.17816297E-08
    5    3    0.24347038E-01  0.64984353E-09  0.37142929E-01  0.26733483E-10  0.24347034E-01 -0.31857599E-08
    6    3   -0.17723999E-01 -0.30630426E-08 -0.21705496E-01 -0.10786004E-09  0.15535994E-02  0.30412527E-08
    7    3    0.33702297E-01 -0.30075740E-08 -0.14682474E-01  0.22178824E-08  0.33702297E-01 -0.11616880E-09
    8    3    0.15535999E-02  0.19149459E-08 -0.21705495E-01  0.40676817E-09 -0.17723995E-01 -0.23254688E-08
    1    4    0.15023799E-01 -0.17436929E-09  0.15023789E-01 -0.12354459E-08  0.16322342E+00  0.17581228E-08
    2    4    0.22804805E-01 -0.12174944E-08 -0.12539481E+00  0.75630521E-08  0.22804806E-01 -0.11148638E-08
    3    4   -0.12539482E+00  0.37534082E-08  0.22804804E-01 -0.32455215E-08  0.22804804E-01 -0.17816311E-08
    4    4    0.89537496E+00  0.00000000E+00  0.89537496E+00  0.00000000E+00  0.18034288E+01  0.00000000E+00
    5    4    0.24347036E-01 -0.20596143E-08  0.24347036E-01 -0.22554152E-08  0.37142932E-01  0.32104691E-08
    6    4   -0.17723995E-01  0.29958824E-08  0.15535983E-02  0.57682431E-09 -0.21705496E-01 -0.18608039E-08
    7    4    0.15535971E-02 -0.23407211E-08 -0.17723995E-01 -0.85734504E-09 -0.21705494E-01  0.10510679E-08
    8    4    0.33702295E-01 -0.13049522E-08  0.33702295E-01  0.84359127E-09 -0.14682480E-01 -0.55208707E-09
    1    5   -0.59270356E-01 -0.42892871E-08 -0.59270359E-01  0.10739442E-08 -0.59270359E-01  0.36089418E-08
    2    5    0.37142930E-01  0.40959534E-08  0.24347043E-01 -0.39775980E-08  0.24347040E-01 -0.34622611E-08
    3    5    0.24347038E-01 -0.64984388E-09  0.37142929E-01 -0.26731828E-10  0.24347034E-01  0.31857595E-08
    4    5    0.24347036E-01  0.20596152E-08  0.24347036E-01  0.22554155E-08  0.37142932E-01 -0.32104682E-08
    5    5    0.22975281E+00  0.00000000E+00  0.22975277E+00  0.00000000E+00  0.22975281E+00  0.00000000E+00
    6    5    0.39666102E+00  0.49960160E-08  0.94958024E-08 -0.55658747E-09  0.27643264E-07 -0.17475099E-08
    7    5    0.10988833E-07 -0.13672974E-08  0.39666102E+00  0.16795712E-08  0.40311951E-08  0.21083794E-08
    8    5    0.18238885E-07 -0.42124667E-08  0.18207290E-07  0.26559040E-08  0.39666102E+00 -0.12715383E-08
    1    6   -0.84457246E-02 -0.29430182E-08  0.16596047E-01  0.16690337E-08  0.16596049E-01  0.18097028E-08
    2    6   -0.14682481E-01  0.12576343E-08  0.33702296E-01 -0.21469235E-08  0.33702295E-01 -0.13421210E-08
    3    6   -0.17723999E-01  0.30630404E-08 -0.21705496E-01  0.10785990E-09  0.15535994E-02 -0.30412549E-08
    4    6   -0.17723995E-01 -0.29958850E-08  0.15535983E-02 -0.57682403E-09 -0.21705496E-01  0.18608012E-08
    5    6    0.39666102E+00 -0.49960163E-08  0.94958024E-08  0.55658822E-09  0.27643262E-07  0.17475096E-08
    6    6    0.22975284E+00  0.00000000E+00 -0.22975285E+00  0.00000000E+00 -0.22975286E+00  0.00000000E+00
    7    6    0.86273850E-08 -0.34115871E-08  0.21794258E-07 -0.43268401E-08 -0.39666101E+00  0.29058423E-08
    8    6   -0.93675936E-08 -0.33671090E-09 -0.39666101E+00  0.49615869E-08 -0.81261034E-08 -0.39149635E-08
    1    7    0.16596044E-01  0.11254001E-08 -0.84457248E-02 -0.15987132E-08  0.16596043E-01  0.72314182E-09
    2    7   -0.21705494E-01 -0.29217677E-08 -0.17723999E-01  0.40000472E-08  0.15535988E-02  0.28343816E-08
    3    7    0.33702297E-01  0.30075746E-08 -0.14682474E-01 -0.22178814E-08  0.33702297E-01  0.11616942E-09
    4    7    0.15535971E-02  0.23407232E-08 -0.17723995E-01  0.85734455E-09 -0.21705494E-01 -0.10510658E-08
    5    7    0.10988834E-07  0.13672971E-08  0.39666102E+00 -0.16795716E-08  0.40311963E-08 -0.21083797E-08
    6    7    0.86273869E-08  0.34115860E-08  0.21794257E-07  0.43268424E-08 -0.39666101E+00 -0.29058433E-08
    7    7   -0.22975280E+00  0.00000000E+00  0.22975287E+00  0.00000000E+00 -0.22975282E+00  0.00000000E+00
    8    7   -0.39666101E+00  0.31004033E-08  0.17606255E-07  0.23807101E-09  0.12237523E-07  0.30030369E-08
    1    8    0.16596047E-01  0.12303069E-08  0.16596043E-01  0.12880738E-08 -0.84457207E-02 -0.50751226E-08
    2    8   -0.21705496E-01  0.22622107E-09  0.15535972E-02  0.39988473E-09 -0.17723999E-01  0.20618116E-09
    3    8    0.15535999E-02 -0.19149462E-08 -0.21705495E-01 -0.40676628E-09 -0.17723995E-01  0.23254685E-08
    4    8    0.33702295E-01  0.13049528E-08  0.33702295E-01 -0.84359033E-09 -0.14682480E-01  0.55208771E-09
    5    8    0.18238885E-07  0.42124668E-08  0.18207290E-07 -0.26559049E-08  0.39666102E+00  0.12715384E-08
    6    8   -0.93675917E-08  0.33671266E-09 -0.39666101E+00 -0.49615874E-08 -0.81261015E-08  0.39149652E-08
    7    8   -0.39666101E+00 -0.31004043E-08  0.17606255E-07 -0.23807084E-09  0.12237522E-07 -0.30030380E-08
    8    8   -0.22975287E+00  0.00000000E+00 -0.22975284E+00  0.00000000E+00  0.22975284E+00  0.00000000E+00

    0    0    1
    1    1    0.32009914E-02 -0.29252660E-09  0.32009914E-02 -0.28383306E-09  0.81691201E-02  0.15118243E-08
    2    1    0.11888156E-01  0.59703134E-09 -0.51203529E-02  0.16547501E-08 -0.11830837E-01 -0.94251144E-09
    3    1   -0.20960403E-01  0.14016705E-08  0.13390192E-01 -0.12238152E-08 -0.15516503E-01 -0.31601824E-08
    4    1    0.16831844E-01 -0.43134618E-08 -0.14935934E-01  0.21397349E-10  0.29106614E-01  0.20290036E-08
    5    1    0.77430021E-02 -0.39873581E-09  0.16427986E-02 -0.45710181E-09  0.14254626E-02 -0.10518182E-09
    6    1   -0.30480959E-02  0.24576568E-09  0.46555147E-02 -0.50627444E-09  0.77190028E-04 -0.10986980E-08
    7    1    0.12537000E-01  0.75486215E-09 -0.23126557E-02 -0.98494135E-09  0.63207175E-02  0.38084598E-08
    8    1   -0.12530313E-01  0.18170797E-08  0.12627308E-02  0.58701533E-09 -0.60990159E-02  0.38867961E-10
    1    2   -0.31915696E-01 -0.98193206E-09  0.24345483E-01  0.42689976E-09 -0.28012722E-01 -0.63332669E-09
    2    2    0.20878579E-09 -0.17613060E-08 -0.33560329E-08 -0.16833711E-08  0.45312230E-01 -0.39625013E-08
    3    2    0.35083391E-01 -0.33022427E-08 -0.23711454E-01  0.17880715E-08 -0.52389397E-01  0.22876988E-08
    4    2   -0.28226891E-01  0.24652123E-08  0.28034289E-01 -0.22603932E-08 -0.23007972E-01 -0.58253910E-09
    5    2   -0.10006579E-01  0.23490034E-08  0.41374224E-02  0.11032426E-08  0.30301568E-02  0.53055121E-10
    6    2   -0.20124812E-03 -0.55930562E-09 -0.49463872E-02 -0.20870072E-09  0.44136704E-02  0.89123585E-09
    7    2   -0.10267013E-01 -0.15852961E-08  0.50524870E-02 -0.59500485E-10  0.27697281E-02 -0.30739123E-08
    8    2    0.95620230E-02 -0.85572331E-09 -0.42475207E-02 -0.46950677E-09 -0.80502577E-03  0.49832478E-09
    1    3    0.13627053E-01 -0.58033145E-09 -0.68592503E-02 -0.20639022E-08 -0.14157823E-01  0.10025152E-08
    2    3   -0.18956972E-01 -0.10132418E-08  0.25072800E-01  0.24443044E-09  0.22979576E-02  0.41676019E-09
    3    3   -0.22050365E-08  0.94630991E-09  0.13623350E-08  0.10095623E-08  0.45312225E-01 -0.24927914E-08
    4    3    0.75374094E-02  0.10005417E-08 -0.12948894E-01  0.18347336E-08 -0.16189500E-01  0.83178020E-09
    5    3   -0.33885009E-02 -0.25959428E-08 -0.85694676E-02 -0.15439982E-08 -0.96047823E-02 -0.43582060E-09
    6    3   -0.68897265E-02  0.25609533E-08  0.17683312E-02  0.14942488E-08 -0.37644443E-02 -0.51979009E-09
    7    3    0.26312243E-02 -0.10582781E-10 -0.62881710E-03  0.32667916E-09 -0.36863144E-02  0.12568858E-08
    8    3    0.49774020E-02 -0.19974199E-08  0.64155851E-02  0.44834917E-10  0.11408703E-01  0.20014218E-08
    1    4    0.16831843E-01 -0.11808402E-08 -0.14935934E-01  0.46310347E-09  0.29106615E-01 -0.15887274E-08
    2    4    0.57985108E-02  0.14072010E-08 -0.11209996E-01 -0.32762266E-08 -0.13862514E-01 -0.61986716E-09
    3    4   -0.17271600E-01 -0.75990270E-09  0.17078995E-01  0.40757071E-09 -0.10511754E-01  0.18464960E-08
    4    4   -0.32009921E-02  0.23796312E-08 -0.32009921E-02  0.23869038E-08  0.81691230E-02 -0.83059417E-10
    5    4    0.16098600E-01 -0.78289381E-09  0.22105914E-02  0.95317397E-09  0.51584619E-02  0.37363677E-09
    6    4    0.96842263E-02 -0.59108412E-11 -0.16405195E-01  0.66695059E-09 -0.67723248E-03  0.15672434E-08
    7    4   -0.45417410E-02 -0.14206480E-08  0.89698953E-03  0.32909362E-09 -0.15481883E-01 -0.36892870E-08
    8    4   -0.90390948E-02 -0.26032671E-09  0.65525397E-02 -0.18307630E-09 -0.18683681E-02 -0.20860777E-08
    1    5    0.66012648E-02  0.11970335E-08  0.27845391E-02  0.13817967E-08  0.45988564E-02  0.14972271E-08
    2    5    0.28978292E-02 -0.91215188E-09 -0.14855797E-01  0.27872354E-08 -0.73265166E-02  0.58540818E-09
    3    5   -0.77373955E-02  0.99039480E-09  0.18682393E-02 -0.14987111E-08 -0.25228687E-02 -0.75437784E-09
    4    5    0.85311645E-02 -0.28838913E-08  0.97780248E-02 -0.19999548E-08  0.12175919E-01 -0.18624987E-08
    5    5    0.33302016E-02 -0.24578840E-09  0.33302017E-02 -0.25404745E-09  0.57187574E-02 -0.58860526E-09
    6    5   -0.18687438E-01 -0.26761132E-08  0.27288792E-01 -0.20853250E-08 -0.22205854E-02 -0.13324296E-08
    7    5    0.42284485E-02  0.28484927E-08 -0.47488267E-02  0.27176617E-09  0.37392654E-01  0.53422323E-08
    8    5    0.16346993E-01  0.30239128E-08 -0.16346987E-01  0.13921285E-08 -0.11694224E-01  0.15589340E-09
    1    6    0.28978297E-02 -0.29799194E-09  0.73265135E-02 -0.27114305E-08  0.14855796E-01 -0.12639585E-08
    2    6    0.66012667E-02 -0.15697550E-08 -0.45988538E-02  0.16239686E-08 -0.27845376E-02  0.93218848E-09
    3    6   -0.77373967E-02  0.59453939E-09  0.25228705E-02 -0.92699559E-09 -0.18682395E-02  0.82601956E-09
    4    6    0.85311642E-02  0.34567730E-08 -0.12175917E-01  0.22297892E-08 -0.97780233E-02 -0.10056239E-08
    5    6   -0.21673631E-02 -0.16965525E-08  0.16469790E-02 -0.10232474E-08  0.30759506E-01 -0.18866045E-08
    6    6    0.47636537E-08  0.40233779E-10 -0.70344951E-09  0.13801692E-09 -0.55862361E-01  0.98554303E-09
    7    6   -0.33445318E-01  0.27285374E-09  0.33445318E-01  0.60916536E-09  0.53085158E-02  0.19916669E-08
    8    6   -0.16469848E-02 -0.12794370E-08  0.21673651E-02  0.16443457E-08  0.30759503E-01  0.88986263E-09
    1    7   -0.60088084E-02  0.15947464E-09  0.76162266E-02  0.14857398E-08 -0.88740805E-03  0.25864325E-10
    2    7   -0.60088066E-02  0.20617682E-08  0.88740683E-03 -0.10480304E-08 -0.76162251E-02 -0.87435681E-09
    3    7    0.63372034E-03 -0.19366749E-08 -0.57813590E-02  0.11083854E-09  0.57813553E-02  0.29748163E-09
    4    7    0.10515754E-01 -0.37339003E-09 -0.17236719E-01 -0.14074864E-08  0.17236719E-01  0.27226104E-08
    5    7   -0.12227744E-01  0.10885960E-08  0.20829103E-01  0.18045474E-08 -0.12106418E-01  0.72155551E-09
    6    7    0.37367956E-01  0.94455249E-09 -0.37367955E-01 -0.17293911E-08  0.34471377E-01  0.16965646E-08
    7    7   -0.22391499E-08 -0.11485646E-08  0.32145160E-08 -0.10681970E-08 -0.55862364E-01 -0.55052959E-08
    8    7   -0.20829096E-01 -0.18645568E-08  0.12227740E-01 -0.46169163E-09 -0.12106422E-01 -0.24901169E-08
    1    8   -0.39434831E-02 -0.75673017E-11 -0.73241020E-02  0.59296804E-09 -0.15336474E-01  0.45372818E-09
    2    8   -0.39434840E-02 -0.10745481E-10  0.15336472E-01 -0.14065484E-08  0.73241025E-02  0.55719183E-09
    3    8    0.83126266E-02 -0.11188691E-09 -0.29981215E-02  0.12909190E-08  0.29981237E-02 -0.16320034E-08
    4    8   -0.11651735E-01 -0.38705767E-09  0.91651799E-02 -0.14678546E-08 -0.91651797E-02 -0.36996115E-09
    5    8    0.16346988E-01  0.37374136E-10 -0.16346986E-01  0.20438975E-09 -0.11694231E-01  0.11050179E-08
    6    8   -0.27288785E-01  0.96723006E-09  0.18687429E-01  0.14136724E-08 -0.22205757E-02 -0.19707275E-08
    7    8    0.47488281E-02  0.12888943E-08 -0.42284471E-02  0.51298815E-09  0.37392641E-01  0.65201849E-09
    8    8   -0.33302114E-02 -0.29718845E-09 -0.33302115E-02 -0.30817229E-09  0.57187594E-02  0.13862091E-08

    0    0    2
    1    1    0.50711705E-03 -0.11072702E-15  0.50711705E-03 -0.11072702E-15 -0.13381228E-02 -0.11167440E-15
    2    1   -0.22724102E-01 -0.17390051E-08  0.21165007E-01  0.75983740E-09  0.34085062E-02 -0.10073634E-08
    3    1    0.21165007E-01  0.34849320E-09 -0.22724102E-01 -0.69713455E-09  0.34085049E-02  0.24271501E-09
    4    1   -0.26430709E-02  0.33378683E-08 -0.26430701E-02  0.49755500E-09 -0.50271685E-02  0.73021835E-09
    5    1    0.14377789E-02 -0.81872375E-09  0.14377780E-02 -0.24624171E-09 -0.30924308E-03 -0.16830294E-10
    6    1    0.25453462E-03  0.94466061E-09 -0.68380249E-03 -0.67671376E-09 -0.20953243E-02 -0.33436149E-10
    7    1   -0.68379984E-03 -0.95131253E-09  0.25453518E-03  0.15109539E-08 -0.20953249E-02 -0.51674115E-09
    8    1   -0.11774977E-03 -0.11270074E-08 -0.11774812E-03 -0.99604753E-09  0.27370931E-02  0.12291524E-08
    1    2    0.21165007E-01 -0.75983487E-09 -0.22724102E-01  0.17390055E-08  0.45268902E-02  0.99311608E-10
    2    2   -0.20743640E-08 -0.11042817E-15 -0.20743667E-08 -0.54825903E-16 -0.16349436E-01 -0.63378394E-16
    3    2   -0.27349235E-01 -0.34932401E-09  0.25508598E-01  0.84519540E-09  0.12439778E-04 -0.29217265E-09
    4    2    0.22419100E-01 -0.28822513E-08 -0.21470014E-01  0.29535230E-09  0.61904820E-02 -0.10960491E-08
    5    2    0.25110245E-02  0.17549434E-09 -0.44279027E-03  0.10769797E-08  0.23812011E-02 -0.45117382E-09
    6    2    0.36921968E-02 -0.33599966E-09 -0.45555278E-02 -0.21186331E-10 -0.14353497E-02 -0.52534795E-09
    7    2    0.32361164E-02  0.28606537E-09 -0.17798620E-02  0.70167129E-09  0.26060627E-02  0.26863590E-09
    8    2   -0.45715941E-02  0.39262264E-09  0.31716008E-02 -0.24852338E-08 -0.19168289E-02  0.99909026E-10
    1    3   -0.22724102E-01  0.69713214E-09  0.21165007E-01 -0.34849353E-09  0.45268894E-02 -0.71871556E-09
    2    3    0.25508598E-01 -0.84519493E-09 -0.27349235E-01  0.34932640E-09  0.12440091E-04  0.11819319E-08
    3    3    0.49752536E-09 -0.54825904E-16  0.49752664E-09 -0.11042816E-15 -0.16349436E-01 -0.63378394E-16
    4    3   -0.21470014E-01  0.83630541E-09  0.22419100E-01 -0.46621299E-09  0.61904819E-02 -0.10797214E-08
    5    3   -0.44279267E-03  0.22346767E-09  0.25110227E-02 -0.46179728E-09  0.23812018E-02 -0.53345789E-09
    6    3   -0.17798633E-02  0.29540954E-09  0.32361168E-02 -0.91617812E-09  0.26060645E-02  0.13224623E-08
    7    3   -0.45555255E-02  0.57387539E-09  0.36921956E-02 -0.10186423E-08 -0.14353507E-02  0.90619226E-09
    8    3    0.31716011E-02 -0.19092582E-09 -0.45715924E-02  0.18300426E-08 -0.19168307E-02 -0.21574293E-09
    1    4   -0.26430701E-02 -0.49755637E-09 -0.26430709E-02 -0.33378696E-08 -0.50271689E-02 -0.66317590E-09
    2    4   -0.21470014E-01 -0.29535172E-09  0.22419100E-01  0.28822536E-08  0.50720962E-02 -0.19271505E-08
    3    4    0.22419100E-01  0.46621146E-09 -0.21470014E-01 -0.83630659E-09  0.50720978E-02  0.12348980E-08
    4    4   -0.50711734E-03 -0.54527052E-16 -0.50711734E-03 -0.54527052E-16 -0.13381205E-02 -0.11167440E-15
    5    4   -0.38245226E-02  0.18507497E-09 -0.38245222E-02 -0.15028812E-08 -0.84206168E-02  0.55461496E-10
    6    4   -0.73091093E-02 -0.15519937E-08  0.72708314E-02  0.86974555E-09  0.64223592E-02  0.59239305E-09
    7    4    0.72708275E-02  0.38400651E-09 -0.73091116E-02  0.57009584E-10  0.64223619E-02 -0.10293055E-08
    8    4    0.10358190E-02  0.88924083E-09  0.10358169E-02  0.12797312E-08 -0.31155843E-02 -0.58215699E-09
    1    5    0.14377780E-02  0.24624234E-09  0.14377789E-02  0.81872438E-09 -0.16642503E-02  0.18585827E-08
    2    5   -0.44279027E-03 -0.10769796E-08  0.25110245E-02 -0.17549551E-09  0.25054667E-02 -0.26138013E-09
    3    5    0.25110227E-02  0.46179692E-09 -0.44279267E-03 -0.22346604E-09  0.25054659E-02 -0.18978233E-09
    4    5   -0.38245222E-02  0.15028822E-08 -0.38245226E-02 -0.18507465E-09 -0.98580598E-02 -0.68179179E-10
    5    5   -0.41572819E-03 -0.14552503E-16 -0.41572819E-03 -0.14552500E-16  0.44902438E-02 -0.13943804E-16
    6    5    0.15537168E-01  0.16947935E-08 -0.14947020E-01  0.67875376E-10 -0.72135994E-02 -0.18057740E-09
    7    5   -0.14947018E-01 -0.13143973E-08  0.15537168E-01  0.19714410E-09 -0.72136015E-02 -0.85805339E-09
    8    5    0.18095161E-09  0.50305583E-09  0.30639952E-08  0.18567603E-09  0.85006694E-02 -0.33441812E-09
    1    6   -0.68380249E-03  0.67671298E-09  0.25453462E-03 -0.94466214E-09 -0.42830321E-02  0.13374781E-08
    2    6   -0.45555278E-02  0.21187470E-10  0.36921968E-02  0.33599652E-09  0.36681585E-02 -0.15613778E-08
    3    6    0.32361168E-02  0.91617667E-09 -0.17798633E-02 -0.29541041E-09  0.20955173E-02 -0.99008403E-09
    4    6    0.72708314E-02 -0.86974588E-09 -0.73091093E-02  0.15519917E-08 -0.11036982E-02  0.53028314E-09
    5    6   -0.14947020E-01 -0.67874639E-10  0.15537168E-01 -0.16947939E-08 -0.38997650E-02  0.10850269E-08
    6    6   -0.94883837E-09 -0.14068305E-16 -0.94883965E-09  0.14068305E-16  0.12546712E-01  0.23214265E-16
    7    6    0.52680843E-01 -0.28766621E-08 -0.52680844E-01  0.30131068E-08 -0.47211319E-02  0.16195701E-09
    8    6   -0.15537163E-01  0.81558685E-09  0.14947017E-01 -0.10943128E-09 -0.38997662E-02 -0.19884537E-09
    1    7    0.25453518E-03 -0.15109539E-08 -0.68379984E-03  0.95131412E-09 -0.42830339E-02 -0.16316130E-08
    2    7   -0.17798620E-02 -0.70167243E-09  0.32361164E-02 -0.28606585E-09  0.20955162E-02  0.48488647E-09
    3    7    0.36921956E-02  0.10186413E-08 -0.45555255E-02 -0.57387276E-09  0.36681591E-02  0.45068680E-09
    4    7   -0.73091116E-02 -0.57009463E-10  0.72708275E-02 -0.38400503E-09 -0.11036979E-02  0.71774074E-10
    5    7    0.15537168E-01 -0.19714450E-09 -0.14947018E-01  0.13143969E-08 -0.38997669E-02 -0.32723118E-09
    6    7   -0.52680844E-01 -0.30131056E-08  0.52680843E-01  0.28766621E-08 -0.47211327E-02 -0.31466290E-08
    7    7    0.24070732E-10  0.14068302E-16  0.24073279E-10 -0.14068306E-16  0.12546716E-01  0.23214264E-16
    8    7    0.14947018E-01  0.39027406E-09 -0.15537168E-01 -0.10998596E-08 -0.38997650E-02  0.11466501E-08
    1    8   -0.11774812E-03  0.99604874E-09 -0.11774977E-03  0.11270078E-08  0.68445245E-02 -0.17575145E-08
    2    8    0.31716008E-02  0.24852338E-08 -0.45715941E-02 -0.39262428E-09 -0.46921196E-02  0.88649172E-09
    3    8   -0.45715924E-02 -0.18300420E-08  0.31716011E-02  0.19092686E-09 -0.46921206E-02  0.51828154E-09
    4    8    0.10358169E-02 -0.12797308E-08  0.10358190E-02 -0.88923954E-09  0.35087362E-02  0.16384350E-09
    5    8    0.30639955E-08 -0.18567692E-09  0.18095152E-09 -0.50305567E-09  0.85006690E-02 -0.71368824E-09
    6    8    0.14947017E-01  0.10943265E-09 -0.15537163E-01 -0.81558688E-09 -0.72135997E-02 -0.38142563E-09
    7    8   -0.15537168E-01  0.10998575E-08  0.14947018E-01 -0.39027285E-09 -0.72135992E-02 -0.20627008E-09
    8    8    0.41572451E-03  0.14552507E-16  0.41572451E-03  0.14552504E-16  0.44902425E-02 -0.13943806E-16

    0    1   -2
    1    1   -0.23413826E-02  0.15986470E-08 -0.28909786E-02  0.22924970E-08  0.39654452E-02 -0.10614618E-08
    2    1   -0.39879694E-02 -0.10965713E-08 -0.15276453E-02  0.37385769E-09 -0.21080924E-02  0.84266971E-09
    3    1    0.10178870E-01 -0.84840478E-09 -0.46869802E-02 -0.10070937E-08 -0.11262313E-03  0.14363593E-08
    4    1   -0.55263899E-02 -0.13792708E-08  0.89981751E-02 -0.12613609E-08  0.89615247E-03 -0.14263575E-08
    5    1    0.16029669E-02  0.10195928E-08 -0.24230252E-02  0.54112418E-09  0.69715089E-03 -0.58224126E-09
    6    1    0.17176204E-02 -0.69305546E-09 -0.31105952E-02 -0.27625504E-08 -0.28659739E-03 -0.16209812E-08
    7    1    0.13309478E-02  0.46189860E-09 -0.80227985E-03  0.17288656E-08  0.35836437E-02  0.43593201E-09
    8    1   -0.22274920E-02  0.77944128E-09  0.25195969E-02  0.63777852E-09 -0.25688345E-02 -0.82151802E-09
    1    2   -0.27009923E-02 -0.12225465E-08  0.51666836E-02 -0.16188417E-08  0.45862376E-02 -0.23260869E-10
    2    2   -0.23413834E-02  0.77943238E-09 -0.39654481E-02 -0.13935355E-08  0.28909774E-02 -0.16007378E-08
    3    2    0.32275833E-02  0.64708852E-09 -0.43551522E-02 -0.83715242E-09  0.21920179E-03  0.13050713E-08
    4    2   -0.42128015E-02  0.98755958E-10  0.54745699E-02  0.26203387E-08 -0.26274543E-02 -0.25684481E-09
    5    2    0.20067095E-02  0.10739343E-08  0.22882816E-02 -0.80310636E-09  0.87676037E-03  0.14859967E-08
    6    2   -0.72367094E-03  0.16912391E-08  0.37010149E-02  0.53835098E-09  0.19539914E-02  0.32772415E-08
    7    2    0.13469068E-02 -0.17362483E-08  0.25668210E-02  0.37400330E-09  0.21695991E-03 -0.24158316E-08
    8    2   -0.15662705E-02 -0.13735173E-08 -0.45031881E-02 -0.77375463E-09 -0.16483466E-02 -0.30934197E-09
    1    3   -0.16404037E-02  0.32229084E-09  0.32091268E-03  0.83040039E-09 -0.73812454E-02 -0.23575353E-08
    2    3    0.37503198E-02  0.12369395E-08  0.93068636E-02 -0.26170603E-08  0.16047078E-02  0.29479727E-08
    3    3   -0.15248946E-02 -0.17036965E-09 -0.21234584E-02 -0.10387410E-08  0.21234567E-02 -0.74253345E-09
    4    3    0.59751851E-02  0.56327406E-09 -0.55935173E-02 -0.17658976E-08  0.15217167E-03  0.10606118E-08
    5    3   -0.42437630E-02 -0.54755489E-09 -0.13610130E-02  0.26555027E-08 -0.19910663E-02 -0.22111930E-08
    6    3   -0.74383305E-03 -0.48572097E-09 -0.26182271E-02  0.90657892E-09 -0.27480533E-02 -0.47462363E-11
    7    3   -0.43066071E-02  0.10958709E-08 -0.84879359E-04 -0.18414346E-08 -0.52124245E-02  0.11050674E-08
    8    3    0.52266567E-02  0.10587341E-09  0.22305477E-02 -0.11501568E-08  0.48853127E-02  0.49566495E-10
    1    4    0.17869097E-01 -0.16805777E-08 -0.13343222E-01 -0.22759923E-08  0.25465252E-02  0.16670307E-08
    2    4    0.50687941E-02 -0.16298524E-08 -0.62497701E-02  0.54980280E-09  0.96399712E-02 -0.96855034E-10
    3    4   -0.16292499E-01  0.25958071E-08  0.19250310E-01  0.31010003E-09 -0.99682993E-02 -0.14364013E-08
    4    4   -0.64864369E-03  0.80673487E-09  0.43395397E-03 -0.79399884E-10 -0.43395418E-03 -0.95470327E-09
    5    4   -0.10231913E-02 -0.49128837E-09 -0.12499261E-02 -0.67154721E-09 -0.20983946E-02  0.14339132E-08
    6    4    0.34384011E-02  0.80360242E-09  0.41282303E-02  0.38257115E-08 -0.46786169E-03 -0.43794711E-09
    7    4    0.43877273E-02 -0.47999119E-10 -0.10418953E-01 -0.23736774E-08  0.33125224E-02  0.68271211E-09
    8    4   -0.34008372E-02 -0.12041386E-08  0.55240109E-02 -0.39678101E-09  0.13726060E-02  0.68219972E-09
    1    5   -0.18137835E-01  0.38437433E-09  0.17133132E-01  0.17678111E-08  0.50150386E-03 -0.64072738E-10
    2    5   -0.19569761E-02  0.19394393E-08  0.28741419E-04  0.18306482E-08 -0.84759652E-02  0.14182240E-08
    3    5    0.15843171E-01 -0.54370602E-09 -0.21330177E-01 -0.52714203E-09  0.69082043E-02  0.39218952E-09
    4    5   -0.10930249E-01 -0.90732659E-10  0.13918463E-01 -0.11217042E-08  0.18241222E-02  0.46957752E-09
    5    5    0.69755834E-03 -0.82219145E-09  0.22538411E-03 -0.10884592E-09 -0.31353942E-02  0.12487583E-08
    6    5   -0.56355271E-02 -0.23556310E-08  0.11563878E-05 -0.33069822E-08 -0.49914196E-02 -0.33173120E-08
    7    5   -0.53942253E-02  0.28695846E-08  0.90076142E-02  0.16097538E-08  0.61782216E-02  0.19494948E-08
    8    5    0.49855101E-02  0.17264809E-08 -0.89585039E-02  0.27891949E-08 -0.21992751E-02  0.11677320E-09
    1    6    0.13815885E-01 -0.27961449E-09 -0.16491564E-01  0.21037076E-08 -0.89985198E-02 -0.13225805E-08
    2    6    0.34983285E-01  0.26831338E-09 -0.34983287E-01  0.27418367E-09  0.10627202E-01  0.40025960E-08
    3    6   -0.45545809E-01  0.20552786E-08  0.45545809E-01  0.27911128E-09 -0.32016985E-04 -0.19210024E-08
    4    6    0.16491566E-01 -0.32764221E-08 -0.13815887E-01 -0.94713526E-09 -0.89985233E-02 -0.33238916E-09
    5    6   -0.56355286E-02 -0.10090700E-08  0.49914236E-02  0.71578119E-09 -0.11547809E-05 -0.10001786E-08
    6    6    0.69755731E-03  0.88574647E-09  0.31353917E-02  0.27662900E-09 -0.22538460E-03 -0.79023604E-11
    7    6   -0.53942243E-02  0.13832702E-08 -0.61782223E-02 -0.33183384E-09 -0.90076131E-02  0.20914069E-08
    8    6    0.49855107E-02  0.85435197E-10  0.21992760E-02 -0.10524641E-08  0.89585030E-02 -0.70694585E-10
    1    7    0.31769646E-01  0.25156101E-08 -0.27977923E-01 -0.27873176E-08  0.97453371E-02  0.27806568E-08
    2    7   -0.48125993E-01 -0.83143507E-09  0.48125991E-01 -0.28262847E-09 -0.16674951E-01 -0.58305374E-08
    3    7    0.25137769E-02 -0.12368442E-08 -0.25137756E-02 -0.59514774E-09 -0.51488015E-02  0.22290169E-08
    4    7    0.27977922E-01  0.65770749E-09 -0.31769647E-01  0.16670332E-08  0.97453383E-02 -0.65055576E-09
    5    7    0.12349156E-01  0.25642303E-08 -0.16246234E-01 -0.76745326E-09  0.88349821E-02  0.29648713E-08
    6    7    0.12349153E-01  0.13864212E-08 -0.88349825E-02  0.36214740E-09  0.16246234E-01  0.27966204E-08
    7    7    0.41511433E-02  0.93556907E-09  0.46286444E-02  0.25896578E-09 -0.46286433E-02 -0.88082365E-09
    8    7   -0.22179198E-01 -0.99170111E-09  0.16353754E-01 -0.79358434E-09 -0.16353756E-01 -0.84517834E-10
    1    8   -0.13918461E-01 -0.95560670E-09  0.10930244E-01 -0.35757475E-09  0.18241215E-02 -0.38985265E-09
    2    8   -0.28743630E-04 -0.11113762E-09  0.19569786E-02 -0.26178861E-08 -0.84759680E-02 -0.15312659E-08
    3    8    0.21330173E-01 -0.19632740E-08 -0.15843168E-01  0.10974918E-08  0.69082040E-02  0.12355698E-08
    4    8   -0.17133127E-01  0.20685486E-08  0.18137832E-01 -0.38190054E-09  0.50150560E-03 -0.62040803E-10
    5    8   -0.55233903E-02  0.94298611E-09  0.36333057E-03  0.14956045E-08 -0.77530073E-03  0.36536791E-11
    6    8   -0.55233901E-02  0.42315407E-09  0.77530271E-03  0.13497903E-08 -0.36333342E-03  0.84231606E-09
    7    8    0.85330984E-02 -0.22749680E-08 -0.20758727E-02 -0.18878303E-08  0.20758724E-02 -0.40355731E-09
    8    8    0.81433235E-03  0.15007788E-09 -0.54292431E-03 -0.31016285E-09  0.54292503E-03 -0.53606961E-09

    0    1   -1
    1    1   -0.11284095E-09 -0.77842365E-09 -0.45312224E-01 -0.22604407E-08  0.36859554E-08  0.84454623E-09
    2    1   -0.39556109E-05  0.95307745E-09  0.23722947E-01  0.35627095E-08 -0.40619286E-02 -0.25098027E-09
    3    1   -0.17652973E-08  0.83033233E-09 -0.21254928E-01 -0.99711868E-09  0.14380475E-08 -0.49172262E-09
    4    1   -0.40619273E-02 -0.79365275E-09  0.23722949E-01 -0.16098910E-08 -0.39560930E-05  0.90675173E-09
    5    1    0.28149471E-02 -0.49996686E-09 -0.33414625E-02  0.20284556E-09  0.28149450E-02  0.88085794E-09
    6    1    0.11276257E-02  0.15100797E-08 -0.21429595E-02 -0.19380323E-08  0.66146334E-02 -0.71736651E-09
    7    1   -0.16312818E-01 -0.12423630E-10  0.68428531E-02 -0.17422240E-08 -0.16312818E-01  0.20063192E-09
    8    1    0.66146324E-02  0.25776043E-09 -0.21429606E-02  0.15046462E-08  0.11276267E-02 -0.10174106E-08
    1    2    0.14284347E-02 -0.12037172E-10 -0.53314156E-02  0.34444740E-08  0.11248662E-03  0.23271495E-08
    2    2    0.32009904E-02 -0.10966113E-08 -0.81691170E-02 -0.12306963E-08 -0.32009904E-02  0.11046684E-08
    3    2    0.40619292E-02  0.58091730E-09  0.23722949E-01 -0.13921998E-08  0.39561552E-05  0.79437921E-09
    4    2   -0.69552612E-09 -0.15139589E-09 -0.12274773E-01  0.48526193E-09  0.27466501E-09  0.10656931E-10
    5    2    0.12178378E-01 -0.95503100E-10 -0.12720946E-01  0.71198162E-09  0.83866530E-02 -0.21450675E-08
    6    2   -0.72121358E-02 -0.18661630E-09 -0.11707852E-02 -0.59041232E-09 -0.62074295E-02  0.24052044E-08
    7    2    0.68758770E-02  0.24714652E-09  0.20794469E-02  0.11611467E-08  0.95515546E-02  0.10925064E-08
    8    2   -0.60459501E-02 -0.69473522E-09 -0.46562931E-03  0.11513420E-08 -0.30577359E-02  0.99724958E-09
    1    3   -0.10011888E-08  0.49973954E-09  0.87472787E-01 -0.49722490E-09  0.44433934E-09  0.10814053E-08
    2    3   -0.11248750E-03  0.16461468E-08 -0.53314143E-02 -0.35126761E-08 -0.14284344E-02  0.25356152E-09
    3    3   -0.42168254E-08 -0.11995047E-08 -0.45312226E-01  0.15740627E-08  0.65333674E-09  0.12570813E-08
    4    3   -0.14284335E-02  0.16587523E-08 -0.53314102E-02 -0.10088187E-08 -0.11249020E-03 -0.10067642E-08
    5    3   -0.21852672E-01 -0.45754313E-09  0.13434811E-01  0.65476815E-11 -0.21852672E-01  0.28049239E-10
    6    3    0.39927260E-03 -0.25717238E-08 -0.40943203E-02  0.24565162E-08  0.23275072E-02  0.22129337E-09
    7    3    0.15546597E-01  0.57836678E-09  0.95348913E-02 -0.11326096E-08  0.15546595E-01  0.42548146E-09
    8    3    0.23275056E-02  0.12343107E-08 -0.40943208E-02 -0.18437372E-08  0.39927466E-03 -0.94378412E-10
    1    4    0.11248938E-03 -0.12736533E-10 -0.53314136E-02 -0.47855412E-09  0.14284326E-02 -0.11063578E-08
    2    4    0.19336236E-09 -0.36446593E-09 -0.12274771E-01 -0.10904371E-08  0.27441110E-09  0.19401816E-09
    3    4    0.39568551E-05  0.14476001E-09  0.23722951E-01  0.33884363E-08  0.40619281E-02  0.61669531E-09
    4    4   -0.32009915E-02  0.26166672E-08 -0.81691214E-02  0.11948453E-09  0.32009915E-02 -0.26116583E-08
    5    4    0.83866526E-02 -0.12346926E-08 -0.12720944E-01 -0.11259082E-08  0.12178379E-01  0.16054982E-08
    6    4   -0.30577328E-02  0.20951751E-08 -0.46563003E-03  0.41492116E-09 -0.60459525E-02 -0.11908782E-08
    7    4    0.95515538E-02  0.54414155E-09  0.20794448E-02  0.47046691E-09  0.68758773E-02 -0.42432760E-09
    8    4   -0.62074305E-02 -0.45235539E-09 -0.11707837E-02  0.39668480E-09 -0.72121346E-02 -0.30153289E-09
    1    5   -0.33702292E-01  0.24742331E-09 -0.14682473E-01 -0.16259855E-08 -0.33702291E-01 -0.36864566E-08
    2    5   -0.15535975E-02  0.22907377E-08 -0.17724003E-01  0.42230489E-08  0.21705497E-01 -0.75189695E-10
    3    5   -0.16596049E-01 -0.54683008E-09 -0.84457247E-02 -0.40730167E-08 -0.16596053E-01 -0.26255742E-08
    4    5    0.21705496E-01 -0.26960813E-08 -0.17723997E-01  0.62701089E-09 -0.15535946E-02  0.57247856E-08
    5    5    0.24056545E-08  0.57654564E-09  0.55862376E-01  0.15806622E-08  0.30431685E-08 -0.50785287E-09
    6    5    0.20829099E-01  0.32978652E-09  0.12106423E-01 -0.13702314E-08  0.12227740E-01 -0.57743056E-09
    7    5   -0.37367958E-01 -0.15707852E-08 -0.34471380E-01 -0.77224778E-09 -0.37367958E-01 -0.16745468E-08
    8    5    0.12227740E-01 -0.11224664E-09  0.12106420E-01  0.26642903E-09  0.20829097E-01 -0.86176717E-09
    1    6   -0.15536008E-02 -0.14456789E-08 -0.21705496E-01  0.36525359E-09  0.17723997E-01  0.24638763E-08
    2    6   -0.33702298E-01 -0.80765695E-09  0.33702300E-01  0.19121673E-08  0.14682482E-01  0.19631254E-08
    3    6   -0.16596045E-01 -0.11068260E-09  0.16596049E-01 -0.23395519E-10  0.84457256E-02 -0.14336819E-08
    4    6    0.21705493E-01  0.16184155E-08  0.15535927E-02  0.15505515E-08  0.17723993E-01 -0.30129786E-08
    5    6   -0.47488261E-02  0.23369419E-09 -0.37392651E-01 -0.91669518E-09 -0.42284484E-02  0.88414692E-10
    6    6    0.33302012E-02  0.19500767E-08 -0.57187562E-02 -0.27327487E-08 -0.33302012E-02 -0.19612785E-08
    7    6    0.27288790E-01 -0.71722341E-09  0.22205803E-02  0.16421743E-08  0.18687433E-01  0.14784658E-08
    8    6   -0.16346987E-01  0.29927090E-09  0.11694225E-01 -0.63592791E-09 -0.16346986E-01  0.57543571E-09
    1    7   -0.24347042E-01  0.19864246E-08  0.37142927E-01 -0.75943181E-10 -0.24347042E-01 -0.18217246E-08
    2    7   -0.24347033E-01  0.51475056E-08  0.24347037E-01 -0.18026709E-08 -0.37142932E-01 -0.29532381E-08
    3    7    0.59270358E-01 -0.64590929E-09 -0.59270356E-01  0.14632376E-08  0.59270356E-01  0.40383414E-08
    4    7   -0.37142931E-01  0.22904472E-09  0.24347034E-01 -0.18054690E-08 -0.24347032E-01 -0.69842169E-09
    5    7    0.33445319E-01 -0.11093059E-09 -0.53085144E-02  0.43455464E-10  0.33445321E-01  0.64448038E-09
    6    7    0.16469878E-02 -0.38218714E-08 -0.30759506E-01  0.64777445E-09  0.21673639E-02  0.40097321E-08
    7    7   -0.35315988E-08  0.12907497E-08  0.55862364E-01  0.85300947E-09 -0.20080752E-08 -0.12227297E-08
    8    7    0.21673647E-02  0.19759315E-08 -0.30759502E-01  0.24249358E-08  0.16469829E-02 -0.28358091E-08
    1    8    0.17723996E-01 -0.79552186E-09 -0.21705496E-01 -0.64206984E-09 -0.15536008E-02  0.78077539E-09
    2    8    0.17723997E-01 -0.24406957E-08  0.15535957E-02 -0.16410944E-08  0.21705493E-01 -0.79287789E-09
    3    8    0.84457227E-02  0.96272299E-09  0.16596045E-01  0.20312216E-08 -0.16596042E-01  0.81333362E-09
    4    8    0.14682481E-01  0.18202425E-08  0.33702300E-01 -0.14493586E-09 -0.33702297E-01 -0.55439446E-09
    5    8   -0.42284451E-02 -0.67808686E-09 -0.37392649E-01 -0.71926695E-09 -0.47488276E-02 -0.54511498E-09
    6    8   -0.16346987E-01  0.17282646E-08  0.11694225E-01  0.29267118E-08 -0.16346986E-01 -0.92910261E-09
    7    8    0.18687431E-01 -0.46533400E-09  0.22205789E-02 -0.20306575E-08  0.27288787E-01  0.27727628E-08
    8    8   -0.33302066E-02 -0.11703943E-08 -0.57187596E-02 -0.85532208E-09  0.33302066E-02  0.11606745E-08

    0    1    0
    1    1   -0.45312228E-01  0.11534078E-09  0.21209061E-09  0.72971419E-09  0.33560057E-08 -0.65669141E-09
    2    1   -0.21254929E-01 -0.14156191E-08 -0.10276915E-08 -0.19542867E-08  0.78281883E-09 -0.96657267E-09
    3    1    0.23722949E-01 -0.15634931E-08 -0.39558596E-05 -0.29231444E-08 -0.40619299E-02  0.33611639E-08
    4    1    0.23722951E-01 -0.20629982E-08 -0.40619273E-02  0.24842487E-08 -0.39572081E-05 -0.38089031E-08
    5    1   -0.33414630E-02  0.41531339E-08  0.28149466E-02 -0.54698591E-09  0.28149451E-02 -0.81157115E-09
    6    1    0.68428521E-02 -0.37503181E-08 -0.16312818E-01  0.12910492E-08 -0.16312818E-01  0.74721213E-09
    7    1   -0.21429604E-02  0.15935275E-08  0.11276270E-02  0.27532839E-08  0.66146328E-02 -0.31809785E-08
    8    1   -0.21429615E-02  0.95019813E-09  0.66146317E-02 -0.24141885E-08  0.11276299E-02  0.26904534E-08
    1    2    0.87472793E-01 -0.31663398E-08 -0.11535763E-08 -0.27252410E-09  0.11377103E-08  0.72120761E-09
    2    2   -0.45312230E-01  0.26515174E-08 -0.18096810E-08 -0.13929698E-08 -0.17574084E-08  0.14721277E-08
    3    2   -0.53314107E-02  0.39964512E-09 -0.11249079E-03  0.10713257E-08 -0.14284328E-02 -0.10597500E-08
    4    2   -0.53314114E-02  0.23445236E-08 -0.14284326E-02 -0.11105411E-08 -0.11249104E-03 -0.19592681E-09
    5    2    0.13434810E-01 -0.35056876E-08 -0.21852672E-01  0.50573501E-09 -0.21852672E-01  0.20019609E-08
    6    2    0.95348958E-02  0.38344756E-08  0.15546598E-01 -0.12711812E-08  0.15546597E-01 -0.30725587E-08
    7    2   -0.40943224E-02 -0.11578089E-08  0.39926968E-03 -0.25270276E-09  0.23275074E-02  0.51929547E-09
    8    2   -0.40943218E-02 -0.29512884E-08  0.23275065E-02  0.12035733E-08  0.39927128E-03 -0.32607585E-09
    1    3   -0.53314107E-02  0.22733171E-08  0.14284368E-02  0.11197498E-08  0.11248667E-03 -0.10380319E-09
    2    3    0.23722949E-01 -0.18798192E-08  0.40619283E-02  0.66955312E-09  0.39560167E-05 -0.18016179E-08
    3    3   -0.81691192E-02 -0.58969899E-09  0.32009916E-02  0.50546337E-09 -0.32009916E-02 -0.49924372E-09
    4    3   -0.12274771E-01  0.27864600E-09 -0.49655970E-09 -0.95671721E-09 -0.16869912E-09  0.48875533E-09
    5    3   -0.12720943E-01  0.16510661E-08  0.12178377E-01 -0.42425169E-09  0.83866547E-02  0.66299511E-10
    6    3    0.20794437E-02  0.26323025E-10  0.68758746E-02 -0.19472943E-09  0.95515560E-02  0.10333874E-08
    7    3   -0.11707850E-02 -0.16609836E-09 -0.72121336E-02 -0.41163470E-09 -0.62074310E-02 -0.54362984E-10
    8    3   -0.46562938E-03 -0.16533648E-09 -0.60459503E-02 -0.62962036E-09 -0.30577372E-02  0.17940562E-09
    1    4   -0.53314135E-02 -0.53248786E-09  0.11248918E-03 -0.15374547E-08  0.14284334E-02  0.52964486E-09
    2    4    0.23722953E-01  0.31369929E-08  0.39570842E-05 -0.37677138E-09  0.40619285E-02  0.12090126E-08
    3    4   -0.12274771E-01 -0.13889994E-08 -0.40218467E-09  0.28811325E-08  0.20772796E-09 -0.19320788E-08
    4    4   -0.81691232E-02 -0.66112523E-09 -0.32009933E-02 -0.19754831E-08  0.32009933E-02  0.19815247E-08
    5    4   -0.12720945E-01 -0.53020540E-09  0.83866553E-02 -0.44435038E-10  0.12178379E-01 -0.52742764E-09
    6    4    0.20794440E-02 -0.14491899E-08  0.95515537E-02  0.23115017E-08  0.68758757E-02  0.81296626E-09
    7    4   -0.46562881E-03 -0.30534282E-09 -0.30577344E-02 -0.38853354E-08 -0.60459512E-02  0.16008481E-08
    8    4   -0.11707823E-02  0.79705604E-09 -0.62074306E-02  0.12182740E-08 -0.72121360E-02 -0.20628750E-08
    1    5   -0.14682480E-01  0.17502904E-08 -0.33702297E-01  0.23543123E-08 -0.33702299E-01 -0.15581498E-08
    2    5   -0.84457238E-02 -0.28896618E-08 -0.16596048E-01 -0.53099888E-09 -0.16596049E-01 -0.30823054E-08
    3    5   -0.17724001E-01  0.21374707E-08 -0.15535958E-02 -0.46261846E-08  0.21705495E-01  0.44209947E-08
    4    5   -0.17723999E-01 -0.20759168E-08  0.21705494E-01  0.10419890E-08 -0.15535950E-02 -0.24295059E-08
    5    5    0.55862373E-01  0.32776901E-08  0.48185031E-08 -0.38537074E-09  0.72298596E-09  0.46182325E-09
    6    5   -0.34471380E-01 -0.19985433E-08 -0.37367959E-01 -0.13215290E-08 -0.37367961E-01  0.24684974E-09
    7    5    0.12106424E-01  0.85478948E-09  0.20829100E-01  0.52569367E-08  0.12227739E-01 -0.11143574E-08
    8    5    0.12106420E-01  0.30984222E-08  0.12227741E-01  0.80959084E-09  0.20829104E-01  0.18823715E-08
    1    6    0.37142930E-01  0.30564988E-08 -0.24347035E-01  0.38902070E-08 -0.24347039E-01  0.24426494E-08
    2    6   -0.59270356E-01  0.16565259E-08  0.59270359E-01 -0.29785387E-10  0.59270357E-01 -0.23811929E-08
    3    6    0.24347044E-01 -0.17709880E-08 -0.24347039E-01  0.36883363E-10 -0.37142931E-01 -0.35965844E-09
    4    6    0.24347037E-01 -0.40114135E-08 -0.37142934E-01 -0.94999213E-09 -0.24347035E-01  0.79867951E-09
    5    6   -0.53085203E-02 -0.56614565E-09  0.33445322E-01  0.64599603E-09  0.33445320E-01  0.27283606E-09
    6    6    0.55862365E-01 -0.20465920E-08 -0.32310250E-08 -0.54100968E-10 -0.21941060E-08  0.14729713E-09
    7    6   -0.30759506E-01  0.25347868E-08  0.16469840E-02 -0.19297876E-08  0.21673663E-02 -0.83109297E-09
    8    6   -0.30759505E-01 -0.21666979E-09  0.21673649E-02  0.17297266E-08  0.16469806E-02 -0.10300677E-08
    1    7   -0.21705494E-01 -0.15845559E-08 -0.15535993E-02 -0.28389110E-08  0.17724000E-01  0.59142452E-10
    2    7    0.16596047E-01  0.33119362E-08 -0.16596049E-01 -0.39785862E-09  0.84457207E-02  0.56536004E-08
    3    7    0.33702294E-01 -0.21901170E-08 -0.33702296E-01 -0.10672017E-09  0.14682481E-01 -0.27502807E-08
    4    7    0.15535903E-02  0.19662159E-08  0.21705494E-01  0.74129748E-09  0.17723998E-01  0.16511290E-09
    5    7   -0.37392641E-01 -0.29437872E-08 -0.47488278E-02  0.93599963E-09 -0.42284466E-02 -0.29341263E-08
    6    7    0.22205794E-02  0.17658192E-08  0.27288787E-01  0.13187497E-08  0.18687429E-01 -0.35049944E-09
    7    7   -0.57187593E-02  0.64485839E-09  0.33302029E-02 -0.25088441E-08 -0.33302030E-02  0.24998481E-08
    8    7    0.11694226E-01  0.17926053E-09 -0.16346987E-01 -0.18570823E-08 -0.16346986E-01  0.11950716E-08
    1    8   -0.21705497E-01 -0.22023246E-08  0.17723995E-01 -0.26574555E-08 -0.15535959E-02 -0.10057461E-08
    2    8    0.16596048E-01 -0.22093964E-08  0.84457213E-02  0.87223565E-09 -0.16596045E-01  0.14722754E-08
    3    8    0.15535956E-02  0.10427574E-08  0.17724000E-01  0.19873222E-08  0.21705493E-01 -0.13297281E-08
    4    8    0.33702301E-01  0.22414243E-08  0.14682486E-01 -0.27837199E-10 -0.33702297E-01 -0.16091608E-08
    5    8   -0.37392653E-01 -0.98004836E-09 -0.42284512E-02 -0.43441931E-09 -0.47488258E-02  0.23582292E-08
    6    8    0.22205812E-02  0.15581145E-08  0.18687433E-01 -0.16952137E-08  0.27288790E-01 -0.13355295E-08
    7    8    0.11694226E-01 -0.10124401E-08 -0.16346988E-01  0.56417311E-09 -0.16346987E-01 -0.47019666E-09
    8    8   -0.57187560E-02 -0.21018285E-08 -0.33302033E-02 -0.14547190E-08  0.33302033E-02  0.14444851E-08

    0    1    1
    1    1   -0.28909764E-02  0.50148187E-09 -0.23413828E-02 -0.46057509E-09  0.39654480E-02  0.86764290E-09
    2    1   -0.46869810E-02  0.16436938E-08  0.10178871E-01  0.78725570E-10 -0.11262213E-03 -0.36999817E-09
    3    1   -0.15276458E-02 -0.18419873E-08 -0.39879705E-02  0.15467297E-08 -0.21080909E-02  0.68574683E-10
    4    1    0.89981745E-02  0.74200459E-09 -0.55263907E-02 -0.20332413E-09  0.89615099E-03 -0.88048162E-09
    5    1   -0.24230233E-02  0.10227772E-09  0.16029677E-02 -0.15370643E-08  0.69714971E-03  0.68990532E-09
    6    1   -0.80228160E-03  0.90029074E-09  0.13309479E-02  0.57105534E-09  0.35836462E-02  0.10229247E-08
    7    1   -0.31105955E-02  0.29266676E-09  0.17176191E-02  0.38262177E-09 -0.28659999E-03 -0.69247746E-09
    8    1    0.25195974E-02 -0.86741265E-10 -0.22274896E-02  0.25021040E-09 -0.25688351E-02  0.13162886E-09
    1    2    0.32091029E-03  0.11480305E-08 -0.16404053E-02 -0.15756140E-09 -0.73812451E-02  0.19458773E-11
    2    2   -0.21234573E-02 -0.95689016E-09 -0.15248941E-02 -0.16400905E-08  0.21234574E-02  0.10610953E-08
    3    2    0.93068617E-02  0.45991081E-09  0.37503214E-02 -0.61841226E-09  0.16047051E-02 -0.11357233E-08
    4    2   -0.55935176E-02 -0.10483168E-08  0.59751849E-02  0.20237408E-08  0.15217296E-03  0.67077712E-09
    5    2   -0.13610127E-02  0.78869645E-09 -0.42437639E-02  0.66547246E-09 -0.19910665E-02  0.12393526E-08
    6    2   -0.84880249E-04 -0.42643303E-09 -0.43066062E-02 -0.67373476E-09 -0.52124260E-02 -0.26799659E-09
    7    2   -0.26182255E-02  0.11012975E-08 -0.74383266E-03 -0.30473947E-09 -0.27480501E-02 -0.15056579E-08
    8    2    0.22305469E-02 -0.19304674E-11  0.52266554E-02  0.65551727E-09  0.48853114E-02 -0.97523594E-09
    1    3    0.51666812E-02 -0.16601281E-08 -0.27009935E-02 -0.19041160E-10  0.45862376E-02 -0.17100371E-09
    2    3   -0.43551532E-02  0.51304943E-09  0.32275869E-02  0.26866607E-08  0.21920115E-03  0.16986936E-09
    3    3   -0.39654457E-02  0.19638624E-08 -0.23413820E-02 -0.21337498E-09  0.28909768E-02  0.11234532E-08
    4    3    0.54745692E-02 -0.32562853E-09 -0.42128020E-02 -0.17237216E-08 -0.26274531E-02 -0.11871540E-08
    5    3    0.22882798E-02 -0.18211389E-08  0.20067083E-02 -0.14675786E-09  0.87675932E-03 -0.78833230E-09
    6    3    0.25668227E-02  0.56570263E-09  0.13469072E-02  0.92059417E-10  0.21696097E-03 -0.99248646E-09
    7    3    0.37010146E-02 -0.17109276E-09 -0.72367051E-03  0.46543040E-09  0.19539931E-02  0.23699200E-09
    8    3   -0.45031883E-02 -0.47277592E-09 -0.15662712E-02 -0.10810805E-08 -0.16483469E-02  0.61335423E-09
    1    4   -0.13343219E-01 -0.15653718E-09  0.17869099E-01 -0.40264500E-10  0.25465225E-02 -0.16316211E-08
    2    4    0.19250310E-01 -0.66109899E-09 -0.16292501E-01  0.67370148E-10 -0.99682988E-02  0.14241868E-08
    3    4   -0.62497719E-02 -0.59674519E-09  0.50687937E-02 -0.20976127E-09  0.96399717E-02 -0.27128063E-09
    4    4    0.43395568E-03  0.38825417E-09 -0.64864176E-03 -0.21079148E-09 -0.43395567E-03  0.10859684E-08
    5    4   -0.12499275E-02  0.12609408E-09 -0.10231904E-02  0.10327604E-08 -0.20983947E-02 -0.22369084E-08
    6    4   -0.10418951E-01 -0.46947541E-09  0.43877270E-02 -0.18289037E-08  0.33125206E-02 -0.66474813E-09
    7    4    0.41282311E-02 -0.74813905E-09  0.34384011E-02 -0.60033749E-09 -0.46786120E-03  0.24131800E-08
    8    4    0.55240103E-02 -0.35526622E-09 -0.34008391E-02  0.23593517E-09  0.13726070E-02  0.82922612E-09
    1    5    0.17133134E-01  0.12733325E-08 -0.18137833E-01 -0.16508821E-09  0.50150814E-03  0.13773794E-08
    2    5   -0.21330181E-01 -0.60025783E-09  0.15843171E-01 -0.21700710E-08  0.69082044E-02 -0.94857667E-09
    3    5    0.28745492E-04 -0.29421239E-09 -0.19569816E-02  0.50792136E-09 -0.84759661E-02 -0.12427048E-08
    4    5    0.13918462E-01  0.33568543E-10 -0.10930248E-01  0.17046779E-08  0.18241216E-02 -0.22477712E-09
    5    5    0.22538674E-03 -0.45513674E-09  0.69755941E-03 -0.71063910E-09 -0.31353941E-02  0.43807693E-09
    6    5    0.90076132E-02  0.51024057E-10 -0.53942246E-02  0.13777966E-08  0.61782236E-02  0.23843973E-08
    7    5    0.11539805E-05 -0.67531893E-09 -0.56355267E-02  0.10409817E-08 -0.49914232E-02 -0.16409704E-08
    8    5   -0.89585022E-02  0.17713077E-09  0.49855109E-02 -0.43888053E-09 -0.21992751E-02 -0.17707644E-09
    1    6   -0.27977925E-01  0.14493841E-08  0.31769647E-01  0.14879562E-08  0.97453357E-02 -0.32930190E-09
    2    6   -0.25137713E-02 -0.97558599E-09  0.25137751E-02 -0.17228563E-10 -0.51488028E-02  0.12517140E-08
    3    6    0.48125990E-01 -0.18820818E-08 -0.48125991E-01  0.16499859E-08 -0.16674950E-01  0.33012691E-08
    4    6   -0.31769647E-01  0.99481309E-09  0.27977922E-01 -0.27398423E-08  0.97453389E-02 -0.16690846E-08
    5    6   -0.16246235E-01  0.11903422E-08  0.12349156E-01 -0.11294739E-08  0.88349813E-02 -0.18228887E-08
    6    6    0.46286447E-02 -0.79320020E-09  0.41511432E-02 -0.79128926E-09 -0.46286436E-02 -0.76101782E-09
    7    6   -0.88349833E-02 -0.55867616E-09  0.12349155E-01 -0.34559298E-09  0.16246234E-01 -0.11467309E-08
    8    6    0.16353753E-01  0.69535141E-09 -0.22179198E-01  0.36091733E-09 -0.16353755E-01  0.81399225E-09
    1    7   -0.16491564E-01 -0.15639432E-08  0.13815883E-01  0.85537956E-09 -0.89985224E-02 -0.15140938E-08
    2    7    0.45545810E-01  0.11646124E-09 -0.45545809E-01 -0.12357742E-08 -0.32018643E-04  0.63678690E-09
    3    7   -0.34983288E-01  0.60195298E-10  0.34983289E-01  0.12528830E-10  0.10627203E-01 -0.14537274E-08
    4    7   -0.13815887E-01  0.16758104E-09  0.16491565E-01  0.15877717E-08 -0.89985236E-02  0.14496546E-08
    5    7    0.49914244E-02 -0.18214763E-09 -0.56355302E-02  0.17075638E-09 -0.11530235E-05 -0.16558475E-10
    6    7   -0.61782240E-02 -0.78758277E-09 -0.53942219E-02 -0.10077177E-08 -0.90076128E-02 -0.20108424E-08
    7    7    0.31353925E-02 -0.52560530E-10  0.69755648E-03 -0.11369295E-08 -0.22538302E-03  0.15503735E-08
    8    7    0.21992755E-02  0.46662117E-09  0.49855114E-02  0.12209686E-08  0.89585009E-02 -0.73109754E-09
    1    8    0.10930244E-01 -0.19477019E-08 -0.13918460E-01 -0.77582105E-09  0.18241203E-02  0.16331537E-08
    2    8   -0.15843165E-01  0.24824874E-08  0.21330172E-01  0.20332578E-08  0.69082053E-02 -0.14196165E-08
    3    8    0.19569742E-02  0.65359259E-09 -0.28740013E-04 -0.11341050E-08 -0.84759662E-02 -0.65232146E-09
    4    8    0.18137834E-01 -0.55768558E-09 -0.17133128E-01 -0.18574891E-09  0.50150479E-03 -0.17473884E-09
    5    8    0.36333080E-03 -0.15089771E-08 -0.55233910E-02  0.13363078E-09 -0.77530292E-03  0.14088072E-08
    6    8   -0.20758740E-02 -0.40896156E-09  0.85330965E-02  0.75240851E-09  0.20758735E-02  0.14003215E-08
    7    8    0.77530353E-03  0.84629748E-09 -0.55233913E-02  0.10588593E-09 -0.36333266E-03 -0.79311278E-09
    8    8   -0.54292369E-03 -0.98304088E-09  0.81433327E-03 -0.53654415E-09  0.54292400E-03 -0.23384218E-09

    0    2   -2
    1    1    0.18003339E-08  0.99675041E-18  0.16349435E-01  0.62941820E-19 -0.18003353E-08 -0.21694484E-18
    2    1    0.18272854E-01 -0.11313974E-08 -0.93876401E-02 -0.55757415E-10  0.17863356E-01 -0.16342387E-08
    3    1   -0.20942797E-01 -0.91833723E-09  0.45533660E-02 -0.11967753E-08 -0.20942795E-01  0.13237349E-08
    4    1    0.17863355E-01  0.32893337E-09 -0.93876397E-02  0.91885969E-09  0.18272855E-01  0.66743113E-09
    5    1   -0.34983289E-01  0.25935881E-08  0.19986605E-01  0.78372017E-09 -0.34983292E-01  0.47928598E-09
    6    1    0.28744372E-04  0.18898716E-08 -0.77464761E-02  0.80917474E-09  0.19569780E-02 -0.22321998E-09
    7    1    0.48125988E-01 -0.18643666E-08 -0.12370064E-01 -0.45124272E-09  0.48125989E-01 -0.70910399E-09
    8    1    0.19569774E-02 -0.26816950E-08 -0.77464769E-02 -0.39277963E-09  0.28745155E-04  0.42694844E-09
    1    2   -0.17863356E-01 -0.16342411E-08 -0.51635018E-03  0.51848924E-09 -0.18272854E-01 -0.11313998E-08
    2    2    0.50711940E-03  0.93380879E-18  0.13381209E-02  0.48992552E-24 -0.50711940E-03  0.93380825E-18
    3    2    0.20900122E-01  0.65553931E-10 -0.56419918E-02  0.10047250E-08  0.20490619E-01  0.42992144E-09
    4    2   -0.36717680E-09  0.79627160E-09  0.23840949E-02 -0.21512854E-08  0.57821596E-09 -0.88033268E-09
    5    2   -0.16491567E-01 -0.67407484E-09 -0.35427883E-03  0.12325833E-08 -0.13815884E-01 -0.15956825E-08
    6    2    0.17133129E-01 -0.31868894E-08 -0.24581284E-02  0.68275070E-09  0.18137832E-01  0.26800723E-09
    7    2   -0.27977927E-01  0.20117558E-08  0.82206633E-03 -0.56318009E-09 -0.31769651E-01  0.22520776E-08
    8    2    0.10930246E-01 -0.23932424E-09  0.12069377E-03 -0.52872265E-09  0.13918460E-01  0.75401672E-09
    1    3    0.20942795E-01  0.13237360E-08 -0.64188829E-02 -0.74425127E-09  0.20942797E-01 -0.91833621E-09
    2    3   -0.20490619E-01  0.42992371E-09 -0.42619998E-02  0.15299238E-09 -0.20900122E-01  0.65556193E-10
    3    3   -0.19562091E-08 -0.21694522E-18  0.16349436E-01 -0.62941568E-19  0.19562089E-08  0.99675045E-18
    4    3   -0.20900121E-01 -0.89651073E-09 -0.42619996E-02  0.11153807E-08 -0.20490618E-01  0.12897020E-09
    5    3    0.45545815E-01 -0.69414386E-09 -0.40392338E-02 -0.14882800E-09  0.45545813E-01 -0.22725889E-08
    6    3   -0.21330177E-01  0.40316271E-09  0.47735800E-02 -0.24749098E-08 -0.15843167E-01  0.49963659E-09
    7    3   -0.25137688E-02  0.30791779E-09 -0.62191255E-02  0.26780212E-08 -0.25137702E-02  0.79508973E-09
    8    3   -0.15843168E-01  0.11974108E-08  0.47735801E-02  0.31074569E-09 -0.21330175E-01  0.68480538E-09
    1    4   -0.18272855E-01  0.66743118E-09 -0.51635114E-03 -0.48709082E-08 -0.17863355E-01  0.32893344E-09
    2    4   -0.57821754E-09 -0.88033054E-09  0.23840964E-02  0.26813099E-08  0.36717523E-09  0.79627376E-09
    3    4    0.20490618E-01  0.12897039E-09 -0.56419903E-02  0.59797229E-09  0.20900121E-01 -0.89651054E-09
    4    4   -0.50711693E-03  0.24556839E-18  0.13381225E-02  0.18105652E-24  0.50711693E-03  0.24556813E-18
    5    4   -0.13815884E-01  0.10221281E-08 -0.35428266E-03 -0.33779763E-08 -0.16491565E-01  0.33028286E-08
    6    4    0.13918463E-01 -0.99547992E-09  0.12069478E-03 -0.52500817E-09  0.10930246E-01 -0.54818452E-09
    7    4   -0.31769650E-01 -0.24879661E-09  0.82206676E-03  0.68424909E-09 -0.27977926E-01 -0.17512673E-08
    8    4    0.18137830E-01  0.10272358E-08 -0.24581261E-02  0.20629604E-08  0.17133127E-01 -0.11332761E-08
    1    5    0.34983292E-01  0.47928578E-09 -0.10627205E-01  0.35815377E-08  0.34983289E-01  0.25935879E-08
    2    5    0.13815884E-01 -0.15956835E-08  0.89985242E-02 -0.19538434E-08  0.16491567E-01 -0.67407592E-09
    3    5   -0.45545813E-01 -0.22725881E-08  0.32016136E-04  0.25698189E-09 -0.45545815E-01 -0.69414306E-09
    4    5    0.16491565E-01  0.33028281E-08  0.89985237E-02  0.37403462E-09  0.13815884E-01  0.10221276E-08
    5    5   -0.48706756E-09 -0.26138991E-18 -0.12546716E-01  0.56469977E-18  0.48706712E-09 -0.39934158E-18
    6    5   -0.14947019E-01  0.46877994E-08  0.38997659E-02  0.29037116E-08 -0.15537168E-01  0.95475168E-10
    7    5    0.52680848E-01 -0.46181813E-09  0.47211333E-02 -0.29820931E-08  0.52680849E-01  0.95074584E-09
    8    5   -0.15537163E-01 -0.30430966E-08  0.38997652E-02 -0.17424928E-08 -0.14947017E-01 -0.28587496E-09
    1    6   -0.19569780E-02 -0.22321810E-09  0.84759678E-02 -0.65314855E-09 -0.28744372E-04  0.18898736E-08
    2    6   -0.18137832E-01  0.26800378E-09 -0.50150685E-03  0.12679894E-09 -0.17133129E-01 -0.31868929E-08
    3    6    0.15843167E-01  0.49963919E-09 -0.69082035E-02 -0.15836941E-09  0.21330177E-01  0.40316531E-09
    4    6   -0.10930246E-01 -0.54818305E-09 -0.18241210E-02  0.39443483E-09 -0.13918463E-01 -0.99547842E-09
    5    6    0.15537168E-01  0.95473709E-10  0.72135986E-02  0.91972357E-10  0.14947019E-01  0.46877980E-08
    6    6   -0.41572516E-03 -0.82608917E-18 -0.44902427E-02  0.71619007E-25  0.41572516E-03 -0.82608905E-18
    7    6   -0.14947020E-01 -0.10769003E-08  0.72136028E-02  0.10436199E-10 -0.15537166E-01 -0.44691321E-08
    8    6    0.43553562E-09  0.40537688E-09 -0.85006669E-02  0.35786661E-09 -0.43473293E-09 -0.70444136E-09
    1    7   -0.48125989E-01 -0.70910318E-09  0.16674949E-01 -0.20324136E-08 -0.48125988E-01 -0.18643657E-08
    2    7    0.31769651E-01  0.22520772E-08 -0.97453385E-02 -0.45981035E-09  0.27977927E-01  0.20117554E-08
    3    7    0.25137702E-02  0.79509155E-09  0.51488039E-02  0.67144756E-09  0.25137688E-02  0.30791962E-09
    4    7    0.27977926E-01 -0.17512667E-08 -0.97453373E-02  0.28694742E-09  0.31769650E-01 -0.24879599E-09
    5    7   -0.52680849E-01  0.95074578E-09  0.47211341E-02 -0.10931621E-08 -0.52680848E-01 -0.46181819E-09
    6    7    0.15537166E-01 -0.44691314E-08  0.38997644E-02  0.22704561E-08  0.14947020E-01 -0.10768996E-08
    7    7    0.11210188E-08 -0.39934176E-18 -0.12546717E-01 -0.56469982E-18 -0.11210163E-08 -0.26138960E-18
    8    7    0.14947017E-01  0.17313708E-08  0.38997646E-02 -0.11311541E-08  0.15537164E-01  0.65072009E-09
    1    8   -0.28745155E-04  0.42694797E-09  0.84759688E-02  0.11980880E-08 -0.19569774E-02 -0.26816954E-08
    2    8   -0.13918460E-01  0.75401515E-09 -0.18241215E-02  0.14215099E-08 -0.10930246E-01 -0.23932579E-09
    3    8    0.21330175E-01  0.68480558E-09 -0.69082056E-02 -0.21042617E-08  0.15843168E-01  0.11974110E-08
    4    8   -0.17133127E-01 -0.11332757E-08 -0.50150572E-03 -0.73992026E-09 -0.18137830E-01  0.10272362E-08
    5    8    0.14947017E-01 -0.28587454E-09  0.72136005E-02  0.57011043E-10  0.15537163E-01 -0.30430962E-08
    6    8    0.43473237E-09 -0.70444072E-09 -0.85006676E-02 -0.35190282E-08 -0.43553625E-09  0.40537752E-09
    7    8   -0.15537164E-01  0.65072176E-09  0.72136006E-02  0.28283366E-08 -0.14947017E-01  0.17313725E-08
    8    8    0.41572206E-03 -0.46662011E-18 -0.44902429E-02 -0.69337293E-25 -0.41572206E-03 -0.46661979E-18

    0    2   -1
    1    1   -0.21234565E-02 -0.78814494E-09 -0.21234568E-02  0.16971610E-08  0.15248939E-02  0.51879737E-09
    2    1    0.58459357E-02  0.82436024E-10 -0.77352280E-03 -0.39195070E-08  0.35404535E-03  0.86814407E-09
    3    1   -0.77352295E-03  0.20927182E-08  0.58459354E-02  0.19196449E-08  0.35404592E-03  0.22776147E-09
    4    1   -0.37986115E-02 -0.92955295E-09 -0.37986131E-02 -0.23327525E-09 -0.67564238E-02  0.65924522E-09
    5    1    0.32157381E-02 -0.97292601E-10  0.32157402E-02  0.19162138E-08  0.32946468E-02 -0.16375343E-09
    6    1   -0.87395854E-02  0.77056228E-10  0.71359033E-02 -0.46351807E-09 -0.44975278E-02 -0.52965250E-09
    7    1    0.71359038E-02 -0.78346085E-09 -0.87395859E-02  0.38221375E-09 -0.44975265E-02  0.13930730E-08
    8    1    0.13981955E-02 -0.30404108E-09  0.13981949E-02 -0.26993800E-08  0.10329717E-01  0.41202440E-09
    1    2   -0.45906604E-02  0.19436894E-08  0.97860156E-02 -0.27913328E-09 -0.32711685E-02 -0.60387996E-09
    2    2   -0.28909775E-02 -0.21320346E-08 -0.39654469E-02 -0.71790844E-09  0.23413831E-02  0.23388749E-08
    3    2    0.41335443E-03 -0.17217673E-08 -0.75679516E-02  0.64781084E-09 -0.20523349E-02 -0.17312818E-08
    4    2    0.87310440E-02  0.19237149E-08  0.30241868E-02 -0.70771813E-09  0.42051638E-02 -0.20709930E-08
    5    2   -0.11738324E-01  0.70770575E-09  0.30758938E-02  0.40607471E-09 -0.85575393E-02 -0.42080775E-09
    6    2    0.22603948E-02  0.54390640E-09 -0.47776539E-02  0.90280528E-09 -0.46987487E-02 -0.74396981E-09
    7    2    0.10236291E-01  0.16994435E-08  0.91750178E-02 -0.21667331E-08  0.13417077E-01  0.52009814E-09
    8    2    0.34350518E-02  0.36603383E-10 -0.12551686E-01  0.32981349E-09 -0.36201614E-02  0.18095512E-08
    1    3    0.97860160E-02  0.40619526E-09 -0.45906610E-02 -0.79529859E-09 -0.32711675E-02 -0.19672833E-09
    2    3   -0.75679504E-02 -0.61932717E-09  0.41335575E-03  0.22951559E-08 -0.20523360E-02 -0.32666962E-09
    3    3   -0.39654470E-02  0.26660633E-09 -0.28909762E-02 -0.15081629E-08  0.23413821E-02  0.50159429E-09
    4    3    0.30241850E-02  0.12823488E-08  0.87310423E-02  0.14442961E-08  0.42051654E-02 -0.22961676E-09
    5    3    0.30758963E-02 -0.43743358E-09 -0.11738324E-01 -0.20797433E-08 -0.85575374E-02 -0.42979107E-09
    6    3    0.91750175E-02  0.24657677E-08  0.10236292E-01 -0.13605517E-08  0.13417077E-01  0.13536327E-09
    7    3   -0.47776561E-02 -0.25788502E-08  0.22603945E-02  0.20466519E-08 -0.46987514E-02 -0.96292650E-09
    8    3   -0.12551686E-01 -0.19649631E-08  0.34350518E-02  0.53162222E-09 -0.36201621E-02 -0.10727574E-08
    1    4    0.22029405E-02  0.94932252E-10  0.22029415E-02  0.11102319E-08  0.18212757E-02 -0.10289122E-08
    2    4   -0.67557119E-03  0.45110671E-08 -0.28855918E-02  0.25673614E-08 -0.41473577E-02 -0.67401169E-09
    3    4   -0.28855909E-02 -0.19749582E-08 -0.67557216E-03 -0.16358000E-08 -0.41473573E-02 -0.29036640E-09
    4    4    0.43395327E-03 -0.23430924E-08  0.43395488E-03 -0.34869900E-09  0.64864377E-03  0.17613652E-08
    5    4    0.36343786E-02 -0.16030405E-08  0.36343784E-02 -0.13202460E-08  0.69886243E-02 -0.16924196E-08
    6    4   -0.15638213E-02 -0.17629446E-08 -0.55878052E-02  0.20839783E-09 -0.22335581E-02  0.51895497E-09
    7    4   -0.55878042E-02  0.26026265E-08 -0.15638200E-02  0.30031728E-09 -0.22335581E-02  0.11587212E-08
    8    4   -0.14386946E-02  0.23154154E-08 -0.14386951E-02  0.13059174E-08  0.77454525E-03  0.18412253E-09
    1    5   -0.57813552E-02 -0.18122108E-08 -0.57813569E-02  0.22868241E-09 -0.63371836E-03  0.28256089E-08
    2    5    0.76162240E-02 -0.72045390E-09  0.88740823E-03 -0.53411337E-08  0.60088061E-02 -0.17071159E-08
    3    5    0.88740799E-03  0.25768409E-08  0.76162238E-02  0.44478661E-08  0.60088064E-02  0.10851513E-08
    4    5   -0.17236716E-01 -0.11669374E-08 -0.17236718E-01 -0.32133033E-08 -0.10515754E-01 -0.14561490E-08
    5    5    0.46286418E-02 -0.63473625E-09  0.46286437E-02  0.11760658E-10 -0.41511416E-02  0.12018110E-08
    6    5   -0.41866658E-02 -0.11774041E-08 -0.52968559E-02  0.28732561E-09 -0.30293613E-02 -0.64264977E-09
    7    5   -0.52968550E-02 -0.15212469E-08 -0.41866680E-02 -0.71625450E-09 -0.30293599E-02 -0.16180246E-08
    8    5    0.65354698E-02 -0.75200119E-09  0.65354717E-02 -0.57927228E-09  0.58749728E-02 -0.20201613E-08
    1    6    0.18682406E-02 -0.29358304E-08  0.25228676E-02  0.10997698E-08  0.77373956E-02 -0.11757198E-08
    2    6    0.27845367E-02  0.23509107E-08 -0.45988531E-02  0.70527773E-09 -0.66012662E-02  0.14254070E-08
    3    6   -0.14855795E-01  0.84829318E-09  0.73265163E-02 -0.63163669E-09 -0.28978292E-02  0.22371925E-08
    4    6    0.97780226E-02 -0.14197968E-08 -0.12175918E-01  0.37954770E-08 -0.85311638E-02  0.10851101E-08
    5    6    0.84208328E-02 -0.93076502E-09  0.75703802E-02 -0.33440717E-08  0.17457448E-01 -0.47003077E-08
    6    6    0.22538238E-03 -0.13478109E-08  0.31353925E-02  0.13865344E-08 -0.69755648E-03  0.22674543E-09
    7    6    0.17382377E-02  0.24962726E-09 -0.11176149E-01  0.14616228E-08 -0.56305642E-02  0.88007932E-09
    8    6   -0.62897126E-02  0.14660626E-08  0.20956823E-02 -0.86091610E-09 -0.24812798E-02  0.42595133E-09
    1    7    0.25228664E-02  0.33804847E-08  0.18682391E-02  0.55359493E-09  0.77373957E-02 -0.35386747E-09
    2    7    0.73265195E-02 -0.28715285E-08 -0.14855799E-01  0.36879585E-08 -0.28978275E-02 -0.16552638E-08
    3    7   -0.45988566E-02  0.12922205E-08  0.27845390E-02 -0.11135417E-08 -0.66012644E-02 -0.18645679E-08
    4    7   -0.12175919E-01 -0.43669660E-09  0.97780236E-02 -0.20760796E-08 -0.85311655E-02 -0.13716061E-09
    5    7    0.75703813E-02  0.81462779E-09  0.84208322E-02  0.69242559E-09  0.17457447E-01  0.23555729E-08
    6    7   -0.11176151E-01  0.18852213E-08  0.17382372E-02 -0.22442629E-08 -0.56305664E-02  0.70209643E-10
    7    7    0.31353919E-02 -0.17889001E-09  0.22538360E-03  0.35322201E-09 -0.69755678E-03  0.13514040E-09
    8    7    0.20956838E-02  0.87891427E-09 -0.62897147E-02  0.15756792E-08 -0.24812773E-02  0.11294309E-09
    1    8   -0.29981211E-02  0.65492673E-10 -0.29981200E-02 -0.58147948E-09 -0.83126292E-02 -0.59518456E-09
    2    8   -0.73241038E-02  0.15235038E-09  0.15336473E-01  0.63556014E-10  0.39434846E-02  0.47652240E-09
    3    8    0.15336473E-01 -0.25167617E-08 -0.73241016E-02 -0.17840151E-08  0.39434839E-02  0.20089943E-09
    4    8    0.91651782E-02  0.18467586E-08  0.91651779E-02  0.56977469E-09  0.11651737E-01  0.28242554E-09
    5    8   -0.14395724E-01 -0.20141191E-09 -0.14395725E-01  0.59354195E-09 -0.24143923E-01 -0.14527673E-08
    6    8    0.89089654E-02 -0.27603797E-09 -0.78705040E-03 -0.31971323E-09  0.41137726E-02 -0.25953032E-09
    7    8   -0.78705106E-03  0.12782754E-08  0.89089658E-02 -0.86265308E-09  0.41137700E-02 -0.45481158E-09
    8    8   -0.54292668E-03 -0.12153641E-08 -0.54292685E-03 -0.10695493E-08 -0.81432981E-03  0.13389259E-08

    0    2    0
    1    1    0.16349436E-01 -0.10187568E-15 -0.68884535E-09 -0.11042816E-15  0.68884379E-09 -0.11042817E-15
    2    1    0.45533656E-02 -0.21181335E-08 -0.20942796E-01  0.13581777E-09 -0.20942796E-01  0.49268178E-09
    3    1   -0.93876386E-02  0.17017132E-08  0.18272857E-01 -0.91851054E-09  0.17863354E-01  0.33764210E-09
    4    1   -0.93876397E-02  0.67461928E-09  0.17863355E-01 -0.65188754E-09  0.18272856E-01 -0.18283508E-08
    5    1    0.19986604E-01  0.39987380E-10 -0.34983290E-01  0.15819347E-08 -0.34983289E-01 -0.28031634E-10
    6    1   -0.12370067E-01  0.99631625E-09  0.48125990E-01  0.13856903E-08  0.48125994E-01  0.45519153E-09
    7    1   -0.77464755E-02 -0.68102470E-10  0.28742001E-04 -0.17058264E-08  0.19569725E-02 -0.36726275E-09
    8    1   -0.77464755E-02 -0.12802426E-08  0.19569766E-02 -0.18641753E-08  0.28741855E-04  0.62115397E-09
    1    2   -0.64188841E-02 -0.18045691E-08  0.20942796E-01  0.49267939E-09  0.20942796E-01  0.13581755E-09
    2    2    0.16349438E-01 -0.10187567E-15 -0.57008187E-09 -0.54825903E-16  0.57008236E-09 -0.54825904E-16
    3    2   -0.42620017E-02  0.56454396E-09 -0.20490620E-01  0.16601254E-08 -0.20900122E-01 -0.13655704E-08
    4    2   -0.42620019E-02 -0.11503276E-08 -0.20900121E-01 -0.54705168E-09 -0.20490620E-01  0.41240707E-08
    5    2   -0.40392319E-02 -0.59873252E-09  0.45545817E-01  0.84151172E-09  0.45545816E-01 -0.13860783E-08
    6    2   -0.62191257E-02 -0.15115417E-08 -0.25137747E-02  0.86492780E-09 -0.25137746E-02  0.81057892E-09
    7    2    0.47735807E-02 -0.71130354E-09 -0.21330174E-01 -0.70452386E-09 -0.15843166E-01  0.11491201E-08
    8    2    0.47735799E-02  0.21280727E-08 -0.15843169E-01 -0.11855887E-08 -0.21330177E-01 -0.50843032E-09
    1    3   -0.51634942E-03  0.10245269E-10 -0.17863354E-01  0.33764308E-09 -0.18272857E-01 -0.91851158E-09
    2    3   -0.56419933E-02 -0.13607418E-09  0.20900122E-01 -0.13655703E-08  0.20490620E-01  0.16601279E-08
    3    3    0.13381212E-02 -0.53579667E-16  0.50711720E-03 -0.11072702E-15 -0.50711720E-03 -0.54527052E-16
    4    3    0.23840974E-02  0.23398959E-09 -0.11260231E-09  0.84675465E-09  0.58923335E-09 -0.37817145E-09
    5    3   -0.35427989E-03  0.99545282E-09 -0.16491569E-01  0.94851353E-10 -0.13815889E-01  0.11418806E-09
    6    3    0.82206703E-03 -0.31319560E-09 -0.27977924E-01 -0.17882474E-08 -0.31769647E-01 -0.13260286E-08
    7    3   -0.24581272E-02 -0.53971567E-09  0.17133129E-01  0.18510737E-08  0.18137834E-01 -0.73936238E-09
    8    3    0.12069186E-03 -0.13307785E-08  0.10930248E-01  0.83506498E-09  0.13918462E-01  0.15820945E-08
    1    4   -0.51634925E-03  0.96842642E-09 -0.18272856E-01 -0.18283507E-08 -0.17863355E-01 -0.65188761E-09
    2    4   -0.56419921E-02 -0.35076005E-09  0.20490620E-01  0.41240721E-08  0.20900121E-01 -0.54705051E-09
    3    4    0.23840959E-02 -0.18374060E-08 -0.58923483E-09 -0.37817148E-09  0.11260400E-09  0.84675472E-09
    4    4    0.13381218E-02 -0.53579666E-16 -0.50711707E-03 -0.54527051E-16  0.50711707E-03 -0.11072702E-15
    5    4   -0.35428056E-03 -0.24237586E-09 -0.13815888E-01 -0.19466181E-08 -0.16491566E-01  0.60970781E-09
    6    4    0.82206765E-03 -0.18884084E-09 -0.31769647E-01 -0.83596215E-09 -0.27977927E-01 -0.20479409E-08
    7    4    0.12069349E-03  0.13263224E-08  0.13918461E-01  0.29229837E-09  0.10930247E-01 -0.25815443E-09
    8    4   -0.24581262E-02  0.41899400E-09  0.18137833E-01  0.30523160E-08  0.17133131E-01  0.10420263E-08
    1    5   -0.10627205E-01  0.72564988E-09  0.34983289E-01 -0.28031776E-10  0.34983290E-01  0.15819346E-08
    2    5    0.32018744E-04  0.48016878E-09 -0.45545816E-01 -0.13860781E-08 -0.45545817E-01  0.84151064E-09
    3    5    0.89985252E-02  0.61180559E-09  0.13815889E-01  0.11418686E-09  0.16491569E-01  0.94852167E-10
    4    5    0.89985243E-02 -0.50902866E-09  0.16491566E-01  0.60970796E-09  0.13815888E-01 -0.19466186E-08
    5    5   -0.12546719E-01 -0.23214265E-16 -0.40268423E-09 -0.14068300E-16  0.40268384E-09 -0.14068302E-16
    6    5    0.47211334E-02  0.13497111E-08  0.52680847E-01  0.38581835E-08  0.52680849E-01  0.30465490E-08
    7    5    0.38997647E-02  0.78155173E-09 -0.14947019E-01 -0.24062362E-08 -0.15537170E-01 -0.20599108E-09
    8    5    0.38997670E-02 -0.13690362E-08 -0.15537167E-01 -0.19906793E-08 -0.14947019E-01 -0.25741797E-08
    1    6    0.16674952E-01 -0.12826216E-08 -0.48125994E-01  0.45519344E-09 -0.48125990E-01  0.13856930E-08
    2    6    0.51488027E-02 -0.12533264E-08  0.25137746E-02  0.81057742E-09  0.25137747E-02  0.86492656E-09
    3    6   -0.97453394E-02  0.15253077E-08  0.31769647E-01 -0.13260273E-08  0.27977924E-01 -0.17882440E-08
    4    6   -0.97453389E-02  0.26845755E-08  0.27977927E-01 -0.20479400E-08  0.31769647E-01 -0.83595837E-09
    5    6    0.47211336E-02 -0.20385919E-08 -0.52680849E-01  0.30465475E-08 -0.52680847E-01  0.38581831E-08
    6    6   -0.12546712E-01 -0.23214264E-16  0.18006500E-08  0.14068306E-16 -0.18006445E-08  0.14068305E-16
    7    6    0.38997646E-02 -0.17270518E-09  0.15537163E-01  0.12608920E-08  0.14947019E-01  0.10936223E-08
    8    6    0.38997648E-02 -0.15102508E-08  0.14947019E-01  0.11503954E-08  0.15537165E-01  0.79697977E-10
    1    7    0.84759631E-02 -0.78625494E-09 -0.19569725E-02 -0.36726193E-09 -0.28742001E-04 -0.17058273E-08
    2    7   -0.69082038E-02 -0.42761146E-09  0.15843166E-01  0.11491211E-08  0.21330174E-01 -0.70452623E-09
    3    7   -0.50150514E-03  0.65332562E-09 -0.18137834E-01 -0.73936257E-09 -0.17133129E-01  0.18510738E-08
    4    7   -0.18241197E-02 -0.86548539E-09 -0.10930247E-01 -0.25815315E-09 -0.13918461E-01  0.29229700E-09
    5    7    0.72135984E-02 -0.32210966E-09  0.15537170E-01 -0.20599118E-09  0.14947019E-01 -0.24062363E-08
    6    7    0.72136005E-02  0.76483785E-09 -0.14947019E-01  0.10936219E-08 -0.15537163E-01  0.12608950E-08
    7    7   -0.44902415E-02  0.13943803E-16 -0.41572509E-03 -0.14552505E-16  0.41572509E-03  0.14552502E-16
    8    7   -0.85006683E-02  0.49528511E-09 -0.59751312E-09 -0.11713334E-09  0.27097730E-10  0.23152540E-09
    1    8    0.84759684E-02  0.17106609E-08 -0.28741855E-04  0.62115350E-09 -0.19569766E-02 -0.18641748E-08
    2    8   -0.69082053E-02 -0.59897898E-09  0.21330177E-01 -0.50842992E-09  0.15843169E-01 -0.11855906E-08
    3    8   -0.18241213E-02 -0.10787499E-08 -0.13918462E-01  0.15820934E-08 -0.10930248E-01  0.83506605E-09
    4    8   -0.50150713E-03 -0.11455265E-08 -0.17133131E-01  0.10420261E-08 -0.18137833E-01  0.30523162E-08
    5    8    0.72136021E-02  0.17866756E-08  0.14947019E-01 -0.25741793E-08  0.15537167E-01 -0.19906799E-08
    6    8    0.72135996E-02 -0.22938786E-09 -0.15537165E-01  0.79700453E-10 -0.14947019E-01  0.11503955E-08
    7    8   -0.85006674E-02 -0.96236025E-09 -0.27098186E-10  0.23152478E-09  0.59751343E-09 -0.11713270E-09
    8    8   -0.44902443E-02  0.13943807E-16  0.41572570E-03  0.14552504E-16 -0.41572570E-03 -0.14552504E-16

    1   -3    1
    1    1   -0.14965831E-02  0.73376287E-09 -0.14965836E-02 -0.50488963E-09 -0.14965845E-02  0.27039270E-08
    2    1    0.57978473E-02 -0.46441946E-09 -0.34538570E-02 -0.84199742E-09 -0.34538581E-02 -0.13110207E-08
    3    1   -0.34538569E-02 -0.70679236E-09  0.57978479E-02  0.61217113E-09 -0.34538586E-02 -0.22681455E-08
    4    1   -0.34538589E-02 -0.55927421E-09 -0.34538598E-02  0.67221405E-09  0.57978468E-02  0.31820097E-08
    5    1   -0.68132424E-04  0.24105004E-08 -0.68132229E-04  0.11543017E-08 -0.68131076E-04 -0.42797538E-09
    6    1   -0.15528816E-02 -0.18765539E-08 -0.64064040E-03 -0.98985291E-09 -0.64064067E-03 -0.53233997E-09
    7    1   -0.64063933E-03 -0.97750141E-10 -0.15528802E-02 -0.10825862E-08 -0.64063875E-03  0.81974424E-09
    8    1   -0.64064007E-03 -0.28201876E-09 -0.64063905E-03 -0.24864440E-09 -0.15528808E-02  0.15028297E-09
    1    2    0.20745492E-02 -0.23249837E-08 -0.42106549E-02 -0.69802306E-09 -0.42106537E-02  0.15495505E-08
    2    2   -0.14965835E-02 -0.18691339E-08  0.14965835E-02  0.14751777E-08  0.14965833E-02  0.19713449E-08
    3    2   -0.41117101E-03 -0.24775394E-08  0.25553256E-02  0.11380266E-08 -0.66963765E-02 -0.20354238E-08
    4    2   -0.41117065E-03  0.32089892E-09 -0.66963764E-02 -0.39587399E-09  0.25553253E-02 -0.16623201E-09
    5    2   -0.66793481E-03 -0.23275904E-08  0.13405373E-02  0.77842224E-09  0.13405367E-02  0.39071539E-09
    6    2   -0.14082155E-02 -0.93887857E-09 -0.20589549E-02  0.33420296E-09 -0.20589549E-02 -0.77188990E-09
    7    2    0.37583947E-02  0.23408806E-08  0.10440034E-02 -0.84840686E-09 -0.46708088E-03  0.76113736E-09
    8    2    0.37583933E-02  0.50006607E-09 -0.46708111E-03 -0.22631547E-08  0.10440047E-02  0.10915429E-08
    1    3   -0.42106561E-02 -0.43263573E-09  0.20745512E-02  0.24925296E-08 -0.42106568E-02 -0.24270951E-08
    2    3    0.25553260E-02 -0.20160513E-08 -0.41117237E-03 -0.46111319E-09 -0.66963760E-02 -0.47487258E-09
    3    3    0.14965843E-02 -0.57353856E-09 -0.14965841E-02  0.66789531E-10  0.14965834E-02  0.24076045E-08
    4    3   -0.66963786E-02  0.57895501E-09 -0.41117112E-03  0.78139934E-09  0.25553264E-02  0.93282628E-11
    5    3    0.13405377E-02 -0.81284157E-10 -0.66793483E-03 -0.83518856E-10  0.13405376E-02 -0.23380937E-08
    6    3    0.10440034E-02  0.11575053E-08  0.37583945E-02 -0.55958479E-09 -0.46707999E-03  0.26527205E-08
    7    3   -0.20589552E-02 -0.14529562E-08 -0.14082176E-02  0.12607767E-08 -0.20589548E-02 -0.11684876E-08
    8    3   -0.46708010E-03 -0.12285450E-08  0.37583949E-02  0.91485847E-09  0.10440023E-02  0.11296910E-09
    1    4   -0.42106524E-02 -0.49098587E-09 -0.42106548E-02 -0.25547230E-08  0.20745507E-02 -0.12397128E-09
    2    4    0.25553253E-02  0.93673499E-09 -0.66963786E-02  0.13354341E-08 -0.41117329E-03 -0.10182528E-08
    3    4   -0.66963802E-02 -0.13455438E-08  0.25553254E-02  0.53026381E-09 -0.41117158E-03  0.15485122E-08
    4    4    0.14965851E-02 -0.27033962E-10  0.14965852E-02 -0.59665484E-09 -0.14965841E-02  0.86819450E-09
    5    4    0.13405391E-02 -0.14079883E-08  0.13405380E-02 -0.24972322E-08 -0.66793475E-03  0.42440912E-09
    6    4    0.10440028E-02  0.91383403E-09 -0.46707991E-03  0.27453068E-08  0.37583950E-02 -0.91231111E-10
    7    4   -0.46708096E-03  0.12131987E-08  0.10440036E-02  0.10823000E-08  0.37583929E-02  0.13129463E-08
    8    4   -0.20589550E-02  0.92954527E-09 -0.20589560E-02 -0.81771271E-10 -0.14082161E-02 -0.15425671E-08
    1    5    0.95938137E-03  0.20118887E-08  0.95938163E-03 -0.27551088E-10  0.95938202E-03  0.63392758E-09
    2    5   -0.67282433E-02 -0.10363492E-08  0.51847794E-02 -0.98438800E-09  0.51847815E-02 -0.10038467E-08
    3    5    0.51847796E-02  0.72318410E-10 -0.67282430E-02 -0.14025479E-09  0.51847786E-02 -0.67750715E-09
    4    5    0.51847799E-02 -0.13865074E-08  0.51847781E-02 -0.82422501E-09 -0.67282459E-02 -0.23835687E-09
    5    5   -0.11457190E-02  0.15327616E-08 -0.11457186E-02  0.15808867E-08 -0.11457188E-02  0.14976721E-08
    6    5   -0.10084501E-03 -0.18743435E-09 -0.28325948E-02 -0.12010653E-08 -0.28325963E-02 -0.16499672E-08
    7    5   -0.28325952E-02 -0.22861825E-08 -0.10084476E-03 -0.21329840E-08 -0.28325938E-02 -0.18459041E-08
    8    5   -0.28325954E-02  0.31778952E-09 -0.28325949E-02  0.59292555E-09 -0.10084623E-03  0.92786302E-09
    1    6   -0.82524053E-02 -0.47641680E-09  0.61679763E-02  0.13970157E-08  0.61679749E-02 -0.89004662E-09
    2    6   -0.65334904E-02 -0.36400546E-09  0.24152496E-02  0.17923812E-08  0.24152498E-02 -0.83822742E-09
    3    6    0.10475176E-01  0.42023416E-08  0.34164321E-02 -0.33288906E-08 -0.17598559E-01 -0.21009308E-08
    4    6    0.10475178E-01 -0.23223835E-08 -0.17598559E-01  0.22303036E-08  0.34164310E-02  0.32860388E-08
    5    6   -0.10084449E-03 -0.24248246E-09  0.28325940E-02 -0.43519745E-09  0.28325945E-02 -0.11117918E-08
    6    6   -0.11457198E-02 -0.10660057E-08  0.11457205E-02  0.11366968E-08  0.11457197E-02  0.32884800E-08
    7    6   -0.28325943E-02 -0.26751049E-08  0.28325956E-02  0.25533922E-08  0.10084328E-03  0.17368914E-08
    8    6   -0.28325954E-02  0.11176202E-08  0.10084449E-03 -0.15233754E-08  0.28325967E-02 -0.12702794E-08
    1    7    0.61679748E-02 -0.14925660E-08 -0.82524064E-02 -0.31695022E-08  0.61679744E-02  0.17291692E-08
    2    7    0.34164319E-02  0.91227515E-09  0.10475177E-01  0.11398501E-08 -0.17598561E-01 -0.95637827E-09
    3    7    0.24152523E-02 -0.17152841E-08 -0.65334919E-02  0.11693013E-08  0.24152536E-02  0.18886681E-08
    4    7   -0.17598560E-01  0.42533938E-09  0.10475178E-01 -0.99998013E-11  0.34164319E-02 -0.14734362E-08
    5    7    0.28325929E-02  0.13858489E-09 -0.10084434E-03 -0.12425688E-08  0.28325929E-02  0.41460635E-09
    6    7    0.28325954E-02  0.72283075E-10 -0.28325955E-02  0.20946635E-08  0.10084428E-03 -0.71516276E-09
    7    7    0.11457194E-02  0.15906066E-08 -0.11457197E-02 -0.91104937E-09  0.11457203E-02  0.12202722E-09
    8    7    0.10084459E-03 -0.25599228E-08 -0.28325947E-02  0.36015225E-09  0.28325952E-02  0.18541402E-09
    1    8    0.61679739E-02  0.16819869E-09  0.61679725E-02  0.24405187E-08 -0.82524042E-02 -0.52226618E-09
    2    8    0.34164319E-02 -0.16506312E-09 -0.17598558E-01 -0.75577900E-09  0.10475177E-01  0.12149462E-08
    3    8   -0.17598558E-01 -0.50111110E-09  0.34164317E-02  0.63927265E-09  0.10475175E-01 -0.13463254E-08
    4    8    0.24152465E-02  0.18147609E-08  0.24152498E-02 -0.65501886E-09 -0.65334896E-02 -0.49568577E-09
    5    8    0.28325953E-02 -0.17939820E-08  0.28325942E-02 -0.38972494E-09 -0.10084410E-03  0.13288346E-08
    6    8    0.28325952E-02  0.86515160E-10  0.10084249E-03 -0.30989370E-08 -0.28325949E-02  0.47065621E-09
    7    8    0.10084476E-03  0.12901844E-08  0.28325956E-02  0.20414138E-08 -0.28325940E-02 -0.15990851E-08
    8    8    0.11457205E-02 -0.12374420E-08  0.11457207E-02 -0.73907146E-09 -0.11457208E-02  0.14096615E-08

    1   -2   -1
    1    1   -0.74434823E-03 -0.65071001E-10 -0.21093420E-09 -0.56725505E-09  0.21093296E-09  0.56725497E-09
    2    1   -0.18375429E-02  0.93980078E-09  0.25501165E-02 -0.10841641E-09  0.11368074E-02 -0.81964949E-09
    3    1    0.15806715E-02 -0.41634049E-09 -0.12990086E-02  0.12321928E-08 -0.53463297E-03  0.51592053E-09
    4    1    0.21683347E-02  0.32061379E-09 -0.17379849E-02  0.57983632E-09  0.79982668E-04 -0.95330601E-09
    5    1   -0.15010974E-02 -0.12608936E-08  0.51535815E-04 -0.19260311E-08  0.87062611E-03  0.11731815E-09
    6    1   -0.10252691E-02 -0.21773486E-08 -0.31703759E-02  0.11436268E-08 -0.15341249E-02 -0.44650564E-10
    7    1   -0.12307789E-02  0.22479169E-08 -0.19181182E-02 -0.88324589E-09  0.36374846E-03 -0.29398245E-09
    8    1    0.40486630E-02  0.27631066E-09  0.37958469E-02 -0.22409053E-09 -0.68826745E-03  0.88209932E-09
    1    2    0.22534091E-03 -0.20889612E-08 -0.11368077E-02  0.44545668E-09 -0.25501160E-02  0.19170755E-09
    2    2   -0.74434781E-03 -0.36763943E-10 -0.36899215E-09  0.20168151E-09  0.36899266E-09 -0.20168147E-09
    3    2    0.19400250E-03  0.10654932E-08  0.73041119E-03 -0.11877323E-08  0.14947864E-02  0.21864910E-08
    4    2   -0.58450855E-04  0.41406915E-10 -0.64935797E-03  0.44260856E-09  0.11686093E-02 -0.42019218E-09
    5    2   -0.21565510E-02  0.11545774E-08  0.57658695E-03  0.83691639E-09 -0.18803473E-02  0.59911393E-09
    6    2    0.54631553E-02 -0.30272027E-09 -0.88290122E-02 -0.29155379E-08 -0.79817750E-02  0.23138746E-09
    7    2    0.33020489E-02 -0.11502794E-08  0.17743272E-03  0.13207786E-08  0.35782519E-02  0.80643878E-10
    8    2   -0.47291764E-02 -0.12073131E-08  0.53313858E-02  0.15237539E-08  0.68359662E-02 -0.17952711E-08
    1    3   -0.14799645E-02  0.23072938E-08 -0.34578872E-03  0.13324097E-08  0.20037913E-02 -0.13927562E-08
    2    3    0.74682296E-03  0.31177585E-10 -0.14344162E-02 -0.17277238E-08  0.91516666E-03  0.13178808E-08
    3    3    0.66962736E-03 -0.98892268E-10 -0.70300110E-03 -0.31985447E-09  0.70300110E-03  0.31985457E-09
    4    3   -0.22222411E-02  0.10530559E-09 -0.46074425E-04 -0.97716744E-09  0.46072031E-04  0.14477163E-08
    5    3   -0.11585283E-02 -0.36743951E-10 -0.22899845E-02  0.74421379E-09  0.43599733E-03 -0.22890625E-08
    6    3    0.24312290E-02  0.38991692E-09 -0.32183533E-03  0.19097617E-08  0.19223721E-02  0.18047107E-08
    7    3   -0.13635785E-02  0.44185426E-09  0.37817312E-03 -0.12859075E-08  0.10081475E-02  0.75087374E-09
    8    3    0.40808177E-03  0.15276265E-08  0.14910083E-02 -0.10343087E-08 -0.43288470E-02  0.74645367E-09
    1    4   -0.10191203E-02  0.23113630E-08  0.56955939E-03  0.10656849E-08  0.12640820E-02  0.74800560E-09
    2    4    0.36754580E-03 -0.10074284E-08 -0.14598595E-02 -0.40647102E-09 -0.76533700E-03 -0.44182049E-09
    3    4   -0.11517722E-02  0.73271552E-09 -0.12447971E-02 -0.13001511E-08  0.12447970E-02 -0.75005078E-09
    4    4    0.66962754E-03  0.57702886E-09  0.70300168E-03  0.21119875E-09 -0.70300168E-03 -0.21119862E-09
    5    4    0.29179446E-02  0.24079400E-08  0.37903065E-03  0.18820903E-08  0.74170608E-03  0.18639202E-08
    6    4   -0.56945613E-02  0.18098544E-08  0.92439529E-02  0.53336459E-09  0.85319760E-02 -0.10007483E-08
    7    4   -0.17145494E-02 -0.13127291E-08  0.66795016E-03 -0.98360845E-09 -0.38907903E-02 -0.10598611E-08
    8    4    0.14395952E-02 -0.14827775E-08 -0.10183753E-01 -0.90406367E-09 -0.42029193E-02 -0.57762741E-09
    1    5    0.14663605E-02 -0.22338780E-08 -0.10022010E-02 -0.24243088E-08  0.80038657E-04 -0.18452441E-09
    2    5    0.30657572E-02  0.26909821E-08  0.19936859E-02  0.17712677E-08 -0.68992550E-03  0.52449207E-09
    3    5   -0.32508166E-02 -0.10440868E-08 -0.10927621E-02  0.52223766E-09 -0.27975938E-04 -0.14234426E-09
    4    5    0.23116545E-03  0.77010401E-09  0.68454424E-04 -0.22245354E-09  0.17855357E-02 -0.78474651E-09
    5    5    0.28664332E-03 -0.26418128E-09  0.12345947E-09  0.23910033E-09 -0.12345988E-09 -0.23910033E-09
    6    5    0.68447996E-03 -0.10820718E-08 -0.26868836E-02  0.32556560E-09 -0.30418877E-02 -0.33670017E-09
    7    5   -0.17248108E-02  0.13482519E-08  0.40400872E-03  0.59738564E-09  0.13324839E-02 -0.19045779E-09
    8    5    0.17422796E-02  0.18763768E-08  0.13587522E-02  0.38724041E-09  0.13759114E-02  0.27113115E-08
    1    6    0.16139698E-02  0.58422073E-09  0.46910686E-02  0.16595357E-08  0.13432297E-04 -0.98581136E-09
    2    6   -0.62132110E-02  0.69104464E-09  0.62132103E-02 -0.78255446E-09  0.10597579E-01 -0.36455293E-09
    3    6    0.79346062E-02  0.51098559E-09 -0.79346061E-02 -0.21537173E-08 -0.98413231E-02 -0.61986026E-09
    4    6   -0.46910658E-02 -0.17016937E-08 -0.16139725E-02  0.19143576E-09  0.13430937E-04  0.79134185E-09
    5    6    0.68447871E-03  0.48944929E-09  0.30418901E-02  0.27701026E-08  0.26868833E-02 -0.55928661E-09
    6    6    0.28664268E-03  0.87007666E-09 -0.41058872E-09  0.31945747E-09  0.41059431E-09 -0.31945752E-09
    7    6   -0.17248076E-02 -0.16558172E-08 -0.13324832E-02 -0.81058438E-09 -0.40400880E-03  0.13239914E-08
    8    6    0.17422781E-02  0.48086911E-09 -0.13759124E-02 -0.14395666E-08 -0.13587505E-02  0.11003534E-08
    1    7   -0.37482047E-02 -0.57745323E-09 -0.21972156E-02  0.77555813E-09 -0.91036451E-03  0.14885455E-08
    2    7    0.38523548E-02 -0.60945106E-09 -0.38523545E-02  0.77478283E-09 -0.83149968E-02 -0.34771540E-08
    3    7   -0.29101199E-02 -0.47522270E-09  0.29101191E-02 -0.10061185E-08  0.11476553E-01  0.26996724E-08
    4    7    0.21972139E-02  0.68660591E-09  0.37482082E-02 -0.20724667E-10 -0.91036506E-03  0.31725393E-09
    5    7   -0.16123266E-02  0.23254339E-08 -0.15005829E-02  0.23743515E-10 -0.12340860E-02  0.19774925E-08
    6    7   -0.16123283E-02 -0.77551119E-09  0.12340841E-02 -0.18812617E-08  0.15005824E-02  0.36882548E-09
    7    7    0.25957708E-03 -0.30849539E-09 -0.13699563E-03 -0.28089785E-09  0.13699563E-03  0.28089785E-09
    8    7    0.55082454E-03 -0.21498865E-08 -0.26969902E-02  0.87234642E-09  0.26969908E-02 -0.19760874E-08
    1    8   -0.68455049E-04  0.11381066E-08 -0.23116408E-03  0.60446430E-09  0.17855341E-02 -0.90014421E-09
    2    8   -0.19936825E-02 -0.24966413E-08 -0.30657589E-02 -0.18094779E-08 -0.68992839E-03  0.29291036E-08
    3    8    0.10927612E-02  0.20574648E-08  0.32508176E-02  0.17655509E-08 -0.27976011E-04 -0.22075865E-08
    4    8    0.10021990E-02  0.28770092E-09 -0.14663614E-02  0.23757799E-09  0.80040680E-04 -0.49393991E-09
    5    8   -0.79569476E-03 -0.52024569E-09 -0.10171587E-02  0.42743919E-09 -0.71933311E-03  0.47981943E-09
    6    8   -0.79569363E-03  0.63373752E-09  0.71933634E-03  0.12437464E-08  0.10171585E-02 -0.42063691E-09
    7    8    0.24649963E-02  0.59693548E-09 -0.16504311E-02 -0.19021460E-08  0.16504299E-02  0.13373418E-08
    8    8    0.25957732E-03 -0.62702902E-09  0.13699544E-03 -0.83662020E-09 -0.13699544E-03  0.83662018E-09

    1   -2    0
    1    1   -0.21234573E-02  0.14600317E-08  0.15248935E-02 -0.38544392E-09 -0.21234571E-02 -0.11093689E-08
    2    1    0.14785864E-02 -0.29705827E-09 -0.66702404E-03  0.21868020E-08  0.50738150E-02 -0.10700720E-08
    3    1   -0.10816784E-02 -0.10599770E-08 -0.69046905E-02 -0.28944596E-08 -0.10816773E-02  0.12497602E-08
    4    1    0.50738164E-02  0.16996025E-08 -0.66702485E-03  0.27776062E-09  0.14785876E-02  0.48487502E-09
    5    1   -0.11480216E-02 -0.14102869E-08  0.82120315E-02  0.86602981E-10 -0.11480228E-02 -0.36160746E-09
    6    1   -0.53886035E-02 -0.14046238E-08 -0.76713631E-02 -0.20510490E-08 -0.65641000E-02 -0.45227294E-09
    7    1    0.66715570E-02  0.89614182E-09  0.10114050E-01 -0.13874467E-09  0.66715547E-02  0.57905784E-09
    8    1   -0.65641018E-02  0.16116373E-08 -0.76713609E-02  0.21072256E-08 -0.53886029E-02  0.52714388E-09
    1    2   -0.30206561E-02  0.48207787E-09 -0.60290401E-02 -0.15837463E-08  0.42624485E-02  0.19004748E-08
    2    2   -0.28909773E-02  0.25539115E-09  0.23413825E-02 -0.64320698E-09 -0.39654469E-02 -0.37794523E-09
    3    2    0.49844095E-02  0.21086067E-08  0.65697574E-02  0.49677259E-09  0.14721453E-03  0.87442863E-09
    4    2   -0.13242702E-02 -0.25031972E-08  0.59629628E-02  0.27154761E-08  0.40830885E-02 -0.19878939E-08
    5    2   -0.18807252E-02 -0.10932982E-08 -0.74135001E-02 -0.30617230E-08 -0.28351799E-02  0.10214386E-08
    6    2    0.58304665E-02  0.18651682E-08  0.27729711E-02  0.80182294E-09  0.29903077E-02  0.15301568E-08
    7    2   -0.11007475E-01 -0.10736976E-08 -0.60143577E-02  0.13093058E-09  0.13473918E-02 -0.17758744E-08
    8    2    0.77836324E-02 -0.69165892E-09  0.67483139E-02  0.10510190E-08 -0.18850600E-02  0.43427857E-09
    1    3    0.56647861E-02 -0.86703825E-09  0.11988986E-01 -0.64329250E-09  0.56647857E-02  0.18263415E-08
    2    3   -0.14968389E-01  0.62736178E-09 -0.10397209E-01  0.85846834E-09  0.49253661E-02 -0.92745355E-09
    3    3    0.43395602E-03 -0.76846974E-09  0.64864136E-03  0.13010836E-08  0.43395647E-03 -0.17725115E-08
    4    3    0.49253648E-02  0.20884342E-08 -0.10397209E-01 -0.17664556E-08 -0.14968390E-01  0.11592451E-09
    5    3    0.74411082E-02 -0.14611333E-08  0.23169067E-01 -0.13003101E-08  0.74411079E-02  0.10912962E-08
    6    3    0.17452566E-01 -0.11182269E-09  0.10736936E-02  0.36656146E-08 -0.18741758E-02 -0.34041505E-08
    7    3   -0.73696177E-02  0.13155171E-08 -0.15790519E-01 -0.13176544E-08 -0.73696194E-02  0.20722099E-08
    8    3   -0.18741761E-02  0.40136394E-09  0.10736941E-02 -0.12043286E-08  0.17452566E-01  0.12632723E-08
    1    4    0.42624492E-02  0.13438269E-08 -0.60290405E-02  0.17370746E-08 -0.30206543E-02 -0.33412358E-08
    2    4    0.40830887E-02 -0.57261359E-09  0.59629620E-02 -0.29905976E-08 -0.13242708E-02  0.25415038E-08
    3    4    0.14721359E-03  0.20099239E-08  0.65697582E-02  0.20243861E-08  0.49844084E-02  0.58737635E-09
    4    4   -0.39654459E-02 -0.27644691E-08  0.23413825E-02  0.12749128E-08 -0.28909782E-02  0.11762954E-08
    5    4   -0.28351795E-02  0.26866486E-08 -0.74134983E-02  0.34361370E-08 -0.18807241E-02 -0.13675971E-08
    6    4   -0.18850567E-02  0.12225078E-08  0.67483124E-02 -0.48406395E-09  0.77836312E-02  0.25584635E-08
    7    4    0.13473904E-02 -0.13292642E-08 -0.60143597E-02 -0.59281107E-09 -0.11007475E-01 -0.99723330E-09
    8    4    0.29903049E-02 -0.20347046E-08  0.27729693E-02 -0.21024084E-08  0.58304682E-02 -0.22230011E-08
    1    5   -0.24152509E-02  0.13304166E-09 -0.65334934E-02 -0.80200300E-10 -0.24152528E-02  0.10578907E-08
    2    5    0.17598561E-01 -0.70255428E-09  0.10475178E-01  0.16658726E-08 -0.34164313E-02 -0.14273098E-08
    3    5   -0.61679744E-02 -0.28423844E-08 -0.82524059E-02 -0.36828933E-08 -0.61679745E-02 -0.13176167E-08
    4    5   -0.34164308E-02  0.27315352E-08  0.10475179E-01  0.17447635E-08  0.17598562E-01  0.33101277E-08
    5    5    0.46286431E-02  0.52790695E-09 -0.41511418E-02 -0.14783358E-09  0.46286439E-02 -0.50837849E-09
    6    5   -0.16246235E-01 -0.31192894E-08 -0.12349154E-01 -0.27772507E-08 -0.88349830E-02 -0.66341991E-09
    7    5    0.16353758E-01  0.43426092E-09  0.22179199E-01  0.17956870E-08  0.16353758E-01  0.11330882E-08
    8    5   -0.88349821E-02  0.28088088E-08 -0.12349155E-01  0.99798231E-09 -0.16246234E-01  0.76869385E-09
    1    6    0.17598561E-01 -0.34233629E-09  0.34164340E-02  0.18713632E-09 -0.10475176E-01 -0.67827091E-09
    2    6   -0.24152505E-02  0.18650242E-08  0.24152505E-02 -0.98217064E-09  0.65334913E-02 -0.66795166E-09
    3    6   -0.61679756E-02 -0.20051129E-08  0.61679755E-02  0.13600894E-08  0.82524049E-02  0.11273820E-08
    4    6   -0.34164326E-02  0.13031109E-08 -0.17598563E-01 -0.17964907E-08 -0.10475178E-01 -0.73817187E-09
    5    6    0.90076147E-02 -0.77096240E-09  0.53942234E-02  0.16431634E-08 -0.61782236E-02  0.66687211E-09
    6    6    0.22538386E-03  0.13775820E-08 -0.69755697E-03 -0.10517206E-08  0.31353922E-02 -0.42706052E-10
    7    6   -0.89585036E-02  0.25772627E-08 -0.49855102E-02 -0.14702323E-08  0.21992743E-02 -0.22740637E-09
    8    6    0.11564273E-05 -0.21603289E-08  0.56355287E-02  0.17549131E-08  0.49914230E-02  0.76414048E-09
    1    7   -0.51847790E-02 -0.17603221E-08 -0.67282434E-02 -0.21919805E-10 -0.51847806E-02 -0.40282258E-08
    2    7   -0.51847801E-02 -0.15491552E-09  0.51847816E-02 -0.20934986E-09  0.67282434E-02  0.35295871E-08
    3    7   -0.95938129E-03  0.22083759E-08  0.95938018E-03  0.92443906E-09 -0.95938226E-03  0.51860575E-09
    4    7    0.67282431E-02  0.20795353E-09  0.51847801E-02  0.21356613E-11 -0.51847789E-02 -0.18108101E-08
    5    7   -0.20758708E-02 -0.11698955E-08 -0.85330974E-02 -0.10798538E-08 -0.20758699E-02 -0.17323010E-08
    6    7    0.36333109E-03  0.55309170E-10  0.55233894E-02  0.10706991E-08  0.77530063E-03  0.10629094E-08
    7    7   -0.54292445E-03 -0.29686147E-09 -0.81433329E-03  0.11181295E-09 -0.54292383E-03  0.39263491E-09
    8    7    0.77530084E-03 -0.64680419E-09  0.55233896E-02  0.93793484E-09  0.36332940E-03 -0.22361354E-08
    1    8   -0.10475180E-01  0.12484461E-08  0.34164299E-02 -0.55751494E-10  0.17598561E-01  0.26235981E-08
    2    8   -0.10475178E-01  0.15776774E-09 -0.17598560E-01 -0.55688907E-09 -0.34164319E-02 -0.13576063E-08
    3    8    0.82524062E-02  0.14508919E-08  0.61679735E-02  0.13734210E-08 -0.61679740E-02 -0.99936416E-09
    4    8    0.65334927E-02 -0.34058446E-08  0.24152510E-02 -0.16007848E-08 -0.24152507E-02  0.31560336E-09
    5    8   -0.61782244E-02  0.11067863E-08  0.53942231E-02  0.58825744E-09  0.90076134E-02  0.12606375E-08
    6    8    0.49914226E-02 -0.31872944E-09  0.56355279E-02  0.15598103E-08  0.11564643E-05 -0.97683450E-09
    7    8    0.21992752E-02 -0.13888426E-08 -0.49855102E-02  0.32668540E-09 -0.89585028E-02 -0.39645457E-09
    8    8    0.31353937E-02 -0.15052613E-09 -0.69755649E-03 -0.13780883E-08  0.22538196E-03  0.20612636E-08

    1   -2    1
    1    1    0.15248952E-02 -0.22368868E-10 -0.21234579E-02  0.14312623E-08 -0.21234578E-02 -0.35410745E-09
    2    1   -0.69046906E-02 -0.33305939E-09 -0.10816784E-02 -0.22079157E-08 -0.10816762E-02  0.12804850E-08
    3    1   -0.66702473E-03  0.10620598E-08  0.14785875E-02  0.30414505E-09  0.50738142E-02  0.24497198E-09
    4    1   -0.66702629E-03  0.15232943E-08  0.50738139E-02 -0.28472696E-10  0.14785898E-02 -0.88499386E-09
    5    1    0.82120341E-02 -0.13891250E-08 -0.11480212E-02 -0.30772970E-09 -0.11480249E-02 -0.92507529E-09
    6    1    0.10114046E-01 -0.12923633E-08  0.66715551E-02  0.79010429E-10  0.66715557E-02 -0.53657936E-09
    7    1   -0.76713591E-02  0.66238955E-09 -0.53886042E-02  0.15963935E-08 -0.65640972E-02 -0.83894133E-09
    8    1   -0.76713606E-02 -0.11277333E-08 -0.65640992E-02  0.12063605E-08 -0.53886042E-02  0.26127303E-08
    1    2    0.11988982E-01  0.24280823E-08  0.56647870E-02 -0.13715518E-08  0.56647856E-02 -0.17241074E-08
    2    2    0.64864225E-03  0.77512592E-09  0.43395539E-03  0.26131383E-09  0.43395576E-03 -0.24853171E-09
    3    2   -0.10397208E-01  0.11486117E-08 -0.14968390E-01 -0.14394351E-08  0.49253660E-02  0.52220969E-09
    4    2   -0.10397207E-01 -0.41617401E-08  0.49253655E-02  0.29447150E-08 -0.14968391E-01  0.92109144E-09
    5    2    0.23169063E-01  0.45985493E-08  0.74411061E-02 -0.78106743E-11  0.74411073E-02 -0.40869303E-11
    6    2   -0.15790517E-01  0.13386440E-08 -0.73696202E-02 -0.15726270E-08 -0.73696193E-02 -0.10525444E-09
    7    2    0.10736916E-02 -0.21387571E-08  0.17452569E-01  0.59631605E-10 -0.18741761E-02  0.13534957E-08
    8    2    0.10736933E-02 -0.49200317E-09 -0.18741730E-02 -0.92040618E-09  0.17452566E-01 -0.13025119E-08
    1    3   -0.60290414E-02 -0.12346673E-08 -0.30206572E-02  0.11145447E-08  0.42624487E-02  0.28387510E-09
    2    3    0.65697569E-02  0.12249120E-09  0.49844086E-02  0.22815815E-10  0.14721304E-03  0.30599387E-09
    3    3    0.23413820E-02 -0.71345216E-09 -0.28909760E-02 -0.16744390E-09 -0.39654467E-02  0.85021202E-09
    4    3    0.59629624E-02  0.27897289E-08 -0.13242705E-02 -0.96506999E-09  0.40830879E-02 -0.10787226E-08
    5    3   -0.74135009E-02 -0.20554206E-08 -0.18807257E-02  0.61920568E-09 -0.28351781E-02 -0.16460135E-10
    6    3   -0.60143570E-02 -0.11539673E-08 -0.11007473E-01 -0.35641475E-09  0.13473921E-02  0.19389216E-08
    7    3    0.27729713E-02  0.47894121E-09  0.58304648E-02  0.45855356E-09  0.29903056E-02 -0.25015468E-08
    8    3    0.67483159E-02  0.76580686E-09  0.77836307E-02 -0.55473731E-09 -0.18850601E-02  0.18373835E-09
    1    4   -0.60290407E-02 -0.76355410E-09  0.42624489E-02 -0.22434171E-08 -0.30206556E-02  0.65113351E-09
    2    4    0.65697573E-02  0.16491928E-08  0.14721558E-03  0.16662605E-08  0.49844084E-02 -0.49666548E-09
    3    4    0.59629622E-02 -0.23337562E-08  0.40830877E-02 -0.25192359E-09 -0.13242698E-02 -0.23487474E-08
    4    4    0.23413822E-02  0.75925193E-09 -0.39654460E-02 -0.89421004E-09 -0.28909777E-02  0.55781367E-09
    5    4   -0.74134993E-02 -0.67658075E-09 -0.28351804E-02 -0.10040980E-08 -0.18807256E-02  0.82366524E-09
    6    4   -0.60143590E-02 -0.69525589E-09  0.13473925E-02  0.20784117E-08 -0.11007474E-01 -0.10851944E-08
    7    4    0.67483136E-02  0.20670695E-08 -0.18850580E-02 -0.26982121E-08  0.77836299E-02  0.20700022E-08
    8    4    0.27729696E-02 -0.63325761E-09  0.29903051E-02 -0.76056584E-10  0.58304688E-02 -0.98858400E-09
    1    5   -0.65334887E-02 -0.16754698E-08 -0.24152518E-02  0.17551437E-08 -0.24152504E-02  0.97337533E-09
    2    5   -0.82524082E-02 -0.11117412E-09 -0.61679748E-02 -0.14804481E-08 -0.61679748E-02  0.34610967E-09
    3    5    0.10475176E-01  0.22646334E-08  0.17598560E-01  0.12814201E-08 -0.34164332E-02  0.23397235E-08
    4    5    0.10475177E-01  0.94588709E-09 -0.34164316E-02 -0.11638760E-08  0.17598563E-01 -0.11295852E-08
    5    5   -0.41511410E-02 -0.28485942E-09  0.46286429E-02  0.48741247E-09  0.46286416E-02  0.58179516E-09
    6    5    0.22179196E-01  0.16207439E-08  0.16353756E-01 -0.50261121E-09  0.16353756E-01 -0.20893252E-09
    7    5   -0.12349154E-01  0.36066889E-09 -0.16246236E-01  0.16460181E-08 -0.88349800E-02 -0.32642313E-09
    8    5   -0.12349156E-01  0.79269857E-09 -0.88349828E-02  0.17964420E-08 -0.16246234E-01  0.19083661E-08
    1    6   -0.67282444E-02 -0.98215428E-09 -0.51847792E-02 -0.24658059E-08 -0.51847795E-02  0.23729080E-09
    2    6    0.95938203E-03 -0.29877055E-09 -0.95938057E-03 -0.91997735E-09 -0.95938309E-03  0.20079060E-08
    3    6    0.51847796E-02  0.69985816E-09 -0.51847817E-02 -0.23764602E-08  0.67282460E-02 -0.23679894E-08
    4    6    0.51847800E-02  0.17541380E-08  0.67282442E-02  0.32358368E-08 -0.51847832E-02  0.78824285E-09
    5    6   -0.85330985E-02 -0.23543330E-08 -0.20758703E-02 -0.77068506E-09 -0.20758697E-02 -0.32674340E-09
    6    6   -0.81433011E-03 -0.82840344E-09 -0.54292694E-03  0.18202542E-08 -0.54292628E-03 -0.56488273E-09
    7    6    0.55233897E-02  0.74130016E-09  0.36333238E-03  0.51457832E-10  0.77530119E-03  0.14248470E-08
    8    6    0.55233907E-02  0.26452253E-09  0.77530035E-03 -0.64730239E-09  0.36333198E-03 -0.14610077E-09
    1    7    0.34164307E-02  0.20103290E-08  0.17598561E-01 -0.25321442E-08 -0.10475176E-01 -0.75685465E-09
    2    7    0.61679762E-02 -0.13477318E-08 -0.61679767E-02  0.20954791E-08  0.82524071E-02 -0.30563283E-09
    3    7    0.24152515E-02 -0.31155653E-08 -0.24152483E-02  0.14619819E-10  0.65334893E-02 -0.21427744E-09
    4    7   -0.17598558E-01  0.37127974E-09 -0.34164329E-02  0.78955320E-10 -0.10475175E-01 -0.73505487E-09
    5    7    0.53942197E-02  0.41875675E-08  0.90076136E-02 -0.13043663E-08 -0.61782263E-02  0.14010058E-08
    6    7   -0.49855100E-02 -0.15318614E-08 -0.89585010E-02  0.10920838E-08  0.21992781E-02 -0.21763725E-08
    7    7   -0.69755729E-03 -0.96973727E-09  0.22538451E-03  0.99130515E-09  0.31353915E-02  0.14178549E-09
    8    7    0.56355260E-02 -0.15848942E-08  0.11550215E-05 -0.13445112E-08  0.49914223E-02  0.10174559E-08
    1    8    0.34164312E-02  0.12613321E-08 -0.10475176E-01  0.26736913E-08  0.17598559E-01 -0.11466347E-08
    2    8    0.61679745E-02  0.66403739E-09  0.82524050E-02  0.33910819E-09 -0.61679730E-02 -0.50958645E-09
    3    8   -0.17598558E-01  0.73131165E-09 -0.10475176E-01  0.21582860E-08 -0.34164318E-02  0.11529779E-09
    4    8    0.24152489E-02 -0.22562211E-08  0.65334906E-02 -0.22704245E-08 -0.24152500E-02  0.12467443E-09
    5    8    0.53942216E-02  0.14313411E-08 -0.61782249E-02  0.11672267E-08  0.90076125E-02  0.50734170E-09
    6    8   -0.49855089E-02 -0.27313448E-09  0.21992775E-02 -0.63580983E-09 -0.89585032E-02  0.92593768E-09
    7    8    0.56355271E-02 -0.87596789E-09  0.49914232E-02 -0.20589219E-08  0.11559827E-05 -0.59345810E-09
    8    8   -0.69755618E-03  0.17574545E-09  0.31353926E-02  0.11622486E-08  0.22538217E-03 -0.14232515E-08

    1   -2    2
    1    1    0.52655731E-10 -0.59145475E-10 -0.74434710E-03  0.10261892E-08 -0.52654351E-10  0.59145468E-10
    2    1   -0.12990077E-02  0.12985103E-08  0.15806707E-02 -0.36719021E-09 -0.53463304E-03  0.94414035E-09
    3    1    0.25501168E-02 -0.71069827E-09 -0.18375432E-02 -0.14277826E-08  0.11368087E-02 -0.31298967E-09
    4    1   -0.17379844E-02 -0.80669149E-09  0.21683361E-02 -0.36242765E-09  0.79980395E-04  0.49063600E-09
    5    1    0.51533605E-04  0.92600177E-09 -0.15010990E-02  0.18201965E-08  0.87062629E-03 -0.52422635E-10
    6    1   -0.19181173E-02 -0.77420776E-09 -0.12307767E-02  0.16408528E-10  0.36374744E-03  0.14536294E-08
    7    1   -0.31703756E-02 -0.14305397E-08 -0.10252691E-02 -0.17138764E-09 -0.15341269E-02 -0.48520172E-09
    8    1    0.37958458E-02  0.93374190E-09  0.40486620E-02 -0.27871229E-10 -0.68826381E-03 -0.10745870E-08
    1    2   -0.34578986E-03  0.17481938E-08 -0.14799627E-02 -0.48427943E-09  0.20037911E-02 -0.21715591E-08
    2    2   -0.70300137E-03 -0.16624220E-08  0.66962816E-03 -0.10665023E-09  0.70300137E-03  0.16624220E-08
    3    2   -0.14344136E-02  0.23184135E-08  0.74682213E-03 -0.34543236E-09  0.91516411E-03  0.61147084E-09
    4    2   -0.46074205E-04  0.47271214E-09 -0.22222404E-02 -0.24750662E-08  0.46074177E-04  0.29712316E-09
    5    2   -0.22899858E-02  0.98567246E-09 -0.11585274E-02 -0.89726745E-10  0.43599690E-03 -0.11345242E-08
    6    2    0.37817448E-03  0.14042770E-08 -0.13635780E-02 -0.50030737E-09  0.10081483E-02  0.14785827E-09
    7    2   -0.32183330E-03 -0.59268546E-09  0.24312284E-02 -0.25092841E-09  0.19223734E-02 -0.17445055E-09
    8    2    0.14910071E-02 -0.19157809E-08  0.40808081E-03  0.15551316E-08 -0.43288491E-02  0.15781103E-08
    1    3   -0.11368073E-02  0.35446337E-09  0.22534074E-03 -0.14528086E-08 -0.25501178E-02  0.11687574E-08
    2    3    0.73041101E-03  0.12116233E-08  0.19400319E-03 -0.18341664E-08  0.14947870E-02  0.49534196E-09
    3    3   -0.34803898E-10 -0.78590844E-09 -0.74434827E-03  0.22292146E-09  0.34805953E-10  0.78590847E-09
    4    3   -0.64935677E-03 -0.20513446E-08 -0.58449288E-04  0.88125336E-09  0.11686092E-02 -0.12955318E-08
    5    3    0.57658763E-03 -0.76502076E-09 -0.21565504E-02 -0.10781090E-08 -0.18803473E-02  0.40250556E-09
    6    3    0.17743241E-03 -0.18257621E-08  0.33020488E-02  0.16969640E-08  0.35782524E-02 -0.15585873E-08
    7    3   -0.88290121E-02  0.19308779E-08  0.54631558E-02 -0.12341917E-08 -0.79817750E-02  0.16024661E-08
    8    3    0.53313846E-02  0.16741061E-08 -0.47291762E-02 -0.90436419E-09  0.68359636E-02 -0.45716191E-09
    1    4    0.56956135E-03 -0.10299588E-08 -0.10191208E-02  0.70897437E-09  0.12640824E-02  0.21121471E-10
    2    4   -0.12447970E-02  0.93366121E-10 -0.11517714E-02  0.57699935E-09  0.12447970E-02 -0.93218991E-09
    3    4   -0.14598611E-02 -0.36029299E-09  0.36754876E-03  0.20407630E-08 -0.76533993E-03 -0.15858028E-09
    4    4    0.70300178E-03  0.56535314E-09  0.66962761E-03  0.13368879E-09 -0.70300178E-03 -0.56535318E-09
    5    4    0.37903290E-03 -0.43679899E-09  0.29179447E-02 -0.66073877E-09  0.74170604E-03 -0.15546176E-09
    6    4    0.66794888E-03  0.60260232E-09 -0.17145518E-02 -0.69887064E-09 -0.38907900E-02  0.25870922E-09
    7    4    0.92439516E-02 -0.67464779E-09 -0.56945607E-02  0.18756943E-08  0.85319775E-02 -0.83133541E-09
    8    4   -0.10183752E-01 -0.91325157E-10  0.14395959E-02 -0.91180432E-09 -0.42029183E-02  0.63592700E-09
    1    5   -0.10022012E-02 -0.12092216E-08  0.14663604E-02  0.18194981E-09  0.80040364E-04  0.14726885E-08
    2    5   -0.10927597E-02  0.89438166E-09 -0.32508173E-02  0.10889102E-08 -0.27976001E-04 -0.26738074E-09
    3    5    0.19936846E-02 -0.17552178E-08  0.30657594E-02 -0.36578915E-08 -0.68992355E-03 -0.48002466E-09
    4    5    0.68454692E-04  0.16662472E-08  0.23116463E-03  0.14818932E-08  0.17855330E-02  0.19221793E-09
    5    5   -0.36232343E-09 -0.77290148E-09  0.28664476E-03 -0.24663058E-09  0.36232379E-09  0.77290146E-09
    6    5    0.40400849E-03  0.18079645E-09 -0.17248092E-02 -0.14549467E-08  0.13324823E-02 -0.33756331E-10
    7    5   -0.26868836E-02  0.77119933E-09  0.68447954E-03  0.14174313E-09 -0.30418917E-02  0.11211524E-08
    8    5    0.13587534E-02 -0.45241779E-09  0.17422796E-02  0.68770459E-09  0.13759144E-02 -0.67691142E-09
    1    6   -0.21972155E-02 -0.68828805E-09 -0.37482071E-02 -0.76135162E-09 -0.91036376E-03  0.62023601E-09
    2    6    0.29101200E-02  0.29212565E-08 -0.29101201E-02 -0.29000360E-08  0.11476553E-01  0.10180461E-08
    3    6   -0.38523543E-02 -0.25094041E-08  0.38523540E-02  0.46938514E-08 -0.83149979E-02 -0.14607194E-08
    4    6    0.37482069E-02 -0.92233395E-09  0.21972160E-02  0.24228767E-09 -0.91036409E-03  0.15825986E-08
    5    6   -0.15005820E-02 -0.15902240E-08 -0.16123289E-02 -0.19161364E-08 -0.12340862E-02 -0.12457786E-08
    6    6   -0.13699513E-03 -0.23066912E-08  0.25957788E-03  0.77812177E-09  0.13699513E-03  0.23066913E-08
    7    6    0.12340836E-02  0.25749670E-08 -0.16123275E-02 -0.21097953E-08  0.15005842E-02  0.43109809E-09
    8    6   -0.26969898E-02  0.20963186E-08  0.55082574E-03 -0.30859384E-09  0.26969909E-02  0.32997686E-09
    1    7    0.46910680E-02 -0.60876922E-09  0.16139715E-02  0.39728491E-09  0.13431152E-04 -0.13336005E-08
    2    7   -0.79346083E-02  0.55737021E-09  0.79346074E-02  0.38021592E-09 -0.98413228E-02  0.90308644E-09
    3    7    0.62132106E-02  0.16749282E-08 -0.62132097E-02 -0.23517222E-09  0.10597576E-01 -0.15824397E-08
    4    7   -0.16139709E-02 -0.40930410E-09 -0.46910685E-02 -0.56600534E-09  0.13432026E-04  0.20849741E-08
    5    7    0.30418899E-02 -0.17637275E-09  0.68447897E-03  0.44053536E-09  0.26868833E-02 -0.65630875E-09
    6    7   -0.13324821E-02  0.11623112E-08 -0.17248093E-02 -0.12832552E-08 -0.40400928E-03  0.11620936E-08
    7    7   -0.16956029E-09  0.79017786E-10  0.28664381E-03 -0.20227656E-09  0.16956288E-09 -0.79017771E-10
    8    7   -0.13759135E-02 -0.50169504E-09  0.17422804E-02  0.66680470E-09 -0.13587523E-02  0.71060048E-09
    1    8   -0.23116479E-03  0.21782054E-08 -0.68454639E-04  0.13679270E-08  0.17855331E-02  0.11635028E-10
    2    8    0.32508164E-02 -0.25924211E-08  0.10927615E-02 -0.20165914E-09 -0.27976498E-04  0.24729628E-10
    3    8   -0.30657567E-02  0.18299215E-08 -0.19936866E-02 -0.98986218E-09 -0.68992461E-03  0.13253736E-08
    4    8   -0.14663623E-02 -0.13988048E-08  0.10022017E-02  0.28928275E-09  0.80040480E-04 -0.21533612E-08
    5    8   -0.10171581E-02  0.24365166E-08 -0.79569237E-03  0.27197663E-09 -0.71933476E-03  0.10403458E-08
    6    8   -0.16504299E-02 -0.27474965E-09  0.24649966E-02 -0.52560984E-09  0.16504303E-02 -0.43828785E-09
    7    8    0.71933587E-03 -0.12863317E-08 -0.79569332E-03 -0.50311337E-10  0.10171576E-02 -0.37769022E-10
    8    8    0.13699692E-03 -0.56200055E-09  0.25957714E-03 -0.99982428E-09 -0.13699692E-03  0.56200057E-09

    1   -1   -2
    1    1   -0.70300116E-03 -0.28997683E-10 -0.70300116E-03 -0.28997723E-10 -0.66962774E-03  0.79770964E-09
    2    1    0.96000381E-03 -0.14140818E-08 -0.23554068E-02  0.20803272E-08  0.11283481E-02  0.13386986E-08
    3    1   -0.23554089E-02  0.12593574E-08  0.96000459E-03 -0.22277256E-08  0.11283483E-02 -0.13641695E-08
    4    1   -0.22683114E-02 -0.16268375E-08 -0.22683128E-02 -0.52102076E-09  0.41490708E-09  0.16365545E-09
    5    1    0.38569616E-02  0.19663788E-08  0.38569612E-02  0.76222270E-09 -0.50678876E-02 -0.55161066E-09
    6    1   -0.91352371E-02 -0.84027949E-09  0.54447023E-02 -0.20701825E-08  0.56714404E-02 -0.53338980E-09
    7    1    0.54447040E-02 -0.73364824E-09 -0.91352373E-02  0.23370113E-08  0.56714385E-02  0.14190027E-08
    8    1   -0.36439627E-03  0.61127114E-09 -0.36439663E-03  0.48090107E-09 -0.10542265E-02  0.31713471E-09
    1    2   -0.17919924E-02 -0.25375751E-08  0.16240966E-02 -0.12926962E-08 -0.49120911E-03 -0.19470543E-09
    2    2    0.30747276E-09 -0.91635971E-10  0.30747284E-09 -0.91633593E-10  0.74434810E-03 -0.39105647E-09
    3    2    0.27754562E-02 -0.10208202E-08 -0.29743493E-02  0.29219574E-08 -0.29214774E-09  0.10044089E-09
    4    2   -0.23554085E-02  0.24451229E-08  0.96000324E-03 -0.16660076E-08 -0.11283494E-02  0.61893394E-11
    5    2   -0.29599683E-02 -0.34266346E-08  0.47832271E-02 -0.46575583E-10  0.36141936E-04 -0.14517709E-09
    6    2    0.33513616E-02 -0.26194639E-08 -0.48963625E-02  0.16706670E-08 -0.87036850E-03  0.74336826E-09
    7    2    0.20763194E-02  0.38538692E-08 -0.29396570E-02 -0.23814105E-08 -0.80642955E-03 -0.15709635E-08
    8    2    0.14525923E-02  0.46897939E-09 -0.15012259E-02 -0.47959769E-09  0.33269844E-02 -0.13482894E-08
    1    3    0.16240963E-02  0.16608469E-08 -0.17919937E-02  0.15937008E-10 -0.49120884E-03  0.23537284E-08
    2    3   -0.29743491E-02 -0.18323334E-08  0.27754571E-02  0.45939261E-09  0.77408273E-09 -0.24220533E-08
    3    3   -0.34865325E-10 -0.36883104E-09 -0.34865296E-10 -0.36883205E-09  0.74434762E-03  0.67563617E-11
    4    3    0.96000408E-03 -0.11884398E-08 -0.23554072E-02  0.80253790E-09 -0.11283501E-02 -0.10270121E-08
    5    3    0.47832273E-02  0.91265809E-09 -0.29599690E-02 -0.89677203E-09  0.36141902E-04  0.17504239E-08
    6    3   -0.29396596E-02  0.30112786E-08  0.20763236E-02  0.86978846E-10 -0.80643140E-03 -0.56529555E-09
    7    3   -0.48963606E-02 -0.21877436E-08  0.33513592E-02  0.16690065E-08 -0.87037043E-03 -0.13285329E-08
    8    3   -0.15012277E-02 -0.14256881E-09  0.14525896E-02 -0.75622296E-09  0.33269861E-02  0.74385250E-09
    1    4   -0.23965717E-02 -0.15974094E-08 -0.23965703E-02  0.82418443E-10 -0.11081251E-08 -0.18320134E-08
    2    4    0.16240963E-02  0.38495352E-10 -0.17919936E-02 -0.16714358E-08  0.49120979E-03  0.10986195E-08
    3    4   -0.17919904E-02 -0.29491670E-09  0.16240962E-02 -0.12527253E-08  0.49120945E-03  0.19836973E-09
    4    4    0.70300082E-03 -0.58815374E-09  0.70300082E-03 -0.58815419E-09 -0.66962757E-03 -0.14646753E-09
    5    4   -0.34316171E-02 -0.65747830E-09 -0.34316153E-02  0.31897388E-10 -0.49470161E-03 -0.17209630E-08
    6    4    0.97592141E-03 -0.23985960E-09  0.37579409E-04  0.88423878E-10 -0.24399272E-03  0.20590471E-08
    7    4    0.37580231E-04 -0.21040623E-08  0.97591879E-03  0.85802973E-09 -0.24399181E-03 -0.17677925E-09
    8    4    0.17419075E-02  0.65757458E-09  0.17419090E-02  0.47612017E-09 -0.26827740E-02  0.50081969E-09
    1    5    0.29648963E-02  0.42990106E-08  0.29648963E-02  0.21401437E-08  0.20501898E-02 -0.63862417E-09
    2    5   -0.20204245E-02 -0.18890817E-08 -0.48283556E-03 -0.37019784E-09 -0.11373717E-02  0.24896033E-09
    3    5   -0.48283699E-03 -0.13122854E-08 -0.20204244E-02 -0.14050879E-08 -0.11373697E-02 -0.98706344E-09
    4    5   -0.80181251E-03 -0.26010876E-08 -0.80181414E-03 -0.10084782E-09 -0.20806580E-04  0.27161710E-09
    5    5   -0.13699500E-03 -0.50504042E-10 -0.13699500E-03 -0.50504066E-10 -0.25957610E-03  0.42638891E-09
    6    5   -0.15005838E-02 -0.55508088E-09  0.12340827E-02 -0.15629509E-08  0.16123271E-02 -0.18866883E-08
    7    5    0.12340852E-02  0.10927053E-09 -0.15005807E-02  0.16934238E-10  0.16123262E-02  0.16849867E-08
    8    5   -0.26969914E-02 -0.30913321E-09 -0.26969914E-02  0.20589852E-09 -0.55082623E-03 -0.50379160E-09
    1    6   -0.20204234E-02  0.75575942E-09  0.11373694E-02 -0.14740853E-10  0.48283545E-03  0.94876600E-09
    2    6    0.29648956E-02 -0.89961707E-09 -0.20501877E-02  0.29119467E-08 -0.29648951E-02 -0.13654815E-08
    3    6   -0.48283384E-03 -0.14198303E-09  0.11373701E-02 -0.16393088E-08  0.20204220E-02  0.23783397E-08
    4    6   -0.80181498E-03  0.14447953E-08  0.20806462E-04 -0.15957603E-08  0.80181459E-03 -0.22322762E-08
    5    6    0.40400760E-03  0.21926119E-09 -0.13324840E-02  0.30842710E-09  0.17248090E-02  0.43740491E-09
    6    6   -0.13500750E-09  0.12169618E-08 -0.13500747E-09  0.12169631E-08 -0.28664266E-03 -0.20964142E-09
    7    6   -0.26868820E-02 -0.13164408E-09  0.30418885E-02 -0.73977897E-09 -0.68447811E-03 -0.11408212E-08
    8    6    0.13587530E-02 -0.23115391E-08 -0.13759114E-02  0.74857160E-09 -0.17422808E-02  0.12628878E-08
    1    7    0.11373680E-02 -0.22609860E-08 -0.20204230E-02 -0.14820839E-08  0.48283632E-03 -0.17822086E-08
    2    7    0.11373705E-02  0.20749880E-08 -0.48283596E-03 -0.14322833E-08  0.20204229E-02  0.30611802E-08
    3    7   -0.20501878E-02  0.86782459E-09  0.29648955E-02  0.28590099E-08 -0.29648953E-02 -0.22500483E-08
    4    7    0.20806597E-04  0.81770504E-09 -0.80181428E-03 -0.47904451E-09  0.80181370E-03  0.19205084E-08
    5    7   -0.13324849E-02 -0.17126143E-08  0.40400836E-03  0.55803335E-10  0.17248091E-02 -0.21742789E-08
    6    7    0.30418904E-02 -0.55027000E-09 -0.26868822E-02  0.11216602E-08 -0.68447890E-03  0.86061871E-09
    7    7   -0.37499978E-10 -0.17448919E-10 -0.37499978E-10 -0.17451436E-10 -0.28664385E-03 -0.19699123E-09
    8    7   -0.13759121E-02  0.16502672E-08  0.13587514E-02 -0.95107758E-09 -0.17422788E-02 -0.74900149E-10
    1    8   -0.81007180E-03 -0.15121097E-08 -0.81007274E-03  0.50282315E-09 -0.19013697E-02 -0.12953775E-08
    2    8   -0.81007409E-03  0.25791560E-08  0.19013679E-02  0.32887726E-08  0.81007405E-03 -0.28540208E-08
    3    8    0.19013680E-02  0.32733842E-08 -0.81007287E-03  0.17193450E-08  0.81007371E-03 -0.31317571E-09
    4    8   -0.91451443E-04 -0.13431413E-08 -0.91450713E-04 -0.68629635E-09  0.91450558E-04  0.14107069E-08
    5    8   -0.16504284E-02 -0.24895743E-08 -0.16504295E-02 -0.25892119E-08 -0.24649975E-02  0.17811959E-08
    6    8   -0.10171572E-02 -0.12617503E-08  0.71933443E-03  0.84410338E-09  0.79569364E-03 -0.10843166E-09
    7    8    0.71933242E-03  0.10146864E-08 -0.10171584E-02 -0.86659020E-10  0.79569316E-03 -0.92137986E-09
    8    8    0.13699551E-03 -0.12654413E-08  0.13699551E-03 -0.12654424E-08 -0.25957714E-03  0.72916224E-09

    1   -1   -1
    1    1    0.12783266E-02 -0.26358084E-08  0.70894450E-10  0.11481694E-09  0.12783259E-02 -0.14718421E-09
    2    1    0.19431886E-03 -0.19758030E-08 -0.66284066E-02 -0.10191763E-08 -0.26096235E-02 -0.95563982E-09
    3    1    0.29347764E-02  0.83185300E-09  0.17027777E-01 -0.13540301E-09  0.29347746E-02 -0.16194714E-09
    4    1   -0.26096239E-02  0.10277559E-09 -0.66284080E-02 -0.18289945E-08  0.19431905E-03 -0.78654445E-09
    5    1    0.41924410E-02  0.17280847E-08 -0.11399196E-01  0.27537895E-08  0.41924427E-02  0.16499426E-08
    6    1    0.95567758E-02  0.27438896E-09  0.41180450E-02 -0.89345116E-09 -0.97699636E-02  0.90385812E-09
    7    1   -0.10263198E-01 -0.14299095E-08  0.15826219E-01 -0.55629223E-09 -0.10263197E-01 -0.10667485E-08
    8    1   -0.97699621E-02 -0.78950281E-09  0.41180482E-02 -0.12100567E-08  0.95567759E-02 -0.50440164E-09
    1    2   -0.28984094E-02  0.50387130E-09  0.78829566E-04  0.19970194E-08  0.76674788E-02 -0.69811539E-09
    2    2    0.12783285E-02 -0.21398491E-08 -0.71335918E-10  0.14135100E-09 -0.12783297E-02  0.20087291E-08
    3    2   -0.97230521E-02 -0.56998972E-10 -0.36624158E-02  0.18314790E-09  0.84283360E-03 -0.96679540E-09
    4    2    0.90768336E-02  0.76952275E-09  0.10885718E-01  0.55533172E-09 -0.20068091E-02  0.23270061E-08
    5    2   -0.36244130E-02 -0.92651271E-09 -0.50625919E-02 -0.60860704E-09  0.87304547E-02 -0.16710338E-08
    6    2    0.13449393E-02  0.87255106E-11  0.46049812E-02  0.13426880E-08 -0.14952249E-02 -0.21155944E-08
    7    2    0.47831515E-02  0.60261756E-09 -0.38749090E-02  0.21178188E-09  0.38286997E-02  0.30626959E-08
    8    2   -0.32133690E-02  0.12336012E-08  0.19675939E-02  0.19187294E-09 -0.12882061E-01  0.32934445E-09
    1    3   -0.37064122E-03  0.59914506E-09  0.92495505E-02 -0.13552045E-08 -0.37064171E-03 -0.27609728E-08
    2    3   -0.24765250E-03  0.60394885E-09 -0.33824951E-02  0.16288142E-08 -0.30515946E-02  0.23509729E-08
    3    3   -0.12783256E-02 -0.11578340E-08  0.70655188E-10  0.10469477E-09 -0.12783266E-02  0.13878687E-08
    4    3   -0.30515974E-02 -0.26810347E-08 -0.33824929E-02  0.10618897E-08 -0.24765272E-03 -0.17263100E-08
    5    3   -0.47244532E-02  0.64312751E-09  0.90850931E-02 -0.48186824E-09 -0.47244555E-02 -0.17544766E-08
    6    3    0.10411027E-01 -0.44355070E-09 -0.49084690E-02 -0.28809575E-08  0.92355346E-02  0.16721770E-08
    7    3   -0.48808745E-02  0.34775398E-10 -0.13573441E-03 -0.14896136E-08 -0.48808749E-02  0.47271719E-10
    8    3    0.92355318E-02  0.22811473E-10 -0.49084702E-02  0.24987523E-08  0.10411028E-01 -0.11857220E-08
    1    4    0.76674785E-02 -0.25005870E-08  0.78829394E-04 -0.32337364E-08 -0.28984111E-02  0.14760653E-08
    2    4   -0.20068091E-02  0.26119753E-08  0.10885719E-01  0.24218162E-08  0.90768328E-02 -0.15661677E-09
    3    4    0.84283389E-03 -0.20078527E-08 -0.36624157E-02 -0.15769810E-09 -0.97230499E-02 -0.74976575E-09
    4    4   -0.12783242E-02  0.42254904E-09 -0.71496025E-10  0.12045967E-09  0.12783258E-02  0.10590843E-08
    5    4    0.87304535E-02 -0.22152091E-08 -0.50625942E-02 -0.25536279E-08 -0.36244148E-02  0.86446716E-09
    6    4   -0.12882061E-01 -0.11659183E-08  0.19675936E-02 -0.15818881E-09 -0.32133712E-02 -0.14698001E-08
    7    4    0.38287008E-02  0.20244332E-08 -0.38749102E-02  0.23055251E-08  0.47831519E-02  0.53168551E-09
    8    4   -0.14952264E-02  0.26917380E-09  0.46049807E-02 -0.74101234E-09  0.13449398E-02  0.94843297E-09
    1    5   -0.62132115E-02  0.13131449E-08 -0.10597577E-01  0.14635297E-08 -0.62132104E-02  0.85630316E-09
    2    5    0.16139710E-02 -0.14296169E-08 -0.13431452E-04 -0.21729875E-08 -0.46910692E-02 -0.13895805E-08
    3    5    0.79346090E-02  0.15287125E-08  0.98413242E-02  0.12974197E-08  0.79346084E-02  0.70534305E-09
    4    5   -0.46910697E-02 -0.83500811E-09 -0.13431869E-04 -0.14180553E-08  0.16139692E-02 -0.11758886E-08
    5    5    0.13175098E-02 -0.11405750E-08 -0.12863450E-09  0.70498359E-10  0.13175092E-02  0.66079635E-10
    6    5    0.20022060E-02  0.39989597E-08 -0.33825630E-02  0.75239091E-09  0.44692886E-02  0.17789057E-08
    7    5   -0.46792017E-02 -0.23811553E-08  0.83722975E-02 -0.53467761E-09 -0.46792018E-02 -0.34743843E-08
    8    5    0.44692883E-02 -0.18281820E-08 -0.33825628E-02 -0.14007027E-08  0.20022076E-02 -0.69489908E-09
    1    6    0.30657582E-02 -0.17988186E-08  0.68992391E-03 -0.38086717E-09 -0.19936848E-02  0.15243584E-08
    2    6    0.14663616E-02 -0.39215662E-10 -0.80039125E-04  0.58001120E-09  0.10022000E-02 -0.31497341E-09
    3    6   -0.32508166E-02  0.12709405E-08  0.27975063E-04 -0.12424888E-08  0.10927612E-02  0.38917269E-09
    4    6    0.23116547E-03 -0.10540182E-08 -0.17855338E-02  0.27984176E-09 -0.68452818E-04 -0.44069033E-09
    5    6   -0.14712670E-02 -0.21248721E-09 -0.41336453E-03  0.29731653E-09 -0.78882320E-03  0.11358057E-08
    6    6    0.13175113E-02 -0.28928172E-08  0.12405443E-09  0.11365469E-09 -0.13175103E-02  0.23525051E-08
    7    6    0.78882381E-03 -0.11229690E-08 -0.41336507E-03  0.18056420E-08  0.14712663E-02 -0.70718617E-09
    8    6   -0.15971306E-02  0.13073282E-08  0.62691025E-02  0.10388334E-08  0.15971295E-02 -0.12822540E-08
    1    7    0.38523534E-02  0.58801179E-10  0.83149984E-02  0.13369498E-08  0.38523526E-02  0.83424339E-09
    2    7   -0.37482062E-02 -0.22605631E-09  0.91036455E-03  0.80714490E-09  0.21972155E-02 -0.52298548E-09
    3    7   -0.29101196E-02 -0.82387016E-09 -0.11476552E-01 -0.16428013E-08 -0.29101196E-02 -0.86974225E-09
    4    7    0.21972162E-02  0.12771647E-08  0.91036464E-03  0.14482971E-08 -0.37482058E-02 -0.30754924E-10
    5    7    0.46792003E-02  0.34945197E-09  0.83722990E-02 -0.11225408E-08  0.46791997E-02  0.11714926E-08
    6    7   -0.44692898E-02 -0.10925617E-08 -0.33825640E-02 -0.16977299E-10 -0.20022060E-02 -0.38769775E-08
    7    7   -0.13175069E-02  0.90316741E-10 -0.12290906E-09  0.71960104E-10 -0.13175072E-02  0.10535623E-09
    8    7   -0.20022076E-02  0.55139862E-10 -0.33825632E-02 -0.32050964E-09 -0.44692899E-02  0.19033026E-08
    1    8   -0.19936847E-02 -0.29645874E-09  0.68992512E-03 -0.11875796E-08  0.30657591E-02 -0.29045815E-08
    2    8   -0.68454363E-04  0.80000979E-09 -0.17855338E-02  0.92928436E-09  0.23116590E-03  0.12740991E-08
    3    8    0.10927602E-02 -0.21217077E-08  0.27975574E-04 -0.31228248E-09 -0.32508178E-02  0.94635601E-09
    4    8    0.10022009E-02  0.10016606E-08 -0.80041034E-04 -0.33654588E-10  0.14663606E-02  0.17039789E-08
    5    8   -0.78882205E-03 -0.48032048E-09 -0.41336514E-03 -0.69265888E-09 -0.14712645E-02 -0.32465301E-08
    6    8    0.15971299E-02 -0.17273058E-08  0.62691045E-02 -0.15718159E-08 -0.15971314E-02  0.16716528E-09
    7    8    0.14712645E-02  0.19151725E-08 -0.41336438E-03 -0.17227881E-08  0.78882240E-03  0.28424264E-08
    8    8   -0.13175057E-02 -0.13426103E-08  0.12522715E-09  0.10468665E-09  0.13175064E-02  0.10172763E-08

    1   -1    0
    1    1    0.10843531E-08  0.13693660E-08  0.24833896E-08 -0.14363562E-08 -0.45312228E-01  0.43915448E-08
    2    1   -0.38522754E-01 -0.99164264E-10 -0.39838703E-01 -0.37299033E-08  0.12519502E-01 -0.63720940E-09
    3    1   -0.39838697E-01 -0.16324997E-08 -0.38522751E-01  0.35862634E-08  0.12519504E-01 -0.55402535E-09
    4    1    0.11253086E-01 -0.31205350E-09  0.11253090E-01 -0.20958656E-08  0.39931031E-01 -0.12821003E-08
    5    1    0.48290496E-01  0.41994214E-09  0.48290500E-01  0.31767184E-08 -0.20804003E-01  0.13053270E-08
    6    1   -0.38841440E-01  0.34309015E-09 -0.19563844E-01  0.37771196E-08  0.13080394E-01 -0.35930446E-09
    7    1   -0.19563838E-01  0.27527421E-08 -0.38841439E-01 -0.21900856E-08  0.13080394E-01 -0.99585740E-09
    8    1    0.40559824E-01 -0.16272647E-08  0.40559823E-01 -0.32796744E-08 -0.27397347E-01 -0.43578491E-09
    1    2    0.87108557E-02 -0.96731337E-09  0.46528816E-02  0.14547772E-08  0.11363368E-01 -0.24011018E-08
    2    2    0.32009913E-02 -0.30829945E-09 -0.32009913E-02  0.30040521E-09 -0.81691176E-02  0.61923093E-09
    3    2    0.34206923E-01  0.83760864E-09  0.34206926E-01 -0.14389595E-08 -0.98356281E-02  0.89374500E-09
    4    2   -0.38522752E-01 -0.22757409E-09 -0.39838703E-01 -0.55366385E-09 -0.10932003E-01  0.32392720E-09
    5    2   -0.42005073E-01 -0.73304247E-09 -0.18745979E-01  0.32183626E-08  0.13898257E-01 -0.38509358E-08
    6    2    0.14821555E-01  0.20665587E-09  0.63206332E-01  0.39690549E-09 -0.58881706E-02  0.24097970E-10
    7    2   -0.40861826E-01  0.15156066E-08 -0.36880331E-01 -0.15843289E-08  0.15041508E-01  0.54158223E-09
    8    2    0.72715710E-01 -0.21121764E-08  0.59919811E-01 -0.19813166E-08 -0.80373552E-02  0.67256194E-08
    1    3    0.46528795E-02  0.25891054E-08  0.87108540E-02 -0.10999734E-08  0.11363367E-01  0.19093169E-08
    2    3    0.34206925E-01 -0.43152533E-09  0.34206927E-01  0.21666062E-08 -0.98356262E-02 -0.10685567E-08
    3    3   -0.32009900E-02  0.12025381E-09  0.32009900E-02 -0.12527842E-09 -0.81691183E-02 -0.10267997E-08
    4    3   -0.39838699E-01 -0.16003236E-08 -0.38522752E-01 -0.15821763E-08 -0.10932001E-01  0.21412035E-08
    5    3   -0.18745980E-01  0.32150947E-08 -0.42005078E-01 -0.15544648E-08  0.13898259E-01  0.70672107E-09
    6    3   -0.36880325E-01 -0.14021922E-08 -0.40861820E-01 -0.15493805E-08  0.15041510E-01 -0.62999537E-09
    7    3    0.63206324E-01  0.19838591E-09  0.14821554E-01  0.25074563E-08 -0.58881733E-02  0.55469230E-09
    8    3    0.59919814E-01  0.18672287E-09  0.72715709E-01  0.76096846E-08 -0.80373568E-02 -0.26242545E-09
    1    4   -0.28494152E-01 -0.29960607E-08 -0.28494151E-01 -0.39159426E-09 -0.57193072E-02 -0.25544319E-08
    2    4    0.87108549E-02  0.16896879E-08  0.46528804E-02  0.19860538E-08  0.11951461E-01  0.61600638E-09
    3    4    0.46528796E-02  0.17854212E-08  0.87108549E-02 -0.14465062E-08  0.11951458E-01  0.11648331E-08
    4    4   -0.17723590E-08 -0.17675858E-08 -0.17948902E-08  0.17105988E-08 -0.45312227E-01 -0.91955244E-09
    5    4   -0.10175789E-01 -0.29245761E-08 -0.10175786E-01 -0.23990374E-08 -0.28560381E-01 -0.13577767E-09
    6    4    0.56704391E-02  0.73146879E-09  0.30712211E-01 -0.54245123E-08  0.12327622E-01  0.30316043E-09
    7    4    0.30712214E-01 -0.46534993E-08  0.56704418E-02  0.14699719E-08  0.12327619E-01 -0.67707669E-09
    8    4   -0.71714855E-01  0.55324962E-08 -0.71714854E-01  0.11284104E-08  0.18191562E-01 -0.15539795E-09
    1    5   -0.25137726E-02  0.13770099E-08 -0.25137723E-02  0.27231717E-09  0.51488056E-02  0.22421344E-08
    2    5   -0.27977928E-01 -0.58496718E-09 -0.31769651E-01 -0.38407398E-08 -0.97453419E-02 -0.10938996E-08
    3    5   -0.31769645E-01 -0.25204771E-09 -0.27977926E-01  0.49587717E-08 -0.97453378E-02 -0.61351719E-09
    4    5    0.48125990E-01  0.51663974E-09  0.48125994E-01  0.46974991E-10  0.16674949E-01 -0.80682058E-09
    5    5    0.12747544E-08  0.21164933E-09  0.42666296E-08 -0.27225637E-09  0.55862372E-01  0.31801667E-08
    6    5   -0.21673619E-02  0.58861278E-09 -0.16469899E-02  0.58878313E-08 -0.30759512E-01  0.43343174E-09
    7    5   -0.16469802E-02  0.17963180E-08 -0.21673609E-02 -0.11926005E-08 -0.30759503E-01  0.78117998E-09
    8    5   -0.33445321E-01 -0.19625843E-08 -0.33445317E-01 -0.55922075E-08 -0.53085152E-02 -0.58506185E-08
    1    6   -0.21330175E-01 -0.15177741E-08 -0.15843168E-01  0.38938046E-09 -0.69082072E-02 -0.20136014E-09
    2    6    0.17133131E-01  0.27887530E-08  0.18137833E-01 -0.40715292E-09 -0.50150517E-03 -0.72440764E-09
    3    6    0.13918463E-01 -0.18196237E-08  0.10930246E-01  0.59206240E-09 -0.18241209E-02  0.13034915E-08
    4    6    0.28740311E-04  0.25071218E-10  0.19569776E-02 -0.11324750E-09  0.84759690E-02 -0.11067113E-08
    5    6   -0.18687433E-01  0.57856748E-09 -0.27288791E-01 -0.92155613E-09  0.22205778E-02 -0.73136460E-10
    6    6    0.33301978E-02  0.74264887E-09 -0.33301978E-02 -0.73132680E-09 -0.57187535E-02  0.21105245E-09
    7    6    0.16346986E-01 -0.31149991E-08  0.16346987E-01  0.19984773E-08  0.11694229E-01 -0.14469084E-08
    8    6    0.42284532E-02  0.14014115E-08  0.47488241E-02  0.17623889E-08 -0.37392650E-01  0.16321162E-08
    1    7   -0.15843170E-01  0.69989292E-10 -0.21330178E-01 -0.77901295E-09 -0.69082030E-02 -0.12988524E-08
    2    7    0.10930246E-01 -0.46441043E-10  0.13918460E-01  0.11993821E-08 -0.18241230E-02  0.42607413E-09
    3    7    0.18137829E-01  0.13531620E-08  0.17133130E-01  0.33348134E-09 -0.50150728E-03 -0.94259304E-10
    4    7    0.19569822E-02  0.54480528E-09  0.28745797E-04 -0.11574511E-08  0.84759680E-02  0.12178621E-08
    5    7   -0.27288791E-01 -0.14087913E-08 -0.18687432E-01  0.62244800E-09  0.22205862E-02 -0.11991805E-08
    6    7    0.16346988E-01  0.22597777E-08  0.16346990E-01 -0.31065463E-08  0.11694222E-01  0.13579163E-08
    7    7   -0.33302011E-02  0.15377798E-09  0.33302011E-02 -0.14517693E-09 -0.57187583E-02  0.99481822E-09
    8    7    0.47488233E-02 -0.95811311E-09  0.42284442E-02  0.18547688E-08 -0.37392648E-01 -0.24197691E-08
    1    8    0.45545812E-01 -0.12389837E-08  0.45545811E-01 -0.92533647E-09  0.32016254E-04  0.18536016E-08
    2    8   -0.16491566E-01 -0.19097674E-08 -0.13815887E-01  0.14235796E-08  0.89985247E-02 -0.28640502E-09
    3    8   -0.13815886E-01 -0.60654605E-09 -0.16491565E-01 -0.49837429E-08  0.89985225E-02 -0.49666180E-09
    4    8   -0.34983286E-01  0.21678934E-08 -0.34983288E-01  0.23855417E-08 -0.10627203E-01 -0.55786556E-09
    5    8    0.37367957E-01 -0.15181111E-09  0.37367958E-01 -0.21843275E-09 -0.34471380E-01  0.25821613E-08
    6    8   -0.12227739E-01 -0.25905991E-08 -0.20829099E-01  0.22959594E-08  0.12106423E-01 -0.20017131E-08
    7    8   -0.20829099E-01  0.23205020E-08 -0.12227740E-01  0.15369399E-09  0.12106414E-01 -0.13600506E-08
    8    8   -0.34697683E-08  0.40196166E-09 -0.19523547E-08 -0.47585851E-09  0.55862361E-01  0.30871825E-08

    1   -1    1
    1    1    0.70627234E-10  0.14392005E-09  0.12783253E-02 -0.18435161E-08  0.12783257E-02 -0.57534889E-09
    2    1    0.17027777E-01  0.80000932E-10  0.29347756E-02  0.22135594E-08  0.29347757E-02  0.14132580E-09
    3    1   -0.66284082E-02  0.82595953E-09  0.19432046E-03  0.71868333E-09 -0.26096264E-02  0.77207300E-10
    4    1   -0.66284093E-02 -0.52492135E-09 -0.26096242E-02 -0.20174811E-08  0.19431971E-03  0.60460971E-09
    5    1   -0.11399194E-01 -0.14514244E-09  0.41924395E-02  0.36150913E-10  0.41924434E-02 -0.12668201E-08
    6    1    0.15826221E-01 -0.47714758E-09 -0.10263197E-01 -0.83837538E-09 -0.10263199E-01  0.78271685E-09
    7    1    0.41180428E-02  0.36584549E-09  0.95567774E-02  0.28498251E-10 -0.97699625E-02 -0.22943069E-09
    8    1    0.41180471E-02 -0.78717553E-09 -0.97699618E-02  0.17391991E-09  0.95567754E-02  0.16805350E-08
    1    2    0.92495467E-02 -0.43285153E-08 -0.37063928E-03  0.37428441E-09 -0.37064067E-03  0.93252606E-10
    2    2    0.71226785E-10  0.15307097E-09 -0.12783278E-02  0.32219960E-09 -0.12783281E-02 -0.20362806E-08
    3    2   -0.33824918E-02 -0.72057323E-09 -0.24765310E-03  0.16832070E-10 -0.30515951E-02 -0.32051696E-09
    4    2   -0.33824921E-02  0.74277432E-09 -0.30515963E-02  0.14718872E-08 -0.24765250E-03  0.49977854E-09
    5    2    0.90850915E-02 -0.23637120E-08 -0.47244529E-02  0.19250360E-09 -0.47244526E-02  0.20784463E-09
    6    2   -0.13573734E-03 -0.17155332E-08 -0.48808729E-02  0.59469461E-09 -0.48808733E-02  0.10436396E-08
    7    2   -0.49084685E-02 -0.76161447E-09  0.10411026E-01 -0.72017574E-09  0.92355307E-02  0.24031280E-08
    8    2   -0.49084701E-02  0.36927112E-08  0.92355332E-02 -0.17685373E-08  0.10411027E-01 -0.16255381E-08
    1    3    0.78829747E-04  0.18646642E-08 -0.28984089E-02  0.64335914E-09  0.76674764E-02 -0.19560744E-08
    2    3   -0.36624159E-02 -0.16011234E-08 -0.97230520E-02  0.27040031E-09  0.84283482E-03  0.53562343E-09
    3    3   -0.71387789E-10  0.93437167E-10  0.12783278E-02 -0.31529559E-09 -0.12783265E-02 -0.42681391E-09
    4    3    0.10885717E-01 -0.17107289E-08  0.90768322E-02  0.45957450E-09 -0.20068080E-02 -0.11479546E-08
    5    3   -0.50625930E-02  0.18801855E-08 -0.36244114E-02  0.64969750E-09  0.87304528E-02 -0.28888972E-09
    6    3   -0.38749089E-02  0.53641451E-09  0.47831492E-02 -0.44825247E-09  0.38286987E-02  0.21805054E-10
    7    3    0.46049823E-02 -0.68881719E-09  0.13449371E-02 -0.37852956E-09 -0.14952200E-02  0.77307487E-09
    8    3    0.19675958E-02 -0.17376481E-08 -0.32133687E-02  0.10880897E-08 -0.12882061E-01  0.17373649E-09
    1    4    0.78830534E-04 -0.84000889E-12  0.76674762E-02 -0.12025710E-08 -0.28984097E-02  0.13702355E-08
    2    4   -0.36624162E-02 -0.14321828E-08  0.84283488E-03 -0.68704693E-09 -0.97230502E-02  0.42708653E-09
    3    4    0.10885716E-01 -0.78641877E-09 -0.20068093E-02 -0.33846417E-09  0.90768339E-02 -0.63948088E-09
    4    4   -0.71134181E-10  0.91821932E-10 -0.12783258E-02 -0.12518727E-08  0.12783249E-02  0.12537128E-08
    5    4   -0.50625932E-02  0.55261359E-10  0.87304533E-02  0.15887289E-09 -0.36244144E-02  0.25254625E-09
    6    4   -0.38749082E-02  0.22905176E-08  0.38286991E-02  0.10266562E-08  0.47831507E-02 -0.15228525E-08
    7    4    0.19675919E-02  0.11759377E-08 -0.12882057E-01  0.55032576E-09 -0.32133718E-02 -0.11971961E-08
    8    4    0.46049799E-02 -0.97852822E-09 -0.14952259E-02  0.27917112E-09  0.13449412E-02  0.11963349E-08
    1    5   -0.10597576E-01  0.11575681E-08 -0.62132125E-02  0.89795631E-09 -0.62132097E-02  0.18077673E-09
    2    5    0.98413239E-02  0.42729733E-09  0.79346086E-02  0.12565066E-08  0.79346092E-02 -0.10396737E-08
    3    5   -0.13432154E-04  0.47011845E-11  0.16139721E-02  0.23701703E-08 -0.46910712E-02  0.15601496E-08
    4    5   -0.13432892E-04 -0.76251698E-09 -0.46910678E-02 -0.24354947E-08  0.16139710E-02 -0.99302829E-09
    5    5   -0.12499202E-09  0.91965359E-10  0.13175071E-02  0.79302478E-10  0.13175084E-02  0.56597410E-09
    6    5    0.83722981E-02 -0.79601097E-09 -0.46791965E-02 -0.10900972E-09 -0.46791983E-02  0.38929588E-09
    7    5   -0.33825641E-02  0.30311204E-09  0.20022060E-02 -0.26543600E-09  0.44692862E-02 -0.25102845E-08
    8    5   -0.33825642E-02 -0.38621853E-09  0.44692856E-02 -0.91827867E-09  0.20022055E-02 -0.16497789E-09
    1    6    0.83149960E-02  0.43402619E-08  0.38523551E-02  0.20434929E-08  0.38523551E-02  0.60225142E-09
    2    6   -0.11476551E-01 -0.32899930E-08 -0.29101226E-02  0.98414458E-09 -0.29101206E-02 -0.35327161E-09
    3    6    0.91036347E-03  0.79109457E-09 -0.37482062E-02 -0.25177143E-08  0.21972167E-02 -0.22241515E-08
    4    6    0.91036578E-03 -0.28583093E-08  0.21972167E-02 -0.30203398E-09 -0.37482089E-02  0.40610073E-09
    5    6    0.83722989E-02  0.35738262E-08  0.46792016E-02  0.17147374E-08  0.46792012E-02  0.10698374E-08
    6    6   -0.12602817E-09  0.11423875E-09 -0.13175107E-02 -0.35660177E-08 -0.13175102E-02 -0.79994274E-09
    7    6   -0.33825642E-02 -0.53160401E-09 -0.44692847E-02  0.19288064E-08 -0.20022073E-02  0.17075432E-08
    8    6   -0.33825651E-02 -0.13289895E-08 -0.20022075E-02  0.92148456E-09 -0.44692843E-02  0.59306023E-10
    1    7    0.68992451E-03 -0.36082133E-09  0.30657588E-02 -0.15890206E-08 -0.19936870E-02  0.20078377E-08
    2    7    0.27974791E-04  0.69123601E-09 -0.32508149E-02 -0.79712126E-09  0.10927621E-02 -0.27198792E-09
    3    7   -0.80039945E-04 -0.13243106E-08  0.14663601E-02 -0.16193108E-08  0.10022017E-02  0.22829820E-09
    4    7   -0.17855321E-02  0.18972961E-08  0.23116418E-03  0.18952488E-08 -0.68454162E-04  0.23443518E-09
    5    7   -0.41336500E-03 -0.14014309E-08 -0.14712667E-02 -0.56629710E-09 -0.78882363E-03  0.45887694E-09
    6    7   -0.41336402E-03 -0.39915698E-09  0.78882182E-03  0.27506650E-08  0.14712660E-02  0.24293992E-09
    7    7    0.12698999E-09  0.72355875E-10  0.13175086E-02 -0.15085255E-09 -0.13175070E-02 -0.19965670E-08
    8    7    0.62691031E-02  0.89627127E-09 -0.15971265E-02 -0.96668501E-09  0.15971282E-02 -0.36142619E-09
    1    8    0.68992434E-03 -0.22593566E-08 -0.19936854E-02 -0.77210933E-09  0.30657578E-02 -0.19255746E-08
    2    8    0.27976901E-04  0.37526575E-09  0.10927621E-02 -0.12606680E-08 -0.32508182E-02  0.58097332E-09
    3    8   -0.17855328E-02  0.97500387E-09 -0.68455223E-04  0.45495063E-10  0.23116525E-03  0.35684909E-09
    4    8   -0.80042007E-04  0.10281710E-08  0.10021997E-02  0.13827907E-08  0.14663636E-02  0.63514537E-09
    5    8   -0.41336556E-03 -0.15958995E-08 -0.78882101E-03 -0.25915195E-09 -0.14712654E-02 -0.11650173E-08
    6    8   -0.41336596E-03 -0.13024245E-08  0.14712650E-02  0.94943623E-10  0.78882237E-03  0.12514602E-08
    7    8    0.62691045E-02 -0.44464614E-10  0.15971283E-02 -0.37333469E-09 -0.15971292E-02  0.19810769E-08
    8    8    0.12282443E-09  0.84200090E-10 -0.13175064E-02 -0.74675561E-09  0.13175062E-02  0.56568656E-09

    1   -1    2
    1    1   -0.70300116E-03 -0.28997649E-10 -0.70300116E-03 -0.28997680E-10 -0.66962774E-03  0.79770969E-09
    2    1    0.96000381E-03 -0.14140818E-08 -0.23554068E-02  0.20803273E-08  0.11283481E-02  0.13386986E-08
    3    1   -0.23554089E-02  0.12593574E-08  0.96000459E-03 -0.22277256E-08  0.11283483E-02 -0.13641695E-08
    4    1   -0.22683114E-02 -0.16268375E-08 -0.22683128E-02 -0.52102076E-09  0.41490708E-09  0.16365544E-09
    5    1    0.38569616E-02  0.19663788E-08  0.38569612E-02  0.76222269E-09 -0.50678876E-02 -0.55161066E-09
    6    1   -0.91352371E-02 -0.84027950E-09  0.54447023E-02 -0.20701825E-08  0.56714404E-02 -0.53338980E-09
    7    1    0.54447040E-02 -0.73364824E-09 -0.91352373E-02  0.23370113E-08  0.56714385E-02  0.14190027E-08
    8    1   -0.36439627E-03  0.61127114E-09 -0.36439663E-03  0.48090106E-09 -0.10542265E-02  0.31713471E-09
    1    2   -0.17919924E-02 -0.25375751E-08  0.16240966E-02 -0.12926962E-08 -0.49120911E-03 -0.19470544E-09
    2    2    0.30747276E-09 -0.91635961E-10  0.30747283E-09 -0.91633582E-10  0.74434810E-03 -0.39105646E-09
    3    2    0.27754562E-02 -0.10208202E-08 -0.29743493E-02  0.29219574E-08 -0.29214774E-09  0.10044089E-09
    4    2   -0.23554085E-02  0.24451229E-08  0.96000324E-03 -0.16660076E-08 -0.11283494E-02  0.61893442E-11
    5    2   -0.29599683E-02 -0.34266346E-08  0.47832271E-02 -0.46575581E-10  0.36141936E-04 -0.14517710E-09
    6    2    0.33513616E-02 -0.26194639E-08 -0.48963625E-02  0.16706670E-08 -0.87036850E-03  0.74336825E-09
    7    2    0.20763194E-02  0.38538692E-08 -0.29396570E-02 -0.23814105E-08 -0.80642955E-03 -0.15709635E-08
    8    2    0.14525923E-02  0.46897939E-09 -0.15012259E-02 -0.47959770E-09  0.33269844E-02 -0.13482894E-08
    1    3    0.16240963E-02  0.16608469E-08 -0.17919937E-02  0.15937007E-10 -0.49120884E-03  0.23537283E-08
    2    3   -0.29743491E-02 -0.18323334E-08  0.27754571E-02  0.45939261E-09  0.77408273E-09 -0.24220533E-08
    3    3   -0.34865321E-10 -0.36883103E-09 -0.34865292E-10 -0.36883205E-09  0.74434762E-03  0.67563622E-11
    4    3    0.96000408E-03 -0.11884398E-08 -0.23554072E-02  0.80253790E-09 -0.11283501E-02 -0.10270121E-08
    5    3    0.47832273E-02  0.91265810E-09 -0.29599690E-02 -0.89677202E-09  0.36141902E-04  0.17504239E-08
    6    3   -0.29396596E-02  0.30112786E-08  0.20763236E-02  0.86978848E-10 -0.80643140E-03 -0.56529556E-09
    7    3   -0.48963606E-02 -0.21877436E-08  0.33513592E-02  0.16690065E-08 -0.87037043E-03 -0.13285329E-08
    8    3   -0.15012277E-02 -0.14256881E-09  0.14525896E-02 -0.75622296E-09  0.33269861E-02  0.74385251E-09
    1    4   -0.23965717E-02 -0.15974094E-08 -0.23965703E-02  0.82418444E-10 -0.11081251E-08 -0.18320134E-08
    2    4    0.16240963E-02  0.38495353E-10 -0.17919936E-02 -0.16714358E-08  0.49120979E-03  0.10986195E-08
    3    4   -0.17919904E-02 -0.29491670E-09  0.16240962E-02 -0.12527253E-08  0.49120945E-03  0.19836972E-09
    4    4    0.70300082E-03 -0.58815374E-09  0.70300082E-03 -0.58815419E-09 -0.66962757E-03 -0.14646752E-09
    5    4   -0.34316171E-02 -0.65747830E-09 -0.34316153E-02  0.31897386E-10 -0.49470161E-03 -0.17209630E-08
    6    4    0.97592141E-03 -0.23985960E-09  0.37579409E-04  0.88423876E-10 -0.24399272E-03  0.20590471E-08
    7    4    0.37580231E-04 -0.21040623E-08  0.97591879E-03  0.85802973E-09 -0.24399181E-03 -0.17677924E-09
    8    4    0.17419075E-02  0.65757459E-09  0.17419090E-02  0.47612018E-09 -0.26827740E-02  0.50081969E-09
    1    5    0.29648963E-02  0.42990106E-08  0.29648963E-02  0.21401437E-08  0.20501898E-02 -0.63862417E-09
    2    5   -0.20204245E-02 -0.18890817E-08 -0.48283556E-03 -0.37019784E-09 -0.11373717E-02  0.24896033E-09
    3    5   -0.48283699E-03 -0.13122854E-08 -0.20204244E-02 -0.14050879E-08 -0.11373697E-02 -0.98706345E-09
    4    5   -0.80181251E-03 -0.26010876E-08 -0.80181414E-03 -0.10084782E-09 -0.20806580E-04  0.27161710E-09
    5    5   -0.13699500E-03 -0.50504041E-10 -0.13699500E-03 -0.50504061E-10 -0.25957610E-03  0.42638891E-09
    6    5   -0.15005838E-02 -0.55508087E-09  0.12340827E-02 -0.15629509E-08  0.16123271E-02 -0.18866883E-08
    7    5    0.12340852E-02  0.10927053E-09 -0.15005807E-02  0.16934249E-10  0.16123262E-02  0.16849867E-08
    8    5   -0.26969914E-02 -0.30913321E-09 -0.26969914E-02  0.20589852E-09 -0.55082623E-03 -0.50379160E-09
    1    6   -0.20204234E-02  0.75575942E-09  0.11373694E-02 -0.14740858E-10  0.48283545E-03  0.94876601E-09
    2    6    0.29648956E-02 -0.89961708E-09 -0.20501877E-02  0.29119467E-08 -0.29648951E-02 -0.13654815E-08
    3    6   -0.48283384E-03 -0.14198304E-09  0.11373701E-02 -0.16393088E-08  0.20204220E-02  0.23783397E-08
    4    6   -0.80181498E-03  0.14447953E-08  0.20806462E-04 -0.15957603E-08  0.80181459E-03 -0.22322762E-08
    5    6    0.40400760E-03  0.21926119E-09 -0.13324840E-02  0.30842711E-09  0.17248090E-02  0.43740492E-09
    6    6   -0.13500750E-09  0.12169618E-08 -0.13500747E-09  0.12169631E-08 -0.28664266E-03 -0.20964142E-09
    7    6   -0.26868820E-02 -0.13164409E-09  0.30418885E-02 -0.73977898E-09 -0.68447811E-03 -0.11408212E-08
    8    6    0.13587530E-02 -0.23115391E-08 -0.13759114E-02  0.74857160E-09 -0.17422808E-02  0.12628878E-08
    1    7    0.11373680E-02 -0.22609860E-08 -0.20204230E-02 -0.14820839E-08  0.48283632E-03 -0.17822087E-08
    2    7    0.11373705E-02  0.20749880E-08 -0.48283596E-03 -0.14322833E-08  0.20204229E-02  0.30611802E-08
    3    7   -0.20501878E-02  0.86782459E-09  0.29648955E-02  0.28590099E-08 -0.29648953E-02 -0.22500483E-08
    4    7    0.20806597E-04  0.81770504E-09 -0.80181428E-03 -0.47904451E-09  0.80181370E-03  0.19205084E-08
    5    7   -0.13324849E-02 -0.17126143E-08  0.40400836E-03  0.55803336E-10  0.17248091E-02 -0.21742789E-08
    6    7    0.30418904E-02 -0.55027000E-09 -0.26868822E-02  0.11216602E-08 -0.68447890E-03  0.86061870E-09
    7    7   -0.37499977E-10 -0.17448918E-10 -0.37499981E-10 -0.17451437E-10 -0.28664385E-03 -0.19699123E-09
    8    7   -0.13759121E-02  0.16502672E-08  0.13587514E-02 -0.95107759E-09 -0.17422788E-02 -0.74900144E-10
    1    8   -0.81007180E-03 -0.15121097E-08 -0.81007274E-03  0.50282314E-09 -0.19013697E-02 -0.12953775E-08
    2    8   -0.81007409E-03  0.25791560E-08  0.19013679E-02  0.32887726E-08  0.81007405E-03 -0.28540208E-08
    3    8    0.19013680E-02  0.32733842E-08 -0.81007287E-03  0.17193450E-08  0.81007371E-03 -0.31317572E-09
    4    8   -0.91451443E-04 -0.13431413E-08 -0.91450713E-04 -0.68629635E-09  0.91450558E-04  0.14107069E-08
    5    8   -0.16504284E-02 -0.24895743E-08 -0.16504295E-02 -0.25892119E-08 -0.24649975E-02  0.17811959E-08
    6    8   -0.10171572E-02 -0.12617503E-08  0.71933443E-03  0.84410338E-09  0.79569364E-03 -0.10843165E-09
    7    8    0.71933242E-03  0.10146864E-08 -0.10171584E-02 -0.86659020E-10  0.79569316E-03 -0.92137986E-09
    8    8    0.13699551E-03 -0.12654413E-08  0.13699551E-03 -0.12654424E-08 -0.25957714E-03  0.72916224E-09

    1    0   -2
    1    1   -0.43395457E-03  0.24119422E-08  0.64864307E-03  0.16857184E-08 -0.43395447E-03  0.63977883E-09
    2    1   -0.12403882E-02  0.20219916E-08 -0.12558949E-01  0.97493605E-09  0.18653367E-01  0.13681076E-08
    3    1   -0.13061990E-01  0.13304138E-08  0.22480818E-01  0.91830019E-09 -0.13061989E-01 -0.17769725E-09
    4    1    0.18653365E-01  0.81984809E-09 -0.12558951E-01  0.73047226E-09 -0.12403880E-02  0.67566436E-09
    5    1    0.51715816E-03 -0.26608004E-08 -0.45783925E-02 -0.98639096E-09  0.51715649E-03  0.31465267E-10
    6    1    0.79813918E-03 -0.64801769E-09  0.44817700E-02 -0.16080785E-09 -0.71294425E-03  0.10794936E-08
    7    1   -0.44075990E-02  0.10452592E-08  0.30075340E-02 -0.12470393E-09 -0.44075996E-02 -0.11480107E-09
    8    1   -0.71294285E-03 -0.45544899E-09  0.44817719E-02 -0.18420256E-08  0.79814084E-03 -0.25027176E-08
    1    2   -0.38865843E-03  0.14275640E-08  0.92987130E-02 -0.22479007E-09 -0.52258516E-02 -0.16306574E-08
    2    2    0.39654464E-02  0.47337184E-09  0.23413833E-02 -0.12601683E-08  0.28909786E-02 -0.68384681E-09
    3    2    0.35699266E-03  0.10922034E-08 -0.72257476E-02 -0.58590986E-09  0.76400979E-02  0.23223970E-08
    4    2   -0.57498239E-02  0.46016579E-09  0.21178536E-02 -0.91744896E-10 -0.34246777E-03 -0.85751852E-09
    5    2    0.21780686E-02  0.32456663E-09  0.31473118E-02 -0.95441938E-10 -0.20474043E-02 -0.19027168E-09
    6    2    0.73379381E-04  0.27297321E-08 -0.56729059E-02 -0.20886987E-08 -0.57735940E-03  0.62482981E-09
    7    2   -0.49179187E-02 -0.17260933E-08  0.45056812E-02  0.10124398E-08 -0.29094483E-02 -0.26174409E-08
    8    2    0.19955238E-02  0.20192884E-09  0.29647655E-02  0.15484395E-08 -0.71886673E-03  0.21040063E-08
    1    3    0.52914931E-02 -0.85292222E-09 -0.62772112E-02 -0.48957968E-09  0.52914940E-02  0.23508832E-08
    2    3   -0.33028475E-02  0.13366869E-08  0.22536945E-02  0.20330536E-08  0.29237901E-03 -0.85298774E-09
    3    3    0.21234583E-02  0.25146943E-08  0.15248951E-02  0.56536697E-09  0.21234582E-02 -0.95942671E-09
    4    3    0.29237912E-03 -0.19023461E-08  0.22536958E-02  0.12213830E-08 -0.33028480E-02 -0.17126035E-08
    5    3    0.79935331E-03  0.54419825E-09 -0.61245255E-03 -0.54664447E-09  0.79935392E-03  0.17834540E-08
    6    3   -0.19879717E-02 -0.22525849E-08 -0.24875360E-02  0.28830254E-08 -0.10757310E-02 -0.17974672E-08
    7    3    0.70423604E-02  0.18923047E-08 -0.14102202E-02 -0.28266046E-08  0.70423587E-02  0.12790024E-08
    8    3   -0.10757315E-02 -0.49766524E-09 -0.24875381E-02  0.93028490E-09 -0.19879719E-02  0.58668174E-09
    1    4   -0.52258529E-02  0.21367745E-08  0.92987134E-02  0.27618610E-08 -0.38865789E-03 -0.60872909E-09
    2    4   -0.34246753E-03 -0.19640747E-08  0.21178540E-02 -0.29460381E-08 -0.57498241E-02  0.50551126E-09
    3    4    0.76400977E-02  0.69418627E-09 -0.72257474E-02 -0.66119927E-09  0.35699114E-03 -0.10307505E-08
    4    4    0.28909788E-02 -0.17515025E-08  0.23413829E-02 -0.35304110E-09  0.39654455E-02  0.11313617E-08
    5    4   -0.20474039E-02  0.24832767E-08  0.31473099E-02  0.33045817E-08  0.21780704E-02 -0.70259586E-09
    6    4   -0.71886620E-03 -0.14715752E-10  0.29647653E-02  0.44144558E-09  0.19955264E-02 -0.12175598E-09
    7    4   -0.29094502E-02 -0.30194501E-08  0.45056826E-02 -0.61137794E-10 -0.49179197E-02  0.10552361E-08
    8    4   -0.57736108E-03  0.18213828E-08 -0.56729079E-02 -0.51598461E-09  0.73376616E-04  0.16101277E-09
    1    5    0.29101215E-02 -0.74819981E-09 -0.11476550E-01 -0.15895827E-08  0.29101199E-02  0.26667484E-09
    2    5   -0.21972154E-02  0.16309589E-08  0.91036468E-03 -0.11095251E-10  0.37482072E-02  0.16107928E-08
    3    5   -0.38523536E-02 -0.92771509E-09  0.83149960E-02  0.14070589E-08 -0.38523538E-02 -0.78933052E-09
    4    5    0.37482063E-02  0.16038795E-08  0.91036496E-03  0.14585528E-08 -0.21972151E-02  0.21527523E-08
    5    5    0.54292572E-03 -0.47922096E-09 -0.81433093E-03 -0.12751151E-08  0.54292601E-03 -0.13649079E-08
    6    5   -0.77530387E-03 -0.25401186E-08  0.55233895E-02 -0.95091496E-09 -0.36333596E-03 -0.46349149E-09
    7    5    0.20758715E-02  0.17251004E-08 -0.85330971E-02  0.24817865E-08  0.20758722E-02  0.75160496E-09
    8    5   -0.36333227E-03 -0.52185043E-09  0.55233905E-02 -0.15572724E-08 -0.77530063E-03 -0.98948003E-09
    1    6   -0.10927612E-02 -0.69172777E-09  0.27975065E-04 -0.93937220E-09  0.32508154E-02 -0.11582989E-10
    2    6   -0.10022013E-02  0.31295686E-08 -0.80037994E-04 -0.44836271E-09 -0.14663605E-02  0.33465128E-09
    3    6    0.19936857E-02 -0.29503138E-08  0.68992538E-03  0.29807133E-08 -0.30657592E-02 -0.14804725E-08
    4    6    0.68453545E-04 -0.12437617E-09 -0.17855355E-02 -0.19079923E-08 -0.23116462E-03  0.82399613E-10
    5    6   -0.21992760E-02 -0.34366450E-09 -0.49855110E-02  0.18149339E-08  0.89585025E-02  0.18770558E-08
    6    6   -0.31353909E-02 -0.22982286E-09 -0.69755592E-03 -0.54183256E-09 -0.22538328E-03  0.36355342E-09
    7    6    0.61782228E-02  0.22287987E-08  0.53942207E-02 -0.43536976E-08 -0.90076110E-02  0.29027538E-10
    8    6   -0.49914222E-02 -0.10364223E-08  0.56355283E-02 -0.77134410E-09 -0.11574306E-05 -0.11596042E-08
    1    7   -0.79346074E-02  0.16090651E-10  0.98413218E-02  0.12728312E-08 -0.79346079E-02 -0.11162379E-08
    2    7    0.46910684E-02 -0.13923927E-08 -0.13431879E-04 -0.56631005E-09 -0.16139714E-02  0.50422118E-09
    3    7    0.62132097E-02  0.18434244E-08 -0.10597577E-01 -0.22755746E-08  0.62132103E-02  0.62241648E-09
    4    7   -0.16139720E-02 -0.69562934E-09 -0.13432314E-04 -0.90824988E-09  0.46910686E-02 -0.41779439E-09
    5    7   -0.16353755E-01  0.64824918E-09  0.22179199E-01  0.21798289E-08 -0.16353756E-01 -0.11996394E-08
    6    7    0.88349835E-02  0.53870293E-09 -0.12349154E-01 -0.22100929E-08  0.16246236E-01  0.23286352E-08
    7    7   -0.46286450E-02  0.47749665E-09 -0.41511446E-02  0.15877515E-09 -0.46286441E-02  0.59408942E-09
    8    7    0.16246234E-01 -0.83564899E-09 -0.12349156E-01  0.15580446E-08  0.88349827E-02 -0.36977805E-09
    1    8    0.32508154E-02  0.40336809E-10  0.27975054E-04  0.40971562E-09 -0.10927606E-02  0.80468998E-10
    2    8   -0.23116352E-03 -0.22200312E-08 -0.17855349E-02  0.16477885E-08  0.68454089E-04 -0.12110647E-08
    3    8   -0.30657591E-02  0.25223620E-08  0.68992685E-03 -0.11072612E-08  0.19936854E-02  0.26830406E-08
    4    8   -0.14663602E-02  0.65028695E-10 -0.80039943E-04  0.11923466E-09 -0.10022016E-02 -0.15020873E-08
    5    8    0.89585004E-02 -0.82697933E-09 -0.49855114E-02 -0.14502937E-08 -0.21992760E-02  0.91954539E-10
    6    8   -0.11568625E-05  0.31682292E-08  0.56355268E-02  0.29884697E-08 -0.49914205E-02 -0.80257482E-09
    7    8   -0.90076089E-02 -0.15457851E-08  0.53942224E-02 -0.73017832E-09  0.61782214E-02 -0.97493099E-09
    8    8   -0.22538223E-03  0.93075479E-09 -0.69755624E-03  0.14753620E-08 -0.31353925E-02  0.11977162E-08

    1    0   -1
    1    1    0.81691188E-02  0.15842301E-08  0.32009873E-02 -0.16466200E-08  0.32009873E-02 -0.16408810E-08
    2    1    0.29106613E-01 -0.14643380E-08  0.16831843E-01  0.25763518E-08 -0.14935934E-01  0.71929997E-09
    3    1   -0.11830835E-01  0.75025833E-10  0.11888158E-01  0.67123151E-09 -0.51203516E-02 -0.53665489E-09
    4    1   -0.15516509E-01  0.10945682E-08 -0.20960403E-01 -0.20185524E-09  0.13390193E-01  0.49002413E-09
    5    1    0.14254650E-02  0.13822659E-08  0.77430010E-02 -0.15989861E-09  0.16427967E-02 -0.55537135E-09
    6    1   -0.60990180E-02 -0.19348510E-08 -0.12530313E-01 -0.23259402E-08  0.12627323E-02 -0.43421726E-09
    7    1    0.77189429E-04 -0.86517065E-10 -0.30480962E-02 -0.70848095E-09  0.46555147E-02  0.13041692E-08
    8    1    0.63207203E-02 -0.72512498E-09  0.12537000E-01  0.58544216E-09 -0.23126558E-02 -0.24656829E-09
    1    2    0.29106615E-01  0.87846842E-09  0.16831842E-01  0.80415144E-09 -0.14935933E-01  0.18019264E-08
    2    2    0.81691192E-02  0.75742028E-09 -0.32009912E-02 -0.15229486E-08 -0.32009913E-02 -0.15155861E-08
    3    2   -0.13862512E-01  0.10410131E-09  0.57985103E-02 -0.34344915E-08 -0.11209999E-01  0.19368375E-08
    4    2   -0.10511756E-01 -0.20330611E-08 -0.17271602E-01  0.20245688E-08  0.17078995E-01  0.16351397E-09
    5    2    0.51584594E-02 -0.11019444E-08  0.16098603E-01 -0.17226880E-08  0.22105941E-02  0.15575410E-09
    6    2   -0.18683623E-02  0.45619842E-09 -0.90391018E-02  0.88369542E-09  0.65525345E-02  0.18913383E-08
    7    2   -0.67723320E-03  0.62121552E-09  0.96842298E-02  0.40075614E-08 -0.16405192E-01 -0.29453055E-08
    8    2   -0.15481883E-01  0.16863109E-08 -0.45417405E-02 -0.11943514E-08  0.89698940E-03 -0.70307469E-09
    1    3   -0.28012719E-01 -0.28739169E-09 -0.31915693E-01  0.25696831E-08  0.24345482E-01 -0.18696224E-08
    2    3   -0.23007968E-01  0.81354370E-09 -0.28226892E-01 -0.30859932E-08  0.28034288E-01  0.33396778E-09
    3    3    0.45312226E-01 -0.12399224E-08  0.99280861E-09 -0.28912280E-09 -0.25768155E-08 -0.23034349E-09
    4    3   -0.52389396E-01  0.75748045E-09  0.35083387E-01 -0.20629530E-08 -0.23711452E-01  0.71895521E-09
    5    3    0.30301594E-02 -0.11172336E-08 -0.10006577E-01  0.16741189E-08  0.41374217E-02 -0.39279985E-09
    6    3   -0.80502852E-03  0.35279635E-09  0.95620248E-02 -0.59134161E-09 -0.42475198E-02  0.47863577E-09
    7    3    0.44136689E-02  0.15044820E-08 -0.20125153E-03 -0.34638785E-08 -0.49463868E-02  0.99308424E-09
    8    3    0.27697310E-02 -0.47136683E-10 -0.10267012E-01  0.20760801E-08  0.50524841E-02 -0.12435316E-08
    1    4   -0.14157826E-01  0.10556231E-08  0.13627052E-01  0.51196420E-10 -0.68592470E-02  0.36109637E-09
    2    4   -0.16189498E-01 -0.78963902E-09  0.75374061E-02  0.11595149E-08 -0.12948895E-01 -0.10792719E-08
    3    4    0.22979548E-02  0.29912312E-09 -0.18956970E-01 -0.10956143E-08  0.25072802E-01  0.72910291E-09
    4    4    0.45312229E-01  0.27508238E-08 -0.11383650E-08  0.97527051E-10  0.24240094E-08  0.15484541E-09
    5    4   -0.96047848E-02 -0.41415126E-09 -0.33885041E-02 -0.12790403E-08 -0.85694662E-02 -0.95757662E-10
    6    4    0.11408701E-01  0.21499652E-08  0.49774066E-02  0.37809512E-08  0.64155854E-02  0.49324299E-09
    7    4   -0.37644428E-02  0.20025026E-09 -0.68897291E-02 -0.42260765E-10  0.17683309E-02 -0.10693940E-08
    8    4   -0.36863156E-02 -0.20801942E-08  0.26312247E-02 -0.25662485E-08 -0.62881656E-03  0.71400707E-09
    1    5    0.45988556E-02 -0.32742889E-08  0.66012645E-02 -0.15182699E-08  0.27845337E-02 -0.11827479E-08
    2    5    0.12175916E-01  0.24246793E-08  0.85311654E-02  0.13318978E-08  0.97780278E-02  0.11406377E-08
    3    5   -0.73265139E-02 -0.16915623E-08  0.28978282E-02  0.24041758E-09 -0.14855796E-01 -0.21570000E-09
    4    5   -0.25228707E-02 -0.56953039E-09 -0.77373951E-02 -0.40455357E-09  0.18682386E-02 -0.14374218E-08
    5    5    0.57187565E-02  0.34956137E-08  0.33301989E-02  0.79489263E-09  0.33301988E-02  0.78566928E-09
    6    5   -0.11694228E-01 -0.23733814E-08  0.16346990E-01 -0.27843086E-08 -0.16346984E-01 -0.30482528E-08
    7    5   -0.22205807E-02 -0.25095200E-08 -0.18687433E-01 -0.30414911E-08  0.27288790E-01  0.27043564E-08
    8    5    0.37392647E-01  0.11369400E-08  0.42284491E-02  0.23675084E-08 -0.47488259E-02  0.28093036E-08
    1    6   -0.15336474E-01  0.28765162E-08 -0.39434801E-02 -0.16061136E-08 -0.73240985E-02 -0.16677211E-08
    2    6   -0.91651733E-02 -0.20196038E-08 -0.11651743E-01  0.18922957E-08  0.91651728E-02  0.23769342E-08
    3    6    0.73240988E-02 -0.25068079E-09 -0.39434811E-02 -0.15809294E-08  0.15336472E-01 -0.96850063E-09
    4    6    0.29981208E-02  0.12574146E-08  0.83126274E-02  0.73772022E-09 -0.29981222E-02  0.13669337E-08
    5    6   -0.11694226E-01  0.59886012E-09  0.16346992E-01 -0.46692186E-09 -0.16346984E-01 -0.92047628E-09
    6    6    0.57187556E-02  0.27669527E-08 -0.33302065E-02 -0.29297551E-08 -0.33302065E-02 -0.29431883E-08
    7    6   -0.22205819E-02 -0.96212771E-09 -0.27288786E-01  0.38039745E-08  0.18687429E-01  0.21959525E-08
    8    6    0.37392647E-01 -0.63242764E-09  0.47488209E-02 -0.32798745E-08 -0.42284488E-02 -0.55979658E-09
    1    7    0.14855799E-01 -0.28498144E-09  0.28978286E-02  0.26559041E-09  0.73265152E-02  0.28383175E-08
    2    7   -0.97780288E-02 -0.15911444E-08  0.85311680E-02  0.61440557E-09 -0.12175916E-01 -0.29505362E-08
    3    7   -0.27845360E-02 -0.24425646E-10  0.66012636E-02 -0.72888033E-09 -0.45988563E-02  0.16915773E-08
    4    7   -0.18682367E-02  0.88993365E-09 -0.77373970E-02  0.60926306E-09  0.25228701E-02  0.47937046E-11
    5    7    0.30759512E-01  0.12890846E-08 -0.21673644E-02 -0.23549969E-08  0.16469842E-02  0.12276284E-08
    6    7    0.30759505E-01 -0.11299678E-08 -0.16469840E-02  0.20109456E-08  0.21673600E-02  0.28106385E-08
    7    7   -0.55862368E-01  0.31851054E-08  0.52905752E-08 -0.36168577E-09 -0.13004018E-09 -0.30694604E-09
    8    7    0.53085141E-02 -0.48512687E-08 -0.33445318E-01  0.55259603E-09  0.33445320E-01 -0.24967053E-08
    1    8   -0.88740874E-03  0.12537311E-08 -0.60088092E-02  0.25542580E-08  0.76162263E-02 -0.44059020E-09
    2    8    0.17236718E-01 -0.74256926E-09  0.10515756E-01 -0.31383477E-08 -0.17236717E-01  0.15466437E-09
    3    8   -0.76162258E-02  0.28829448E-08 -0.60088072E-02  0.31706912E-08  0.88740862E-03 -0.13034608E-08
    4    8    0.57813555E-02 -0.18684461E-08  0.63372000E-03 -0.86481508E-09 -0.57813542E-02  0.12443149E-08
    5    8   -0.12106422E-01 -0.21953407E-08 -0.12227745E-01  0.53437059E-09  0.20829099E-01 -0.18460481E-08
    6    8   -0.12106415E-01  0.62461377E-09 -0.20829096E-01  0.19002084E-08  0.12227739E-01  0.23242478E-08
    7    8    0.34471376E-01  0.44792412E-09  0.37367955E-01 -0.14512851E-08 -0.37367953E-01  0.74081203E-09
    8    8   -0.55862359E-01  0.22377349E-08 -0.16585779E-08 -0.32187170E-09  0.38384694E-08 -0.25316449E-09

    1    0    0
    1    1    0.32009924E-02  0.53501521E-10  0.81691229E-02 -0.61930703E-10  0.32009924E-02  0.63703385E-10
    2    1    0.11888157E-01  0.24413782E-08 -0.11830839E-01  0.16480631E-08 -0.51203521E-02 -0.45540294E-09
    3    1    0.16831842E-01 -0.15014279E-08  0.29106616E-01 -0.11869666E-08 -0.14935936E-01  0.76737350E-09
    4    1   -0.20960406E-01 -0.35439858E-10 -0.15516507E-01 -0.20712279E-08  0.13390191E-01 -0.30676629E-09
    5    1    0.77430058E-02 -0.13059556E-08  0.14254658E-02  0.70672979E-09  0.16427987E-02 -0.87937445E-09
    6    1   -0.30480961E-02 -0.72141078E-09  0.77189361E-04 -0.19826382E-08  0.46555132E-02  0.27585939E-08
    7    1   -0.12530315E-01  0.98231715E-09 -0.60990191E-02  0.65754136E-09  0.12627309E-02 -0.13652938E-09
    8    1    0.12537000E-01  0.57530867E-09  0.63207195E-02  0.29464558E-08 -0.23126549E-02 -0.13147146E-08
    1    2   -0.31915699E-01  0.17169147E-08 -0.28012720E-01 -0.13685444E-09  0.24345482E-01 -0.24091078E-08
    2    2    0.22235920E-08 -0.47959889E-09  0.45312231E-01 -0.31644863E-08 -0.13408494E-08 -0.40002032E-09
    3    2   -0.28226893E-01  0.12985281E-08 -0.23007972E-01 -0.73143013E-09  0.28034289E-01  0.14576646E-08
    4    2    0.35083391E-01 -0.27029792E-08 -0.52389400E-01  0.27580263E-08 -0.23711452E-01 -0.34068727E-10
    5    2   -0.10006580E-01  0.23926495E-08  0.30301599E-02 -0.56799794E-09  0.41374217E-02  0.19807355E-08
    6    2   -0.20124691E-03 -0.16317796E-08  0.44136689E-02  0.14344683E-09 -0.49463852E-02  0.81338912E-09
    7    2    0.95620230E-02 -0.17927699E-08 -0.80502527E-03 -0.11417941E-08 -0.42475216E-02 -0.97141956E-09
    8    2   -0.10267013E-01  0.33152102E-09  0.27697294E-02  0.14561605E-09  0.50524853E-02 -0.19932194E-08
    1    3    0.16831841E-01 -0.23224638E-08  0.29106616E-01  0.27564736E-09 -0.14935938E-01 -0.44058175E-09
    2    3    0.57985106E-02  0.30381372E-09 -0.13862509E-01  0.92313699E-09 -0.11209999E-01 -0.10386077E-08
    3    3   -0.32009878E-02  0.78035922E-09  0.81691182E-02  0.22554391E-08 -0.32009878E-02  0.78931459E-09
    4    3   -0.17271602E-01  0.15654445E-08 -0.10511756E-01 -0.22588947E-08  0.17078996E-01  0.49284371E-09
    5    3    0.16098600E-01 -0.81814113E-09  0.51584590E-02  0.16574107E-09  0.22105923E-02 -0.79701330E-09
    6    3    0.96842276E-02 -0.12864425E-09 -0.67723128E-03  0.21421683E-08 -0.16405195E-01 -0.28775435E-08
    7    3   -0.90390975E-02  0.12873074E-09 -0.18683635E-02 -0.93366118E-09  0.65525376E-02  0.57439797E-09
    8    3   -0.45417416E-02  0.10933273E-08 -0.15481886E-01 -0.26435210E-08  0.89699121E-03  0.28244392E-08
    1    4    0.13627054E-01  0.14716061E-08 -0.14157829E-01  0.21787324E-08 -0.68592489E-02  0.91750685E-09
    2    4   -0.18956971E-01 -0.21806551E-08  0.22979565E-02 -0.31277207E-08  0.25072803E-01  0.17976518E-08
    3    4    0.75374069E-02  0.28153544E-08 -0.16189497E-01  0.33682607E-08 -0.12948896E-01 -0.11139810E-08
    4    4   -0.88865951E-09 -0.20233172E-08  0.45312230E-01  0.12652640E-08  0.26774743E-08 -0.19598819E-08
    5    4   -0.33885059E-02  0.36423482E-09 -0.96047871E-02 -0.42267440E-09 -0.85694683E-02  0.33771976E-09
    6    4   -0.68897289E-02  0.14168003E-08 -0.37644433E-02  0.77233240E-09  0.17683313E-02 -0.35461579E-09
    7    4    0.49774073E-02 -0.13581946E-08  0.11408701E-01  0.73571014E-09  0.64155877E-02 -0.15614911E-09
    8    4    0.26312248E-02 -0.81755913E-09 -0.36863139E-02 -0.61693469E-09 -0.62881806E-03  0.73840144E-09
    1    5    0.66012676E-02 -0.74556697E-09  0.45988606E-02 -0.19650162E-08  0.27845406E-02  0.33984586E-09
    2    5    0.28978273E-02 -0.75189170E-10 -0.73265212E-02  0.16094295E-08 -0.14855799E-01  0.71225254E-09
    3    5    0.85311632E-02 -0.17571410E-08  0.12175919E-01 -0.35181287E-08  0.97780259E-02 -0.30830316E-08
    4    5   -0.77373977E-02  0.14228157E-08 -0.25228684E-02  0.16660595E-08  0.18682383E-02  0.31168414E-08
    5    5    0.33302042E-02 -0.13586556E-08  0.57187595E-02 -0.31147556E-09  0.33302042E-02 -0.13659270E-08
    6    5   -0.18687434E-01 -0.14797965E-08 -0.22205824E-02 -0.28363402E-08  0.27288789E-01  0.27691714E-08
    7    5    0.16346988E-01  0.28996015E-08 -0.11694229E-01  0.25444499E-08 -0.16346988E-01  0.10630324E-08
    8    5    0.42284479E-02  0.56946208E-09  0.37392648E-01  0.17549955E-08 -0.47488254E-02 -0.14535356E-08
    1    6    0.28978301E-02 -0.28884635E-08  0.14855795E-01 -0.50576718E-10  0.73265154E-02 -0.56259370E-09
    2    6    0.66012660E-02 -0.22996459E-08 -0.27845357E-02 -0.43650203E-09 -0.45988538E-02  0.99187356E-09
    3    6    0.85311652E-02  0.31970288E-08 -0.97780262E-02 -0.25805369E-09 -0.12175919E-01  0.22497662E-08
    4    6   -0.77373966E-02  0.20115855E-08 -0.18682388E-02  0.29986925E-09  0.25228696E-02 -0.20568224E-08
    5    6   -0.21673635E-02 -0.11691195E-08  0.30759505E-01 -0.66757122E-09  0.16469820E-02 -0.10171104E-08
    6    6    0.34253170E-08 -0.23385791E-09 -0.55862363E-01  0.76511650E-09 -0.20400454E-08 -0.13638972E-09
    7    6   -0.16469853E-02 -0.29579434E-09  0.30759509E-01 -0.55242933E-09  0.21673645E-02  0.62388510E-10
    8    6   -0.33445321E-01 -0.13966503E-08  0.53085147E-02  0.75211810E-10  0.33445321E-01  0.29118049E-08
    1    7   -0.39434829E-02  0.99615989E-09 -0.15336475E-01  0.21962321E-08 -0.73241012E-02  0.93974198E-09
    2    7   -0.39434835E-02  0.11272890E-08  0.73241021E-02 -0.31572917E-08  0.15336472E-01  0.47468674E-09
    3    7   -0.11651739E-01 -0.98343257E-09 -0.91651776E-02  0.21266036E-08  0.91651791E-02 -0.11406471E-08
    4    7    0.83126274E-02 -0.18963954E-08  0.29981217E-02  0.73217416E-09 -0.29981223E-02 -0.26960782E-09
    5    7    0.16346989E-01  0.15322182E-08 -0.11694226E-01 -0.19931943E-09 -0.16346988E-01  0.15277626E-08
    6    7   -0.27288793E-01 -0.11271078E-08 -0.22205819E-02  0.13826328E-08  0.18687436E-01 -0.32446642E-09
    7    7   -0.33302025E-02  0.11876049E-09  0.57187533E-02 -0.21296217E-09 -0.33302025E-02  0.10999783E-09
    8    7    0.47488270E-02 -0.19681796E-08  0.37392651E-01  0.16779771E-08 -0.42284495E-02 -0.22604435E-08
    1    8   -0.60088094E-02  0.18154265E-08 -0.88740904E-03 -0.87990470E-09  0.76162234E-02 -0.18591224E-08
    2    8   -0.60088057E-02  0.15770683E-08 -0.76162235E-02  0.28753262E-08  0.88740786E-03 -0.12416817E-08
    3    8    0.10515754E-01  0.74423672E-09  0.17236719E-01 -0.70986608E-09 -0.17236718E-01  0.18269600E-08
    4    8    0.63372034E-03 -0.12506515E-08  0.57813551E-02 -0.23194189E-08 -0.57813541E-02  0.19711558E-10
    5    8   -0.12227742E-01 -0.11517711E-08 -0.12106422E-01  0.80687064E-09  0.20829099E-01 -0.16250042E-08
    6    8    0.37367955E-01  0.26152092E-08  0.34471378E-01  0.35969760E-09 -0.37367953E-01 -0.26345134E-08
    7    8   -0.20829100E-01 -0.94853579E-09 -0.12106419E-01 -0.13020764E-08  0.12227742E-01 -0.44768494E-10
    8    8   -0.17361845E-08  0.18010899E-08 -0.55862362E-01 -0.86315711E-09  0.36942290E-08  0.18951044E-08

    1    0    1
    1    1    0.64863891E-03 -0.75315510E-09 -0.43395779E-03  0.87420253E-09 -0.43395865E-03 -0.18883340E-08
    2    1    0.22480818E-01 -0.14391949E-08 -0.13061990E-01 -0.15843664E-08 -0.13061990E-01  0.62169314E-09
    3    1   -0.12558951E-01 -0.96376111E-09 -0.12403882E-02  0.14861692E-08  0.18653366E-01  0.17703475E-08
    4    1   -0.12558952E-01  0.14814256E-08  0.18653365E-01 -0.92158298E-09 -0.12403858E-02 -0.27199128E-08
    5    1   -0.45783927E-02  0.14941111E-08  0.51715697E-03  0.16250383E-08  0.51715579E-03  0.96797473E-09
    6    1    0.30075324E-02 -0.94881463E-09 -0.44075981E-02 -0.13247402E-08 -0.44075986E-02 -0.11178769E-08
    7    1    0.44817719E-02  0.98056234E-10  0.79813983E-03 -0.16676795E-08 -0.71294207E-03  0.34634288E-10
    8    1    0.44817737E-02  0.72616372E-10 -0.71294243E-03 -0.22773839E-10  0.79813788E-03 -0.28784185E-09
    1    2   -0.62772074E-02  0.19449272E-08  0.52914932E-02  0.26421325E-09  0.52914928E-02 -0.76550918E-10
    2    2    0.15248929E-02  0.10656522E-08  0.21234559E-02 -0.34017919E-09  0.21234566E-02  0.15126752E-08
    3    2    0.22536955E-02  0.34357798E-08 -0.33028477E-02 -0.10741961E-08  0.29238024E-03 -0.47707269E-08
    4    2    0.22536938E-02 -0.38063479E-08  0.29237754E-03  0.13328936E-08 -0.33028489E-02  0.34624068E-08
    5    2   -0.61244908E-03 -0.55360833E-09  0.79935524E-03 -0.13101033E-08  0.79935381E-03 -0.89998089E-09
    6    2   -0.14102227E-02  0.46167200E-08  0.70423576E-02 -0.73553501E-09  0.70423572E-02 -0.60552786E-09
    7    2   -0.24875374E-02 -0.85267467E-09 -0.19879715E-02  0.11386294E-08 -0.10757305E-02  0.26960771E-08
    8    2   -0.24875360E-02 -0.17677442E-08 -0.10757317E-02  0.18981319E-08 -0.19879707E-02  0.84320852E-09
    1    3    0.92987149E-02 -0.11916790E-08 -0.38865657E-03 -0.55546856E-09 -0.52258517E-02 -0.99294502E-09
    2    3   -0.72257482E-02  0.11602139E-09  0.35699062E-03 -0.37274160E-09  0.76401004E-02  0.23973559E-08
    3    3    0.23413821E-02  0.12623488E-09  0.39654468E-02 -0.82090617E-09  0.28909765E-02  0.59274632E-09
    4    3    0.21178524E-02  0.17131395E-08 -0.57498225E-02  0.49755134E-10 -0.34246769E-03 -0.57211032E-09
    5    3    0.31473127E-02  0.97472118E-09  0.21780699E-02  0.28156119E-09 -0.20474046E-02  0.29010761E-09
    6    3    0.45056830E-02 -0.32614823E-08 -0.49179206E-02 -0.52243456E-09 -0.29094470E-02  0.82223032E-09
    7    3   -0.56729096E-02 -0.13495051E-08  0.73378206E-04  0.41751171E-09 -0.57735983E-03 -0.23237887E-08
    8    3    0.29647660E-02  0.10455528E-08  0.19955241E-02 -0.24879299E-08 -0.71886671E-03 -0.11231552E-08
    1    4    0.92987119E-02  0.11390368E-08 -0.52258527E-02 -0.13361601E-08 -0.38865622E-03  0.90484857E-09
    2    4   -0.72257485E-02  0.31743791E-08  0.76401003E-02  0.41418100E-09  0.35698965E-03 -0.21725844E-08
    3    4    0.21178539E-02 -0.38473238E-08 -0.34246886E-03  0.71500078E-09 -0.57498229E-02  0.13087704E-09
    4    4    0.23413833E-02  0.10540293E-08  0.28909787E-02  0.11034437E-09  0.39654465E-02  0.50900220E-09
    5    4    0.31473095E-02  0.24488501E-10 -0.20474051E-02 -0.26210727E-09  0.21780719E-02 -0.20565867E-09
    6    4    0.45056815E-02 -0.38400213E-10 -0.29094481E-02  0.89636257E-09 -0.49179209E-02 -0.40797535E-09
    7    4    0.29647675E-02  0.30202398E-08 -0.71886611E-03 -0.11574006E-08  0.19955236E-02  0.10015635E-08
    8    4   -0.56729097E-02 -0.42427514E-09 -0.57736125E-03  0.76765022E-09  0.73378729E-04  0.30052450E-09
    1    5   -0.11476553E-01 -0.20318307E-08  0.29101192E-02  0.69841358E-09  0.29101176E-02  0.13069766E-09
    2    5    0.83149977E-02 -0.15001966E-08 -0.38523526E-02 -0.47112951E-09 -0.38523528E-02  0.33371178E-09
    3    5    0.91036499E-03  0.18086335E-08 -0.21972151E-02 -0.48241930E-09  0.37482054E-02  0.24879263E-08
    4    5    0.91036560E-03  0.16180146E-08  0.37482044E-02 -0.61180111E-09 -0.21972127E-02 -0.26299784E-08
    5    5   -0.81433402E-03 -0.18176574E-09  0.54292353E-03  0.19190504E-09  0.54292325E-03  0.14369967E-09
    6    5   -0.85330949E-02  0.96428919E-10  0.20758710E-02  0.75225395E-09  0.20758736E-02  0.15298434E-09
    7    5    0.55233900E-02 -0.10679464E-08 -0.77530242E-03 -0.98059229E-09 -0.36333086E-03 -0.23844923E-08
    8    5    0.55233894E-02  0.71622016E-09 -0.36332975E-03  0.15350266E-08 -0.77530356E-03  0.11847507E-08
    1    6    0.98413215E-02 -0.17939681E-08 -0.79346044E-02  0.12125550E-08 -0.79346060E-02  0.12472127E-08
    2    6   -0.10597579E-01  0.14094581E-08  0.62132091E-02 -0.15927333E-08  0.62132078E-02  0.70757060E-10
    3    6   -0.13430595E-04 -0.21925748E-08  0.46910672E-02  0.19151133E-08 -0.16139706E-02  0.81458775E-09
    4    6   -0.13431580E-04  0.31253165E-09 -0.16139704E-02  0.11130758E-08  0.46910680E-02 -0.33446915E-09
    5    6    0.22179200E-01 -0.11183777E-09 -0.16353754E-01 -0.82614897E-09 -0.16353754E-01  0.89602912E-09
    6    6   -0.41511442E-02  0.67490980E-10 -0.46286461E-02  0.13362263E-08 -0.46286430E-02 -0.16402131E-08
    7    6   -0.12349151E-01 -0.16884074E-08  0.88349807E-02  0.13008193E-08  0.16246229E-01  0.29210911E-08
    8    6   -0.12349157E-01  0.30019775E-08  0.16246233E-01 -0.20861195E-08  0.88349841E-02 -0.39515927E-08
    1    7    0.27975513E-04  0.19175180E-08 -0.10927608E-02 -0.20584302E-08  0.32508169E-02  0.96701914E-10
    2    7    0.68992660E-03  0.22278361E-08  0.19936845E-02  0.65262447E-09 -0.30657584E-02 -0.14077809E-08
    3    7   -0.80040167E-04 -0.12511187E-08 -0.10022015E-02  0.30608375E-09 -0.14663597E-02 -0.71004054E-09
    4    7   -0.17855348E-02 -0.14697561E-08  0.68454539E-04 -0.22132404E-10 -0.23116648E-03  0.63379213E-09
    5    7   -0.49855108E-02 -0.79987470E-09 -0.21992749E-02 -0.12200416E-08  0.89585033E-02 -0.17358473E-09
    6    7    0.53942193E-02  0.19855162E-08  0.61782250E-02  0.12531982E-08 -0.90076143E-02 -0.25540369E-08
    7    7   -0.69755694E-03  0.11895242E-08 -0.31353922E-02 -0.25013768E-09 -0.22538416E-03  0.13735131E-08
    8    7    0.56355292E-02 -0.30020467E-09 -0.49914244E-02 -0.12692955E-09 -0.11539993E-05  0.26510918E-08
    1    8    0.27976865E-04  0.13396501E-08  0.32508143E-02  0.14360840E-08 -0.10927601E-02 -0.62213360E-09
    2    8    0.68992616E-03 -0.19797058E-08 -0.30657588E-02  0.57798203E-09  0.19936854E-02  0.11111260E-08
    3    8   -0.17855348E-02  0.53840541E-09 -0.23116323E-03 -0.17386283E-08  0.68454605E-04 -0.15513450E-08
    4    8   -0.80039852E-04 -0.13667912E-09 -0.14663595E-02 -0.41933517E-09 -0.10022012E-02  0.40197727E-09
    5    8   -0.49855120E-02  0.20928838E-08  0.89585001E-02  0.15906839E-08 -0.21992756E-02 -0.35446428E-09
    6    8    0.53942234E-02 -0.10417987E-08 -0.90076099E-02 -0.21354606E-08  0.61782233E-02  0.15283669E-08
    7    8    0.56355267E-02  0.70803907E-09 -0.11553782E-05  0.71331834E-09 -0.49914207E-02 -0.10027068E-08
    8    8   -0.69755611E-03 -0.10347495E-08 -0.22538276E-03 -0.32328482E-09 -0.31353919E-02 -0.10958842E-08

    1    1   -3
    1    1   -0.14965831E-02  0.73376286E-09 -0.14965836E-02 -0.50488962E-09 -0.14965845E-02  0.27039270E-08
    2    1    0.57978473E-02 -0.46441946E-09 -0.34538570E-02 -0.84199742E-09 -0.34538581E-02 -0.13110207E-08
    3    1   -0.34538569E-02 -0.70679236E-09  0.57978479E-02  0.61217112E-09 -0.34538586E-02 -0.22681455E-08
    4    1   -0.34538589E-02 -0.55927421E-09 -0.34538598E-02  0.67221405E-09  0.57978468E-02  0.31820097E-08
    5    1   -0.68132424E-04  0.24105004E-08 -0.68132229E-04  0.11543017E-08 -0.68131076E-04 -0.42797538E-09
    6    1   -0.15528816E-02 -0.18765539E-08 -0.64064040E-03 -0.98985291E-09 -0.64064067E-03 -0.53233996E-09
    7    1   -0.64063933E-03 -0.97750141E-10 -0.15528802E-02 -0.10825862E-08 -0.64063875E-03  0.81974424E-09
    8    1   -0.64064007E-03 -0.28201876E-09 -0.64063905E-03 -0.24864440E-09 -0.15528808E-02  0.15028297E-09
    1    2    0.20745492E-02 -0.23249837E-08 -0.42106549E-02 -0.69802307E-09 -0.42106537E-02  0.15495505E-08
    2    2   -0.14965835E-02 -0.18691339E-08  0.14965835E-02  0.14751777E-08  0.14965833E-02  0.19713449E-08
    3    2   -0.41117101E-03 -0.24775394E-08  0.25553256E-02  0.11380266E-08 -0.66963765E-02 -0.20354238E-08
    4    2   -0.41117065E-03  0.32089892E-09 -0.66963764E-02 -0.39587399E-09  0.25553253E-02 -0.16623201E-09
    5    2   -0.66793481E-03 -0.23275904E-08  0.13405373E-02  0.77842224E-09  0.13405367E-02  0.39071539E-09
    6    2   -0.14082155E-02 -0.93887857E-09 -0.20589549E-02  0.33420296E-09 -0.20589549E-02 -0.77188990E-09
    7    2    0.37583947E-02  0.23408806E-08  0.10440034E-02 -0.84840686E-09 -0.46708088E-03  0.76113736E-09
    8    2    0.37583933E-02  0.50006607E-09 -0.46708111E-03 -0.22631547E-08  0.10440047E-02  0.10915429E-08
    1    3   -0.42106561E-02 -0.43263573E-09  0.20745512E-02  0.24925296E-08 -0.42106568E-02 -0.24270951E-08
    2    3    0.25553260E-02 -0.20160513E-08 -0.41117237E-03 -0.46111319E-09 -0.66963760E-02 -0.47487258E-09
    3    3    0.14965843E-02 -0.57353857E-09 -0.14965841E-02  0.66789538E-10  0.14965834E-02  0.24076045E-08
    4    3   -0.66963786E-02  0.57895500E-09 -0.41117112E-03  0.78139934E-09  0.25553264E-02  0.93282603E-11
    5    3    0.13405377E-02 -0.81284157E-10 -0.66793483E-03 -0.83518855E-10  0.13405376E-02 -0.23380937E-08
    6    3    0.10440034E-02  0.11575053E-08  0.37583945E-02 -0.55958479E-09 -0.46707999E-03  0.26527205E-08
    7    3   -0.20589552E-02 -0.14529562E-08 -0.14082176E-02  0.12607767E-08 -0.20589548E-02 -0.11684876E-08
    8    3   -0.46708010E-03 -0.12285450E-08  0.37583949E-02  0.91485847E-09  0.10440023E-02  0.11296910E-09
    1    4   -0.42106524E-02 -0.49098587E-09 -0.42106548E-02 -0.25547230E-08  0.20745507E-02 -0.12397128E-09
    2    4    0.25553253E-02  0.93673499E-09 -0.66963786E-02  0.13354341E-08 -0.41117329E-03 -0.10182528E-08
    3    4   -0.66963802E-02 -0.13455438E-08  0.25553254E-02  0.53026381E-09 -0.41117158E-03  0.15485122E-08
    4    4    0.14965851E-02 -0.27033948E-10  0.14965852E-02 -0.59665483E-09 -0.14965841E-02  0.86819451E-09
    5    4    0.13405391E-02 -0.14079883E-08  0.13405380E-02 -0.24972322E-08 -0.66793475E-03  0.42440911E-09
    6    4    0.10440028E-02  0.91383403E-09 -0.46707991E-03  0.27453068E-08  0.37583950E-02 -0.91231110E-10
    7    4   -0.46708096E-03  0.12131987E-08  0.10440036E-02  0.10823000E-08  0.37583929E-02  0.13129463E-08
    8    4   -0.20589550E-02  0.92954527E-09 -0.20589560E-02 -0.81771268E-10 -0.14082161E-02 -0.15425671E-08
    1    5    0.95938137E-03  0.20118887E-08  0.95938163E-03 -0.27551085E-10  0.95938202E-03  0.63392758E-09
    2    5   -0.67282433E-02 -0.10363492E-08  0.51847794E-02 -0.98438800E-09  0.51847815E-02 -0.10038467E-08
    3    5    0.51847796E-02  0.72318408E-10 -0.67282430E-02 -0.14025480E-09  0.51847786E-02 -0.67750715E-09
    4    5    0.51847799E-02 -0.13865074E-08  0.51847781E-02 -0.82422502E-09 -0.67282459E-02 -0.23835687E-09
    5    5   -0.11457190E-02  0.15327616E-08 -0.11457186E-02  0.15808867E-08 -0.11457188E-02  0.14976721E-08
    6    5   -0.10084501E-03 -0.18743435E-09 -0.28325948E-02 -0.12010653E-08 -0.28325963E-02 -0.16499672E-08
    7    5   -0.28325952E-02 -0.22861825E-08 -0.10084476E-03 -0.21329840E-08 -0.28325938E-02 -0.18459041E-08
    8    5   -0.28325954E-02  0.31778952E-09 -0.28325949E-02  0.59292556E-09 -0.10084623E-03  0.92786302E-09
    1    6   -0.82524053E-02 -0.47641679E-09  0.61679763E-02  0.13970157E-08  0.61679749E-02 -0.89004662E-09
    2    6   -0.65334904E-02 -0.36400546E-09  0.24152496E-02  0.17923812E-08  0.24152498E-02 -0.83822742E-09
    3    6    0.10475176E-01  0.42023416E-08  0.34164321E-02 -0.33288906E-08 -0.17598559E-01 -0.21009308E-08
    4    6    0.10475178E-01 -0.23223835E-08 -0.17598559E-01  0.22303036E-08  0.34164310E-02  0.32860388E-08
    5    6   -0.10084449E-03 -0.24248246E-09  0.28325940E-02 -0.43519745E-09  0.28325945E-02 -0.11117918E-08
    6    6   -0.11457198E-02 -0.10660057E-08  0.11457205E-02  0.11366967E-08  0.11457197E-02  0.32884800E-08
    7    6   -0.28325943E-02 -0.26751049E-08  0.28325956E-02  0.25533922E-08  0.10084328E-03  0.17368914E-08
    8    6   -0.28325954E-02  0.11176202E-08  0.10084449E-03 -0.15233754E-08  0.28325967E-02 -0.12702794E-08
    1    7    0.61679748E-02 -0.14925660E-08 -0.82524064E-02 -0.31695022E-08  0.61679744E-02  0.17291693E-08
    2    7    0.34164319E-02  0.91227515E-09  0.10475177E-01  0.11398501E-08 -0.17598561E-01 -0.95637826E-09
    3    7    0.24152523E-02 -0.17152841E-08 -0.65334919E-02  0.11693013E-08  0.24152536E-02  0.18886681E-08
    4    7   -0.17598560E-01  0.42533938E-09  0.10475178E-01 -0.99997998E-11  0.34164319E-02 -0.14734362E-08
    5    7    0.28325929E-02  0.13858489E-09 -0.10084434E-03 -0.12425688E-08  0.28325929E-02  0.41460635E-09
    6    7    0.28325954E-02  0.72283064E-10 -0.28325955E-02  0.20946635E-08  0.10084428E-03 -0.71516276E-09
    7    7    0.11457194E-02  0.15906066E-08 -0.11457197E-02 -0.91104937E-09  0.11457203E-02  0.12202722E-09
    8    7    0.10084459E-03 -0.25599228E-08 -0.28325947E-02  0.36015225E-09  0.28325952E-02  0.18541402E-09
    1    8    0.61679739E-02  0.16819868E-09  0.61679725E-02  0.24405187E-08 -0.82524042E-02 -0.52226618E-09
    2    8    0.34164319E-02 -0.16506311E-09 -0.17598558E-01 -0.75577900E-09  0.10475177E-01  0.12149462E-08
    3    8   -0.17598558E-01 -0.50111110E-09  0.34164317E-02  0.63927266E-09  0.10475175E-01 -0.13463254E-08
    4    8    0.24152465E-02  0.18147609E-08  0.24152498E-02 -0.65501886E-09 -0.65334896E-02 -0.49568576E-09
    5    8    0.28325953E-02 -0.17939820E-08  0.28325942E-02 -0.38972494E-09 -0.10084410E-03  0.13288346E-08
    6    8    0.28325952E-02  0.86515154E-10  0.10084249E-03 -0.30989370E-08 -0.28325949E-02  0.47065622E-09
    7    8    0.10084476E-03  0.12901844E-08  0.28325956E-02  0.20414138E-08 -0.28325940E-02 -0.15990851E-08
    8    8    0.11457205E-02 -0.12374420E-08  0.11457207E-02 -0.73907146E-09 -0.11457208E-02  0.14096615E-08

    1    1   -2
    1    1    0.39654455E-02 -0.19295617E-08 -0.28909774E-02 -0.91100410E-09 -0.23413820E-02  0.17636485E-09
    2    1    0.89615389E-03  0.28624149E-09  0.89981754E-02  0.58271303E-09 -0.55263925E-02  0.21072484E-09
    3    1   -0.11262193E-03  0.11035945E-08 -0.46869795E-02 -0.14279911E-08  0.10178871E-01  0.10149044E-08
    4    1   -0.21080920E-02  0.49855009E-09 -0.15276438E-02  0.31547608E-08 -0.39879688E-02  0.64057396E-10
    5    1    0.69714851E-03 -0.57628527E-09 -0.24230271E-02 -0.22508003E-08  0.16029685E-02  0.33316658E-09
    6    1   -0.25688340E-02  0.11232886E-08  0.25195970E-02  0.54117286E-09 -0.22274902E-02 -0.57929911E-10
    7    1    0.35836457E-02 -0.12282143E-08 -0.80227869E-03  0.27463964E-08  0.13309464E-02 -0.10708756E-08
    8    1   -0.28659789E-03  0.13882179E-08 -0.31105958E-02 -0.10286873E-08  0.17176190E-02  0.83197504E-09
    1    2    0.25465234E-02  0.24816106E-09 -0.13343223E-01  0.14120114E-08  0.17869097E-01  0.13378938E-08
    2    2   -0.43395684E-03 -0.26312095E-09  0.43395741E-03 -0.16467375E-08 -0.64864011E-03 -0.18283001E-08
    3    2   -0.99683001E-02 -0.27235305E-08  0.19250310E-01  0.42533461E-08 -0.16292499E-01 -0.27192544E-08
    4    2    0.96399721E-02 -0.15751645E-08 -0.62497715E-02 -0.18072141E-08  0.50687909E-02  0.12090361E-08
    5    2   -0.20983932E-02  0.46231362E-09 -0.12499280E-02  0.21071144E-08 -0.10231904E-02 -0.13315026E-09
    6    2    0.13726063E-02 -0.42448588E-08  0.55240101E-02  0.35808860E-08 -0.34008375E-02  0.80622623E-09
    7    2    0.33125200E-02  0.23587049E-08 -0.10418954E-01 -0.36640614E-08  0.43877264E-02  0.11762722E-08
    8    2   -0.46786257E-03  0.12757261E-08  0.41282331E-02 -0.14040254E-08  0.34384019E-02 -0.18258114E-08
    1    3   -0.73812431E-02  0.10322229E-09  0.32091263E-03 -0.26904319E-08 -0.16404033E-02 -0.60096179E-09
    2    3    0.15217236E-03 -0.32302944E-08 -0.55935167E-02  0.45733689E-08  0.59751845E-02 -0.77794440E-09
    3    3    0.21234567E-02  0.72684662E-09 -0.21234588E-02  0.12377834E-08 -0.15248949E-02 -0.42340143E-09
    4    3    0.16047057E-02  0.17037549E-08  0.93068617E-02 -0.34704126E-09  0.37503201E-02 -0.46794086E-09
    5    3   -0.19910660E-02  0.55686770E-09 -0.13610115E-02 -0.19795742E-08 -0.42437630E-02 -0.14280131E-09
    6    3    0.48853108E-02  0.18833392E-08  0.22305464E-02 -0.13701128E-08  0.52266557E-02  0.24002094E-09
    7    3   -0.52124253E-02 -0.15290816E-08 -0.84877558E-04  0.42847039E-09 -0.43066080E-02 -0.11351481E-08
    8    3   -0.27480497E-02 -0.19106269E-08 -0.26182274E-02  0.14806949E-08 -0.74383345E-03  0.16112424E-08
    1    4    0.45862389E-02 -0.89185509E-09  0.51666848E-02  0.24833713E-08 -0.27009966E-02  0.18500851E-08
    2    4   -0.26274556E-02  0.36315144E-09  0.54745688E-02 -0.58092923E-09 -0.42128017E-02 -0.61190019E-09
    3    4    0.21920168E-03  0.10708988E-08 -0.43551533E-02 -0.18126045E-08  0.32275860E-02 -0.69347888E-09
    4    4    0.28909776E-02 -0.42298483E-09 -0.39654467E-02 -0.14175950E-08 -0.23413829E-02 -0.75833090E-09
    5    4    0.87676146E-03 -0.18225378E-08  0.22882824E-02  0.38766863E-08  0.20067074E-02  0.46964773E-10
    6    4   -0.16483464E-02  0.15411490E-08 -0.45031876E-02 -0.35798230E-08 -0.15662707E-02 -0.15660494E-09
    7    4    0.21695912E-03 -0.26813329E-09  0.25668202E-02 -0.75498103E-09  0.13469072E-02  0.28271469E-09
    8    4    0.19539931E-02 -0.33809039E-09  0.37010140E-02  0.21290830E-08 -0.72366986E-03 -0.93916611E-09
    1    5    0.50150500E-03  0.17516494E-08  0.17133131E-01  0.32797456E-09 -0.18137831E-01 -0.14758371E-08
    2    5    0.18241217E-02 -0.12148584E-09  0.13918462E-01  0.69973947E-09 -0.10930250E-01 -0.50045954E-09
    3    5    0.69082048E-02  0.12396486E-08 -0.21330175E-01 -0.33013556E-08  0.15843170E-01  0.42570365E-08
    4    5   -0.84759647E-02  0.63214965E-10  0.28741590E-04  0.46714599E-08 -0.19569751E-02 -0.14438912E-08
    5    5   -0.31353939E-02 -0.12960878E-08  0.22538404E-03 -0.24887919E-08  0.69755811E-03 -0.13827460E-08
    6    5   -0.21992743E-02  0.55623926E-09 -0.89585028E-02  0.26923953E-08  0.49855109E-02  0.29880506E-09
    7    5    0.61782253E-02 -0.55469443E-09  0.90076138E-02  0.29347084E-08 -0.53942238E-02 -0.14217684E-08
    8    5   -0.49914237E-02  0.23777870E-08  0.11562363E-05 -0.30003761E-08 -0.56355279E-02  0.12384797E-08
    1    6    0.18241213E-02  0.10483288E-09  0.10930244E-01 -0.11423098E-08 -0.13918461E-01 -0.67403813E-09
    2    6    0.50150563E-03 -0.13532587E-08  0.18137833E-01 -0.13780627E-08 -0.17133128E-01 -0.12976629E-08
    3    6    0.69082050E-02 -0.63725795E-09 -0.15843166E-01  0.21251202E-08  0.21330173E-01  0.11461652E-08
    4    6   -0.84759681E-02  0.23417427E-08  0.19569765E-02 -0.10404089E-08 -0.28742625E-04 -0.18679389E-09
    5    6   -0.77530168E-03  0.28601248E-09  0.36333234E-03  0.78568841E-09 -0.55233912E-02  0.10411233E-08
    6    6    0.54292544E-03  0.20817078E-08 -0.54292561E-03 -0.11592161E-08  0.81433142E-03 -0.23711025E-08
    7    6    0.20758712E-02 -0.77404568E-09 -0.20758728E-02 -0.22708678E-09  0.85331011E-02 -0.17492277E-08
    8    6   -0.36333075E-03 -0.15047047E-08  0.77530123E-03  0.78380787E-09 -0.55233908E-02  0.11408474E-08
    1    7    0.97453358E-02 -0.16139095E-08 -0.27977923E-01  0.30082179E-08  0.31769643E-01  0.10061629E-09
    2    7    0.97453399E-02  0.10750247E-08 -0.31769646E-01 -0.43349739E-08  0.27977923E-01  0.60497099E-09
    3    7   -0.51488020E-02 -0.17226096E-08 -0.25137771E-02  0.17899604E-08  0.25137780E-02 -0.49375718E-08
    4    7   -0.16674949E-01  0.12282710E-08  0.48125990E-01 -0.22037500E-08 -0.48125993E-01  0.24761935E-08
    5    7    0.88349811E-02 -0.69231782E-09 -0.16246233E-01  0.35206846E-08  0.12349155E-01  0.23168186E-09
    6    7   -0.16353755E-01 -0.72829965E-10  0.16353753E-01 -0.21682824E-09 -0.22179195E-01 -0.89720173E-09
    7    7   -0.46286426E-02 -0.12391622E-08  0.46286420E-02  0.22706539E-09  0.41511418E-02  0.61143385E-09
    8    7    0.16246233E-01 -0.10476543E-08 -0.88349819E-02  0.16184565E-08  0.12349156E-01 -0.30881664E-08
    1    8   -0.89985196E-02 -0.95811520E-09 -0.16491563E-01 -0.25249073E-08  0.13815885E-01  0.30845038E-09
    2    8   -0.89985231E-02  0.13348949E-08 -0.13815887E-01  0.45422804E-08  0.16491567E-01 -0.86527050E-09
    3    8   -0.32018407E-04 -0.22893194E-09  0.45545809E-01 -0.16168899E-09 -0.45545811E-01  0.54783308E-09
    4    8    0.10627202E-01 -0.24195250E-08 -0.34983285E-01 -0.73421921E-09  0.34983285E-01 -0.66866410E-09
    5    8   -0.11533216E-05  0.20557934E-09  0.49914224E-02 -0.25560124E-08 -0.56355273E-02  0.81646595E-09
    6    8    0.89585002E-02 -0.23380207E-08  0.21992772E-02 -0.15101510E-08  0.49855101E-02  0.10783499E-08
    7    8   -0.90076123E-02  0.79337909E-09 -0.61782235E-02  0.84243851E-09 -0.53942229E-02 -0.11197537E-08
    8    8   -0.22538270E-03 -0.66164001E-09  0.31353913E-02  0.34935150E-09  0.69755598E-03  0.73083756E-09

    1    1   -1
    1    1    0.12783272E-02  0.63122371E-09  0.12783270E-02 -0.50077196E-09  0.70639725E-10 -0.11578039E-09
    2    1   -0.71092540E-03 -0.32254120E-08 -0.37943224E-02  0.34078853E-09  0.37943241E-02 -0.44693517E-09
    3    1   -0.37943218E-02  0.96559557E-09 -0.71092659E-03  0.15628057E-08  0.37943240E-02 -0.49525952E-09
    4    1    0.70707225E-02  0.45096331E-09  0.70707238E-02 -0.25058772E-09 -0.58218024E-02  0.11996615E-08
    5    1    0.40683775E-03  0.19701339E-08  0.40683756E-03 -0.72283067E-09  0.12540764E-02  0.17334814E-09
    6    1   -0.33292820E-02  0.27845183E-09  0.25284710E-02 -0.26544809E-09  0.71537445E-04  0.10366232E-08
    7    1    0.25284708E-02 -0.14740984E-08 -0.33292811E-02 -0.10673584E-08  0.71537071E-04 -0.64457501E-09
    8    1   -0.23603200E-02  0.53240702E-09 -0.23603209E-02  0.12845076E-08 -0.85574118E-03 -0.15044322E-08
    1    2    0.16784910E-02 -0.11690007E-08 -0.20093925E-02  0.50951314E-09  0.20093930E-02 -0.76975996E-09
    2    2    0.12783291E-02  0.15460452E-08 -0.12783274E-02  0.93254914E-09 -0.71235507E-10 -0.14066828E-09
    3    2    0.41856328E-02 -0.85080838E-09  0.86584465E-02 -0.73877562E-09 -0.54345566E-02  0.33197531E-09
    4    2   -0.15674186E-02  0.18242053E-09 -0.52553071E-02 -0.76159034E-09  0.15674204E-02  0.20179086E-09
    5    2   -0.18382894E-02 -0.10658577E-08 -0.12303311E-02  0.68508574E-09  0.40592000E-03 -0.57753040E-10
    6    2    0.10696666E-03  0.11084830E-08 -0.82151720E-04 -0.27662409E-09  0.73693840E-03 -0.20541454E-08
    7    2   -0.86666633E-03  0.14628846E-09 -0.42255104E-03  0.15449505E-09  0.18593137E-02  0.13253717E-08
    8    2    0.32128943E-02  0.67790336E-09  0.18771510E-02 -0.39275597E-09 -0.26069607E-02  0.47764803E-09
    1    3   -0.20093929E-02  0.58066688E-09  0.16784919E-02 -0.16334359E-09  0.20093910E-02  0.24962678E-09
    2    3    0.86584453E-02  0.19657243E-08  0.41856339E-02 -0.16952262E-08 -0.54345556E-02  0.75635224E-09
    3    3   -0.12783253E-02  0.26412361E-10  0.12783269E-02 -0.58630765E-09 -0.71249017E-10 -0.12139674E-09
    4    3   -0.52553078E-02 -0.16681785E-08 -0.15674183E-02  0.24867773E-08  0.15674200E-02 -0.14573753E-09
    5    3   -0.12303316E-02 -0.61151443E-09 -0.18382879E-02 -0.11865336E-08  0.40591897E-03 -0.49590841E-09
    6    3   -0.42254988E-03 -0.17605151E-08 -0.86666777E-03 -0.54743739E-09  0.18593148E-02  0.11845595E-08
    7    3   -0.82152971E-04  0.97778085E-09  0.10696463E-03  0.17688554E-08  0.73694021E-03  0.19042633E-10
    8    3    0.18771505E-02  0.10981342E-08  0.32128934E-02  0.25663542E-09 -0.26069613E-02 -0.60688214E-09
    1    4   -0.70749960E-03 -0.18383024E-08 -0.70750002E-03 -0.26482900E-08 -0.25163865E-02  0.17356912E-08
    2    4    0.30303153E-02  0.55418752E-09 -0.53079203E-04  0.14517139E-08 -0.30303190E-02  0.23485825E-09
    3    4   -0.53079980E-04 -0.21913466E-08  0.30303154E-02 -0.63516100E-09 -0.30303180E-02  0.82485999E-09
    4    4   -0.12783260E-02  0.62204112E-09 -0.12783260E-02 -0.16656567E-08  0.71257021E-10 -0.10404492E-09
    5    4   -0.17336706E-02 -0.29546386E-09 -0.17336710E-02 -0.62028361E-09 -0.24456488E-02  0.85772313E-09
    6    4    0.35490621E-02 -0.11362420E-08 -0.13723494E-02  0.32078157E-11 -0.10096735E-02 -0.38705785E-09
    7    4   -0.13723492E-02  0.15024630E-08  0.35490636E-02  0.93872459E-09 -0.10096755E-02 -0.43952993E-09
    8    4   -0.10768001E-03 -0.18219347E-08 -0.10767911E-03 -0.10275669E-08  0.58731533E-02  0.11167878E-08
    1    5   -0.91651747E-02  0.99144607E-09 -0.91651766E-02  0.18890715E-08  0.11651739E-01 -0.14694961E-08
    2    5   -0.15336475E-01 -0.41469730E-08  0.73241045E-02 -0.21535158E-08  0.39434825E-02 -0.94474964E-09
    3    5    0.73241024E-02  0.35471689E-08 -0.15336476E-01  0.19449818E-08  0.39434836E-02 -0.51327682E-09
    4    5    0.29981224E-02 -0.38704603E-09  0.29981205E-02 -0.44622880E-09 -0.83126283E-02  0.14385840E-08
    5    5    0.13175094E-02  0.11637002E-08  0.13175073E-02  0.81977046E-09 -0.12496039E-09 -0.75847771E-10
    6    5   -0.14712660E-02  0.20698113E-08  0.78882268E-03  0.14775031E-08  0.41336509E-03  0.15886037E-08
    7    5    0.78882153E-03 -0.24024958E-08 -0.14712643E-02 -0.30118061E-08  0.41336585E-03 -0.57768227E-09
    8    5   -0.15971281E-02 -0.33887499E-09 -0.15971285E-02  0.51241433E-09 -0.62691042E-02 -0.13729116E-08
    1    6    0.12175918E-01 -0.37075663E-08 -0.97780227E-02  0.12046021E-08 -0.85311634E-02  0.10307271E-08
    2    6    0.45988558E-02  0.31187244E-08 -0.27845411E-02 -0.31254739E-08 -0.66012671E-02 -0.65017015E-09
    3    6   -0.73265177E-02 -0.64553143E-09  0.14855798E-01 -0.42975711E-09 -0.28978281E-02  0.30398881E-08
    4    6   -0.25228676E-02 -0.16804756E-09 -0.18682359E-02  0.33602919E-08  0.77373971E-02  0.54609637E-14
    5    6    0.20022063E-02 -0.14095026E-08 -0.44692856E-02 -0.71630364E-10  0.33825653E-02 -0.13015089E-09
    6    6    0.13175102E-02 -0.78343622E-10 -0.13175095E-02  0.96222767E-11  0.12417498E-09 -0.10876736E-09
    7    6   -0.46791997E-02 -0.52299884E-09  0.46791994E-02  0.28851808E-08 -0.83723004E-02 -0.23887802E-08
    8    6    0.44692840E-02  0.13577547E-08 -0.20022066E-02 -0.17399682E-08  0.33825647E-02 -0.94423655E-09
    1    7   -0.97780275E-02  0.39827812E-09  0.12175917E-01 -0.21985572E-08 -0.85311638E-02  0.91379199E-09
    2    7    0.14855796E-01 -0.17807594E-08 -0.73265164E-02  0.21006022E-08 -0.28978267E-02  0.29927259E-09
    3    7   -0.27845372E-02 -0.11601175E-08  0.45988551E-02 -0.12907793E-08 -0.66012658E-02  0.12375131E-08
    4    7   -0.18682362E-02  0.17569074E-08 -0.25228687E-02 -0.21670868E-09  0.77373959E-02 -0.21707773E-08
    5    7   -0.44692871E-02  0.17970617E-08  0.20022072E-02 -0.41606944E-09  0.33825640E-02  0.16130694E-08
    6    7    0.46791986E-02  0.19157749E-09 -0.46792001E-02 -0.63638511E-10 -0.83722985E-02 -0.33738986E-08
    7    7   -0.13175073E-02  0.98356993E-09  0.13175085E-02  0.12997725E-08  0.12572053E-09 -0.87955818E-10
    8    7   -0.20022063E-02 -0.14700954E-08  0.44692867E-02 -0.28869825E-08  0.33825631E-02  0.26750832E-08
    1    8    0.17236716E-01  0.15659840E-08  0.17236716E-01 -0.51049690E-09 -0.10515754E-01 -0.40314853E-09
    2    8   -0.88740631E-03  0.29666626E-08 -0.76162253E-02  0.28413713E-08  0.60088077E-02  0.25446563E-10
    3    8   -0.76162252E-02 -0.17492813E-08 -0.88740650E-03 -0.27910847E-09  0.60088069E-02 -0.20085215E-08
    4    8    0.57813527E-02 -0.20337366E-08  0.57813541E-02 -0.22959758E-08 -0.63372040E-03  0.13043063E-08
    5    8    0.15971284E-02 -0.87976832E-09  0.15971285E-02 -0.79407589E-09 -0.62691046E-02 -0.14990626E-08
    6    8   -0.78882121E-03 -0.23472062E-08  0.14712660E-02 -0.14742394E-08  0.41336430E-03  0.19124361E-08
    7    8    0.14712662E-02  0.15517393E-08 -0.78882273E-03 -0.12749054E-08  0.41336540E-03  0.20088389E-08
    8    8   -0.13175056E-02  0.10463572E-08 -0.13175078E-02  0.14193597E-08 -0.12597086E-09 -0.89155661E-10

    1    1    0
    1    1   -0.28909771E-02 -0.18652869E-08  0.39654463E-02 -0.63699996E-09 -0.23413819E-02 -0.95381235E-09
    2    1   -0.46869794E-02 -0.30308114E-09 -0.11262304E-03  0.22084733E-10  0.10178869E-01  0.39634708E-08
    3    1    0.89981758E-02  0.15311662E-08  0.89615339E-03 -0.84269120E-09 -0.55263910E-02 -0.14830376E-08
    4    1   -0.15276455E-02  0.40761399E-09 -0.21080910E-02  0.17926588E-08 -0.39879686E-02 -0.23187845E-09
    5    1   -0.24230258E-02 -0.66722372E-09  0.69714971E-03  0.22476327E-09  0.16029687E-02 -0.10452937E-08
    6    1   -0.80227932E-03  0.77746394E-09  0.35836469E-02  0.15878616E-08  0.13309491E-02 -0.13171454E-08
    7    1    0.25195971E-02 -0.45193622E-09 -0.25688354E-02  0.92794220E-09 -0.22274905E-02  0.10316533E-08
    8    1   -0.31105963E-02 -0.70740916E-09 -0.28659949E-03 -0.20649196E-08  0.17176182E-02 -0.38420853E-10
    1    2    0.32090786E-03  0.39351295E-09 -0.73812445E-02  0.13015364E-08 -0.16404054E-02  0.96098625E-10
    2    2   -0.21234563E-02  0.23692863E-09  0.21234580E-02  0.80573476E-09 -0.15248936E-02 -0.14091742E-08
    3    2   -0.55935174E-02 -0.30468279E-10  0.15217181E-03  0.50811311E-09  0.59751850E-02  0.14118131E-08
    4    2    0.93068630E-02  0.13253944E-08  0.16047043E-02 -0.21819859E-08  0.37503190E-02 -0.18792869E-08
    5    2   -0.13610145E-02 -0.69851432E-09 -0.19910665E-02  0.15907789E-08 -0.42437631E-02 -0.24979835E-09
    6    2   -0.84880007E-04  0.19501698E-09 -0.52124275E-02 -0.83068212E-09 -0.43066082E-02 -0.13233751E-08
    7    2    0.22305456E-02  0.11073496E-08  0.48853127E-02 -0.11448343E-08  0.52266563E-02  0.55238208E-09
    8    2   -0.26182243E-02  0.25683485E-09 -0.27480495E-02  0.55351396E-10 -0.74383283E-03  0.22610678E-08
    1    3   -0.13343220E-01  0.52662433E-10  0.25465223E-02 -0.21636996E-08  0.17869100E-01  0.19435150E-08
    2    3    0.19250311E-01  0.20539579E-08 -0.99682993E-02 -0.57103210E-09 -0.16292500E-01 -0.18999560E-08
    3    3    0.43395706E-03 -0.11589312E-08 -0.43395705E-03  0.81976183E-09 -0.64864053E-03 -0.89943273E-09
    4    3   -0.62497728E-02  0.11235970E-09  0.96399737E-02  0.17930769E-08  0.50687906E-02  0.22827901E-08
    5    3   -0.12499268E-02 -0.81682227E-10 -0.20983957E-02 -0.12076307E-08 -0.10231905E-02  0.86478065E-09
    6    3   -0.10418953E-01  0.47092328E-09  0.33125216E-02  0.64083967E-09  0.43877252E-02 -0.26429239E-09
    7    3    0.55240107E-02 -0.11002223E-08  0.13726080E-02  0.69216960E-09 -0.34008383E-02 -0.79513567E-09
    8    3    0.41282334E-02  0.19869041E-09 -0.46786279E-03  0.57086885E-09  0.34384025E-02 -0.86480541E-09
    1    4    0.51666854E-02  0.18344610E-09  0.45862397E-02  0.10484996E-08 -0.27009952E-02  0.57406615E-09
    2    4   -0.43551551E-02  0.15494774E-09  0.21920086E-03  0.13594421E-08  0.32275871E-02 -0.76620589E-09
    3    4    0.54745690E-02  0.13207927E-08 -0.26274530E-02 -0.14385893E-08 -0.42128026E-02  0.10208584E-08
    4    4   -0.39654467E-02 -0.19802537E-08  0.28909764E-02 -0.52028690E-09 -0.23413818E-02 -0.11159910E-08
    5    4    0.22882827E-02  0.13526514E-09  0.87676088E-03 -0.31911207E-09  0.20067073E-02 -0.61166106E-09
    6    4    0.25668226E-02 -0.14502533E-08  0.21695861E-03 -0.10739229E-08  0.13469053E-02  0.28797178E-08
    7    4   -0.45031877E-02 -0.39267933E-09 -0.16483473E-02 -0.48122961E-09 -0.15662703E-02 -0.11835688E-08
    8    4    0.37010132E-02  0.24752704E-08  0.19539932E-02  0.21096835E-09 -0.72366912E-03 -0.14154825E-09
    1    5    0.17133132E-01  0.16068912E-08  0.50150621E-03  0.92869844E-09 -0.18137832E-01 -0.22195516E-08
    2    5   -0.21330178E-01 -0.14573988E-08  0.69082036E-02 -0.10538391E-09  0.15843167E-01  0.34260173E-08
    3    5    0.13918462E-01 -0.12875515E-09  0.18241214E-02  0.15883635E-08 -0.10930248E-01 -0.33924522E-08
    4    5    0.28744163E-04  0.11063469E-08 -0.84759655E-02 -0.39385176E-09 -0.19569772E-02  0.15607603E-08
    5    5    0.22538523E-03 -0.22320779E-09 -0.31353923E-02 -0.12187154E-08  0.69755736E-03 -0.39424366E-10
    6    5    0.90076125E-02  0.32273822E-09  0.61782247E-02  0.74323772E-10 -0.53942210E-02 -0.28808820E-08
    7    5   -0.89585011E-02  0.10050790E-09 -0.21992772E-02  0.69144728E-09  0.49855100E-02  0.19498516E-08
    8    5    0.11525124E-05 -0.31942628E-08 -0.49914234E-02 -0.37452919E-09 -0.56355292E-02 -0.10289478E-08
    1    6   -0.27977928E-01  0.24157698E-08  0.97453385E-02 -0.88633070E-09  0.31769650E-01 -0.14822704E-08
    2    6   -0.25137730E-02 -0.55710144E-09 -0.51488032E-02 -0.56287556E-09  0.25137745E-02 -0.10834402E-08
    3    6   -0.31769650E-01  0.23577874E-09  0.97453393E-02 -0.31128410E-09  0.27977926E-01 -0.52178387E-09
    4    6    0.48125992E-01 -0.14279022E-09 -0.16674950E-01  0.11922045E-08 -0.48125990E-01 -0.46087958E-09
    5    6   -0.16246236E-01  0.15275896E-09  0.88349832E-02  0.40239605E-09  0.12349154E-01  0.18758393E-08
    6    6    0.46286439E-02  0.58088526E-10 -0.46286453E-02 -0.43665681E-09  0.41511437E-02 -0.19773643E-10
    7    6    0.16353755E-01  0.17575396E-09 -0.16353755E-01 -0.77988708E-09 -0.22179199E-01 -0.54996829E-09
    8    6   -0.88349822E-02  0.28692312E-09  0.16246236E-01  0.27555950E-09  0.12349155E-01 -0.11646178E-08
    1    7    0.10930249E-01  0.11786326E-08  0.18241203E-02  0.13835116E-08 -0.13918463E-01  0.11788563E-08
    2    7   -0.15843170E-01 -0.20576669E-08  0.69082045E-02  0.19555389E-08  0.21330178E-01 -0.68751548E-09
    3    7    0.18137835E-01  0.15195392E-08  0.50150766E-03 -0.19749911E-08 -0.17133132E-01  0.17907551E-08
    4    7    0.19569767E-02 -0.11188309E-08 -0.84759665E-02 -0.17388385E-08 -0.28743547E-04 -0.23592459E-08
    5    7    0.36333283E-03  0.12719077E-08 -0.77530396E-03  0.26844257E-09 -0.55233902E-02  0.39043265E-09
    6    7   -0.20758717E-02 -0.19158753E-08  0.20758726E-02  0.12997345E-09  0.85330970E-02  0.48399427E-08
    7    7   -0.54292654E-03 -0.85379372E-09  0.54292561E-03  0.65305775E-09  0.81433085E-03 -0.46122581E-09
    8    7    0.77530382E-03  0.17342600E-08 -0.36333255E-03  0.62297897E-09 -0.55233899E-02 -0.13518462E-08
    1    8   -0.16491564E-01 -0.55675955E-08 -0.89985225E-02 -0.21727348E-08  0.13815883E-01  0.33153436E-08
    2    8    0.45545812E-01  0.13985088E-08 -0.32016759E-04 -0.75161134E-10 -0.45545812E-01 -0.57774884E-09
    3    8   -0.13815886E-01 -0.24938936E-08 -0.89985247E-02  0.67722535E-10  0.16491566E-01  0.37010814E-08
    4    8   -0.34983290E-01  0.27637705E-08  0.10627203E-01  0.67804569E-09  0.34983288E-01 -0.23919576E-08
    5    8    0.49914242E-02 -0.21384479E-08 -0.11555198E-05 -0.12516673E-08 -0.56355292E-02  0.52133492E-09
    6    8   -0.61782239E-02  0.14299112E-08 -0.90076104E-02  0.11645531E-08 -0.53942228E-02 -0.28909899E-08
    7    8    0.21992756E-02 -0.63296972E-10  0.89585025E-02  0.66427448E-09  0.49855121E-02 -0.15550823E-09
    8    8    0.31353925E-02  0.13163280E-08 -0.22538478E-03 -0.10186709E-08  0.69755720E-03  0.18326352E-08

    1    1    1
    1    1   -0.14965831E-02  0.73376289E-09 -0.14965836E-02 -0.50488961E-09 -0.14965845E-02  0.27039270E-08
    2    1    0.57978473E-02 -0.46441946E-09 -0.34538570E-02 -0.84199742E-09 -0.34538581E-02 -0.13110207E-08
    3    1   -0.34538569E-02 -0.70679236E-09  0.57978479E-02  0.61217113E-09 -0.34538586E-02 -0.22681455E-08
    4    1   -0.34538589E-02 -0.55927421E-09 -0.34538598E-02  0.67221405E-09  0.57978468E-02  0.31820097E-08
    5    1   -0.68132424E-04  0.24105004E-08 -0.68132229E-04  0.11543017E-08 -0.68131076E-04 -0.42797539E-09
    6    1   -0.15528816E-02 -0.18765539E-08 -0.64064040E-03 -0.98985291E-09 -0.64064067E-03 -0.53233997E-09
    7    1   -0.64063933E-03 -0.97750142E-10 -0.15528802E-02 -0.10825862E-08 -0.64063875E-03  0.81974424E-09
    8    1   -0.64064007E-03 -0.28201876E-09 -0.64063905E-03 -0.24864440E-09 -0.15528808E-02  0.15028297E-09
    1    2    0.20745492E-02 -0.23249837E-08 -0.42106549E-02 -0.69802306E-09 -0.42106537E-02  0.15495505E-08
    2    2   -0.14965835E-02 -0.18691339E-08  0.14965835E-02  0.14751777E-08  0.14965833E-02  0.19713449E-08
    3    2   -0.41117101E-03 -0.24775394E-08  0.25553256E-02  0.11380266E-08 -0.66963765E-02 -0.20354238E-08
    4    2   -0.41117065E-03  0.32089892E-09 -0.66963764E-02 -0.39587399E-09  0.25553253E-02 -0.16623201E-09
    5    2   -0.66793481E-03 -0.23275904E-08  0.13405373E-02  0.77842224E-09  0.13405367E-02  0.39071540E-09
    6    2   -0.14082155E-02 -0.93887857E-09 -0.20589549E-02  0.33420295E-09 -0.20589549E-02 -0.77188990E-09
    7    2    0.37583947E-02  0.23408806E-08  0.10440034E-02 -0.84840687E-09 -0.46708088E-03  0.76113736E-09
    8    2    0.37583933E-02  0.50006607E-09 -0.46708111E-03 -0.22631547E-08  0.10440047E-02  0.10915429E-08
    1    3   -0.42106561E-02 -0.43263573E-09  0.20745512E-02  0.24925296E-08 -0.42106568E-02 -0.24270951E-08
    2    3    0.25553260E-02 -0.20160513E-08 -0.41117237E-03 -0.46111318E-09 -0.66963760E-02 -0.47487258E-09
    3    3    0.14965843E-02 -0.57353856E-09 -0.14965841E-02  0.66789535E-10  0.14965834E-02  0.24076045E-08
    4    3   -0.66963786E-02  0.57895500E-09 -0.41117112E-03  0.78139934E-09  0.25553264E-02  0.93282620E-11
    5    3    0.13405377E-02 -0.81284158E-10 -0.66793483E-03 -0.83518856E-10  0.13405376E-02 -0.23380937E-08
    6    3    0.10440034E-02  0.11575053E-08  0.37583945E-02 -0.55958479E-09 -0.46707999E-03  0.26527205E-08
    7    3   -0.20589552E-02 -0.14529562E-08 -0.14082176E-02  0.12607767E-08 -0.20589548E-02 -0.11684876E-08
    8    3   -0.46708010E-03 -0.12285450E-08  0.37583949E-02  0.91485847E-09  0.10440023E-02  0.11296910E-09
    1    4   -0.42106524E-02 -0.49098587E-09 -0.42106548E-02 -0.25547230E-08  0.20745507E-02 -0.12397127E-09
    2    4    0.25553253E-02  0.93673499E-09 -0.66963786E-02  0.13354341E-08 -0.41117329E-03 -0.10182528E-08
    3    4   -0.66963802E-02 -0.13455438E-08  0.25553254E-02  0.53026381E-09 -0.41117158E-03  0.15485122E-08
    4    4    0.14965851E-02 -0.27033972E-10  0.14965852E-02 -0.59665483E-09 -0.14965841E-02  0.86819450E-09
    5    4    0.13405391E-02 -0.14079883E-08  0.13405380E-02 -0.24972322E-08 -0.66793475E-03  0.42440911E-09
    6    4    0.10440028E-02  0.91383403E-09 -0.46707991E-03  0.27453068E-08  0.37583950E-02 -0.91231110E-10
    7    4   -0.46708096E-03  0.12131987E-08  0.10440036E-02  0.10823000E-08  0.37583929E-02  0.13129463E-08
    8    4   -0.20589550E-02  0.92954527E-09 -0.20589560E-02 -0.81771272E-10 -0.14082161E-02 -0.15425671E-08
    1    5    0.95938137E-03  0.20118887E-08  0.95938163E-03 -0.27551089E-10  0.95938202E-03  0.63392758E-09
    2    5   -0.67282433E-02 -0.10363492E-08  0.51847794E-02 -0.98438800E-09  0.51847815E-02 -0.10038467E-08
    3    5    0.51847796E-02  0.72318414E-10 -0.67282430E-02 -0.14025479E-09  0.51847786E-02 -0.67750715E-09
    4    5    0.51847799E-02 -0.13865074E-08  0.51847781E-02 -0.82422501E-09 -0.67282459E-02 -0.23835688E-09
    5    5   -0.11457190E-02  0.15327616E-08 -0.11457186E-02  0.15808867E-08 -0.11457188E-02  0.14976721E-08
    6    5   -0.10084501E-03 -0.18743434E-09 -0.28325948E-02 -0.12010653E-08 -0.28325963E-02 -0.16499672E-08
    7    5   -0.28325952E-02 -0.22861825E-08 -0.10084476E-03 -0.21329840E-08 -0.28325938E-02 -0.18459041E-08
    8    5   -0.28325954E-02  0.31778952E-09 -0.28325949E-02  0.59292555E-09 -0.10084623E-03  0.92786302E-09
    1    6   -0.82524053E-02 -0.47641680E-09  0.61679763E-02  0.13970157E-08  0.61679749E-02 -0.89004661E-09
    2    6   -0.65334904E-02 -0.36400546E-09  0.24152496E-02  0.17923813E-08  0.24152498E-02 -0.83822741E-09
    3    6    0.10475176E-01  0.42023417E-08  0.34164321E-02 -0.33288906E-08 -0.17598559E-01 -0.21009308E-08
    4    6    0.10475178E-01 -0.23223835E-08 -0.17598559E-01  0.22303036E-08  0.34164310E-02  0.32860388E-08
    5    6   -0.10084449E-03 -0.24248245E-09  0.28325940E-02 -0.43519745E-09  0.28325945E-02 -0.11117918E-08
    6    6   -0.11457198E-02 -0.10660057E-08  0.11457205E-02  0.11366967E-08  0.11457197E-02  0.32884800E-08
    7    6   -0.28325943E-02 -0.26751049E-08  0.28325956E-02  0.25533922E-08  0.10084328E-03  0.17368914E-08
    8    6   -0.28325954E-02  0.11176202E-08  0.10084449E-03 -0.15233754E-08  0.28325967E-02 -0.12702794E-08
    1    7    0.61679748E-02 -0.14925660E-08 -0.82524064E-02 -0.31695022E-08  0.61679744E-02  0.17291692E-08
    2    7    0.34164319E-02  0.91227516E-09  0.10475177E-01  0.11398501E-08 -0.17598561E-01 -0.95637828E-09
    3    7    0.24152523E-02 -0.17152842E-08 -0.65334919E-02  0.11693013E-08  0.24152536E-02  0.18886681E-08
    4    7   -0.17598560E-01  0.42533937E-09  0.10475178E-01 -0.99997971E-11  0.34164319E-02 -0.14734362E-08
    5    7    0.28325929E-02  0.13858489E-09 -0.10084434E-03 -0.12425688E-08  0.28325929E-02  0.41460635E-09
    6    7    0.28325954E-02  0.72283073E-10 -0.28325955E-02  0.20946635E-08  0.10084428E-03 -0.71516276E-09
    7    7    0.11457194E-02  0.15906066E-08 -0.11457197E-02 -0.91104938E-09  0.11457203E-02  0.12202721E-09
    8    7    0.10084459E-03 -0.25599228E-08 -0.28325947E-02  0.36015225E-09  0.28325952E-02  0.18541402E-09
    1    8    0.61679739E-02  0.16819868E-09  0.61679725E-02  0.24405187E-08 -0.82524042E-02 -0.52226618E-09
    2    8    0.34164319E-02 -0.16506312E-09 -0.17598558E-01 -0.75577900E-09  0.10475177E-01  0.12149462E-08
    3    8   -0.17598558E-01 -0.50111111E-09  0.34164317E-02  0.63927267E-09  0.10475175E-01 -0.13463254E-08
    4    8    0.24152465E-02  0.18147609E-08  0.24152498E-02 -0.65501886E-09 -0.65334896E-02 -0.49568577E-09
    5    8    0.28325953E-02 -0.17939820E-08  0.28325942E-02 -0.38972493E-09 -0.10084410E-03  0.13288346E-08
    6    8    0.28325952E-02  0.86515155E-10  0.10084249E-03 -0.30989370E-08 -0.28325949E-02  0.47065622E-09
    7    8    0.10084476E-03  0.12901844E-08  0.28325956E-02  0.20414138E-08 -0.28325940E-02 -0.15990851E-08
    8    8    0.11457205E-02 -0.12374420E-08  0.11457207E-02 -0.73907146E-09 -0.11457208E-02  0.14096615E-08

    1    2   -2
    1    1    0.52655724E-10 -0.59145481E-10 -0.74434710E-03  0.10261892E-08 -0.52654350E-10  0.59145462E-10
    2    1   -0.12990077E-02  0.12985102E-08  0.15806707E-02 -0.36719021E-09 -0.53463304E-03  0.94414034E-09
    3    1    0.25501168E-02 -0.71069826E-09 -0.18375432E-02 -0.14277826E-08  0.11368087E-02 -0.31298967E-09
    4    1   -0.17379844E-02 -0.80669149E-09  0.21683361E-02 -0.36242765E-09  0.79980395E-04  0.49063600E-09
    5    1    0.51533605E-04  0.92600177E-09 -0.15010990E-02  0.18201965E-08  0.87062629E-03 -0.52422632E-10
    6    1   -0.19181173E-02 -0.77420775E-09 -0.12307767E-02  0.16408528E-10  0.36374744E-03  0.14536294E-08
    7    1   -0.31703756E-02 -0.14305397E-08 -0.10252691E-02 -0.17138764E-09 -0.15341269E-02 -0.48520172E-09
    8    1    0.37958458E-02  0.93374189E-09  0.40486620E-02 -0.27871229E-10 -0.68826381E-03 -0.10745870E-08
    1    2   -0.34578986E-03  0.17481938E-08 -0.14799627E-02 -0.48427942E-09  0.20037911E-02 -0.21715591E-08
    2    2   -0.70300137E-03 -0.16624220E-08  0.66962816E-03 -0.10665022E-09  0.70300137E-03  0.16624220E-08
    3    2   -0.14344136E-02  0.23184135E-08  0.74682213E-03 -0.34543237E-09  0.91516411E-03  0.61147084E-09
    4    2   -0.46074205E-04  0.47271214E-09 -0.22222404E-02 -0.24750662E-08  0.46074177E-04  0.29712316E-09
    5    2   -0.22899858E-02  0.98567246E-09 -0.11585274E-02 -0.89726747E-10  0.43599690E-03 -0.11345242E-08
    6    2    0.37817448E-03  0.14042770E-08 -0.13635780E-02 -0.50030737E-09  0.10081483E-02  0.14785827E-09
    7    2   -0.32183330E-03 -0.59268546E-09  0.24312284E-02 -0.25092840E-09  0.19223734E-02 -0.17445055E-09
    8    2    0.14910071E-02 -0.19157809E-08  0.40808081E-03  0.15551316E-08 -0.43288491E-02  0.15781103E-08
    1    3   -0.11368073E-02  0.35446337E-09  0.22534074E-03 -0.14528086E-08 -0.25501178E-02  0.11687574E-08
    2    3    0.73041101E-03  0.12116233E-08  0.19400319E-03 -0.18341664E-08  0.14947870E-02  0.49534196E-09
    3    3   -0.34803899E-10 -0.78590844E-09 -0.74434827E-03  0.22292147E-09  0.34805950E-10  0.78590847E-09
    4    3   -0.64935677E-03 -0.20513446E-08 -0.58449288E-04  0.88125336E-09  0.11686092E-02 -0.12955318E-08
    5    3    0.57658763E-03 -0.76502076E-09 -0.21565504E-02 -0.10781090E-08 -0.18803473E-02  0.40250556E-09
    6    3    0.17743241E-03 -0.18257621E-08  0.33020488E-02  0.16969640E-08  0.35782524E-02 -0.15585873E-08
    7    3   -0.88290121E-02  0.19308779E-08  0.54631558E-02 -0.12341917E-08 -0.79817750E-02  0.16024661E-08
    8    3    0.53313846E-02  0.16741061E-08 -0.47291762E-02 -0.90436419E-09  0.68359636E-02 -0.45716192E-09
    1    4    0.56956135E-03 -0.10299588E-08 -0.10191208E-02  0.70897437E-09  0.12640824E-02  0.21121468E-10
    2    4   -0.12447970E-02  0.93366124E-10 -0.11517714E-02  0.57699935E-09  0.12447970E-02 -0.93218991E-09
    3    4   -0.14598611E-02 -0.36029299E-09  0.36754876E-03  0.20407630E-08 -0.76533993E-03 -0.15858028E-09
    4    4    0.70300178E-03  0.56535314E-09  0.66962761E-03  0.13368880E-09 -0.70300178E-03 -0.56535318E-09
    5    4    0.37903290E-03 -0.43679899E-09  0.29179447E-02 -0.66073877E-09  0.74170604E-03 -0.15546175E-09
    6    4    0.66794888E-03  0.60260232E-09 -0.17145518E-02 -0.69887064E-09 -0.38907900E-02  0.25870922E-09
    7    4    0.92439516E-02 -0.67464778E-09 -0.56945607E-02  0.18756943E-08  0.85319775E-02 -0.83133542E-09
    8    4   -0.10183752E-01 -0.91325159E-10  0.14395959E-02 -0.91180432E-09 -0.42029183E-02  0.63592700E-09
    1    5   -0.10022012E-02 -0.12092216E-08  0.14663604E-02  0.18194980E-09  0.80040364E-04  0.14726885E-08
    2    5   -0.10927597E-02  0.89438166E-09 -0.32508173E-02  0.10889102E-08 -0.27976001E-04 -0.26738074E-09
    3    5    0.19936846E-02 -0.17552177E-08  0.30657594E-02 -0.36578915E-08 -0.68992355E-03 -0.48002466E-09
    4    5    0.68454692E-04  0.16662472E-08  0.23116463E-03  0.14818932E-08  0.17855330E-02  0.19221794E-09
    5    5   -0.36232344E-09 -0.77290149E-09  0.28664476E-03 -0.24663058E-09  0.36232379E-09  0.77290146E-09
    6    5    0.40400849E-03  0.18079646E-09 -0.17248092E-02 -0.14549467E-08  0.13324823E-02 -0.33756325E-10
    7    5   -0.26868836E-02  0.77119932E-09  0.68447954E-03  0.14174312E-09 -0.30418917E-02  0.11211524E-08
    8    5    0.13587534E-02 -0.45241779E-09  0.17422796E-02  0.68770459E-09  0.13759144E-02 -0.67691143E-09
    1    6   -0.21972155E-02 -0.68828805E-09 -0.37482071E-02 -0.76135163E-09 -0.91036376E-03  0.62023600E-09
    2    6    0.29101200E-02  0.29212565E-08 -0.29101201E-02 -0.29000360E-08  0.11476553E-01  0.10180461E-08
    3    6   -0.38523543E-02 -0.25094042E-08  0.38523540E-02  0.46938515E-08 -0.83149979E-02 -0.14607194E-08
    4    6    0.37482069E-02 -0.92233395E-09  0.21972160E-02  0.24228767E-09 -0.91036409E-03  0.15825986E-08
    5    6   -0.15005820E-02 -0.15902240E-08 -0.16123289E-02 -0.19161364E-08 -0.12340862E-02 -0.12457786E-08
    6    6   -0.13699513E-03 -0.23066912E-08  0.25957788E-03  0.77812177E-09  0.13699513E-03  0.23066913E-08
    7    6    0.12340836E-02  0.25749670E-08 -0.16123275E-02 -0.21097953E-08  0.15005842E-02  0.43109809E-09
    8    6   -0.26969898E-02  0.20963186E-08  0.55082574E-03 -0.30859385E-09  0.26969909E-02  0.32997686E-09
    1    7    0.46910680E-02 -0.60876923E-09  0.16139715E-02  0.39728490E-09  0.13431152E-04 -0.13336005E-08
    2    7   -0.79346083E-02  0.55737021E-09  0.79346074E-02  0.38021592E-09 -0.98413228E-02  0.90308644E-09
    3    7    0.62132106E-02  0.16749282E-08 -0.62132097E-02 -0.23517222E-09  0.10597576E-01 -0.15824397E-08
    4    7   -0.16139709E-02 -0.40930409E-09 -0.46910685E-02 -0.56600534E-09  0.13432026E-04  0.20849741E-08
    5    7    0.30418899E-02 -0.17637275E-09  0.68447897E-03  0.44053536E-09  0.26868833E-02 -0.65630875E-09
    6    7   -0.13324821E-02  0.11623112E-08 -0.17248093E-02 -0.12832552E-08 -0.40400928E-03  0.11620936E-08
    7    7   -0.16956029E-09  0.79017787E-10  0.28664381E-03 -0.20227656E-09  0.16956289E-09 -0.79017771E-10
    8    7   -0.13759135E-02 -0.50169504E-09  0.17422804E-02  0.66680471E-09 -0.13587523E-02  0.71060047E-09
    1    8   -0.23116479E-03  0.21782054E-08 -0.68454639E-04  0.13679270E-08  0.17855331E-02  0.11635031E-10
    2    8    0.32508164E-02 -0.25924211E-08  0.10927615E-02 -0.20165914E-09 -0.27976498E-04  0.24729624E-10
    3    8   -0.30657567E-02  0.18299215E-08 -0.19936866E-02 -0.98986219E-09 -0.68992461E-03  0.13253736E-08
    4    8   -0.14663623E-02 -0.13988048E-08  0.10022017E-02  0.28928276E-09  0.80040480E-04 -0.21533612E-08
    5    8   -0.10171581E-02  0.24365166E-08 -0.79569237E-03  0.27197664E-09 -0.71933476E-03  0.10403458E-08
    6    8   -0.16504299E-02 -0.27474965E-09  0.24649966E-02 -0.52560985E-09  0.16504303E-02 -0.43828786E-09
    7    8    0.71933587E-03 -0.12863317E-08 -0.79569332E-03 -0.50311336E-10  0.10171576E-02 -0.37769019E-10
    8    8    0.13699692E-03 -0.56200055E-09  0.25957714E-03 -0.99982428E-09 -0.13699692E-03  0.56200057E-09

    1    2   -1
    1    1   -0.74434823E-03 -0.65070993E-10 -0.21093421E-09 -0.56725505E-09  0.21093296E-09  0.56725497E-09
    2    1   -0.18375429E-02  0.93980078E-09  0.25501165E-02 -0.10841641E-09  0.11368074E-02 -0.81964949E-09
    3    1    0.15806715E-02 -0.41634049E-09 -0.12990086E-02  0.12321928E-08 -0.53463297E-03  0.51592053E-09
    4    1    0.21683347E-02  0.32061379E-09 -0.17379849E-02  0.57983632E-09  0.79982668E-04 -0.95330601E-09
    5    1   -0.15010974E-02 -0.12608936E-08  0.51535815E-04 -0.19260311E-08  0.87062611E-03  0.11731815E-09
    6    1   -0.10252691E-02 -0.21773486E-08 -0.31703759E-02  0.11436268E-08 -0.15341249E-02 -0.44650564E-10
    7    1   -0.12307789E-02  0.22479169E-08 -0.19181182E-02 -0.88324589E-09  0.36374846E-03 -0.29398245E-09
    8    1    0.40486630E-02  0.27631067E-09  0.37958469E-02 -0.22409052E-09 -0.68826745E-03  0.88209931E-09
    1    2    0.22534091E-03 -0.20889613E-08 -0.11368077E-02  0.44545668E-09 -0.25501160E-02  0.19170754E-09
    2    2   -0.74434781E-03 -0.36763943E-10 -0.36899214E-09  0.20168151E-09  0.36899266E-09 -0.20168147E-09
    3    2    0.19400250E-03  0.10654932E-08  0.73041119E-03 -0.11877323E-08  0.14947864E-02  0.21864910E-08
    4    2   -0.58450855E-04  0.41406915E-10 -0.64935797E-03  0.44260856E-09  0.11686093E-02 -0.42019217E-09
    5    2   -0.21565510E-02  0.11545774E-08  0.57658695E-03  0.83691639E-09 -0.18803473E-02  0.59911393E-09
    6    2    0.54631553E-02 -0.30272027E-09 -0.88290122E-02 -0.29155379E-08 -0.79817750E-02  0.23138746E-09
    7    2    0.33020489E-02 -0.11502794E-08  0.17743272E-03  0.13207786E-08  0.35782519E-02  0.80643882E-10
    8    2   -0.47291764E-02 -0.12073131E-08  0.53313858E-02  0.15237539E-08  0.68359662E-02 -0.17952711E-08
    1    3   -0.14799645E-02  0.23072938E-08 -0.34578872E-03  0.13324097E-08  0.20037913E-02 -0.13927562E-08
    2    3    0.74682296E-03  0.31177584E-10 -0.14344162E-02 -0.17277238E-08  0.91516666E-03  0.13178808E-08
    3    3    0.66962736E-03 -0.98892279E-10 -0.70300110E-03 -0.31985447E-09  0.70300110E-03  0.31985457E-09
    4    3   -0.22222411E-02  0.10530560E-09 -0.46074425E-04 -0.97716745E-09  0.46072031E-04  0.14477163E-08
    5    3   -0.11585283E-02 -0.36743953E-10 -0.22899845E-02  0.74421379E-09  0.43599733E-03 -0.22890625E-08
    6    3    0.24312290E-02  0.38991692E-09 -0.32183533E-03  0.19097617E-08  0.19223721E-02  0.18047107E-08
    7    3   -0.13635785E-02  0.44185425E-09  0.37817312E-03 -0.12859075E-08  0.10081475E-02  0.75087374E-09
    8    3    0.40808177E-03  0.15276265E-08  0.14910083E-02 -0.10343087E-08 -0.43288470E-02  0.74645367E-09
    1    4   -0.10191203E-02  0.23113630E-08  0.56955939E-03  0.10656849E-08  0.12640820E-02  0.74800560E-09
    2    4    0.36754580E-03 -0.10074284E-08 -0.14598595E-02 -0.40647103E-09 -0.76533700E-03 -0.44182049E-09
    3    4   -0.11517722E-02  0.73271551E-09 -0.12447971E-02 -0.13001511E-08  0.12447970E-02 -0.75005078E-09
    4    4    0.66962754E-03  0.57702886E-09  0.70300168E-03  0.21119875E-09 -0.70300168E-03 -0.21119862E-09
    5    4    0.29179446E-02  0.24079401E-08  0.37903065E-03  0.18820903E-08  0.74170608E-03  0.18639202E-08
    6    4   -0.56945613E-02  0.18098544E-08  0.92439529E-02  0.53336459E-09  0.85319760E-02 -0.10007483E-08
    7    4   -0.17145494E-02 -0.13127291E-08  0.66795016E-03 -0.98360845E-09 -0.38907903E-02 -0.10598611E-08
    8    4    0.14395952E-02 -0.14827775E-08 -0.10183753E-01 -0.90406368E-09 -0.42029193E-02 -0.57762742E-09
    1    5    0.14663605E-02 -0.22338780E-08 -0.10022010E-02 -0.24243088E-08  0.80038657E-04 -0.18452441E-09
    2    5    0.30657572E-02  0.26909821E-08  0.19936859E-02  0.17712677E-08 -0.68992550E-03  0.52449206E-09
    3    5   -0.32508166E-02 -0.10440868E-08 -0.10927621E-02  0.52223766E-09 -0.27975938E-04 -0.14234425E-09
    4    5    0.23116545E-03  0.77010401E-09  0.68454424E-04 -0.22245353E-09  0.17855357E-02 -0.78474651E-09
    5    5    0.28664332E-03 -0.26418129E-09  0.12345947E-09  0.23910033E-09 -0.12345988E-09 -0.23910033E-09
    6    5    0.68447996E-03 -0.10820718E-08 -0.26868836E-02  0.32556560E-09 -0.30418877E-02 -0.33670016E-09
    7    5   -0.17248108E-02  0.13482519E-08  0.40400872E-03  0.59738564E-09  0.13324839E-02 -0.19045779E-09
    8    5    0.17422796E-02  0.18763768E-08  0.13587522E-02  0.38724040E-09  0.13759114E-02  0.27113115E-08
    1    6    0.16139698E-02  0.58422073E-09  0.46910686E-02  0.16595357E-08  0.13432297E-04 -0.98581136E-09
    2    6   -0.62132110E-02  0.69104463E-09  0.62132103E-02 -0.78255446E-09  0.10597579E-01 -0.36455292E-09
    3    6    0.79346062E-02  0.51098559E-09 -0.79346061E-02 -0.21537173E-08 -0.98413231E-02 -0.61986026E-09
    4    6   -0.46910658E-02 -0.17016937E-08 -0.16139725E-02  0.19143575E-09  0.13430937E-04  0.79134185E-09
    5    6    0.68447871E-03  0.48944930E-09  0.30418901E-02  0.27701026E-08  0.26868833E-02 -0.55928661E-09
    6    6    0.28664268E-03  0.87007666E-09 -0.41058872E-09  0.31945747E-09  0.41059431E-09 -0.31945752E-09
    7    6   -0.17248076E-02 -0.16558172E-08 -0.13324832E-02 -0.81058438E-09 -0.40400880E-03  0.13239914E-08
    8    6    0.17422781E-02  0.48086911E-09 -0.13759124E-02 -0.14395666E-08 -0.13587505E-02  0.11003534E-08
    1    7   -0.37482047E-02 -0.57745324E-09 -0.21972156E-02  0.77555813E-09 -0.91036451E-03  0.14885455E-08
    2    7    0.38523548E-02 -0.60945106E-09 -0.38523545E-02  0.77478283E-09 -0.83149968E-02 -0.34771540E-08
    3    7   -0.29101199E-02 -0.47522270E-09  0.29101191E-02 -0.10061185E-08  0.11476553E-01  0.26996724E-08
    4    7    0.21972139E-02  0.68660591E-09  0.37482082E-02 -0.20724664E-10 -0.91036506E-03  0.31725393E-09
    5    7   -0.16123266E-02  0.23254339E-08 -0.15005829E-02  0.23743510E-10 -0.12340860E-02  0.19774925E-08
    6    7   -0.16123283E-02 -0.77551120E-09  0.12340841E-02 -0.18812617E-08  0.15005824E-02  0.36882548E-09
    7    7    0.25957708E-03 -0.30849539E-09 -0.13699563E-03 -0.28089785E-09  0.13699563E-03  0.28089785E-09
    8    7    0.55082454E-03 -0.21498865E-08 -0.26969902E-02  0.87234642E-09  0.26969908E-02 -0.19760874E-08
    1    8   -0.68455049E-04  0.11381066E-08 -0.23116408E-03  0.60446429E-09  0.17855341E-02 -0.90014421E-09
    2    8   -0.19936825E-02 -0.24966413E-08 -0.30657589E-02 -0.18094779E-08 -0.68992839E-03  0.29291036E-08
    3    8    0.10927612E-02  0.20574648E-08  0.32508176E-02  0.17655509E-08 -0.27976011E-04 -0.22075865E-08
    4    8    0.10021990E-02  0.28770092E-09 -0.14663614E-02  0.23757799E-09  0.80040680E-04 -0.49393992E-09
    5    8   -0.79569476E-03 -0.52024569E-09 -0.10171587E-02  0.42743919E-09 -0.71933311E-03  0.47981943E-09
    6    8   -0.79569363E-03  0.63373752E-09  0.71933634E-03  0.12437464E-08  0.10171585E-02 -0.42063691E-09
    7    8    0.24649963E-02  0.59693548E-09 -0.16504311E-02 -0.19021460E-08  0.16504299E-02  0.13373418E-08
    8    8    0.25957732E-03 -0.62702901E-09  0.13699544E-03 -0.83662020E-09 -0.13699544E-03  0.83662017E-09

    2   -2   -2
    1    1   -0.67871056E-15 -0.16394224E-18 -0.69085362E-15 -0.96499888E-18 -0.76544673E-15  0.85491721E-18
    2    1    0.67912141E-03 -0.62543088E-08 -0.30904958E-03 -0.68019165E-09 -0.30905050E-03 -0.15359215E-08
    3    1   -0.30904989E-03 -0.12549040E-08  0.67911992E-03 -0.53359421E-08 -0.30905039E-03 -0.26083634E-08
    4    1   -0.30905249E-03 -0.16674703E-08 -0.30905033E-03 -0.26903379E-08  0.67911906E-03 -0.25604974E-08
    5    1   -0.91448268E-04  0.24708018E-08 -0.91449227E-04  0.30787061E-08 -0.91446822E-04  0.10439676E-08
    6    1    0.20805317E-04  0.73337096E-09 -0.80181592E-03 -0.12945457E-08 -0.80181768E-03 -0.24968557E-09
    7    1   -0.80181594E-03  0.14931267E-10  0.20808297E-04  0.97305929E-09 -0.80181614E-03  0.13921116E-10
    8    1   -0.80181376E-03 -0.11573675E-08 -0.80181564E-03 -0.13746589E-08  0.20808460E-04  0.11475130E-08
    1    2   -0.67912141E-03 -0.62543112E-08  0.30904958E-03 -0.68019187E-09  0.30905050E-03 -0.15359239E-08
    2    2   -0.73161963E-15 -0.16394208E-18  0.16579620E-14 -0.53860188E-19 -0.92937810E-15  0.16394199E-18
    3    2   -0.98816991E-03 -0.39925595E-08  0.98817145E-03 -0.27565450E-08  0.90253332E-09  0.16296970E-08
    4    2   -0.98816949E-03 -0.98327138E-09  0.12235754E-08  0.32111354E-08  0.98817033E-03 -0.22145048E-08
    5    2    0.19013663E-02 -0.23198585E-08 -0.81007550E-03  0.56618625E-09 -0.81007435E-03 -0.20830366E-08
    6    2   -0.20501883E-02 -0.24606660E-08  0.29648968E-02 -0.93980747E-09  0.29648954E-02 -0.22138607E-08
    7    2   -0.48283161E-03  0.15692687E-08  0.11373681E-02 -0.49517595E-09 -0.20204230E-02  0.25688049E-08
    8    2   -0.48283604E-03  0.14276294E-08 -0.20204227E-02 -0.13771986E-08  0.11373700E-02 -0.38004318E-09
    1    3    0.30904989E-03 -0.12549029E-08 -0.67911992E-03 -0.53359431E-08  0.30905039E-03 -0.26083623E-08
    2    3    0.98816991E-03 -0.39925572E-08 -0.98817145E-03 -0.27565447E-08 -0.90253262E-09  0.16296993E-08
    3    3   -0.30249241E-16 -0.85491671E-18 -0.86833752E-15 -0.96499871E-18 -0.45861752E-16  0.16394196E-18
    4    3    0.23039644E-08  0.11139077E-08 -0.98817158E-03 -0.21104958E-08  0.98817197E-03 -0.12651223E-08
    5    3   -0.81007436E-03  0.59963829E-09  0.19013706E-02 -0.18195447E-08 -0.81007449E-03 -0.18567488E-08
    6    3    0.11373708E-02  0.21456841E-08 -0.48283488E-03 -0.44872809E-09 -0.20204208E-02  0.21467269E-08
    7    3    0.29648960E-02 -0.34077843E-08 -0.20501890E-02 -0.13744544E-08  0.29648964E-02 -0.18034253E-08
    8    3   -0.20204247E-02 -0.82766048E-09 -0.48283625E-03  0.13922843E-08  0.11373675E-02  0.14776661E-09
    1    4    0.30905249E-03 -0.16674702E-08  0.30905033E-03 -0.26903379E-08 -0.67911906E-03 -0.25604973E-08
    2    4    0.98816949E-03 -0.98326923E-09 -0.12235748E-08  0.32111358E-08 -0.98817033E-03 -0.22145026E-08
    3    4   -0.23039637E-08  0.11139078E-08  0.98817158E-03 -0.21104959E-08 -0.98817197E-03 -0.12651221E-08
    4    4   -0.38857806E-15 -0.96499925E-18 -0.77325299E-15 -0.16394178E-18 -0.33653635E-15  0.96499911E-18
    5    4   -0.81007066E-03 -0.30760489E-08 -0.81007418E-03 -0.31921937E-08  0.19013688E-02 -0.74020461E-09
    6    4    0.11373694E-02 -0.12202816E-08 -0.20204207E-02  0.41887205E-09 -0.48283362E-03  0.57382235E-09
    7    4   -0.20204253E-02  0.21612317E-08  0.11373695E-02  0.19328091E-08 -0.48283523E-03 -0.33943073E-09
    8    4    0.29648952E-02  0.11144628E-08  0.29648961E-02  0.98174423E-09 -0.20501886E-02 -0.12830697E-08
    1    5    0.91448268E-04  0.24708016E-08  0.91449227E-04  0.30787059E-08  0.91446822E-04  0.10439674E-08
    2    5   -0.19013663E-02 -0.23198596E-08  0.81007550E-03  0.56618653E-09  0.81007435E-03 -0.20830377E-08
    3    5    0.81007436E-03  0.59963911E-09 -0.19013706E-02 -0.18195459E-08  0.81007449E-03 -0.18567480E-08
    4    5    0.81007066E-03 -0.30760494E-08  0.81007418E-03 -0.31921935E-08 -0.19013688E-02 -0.74020512E-09
    5    5   -0.15460723E-15  0.24315944E-18 -0.19537323E-15  0.69092815E-18 -0.14680097E-15 -0.77539421E-18
    6    5   -0.22622941E-08 -0.62793458E-08 -0.34804565E-03  0.22683067E-09 -0.34804562E-03  0.39981377E-09
    7    5   -0.34804453E-03  0.49182965E-11  0.14646655E-08 -0.52403723E-08 -0.34804355E-03 -0.23522727E-09
    8    5   -0.34804068E-03 -0.82604008E-09 -0.34804303E-03 -0.46743451E-09  0.98050044E-09 -0.62617654E-08
    1    6   -0.20805317E-04  0.73337288E-09  0.80181592E-03 -0.12945430E-08  0.80181768E-03 -0.24968364E-09
    2    6    0.20501883E-02 -0.24606695E-08 -0.29648968E-02 -0.93980669E-09 -0.29648954E-02 -0.22138641E-08
    3    6   -0.11373708E-02  0.21456867E-08  0.48283488E-03 -0.44872608E-09  0.20204208E-02  0.21467295E-08
    4    6   -0.11373694E-02 -0.12202801E-08  0.20204207E-02  0.41887518E-09  0.48283362E-03  0.57382386E-09
    5    6    0.22622931E-08 -0.62793472E-08  0.34804565E-03  0.22683031E-09  0.34804562E-03  0.39981229E-09
    6    6    0.21139232E-14  0.24315966E-18  0.34696638E-14  0.32762416E-18  0.21534966E-14 -0.24315969E-18
    7    6   -0.34804492E-03 -0.58250844E-09  0.34804344E-03  0.10755671E-08 -0.24023175E-08  0.52720135E-08
    8    6   -0.34804446E-03  0.72593949E-10 -0.18144816E-08  0.81761910E-08  0.34804423E-03 -0.20917272E-09
    1    7    0.80181594E-03  0.14932073E-10 -0.20808297E-04  0.97305845E-09  0.80181614E-03  0.13921914E-10
    2    7    0.48283161E-03  0.15692683E-08 -0.11373681E-02 -0.49517699E-09  0.20204230E-02  0.25688044E-08
    3    7   -0.29648960E-02 -0.34077824E-08  0.20501890E-02 -0.13744562E-08 -0.29648964E-02 -0.18034235E-08
    4    7    0.20204253E-02  0.21612324E-08 -0.11373695E-02  0.19328084E-08  0.48283523E-03 -0.33943010E-09
    5    7    0.34804453E-03  0.49182175E-11 -0.14646669E-08 -0.52403725E-08  0.34804355E-03 -0.23522732E-09
    6    7    0.34804492E-03 -0.58250776E-09 -0.34804344E-03  0.10755690E-08  0.24023163E-08  0.52720142E-08
    7    7    0.12338221E-14  0.77539379E-18 -0.12849964E-14  0.69092815E-18  0.12156075E-14 -0.24315913E-18
    8    7   -0.13222175E-08  0.61293144E-08 -0.34804177E-03 -0.72177343E-09  0.34804161E-03  0.12265660E-08
    1    8    0.80181376E-03 -0.11573679E-08  0.80181564E-03 -0.13746585E-08 -0.20808460E-04  0.11475125E-08
    2    8    0.48283604E-03  0.14276278E-08  0.20204227E-02 -0.13771985E-08 -0.11373700E-02 -0.38004474E-09
    3    8    0.20204247E-02 -0.82766029E-09  0.48283625E-03  0.13922840E-08 -0.11373675E-02  0.14776682E-09
    4    8   -0.29648952E-02  0.11144632E-08 -0.29648961E-02  0.98174374E-09  0.20501886E-02 -0.12830693E-08
    5    8    0.34804068E-03 -0.82603969E-09  0.34804303E-03 -0.46743513E-09 -0.98050078E-09 -0.62617650E-08
    6    8    0.34804446E-03  0.72594576E-10  0.18144814E-08  0.81761930E-08 -0.34804423E-03 -0.20917211E-09
    7    8    0.13222175E-08  0.61293161E-08  0.34804177E-03 -0.72177508E-09 -0.34804161E-03  0.12265677E-08
    8    8    0.50653925E-15  0.69092774E-18 -0.53190959E-15  0.24315929E-18  0.48268681E-15 -0.69092790E-18

    2   -2   -1
    1    1   -0.32659173E-09  0.79328531E-10  0.32659324E-09 -0.79328444E-10 -0.74434700E-03 -0.36960765E-09
    2    1    0.79981289E-04 -0.16794111E-08 -0.17379851E-02 -0.18532945E-08  0.21683347E-02  0.15618372E-08
    3    1   -0.53463266E-03  0.27383445E-08 -0.12990089E-02  0.35204510E-09  0.15806719E-02  0.61078667E-09
    4    1    0.11368083E-02 -0.73163373E-09  0.25501163E-02  0.42083967E-09 -0.18375430E-02 -0.22606355E-09
    5    1    0.87062685E-03  0.22594989E-09  0.51537187E-04  0.11795374E-08 -0.15010988E-02 -0.16250870E-08
    6    1   -0.68826582E-03  0.15780198E-08  0.37958446E-02  0.35876456E-08  0.40486644E-02  0.20275091E-09
    7    1    0.36374740E-03 -0.11823581E-08 -0.19181177E-02 -0.77913097E-09 -0.12307773E-02 -0.98321416E-09
    8    1   -0.15341256E-02 -0.50709921E-09 -0.31703762E-02 -0.28923766E-08 -0.10252707E-02  0.12694804E-08
    1    2    0.12640820E-02  0.69331427E-09  0.56956182E-03 -0.16577919E-09 -0.10191203E-02  0.15279111E-08
    2    2   -0.70300227E-03  0.58019443E-09  0.70300227E-03 -0.58019446E-09  0.66962859E-03  0.57236092E-09
    3    2    0.12447965E-02 -0.19018384E-08 -0.12447975E-02  0.14009565E-08 -0.11517726E-02 -0.13147780E-08
    4    2   -0.76534238E-03  0.12314034E-08 -0.14598591E-02 -0.14446831E-08  0.36755067E-03  0.10279583E-08
    5    2    0.74170669E-03 -0.87855807E-09  0.37903053E-03  0.11812301E-08  0.29179424E-02  0.16981144E-09
    6    2   -0.42029221E-02  0.78679274E-09 -0.10183752E-01 -0.38805796E-09  0.14395989E-02 -0.96937153E-09
    7    2   -0.38907909E-02  0.14204934E-08  0.66794898E-03  0.22425267E-10 -0.17145497E-02  0.21429469E-09
    8    2    0.85319794E-02 -0.52576714E-09  0.92439539E-02 -0.79579746E-09 -0.56945622E-02  0.91539833E-09
    1    3    0.20037921E-02 -0.53406570E-09 -0.34578901E-03 -0.18793586E-08 -0.14799640E-02  0.15659089E-08
    2    3    0.46072785E-04 -0.84207094E-09 -0.46072050E-04  0.22328981E-08 -0.22222397E-02 -0.13732071E-08
    3    3    0.70300155E-03  0.79676217E-09 -0.70300155E-03 -0.79676214E-09  0.66962789E-03  0.40753437E-09
    4    3    0.91516592E-03  0.97209017E-09 -0.14344168E-02  0.35528816E-08  0.74682081E-03 -0.20214892E-08
    5    3    0.43599689E-03  0.74779360E-09 -0.22899846E-02 -0.37086793E-08 -0.11585279E-02  0.32069167E-08
    6    3   -0.43288497E-02  0.94703604E-09  0.14910053E-02  0.65778561E-09  0.40807997E-03 -0.17737449E-08
    7    3    0.10081495E-02 -0.58487068E-09  0.37817297E-03  0.42358249E-08 -0.13635785E-02 -0.27539345E-08
    8    3    0.19223727E-02 -0.19293577E-08 -0.32183273E-03 -0.30277830E-09  0.24312287E-02  0.25196503E-09
    1    4   -0.25501180E-02 -0.81331652E-09 -0.11368105E-02  0.10900076E-08  0.22534094E-03 -0.12560120E-08
    2    4    0.11686068E-02  0.12759649E-08 -0.64935643E-03  0.12245141E-08 -0.58449186E-04  0.58486489E-09
    3    4    0.14947867E-02 -0.53737146E-09  0.73041247E-03 -0.75292168E-09  0.19400225E-03  0.50763943E-09
    4    4   -0.32339923E-09  0.46232207E-09  0.32340036E-09 -0.46232208E-09 -0.74434713E-03  0.29240972E-09
    5    4   -0.18803491E-02 -0.46717720E-09  0.57658454E-03  0.17045210E-08 -0.21565477E-02 -0.12651963E-08
    6    4    0.68359691E-02 -0.35017427E-08  0.53313853E-02 -0.34666128E-08 -0.47291799E-02  0.62127666E-09
    7    4    0.35782522E-02  0.46107642E-09  0.17743424E-03 -0.16836304E-08  0.33020489E-02  0.24840380E-08
    8    4   -0.79817765E-02  0.18898326E-08 -0.88290119E-02  0.21131747E-08  0.54631572E-02 -0.11436206E-08
    1    5    0.80039208E-04  0.28135758E-08 -0.10022013E-02  0.18219665E-08  0.14663593E-02 -0.14984861E-08
    2    5    0.17855339E-02 -0.34236047E-08  0.68451740E-04 -0.15998050E-08  0.23116490E-03  0.58591080E-09
    3    5   -0.27975077E-04  0.19617473E-08 -0.10927596E-02  0.11510247E-08 -0.32508168E-02  0.49964805E-09
    4    5   -0.68992378E-03 -0.12499751E-08  0.19936857E-02 -0.20991939E-08  0.30657601E-02 -0.92909934E-09
    5    5   -0.79772926E-09  0.67709727E-09  0.79772960E-09 -0.67709732E-09  0.28664342E-03 -0.59528705E-09
    6    5    0.13759146E-02  0.25051216E-08  0.13587549E-02  0.96605786E-09  0.17422823E-02  0.99750077E-09
    7    5    0.13324828E-02 -0.26500379E-08  0.40400814E-03 -0.24911645E-08 -0.17248107E-02 -0.15671935E-08
    8    5   -0.30418905E-02 -0.16327480E-08 -0.26868849E-02 -0.62341182E-09  0.68447809E-03  0.59824504E-09
    1    6    0.17855332E-02  0.70694365E-11 -0.23116580E-03  0.10728639E-08 -0.68453479E-04  0.19780499E-09
    2    6    0.80037996E-04 -0.13426834E-09 -0.14663602E-02 -0.94288348E-09  0.10022017E-02 -0.12788201E-08
    3    6   -0.27974199E-04  0.12718064E-08  0.32508158E-02 -0.63671875E-09  0.10927620E-02 -0.89297905E-09
    4    6   -0.68992377E-03  0.33381035E-09 -0.30657594E-02  0.32368929E-09 -0.19936874E-02  0.15506098E-08
    5    6   -0.71933613E-03 -0.93305178E-09 -0.10171566E-02  0.13873164E-08 -0.79569206E-03 -0.89951904E-10
    6    6   -0.13699556E-03 -0.85459580E-09  0.13699556E-03  0.85459582E-09  0.25957778E-03  0.48846679E-09
    7    6    0.16504300E-02  0.88044754E-09 -0.16504290E-02 -0.19439681E-08  0.24649973E-02  0.12224659E-08
    8    6    0.10171573E-02  0.36781439E-09  0.71933538E-03  0.57531608E-09 -0.79569287E-03 -0.27771844E-08
    1    7   -0.91036529E-03 -0.36383150E-09 -0.21972160E-02  0.88661347E-09 -0.37482047E-02 -0.64604664E-09
    2    7   -0.91036407E-03  0.17528330E-08  0.37482070E-02  0.94520783E-10  0.21972144E-02  0.16024570E-08
    3    7    0.11476552E-01  0.10834257E-08  0.29101216E-02  0.66004824E-09 -0.29101215E-02 -0.62753321E-09
    4    7   -0.83149998E-02 -0.29230333E-08 -0.38523534E-02 -0.17388402E-09  0.38523537E-02  0.17155195E-08
    5    7   -0.12340828E-02  0.16275250E-09 -0.15005846E-02 -0.44670106E-09 -0.16123245E-02 -0.18669352E-08
    6    7    0.26969882E-02 -0.11271479E-08 -0.26969870E-02  0.45734126E-09  0.55082109E-03 -0.26253492E-08
    7    7    0.13699561E-03  0.16551268E-09 -0.13699561E-03 -0.16551268E-09  0.25957727E-03  0.48348881E-09
    8    7    0.15005825E-02  0.10911643E-08  0.12340840E-02 -0.36473018E-09 -0.16123264E-02  0.82447693E-09
    1    8    0.13433593E-04 -0.26983445E-08  0.46910707E-02 -0.43603711E-08  0.16139710E-02  0.35222627E-08
    2    8    0.13433222E-04  0.17364059E-08 -0.16139712E-02  0.21158551E-08 -0.46910695E-02 -0.21845703E-08
    3    8   -0.98413222E-02 -0.29620434E-08 -0.79346098E-02 -0.10489473E-08  0.79346089E-02  0.19599148E-08
    4    8    0.10597574E-01  0.30360486E-08  0.62132104E-02  0.33140373E-08 -0.62132100E-02 -0.20710144E-08
    5    8    0.26868837E-02 -0.27048858E-08  0.30418911E-02 -0.37396768E-08  0.68447706E-03  0.23384493E-08
    6    8   -0.13587549E-02  0.60918684E-10 -0.13759150E-02 -0.19026997E-08  0.17422824E-02  0.91954732E-09
    7    8   -0.40400830E-03  0.19359721E-08 -0.13324837E-02  0.43589017E-08 -0.17248085E-02 -0.37737283E-08
    8    8   -0.32465080E-09  0.27163256E-09  0.32465093E-09 -0.27163258E-09  0.28664476E-03 -0.54701434E-09

    2   -2    0
    1    1   -0.14084940E-08 -0.99675051E-18  0.14084926E-08  0.21694515E-18  0.16349436E-01 -0.62942059E-19
    2    1    0.18272857E-01  0.38416994E-09  0.17863354E-01 -0.30314125E-09 -0.93876402E-02  0.62962128E-09
    3    1    0.17863352E-01 -0.64946553E-09  0.18272856E-01  0.62090692E-09 -0.93876403E-02 -0.12876861E-08
    4    1   -0.20942794E-01 -0.23518255E-08 -0.20942797E-01 -0.22892579E-08  0.45533654E-02  0.16542942E-08
    5    1   -0.34983287E-01  0.32703875E-08 -0.34983288E-01  0.31476262E-08  0.19986606E-01 -0.15436807E-08
    6    1    0.28740924E-04  0.11093902E-09  0.19569792E-02 -0.23223411E-08 -0.77464768E-02  0.60040000E-09
    7    1    0.19569730E-02 -0.20025611E-09  0.28739132E-04  0.16802968E-09 -0.77464747E-02  0.98380336E-09
    8    1    0.48125990E-01 -0.24363751E-08  0.48125989E-01 -0.65561189E-09 -0.12370066E-01  0.60275524E-10
    1    2   -0.17863354E-01 -0.30314150E-09 -0.18272857E-01  0.38416752E-09 -0.51635260E-03 -0.49825626E-09
    2    2    0.50711698E-03 -0.93380839E-18 -0.50711698E-03 -0.93380836E-18  0.13381219E-02 -0.15493955E-25
    3    2   -0.27093910E-10  0.40831074E-09  0.28785512E-09  0.16491628E-08  0.23840969E-02 -0.19870615E-09
    4    2    0.20900121E-01  0.89782658E-09  0.20490622E-01 -0.12646518E-08 -0.56419922E-02  0.81039684E-09
    5    2   -0.16491566E-01 -0.28113785E-08 -0.13815890E-01  0.35048166E-09 -0.35428174E-03 -0.34427848E-09
    6    2    0.17133130E-01  0.14801600E-09  0.18137833E-01  0.52287687E-09 -0.24581268E-02 -0.55562768E-09
    7    2    0.10930248E-01  0.92928665E-09  0.13918462E-01 -0.33421847E-08  0.12069456E-03  0.16279981E-08
    8    2   -0.27977927E-01  0.81071618E-09 -0.31769649E-01 -0.54287936E-10  0.82206795E-03  0.14749506E-09
    1    3   -0.18272856E-01  0.62090589E-09 -0.17863352E-01 -0.64946451E-09 -0.51635085E-03 -0.13978903E-08
    2    3   -0.28785653E-09  0.16491652E-08  0.27094440E-10  0.40831085E-09  0.23840969E-02  0.89815854E-09
    3    3   -0.50711453E-03 -0.24556850E-18  0.50711453E-03 -0.24556816E-18  0.13381216E-02 -0.12444162E-24
    4    3    0.20490618E-01 -0.22543956E-08  0.20900119E-01 -0.86803654E-09 -0.56419906E-02  0.16785157E-08
    5    3   -0.13815889E-01 -0.26689560E-09 -0.16491565E-01 -0.17408774E-08 -0.35428240E-03 -0.23214691E-08
    6    3    0.13918462E-01  0.20792952E-08  0.10930245E-01 -0.20517731E-08  0.12069526E-03  0.22749430E-08
    7    3    0.18137833E-01 -0.29403139E-08  0.17133129E-01  0.21543080E-08 -0.24581267E-02  0.57729381E-09
    8    3   -0.31769646E-01 -0.45818125E-09 -0.27977923E-01  0.83838132E-09  0.82206601E-03  0.33346174E-09
    1    4    0.20942797E-01 -0.22892579E-08  0.20942794E-01 -0.23518254E-08 -0.64188814E-02  0.85785271E-09
    2    4   -0.20490622E-01 -0.12646506E-08 -0.20900121E-01  0.89782799E-09 -0.42620013E-02 -0.13251216E-08
    3    4   -0.20900119E-01 -0.86803647E-09 -0.20490618E-01 -0.22543956E-08 -0.42620001E-02  0.22730345E-08
    4    4   -0.20470049E-08  0.21694526E-18  0.20470039E-08 -0.99675034E-18  0.16349437E-01  0.62942188E-19
    5    4    0.45545814E-01 -0.27586114E-08  0.45545813E-01 -0.48663360E-08 -0.40392317E-02  0.19513163E-08
    6    4   -0.21330174E-01 -0.72824635E-09 -0.15843169E-01  0.35203997E-08  0.47735796E-02 -0.16178767E-08
    7    4   -0.15843167E-01  0.23943983E-08 -0.21330172E-01  0.20879750E-08  0.47735787E-02 -0.29106051E-08
    8    4   -0.25137714E-02  0.58340575E-09 -0.25137742E-02  0.34607473E-09 -0.62191251E-02  0.10982867E-08
    1    5    0.34983288E-01  0.31476260E-08  0.34983287E-01  0.32703873E-08 -0.10627205E-01  0.13691412E-08
    2    5    0.13815890E-01  0.35048060E-09  0.16491566E-01 -0.28113782E-08  0.89985252E-02  0.10979565E-08
    3    5    0.16491565E-01 -0.17408766E-08  0.13815889E-01 -0.26689680E-09  0.89985229E-02 -0.19298403E-08
    4    5   -0.45545813E-01 -0.48663365E-08 -0.45545814E-01 -0.27586112E-08  0.32017571E-04  0.11663392E-08
    5    5    0.11877764E-08  0.26138978E-18 -0.11877767E-08  0.39934151E-18 -0.12546718E-01 -0.56469967E-18
    6    5   -0.14947021E-01 -0.12522047E-08 -0.15537163E-01  0.11451640E-09  0.38997656E-02 -0.30021979E-09
    7    5   -0.15537168E-01 -0.12680910E-08 -0.14947021E-01 -0.13972461E-08  0.38997657E-02  0.44051941E-09
    8    5    0.52680847E-01 -0.20650854E-08  0.52680847E-01 -0.32184720E-08  0.47211332E-02 -0.10413164E-08
    1    6   -0.19569792E-02 -0.23223384E-08 -0.28740924E-04  0.11094093E-09  0.84759705E-02 -0.20539664E-08
    2    6   -0.18137833E-01  0.52287570E-09 -0.17133130E-01  0.14801452E-09 -0.50150758E-03  0.57765691E-09
    3    6   -0.10930245E-01 -0.20517697E-08 -0.13918462E-01  0.20792964E-08 -0.18241232E-02  0.12111269E-08
    4    6    0.15843169E-01  0.35204034E-08  0.21330174E-01 -0.72824551E-09 -0.69082050E-02 -0.23341680E-08
    5    6    0.15537163E-01  0.11451602E-09  0.14947021E-01 -0.12522061E-08  0.72136047E-02  0.18541642E-09
    6    6   -0.41572230E-03  0.82608888E-18  0.41572230E-03  0.82608933E-18 -0.44902451E-02  0.28835896E-24
    7    6    0.25957983E-08 -0.44836311E-09  0.26724138E-09  0.23036385E-08 -0.85006704E-02 -0.16384200E-08
    8    6   -0.14947020E-01 -0.28213253E-09 -0.15537165E-01 -0.63327517E-09  0.72136009E-02  0.10347769E-08
    1    7   -0.28739132E-04  0.16802884E-09 -0.19569730E-02 -0.20025530E-09  0.84759638E-02 -0.71295827E-09
    2    7   -0.13918462E-01 -0.33421871E-08 -0.10930248E-01  0.92928756E-09 -0.18241207E-02 -0.19639999E-08
    3    7   -0.17133129E-01  0.21543082E-08 -0.18137833E-01 -0.29403141E-08 -0.50150353E-03  0.20190540E-08
    4    7    0.21330172E-01  0.20879736E-08  0.15843167E-01  0.23943996E-08 -0.69082040E-02 -0.15088163E-08
    5    7    0.14947021E-01 -0.13972462E-08  0.15537168E-01 -0.12680911E-08  0.72135984E-02  0.13542782E-08
    6    7   -0.26724300E-09  0.23036415E-08 -0.25957974E-08 -0.44836347E-09 -0.85006663E-02  0.10353341E-08
    7    7    0.41572437E-03  0.46661958E-18 -0.41572437E-03  0.46662027E-18 -0.44902430E-02 -0.57928704E-24
    8    7   -0.15537163E-01 -0.12797755E-08 -0.14947016E-01 -0.43337260E-09  0.72136008E-02  0.94199751E-09
    1    8   -0.48125989E-01 -0.65561148E-09 -0.48125990E-01 -0.24363756E-08  0.16674952E-01  0.17790727E-08
    2    8    0.31769649E-01 -0.54289800E-10  0.27977927E-01  0.81071657E-09 -0.97453389E-02 -0.98978579E-11
    3    8    0.27977923E-01  0.83838241E-09  0.31769646E-01 -0.45818239E-09 -0.97453374E-02  0.60623223E-09
    4    8    0.25137742E-02  0.34607484E-09  0.25137714E-02  0.58340556E-09  0.51488021E-02  0.11662841E-08
    5    8   -0.52680847E-01 -0.32184726E-08 -0.52680847E-01 -0.20650850E-08  0.47211337E-02 -0.15968689E-08
    6    8    0.15537165E-01 -0.63327501E-09  0.14947020E-01 -0.28213006E-09  0.38997643E-02  0.17052010E-08
    7    8    0.14947016E-01 -0.43337197E-09  0.15537163E-01 -0.12797761E-08  0.38997668E-02  0.29856810E-08
    8    8   -0.34837685E-09  0.39934169E-18  0.34837684E-09  0.26138968E-18 -0.12546715E-01  0.56469968E-18

    2   -2    1
    1    1   -0.32659173E-09 -0.79328531E-10  0.32659324E-09  0.79328444E-10 -0.74434700E-03  0.36960765E-09
    2    1   -0.12990100E-02 -0.96588799E-09 -0.53463377E-03  0.14934204E-08  0.15806716E-02  0.69607421E-09
    3    1   -0.17379842E-02 -0.62827749E-09  0.79981124E-04 -0.17851468E-08  0.21683358E-02 -0.93042085E-10
    4    1    0.25501191E-02  0.10187001E-09  0.11368093E-02  0.17482108E-09 -0.18375446E-02 -0.77981246E-10
    5    1    0.51534230E-04  0.23270827E-08  0.87062791E-03  0.23084592E-08 -0.15010981E-02 -0.65406993E-10
    6    1   -0.19181149E-02  0.17620278E-08  0.36374748E-03 -0.68208986E-09 -0.12307775E-02 -0.12616279E-08
    7    1    0.37958474E-02 -0.26665116E-09 -0.68826613E-03  0.78943311E-09  0.40486638E-02  0.12777415E-11
    8    1   -0.31703777E-02 -0.40993565E-08 -0.15341266E-02 -0.29593592E-08 -0.10252693E-02  0.15300654E-08
    1    2   -0.34578709E-03 -0.24749583E-08  0.20037909E-02 -0.10577448E-08 -0.14799637E-02  0.20354911E-08
    2    2   -0.70300227E-03 -0.58019443E-09  0.70300227E-03  0.58019446E-09  0.66962859E-03 -0.57236092E-09
    3    2   -0.46074401E-04 -0.41914318E-09  0.46073666E-04  0.18099730E-08 -0.22222402E-02  0.37336718E-09
    4    2   -0.14344156E-02  0.12637319E-08  0.91516531E-03  0.12367496E-08  0.74682122E-03 -0.52991687E-09
    5    2   -0.22899817E-02 -0.29646092E-08  0.43599612E-03 -0.20588013E-08 -0.11585287E-02 -0.50764129E-09
    6    2    0.37817386E-03 -0.24362595E-08  0.10081483E-02  0.13591050E-08 -0.13635783E-02  0.64433877E-09
    7    2    0.14910046E-02  0.12342145E-08 -0.43288475E-02  0.61313771E-09  0.40808079E-03 -0.15879151E-08
    8    2   -0.32183401E-03  0.35727280E-08  0.19223720E-02  0.27953151E-09  0.24312299E-02  0.53384750E-09
    1    3    0.56955996E-03  0.20144857E-08  0.12640816E-02  0.10759039E-08 -0.10191200E-02 -0.76626114E-10
    2    3   -0.12447951E-02 -0.81591368E-09  0.12447961E-02  0.31502922E-09 -0.11517715E-02 -0.16086422E-09
    3    3    0.70300155E-03 -0.79676216E-09 -0.70300155E-03  0.79676214E-09  0.66962789E-03 -0.40753437E-09
    4    3   -0.14598604E-02 -0.34708080E-09 -0.76533880E-03 -0.94321233E-09  0.36754823E-03 -0.66410327E-10
    5    3    0.37903034E-03  0.25524285E-08  0.74170430E-03  0.56034311E-09  0.29179443E-02  0.70546972E-09
    6    3    0.66794776E-03  0.89781910E-09 -0.38907893E-02 -0.26272686E-09 -0.17145518E-02 -0.24482643E-08
    7    3   -0.10183754E-01  0.96545979E-09 -0.42029202E-02  0.77801413E-09  0.14395969E-02  0.21939444E-09
    8    3    0.92439536E-02 -0.37806610E-08  0.85319784E-02 -0.23032974E-09 -0.56945606E-02  0.19802601E-08
    1    4   -0.11368085E-02  0.19164874E-09 -0.25501162E-02 -0.50244275E-09  0.22533956E-03  0.73018946E-10
    2    4    0.73041424E-03 -0.59693978E-09  0.14947873E-02  0.38365749E-09  0.19400039E-03  0.97509847E-09
    3    4   -0.64935601E-03  0.27913760E-08  0.11686069E-02  0.17335958E-08 -0.58449563E-04 -0.16163005E-08
    4    4   -0.32339923E-09 -0.46232207E-09  0.32340036E-09  0.46232208E-09 -0.74434713E-03 -0.29240972E-09
    5    4    0.57658455E-03 -0.16961380E-08 -0.18803465E-02 -0.16530314E-08 -0.21565500E-02 -0.69947811E-09
    6    4    0.17743211E-03  0.91413179E-09  0.35782511E-02 -0.25662758E-09  0.33020504E-02  0.23899133E-08
    7    4    0.53313873E-02 -0.23254511E-08  0.68359659E-02 -0.77146631E-09 -0.47291773E-02  0.17993104E-08
    8    4   -0.88290103E-02  0.33678273E-08 -0.79817742E-02  0.29822586E-08  0.54631538E-02 -0.23811385E-08
    1    5   -0.10022022E-02 -0.49763309E-10  0.80038173E-04  0.14552510E-08  0.14663607E-02 -0.20046548E-08
    2    5   -0.10927625E-02  0.20959309E-09 -0.27974675E-04  0.93079745E-10 -0.32508164E-02 -0.12461149E-08
    3    5    0.68454241E-04 -0.31631442E-09  0.17855335E-02 -0.26445709E-08  0.23116615E-03  0.22306324E-08
    4    5    0.19936880E-02 -0.60749352E-09 -0.68992352E-03  0.18448377E-08  0.30657581E-02  0.45670934E-10
    5    5   -0.79772926E-09 -0.67709727E-09  0.79772960E-09  0.67709732E-09  0.28664342E-03  0.59528705E-09
    6    5    0.40401090E-03  0.39214002E-09  0.13324819E-02  0.62122882E-10 -0.17248102E-02 -0.55717745E-09
    7    5    0.13587541E-02 -0.15541656E-09  0.13759133E-02 -0.12853222E-09  0.17422795E-02 -0.14011355E-08
    8    5   -0.26868850E-02 -0.20548004E-08 -0.30418898E-02 -0.43897624E-08  0.68448015E-03 -0.16999916E-09
    1    6   -0.21972164E-02  0.38632286E-08 -0.91036239E-03  0.13024322E-08 -0.37482074E-02 -0.14283391E-08
    2    6    0.29101231E-02 -0.25015576E-08  0.11476551E-01  0.29002950E-08 -0.29101224E-02  0.10359449E-08
    3    6    0.37482081E-02  0.18829833E-08 -0.91036375E-03 -0.27816625E-09  0.21972148E-02 -0.28178142E-08
    4    6   -0.38523562E-02 -0.15846422E-08 -0.83149981E-02 -0.53837179E-08  0.38523558E-02  0.10097407E-08
    5    6   -0.15005844E-02  0.16169894E-08 -0.12340852E-02  0.18541918E-08 -0.16123278E-02 -0.42936907E-10
    6    6   -0.13699556E-03  0.85459580E-09  0.13699556E-03 -0.85459582E-09  0.25957778E-03 -0.48846679E-09
    7    6   -0.26969888E-02 -0.71051490E-09  0.26969876E-02  0.40710867E-10  0.55082602E-03 -0.68448600E-10
    8    6    0.12340865E-02 -0.18398537E-08  0.15005834E-02 -0.19247393E-11 -0.16123301E-02  0.13197903E-08
    1    7   -0.23116294E-03 -0.18753148E-08  0.17855332E-02 -0.86174300E-10 -0.68453757E-04  0.13629185E-08
    2    7    0.32508169E-02  0.19194198E-08 -0.27974889E-04 -0.47649967E-09  0.10927601E-02  0.55505422E-09
    3    7   -0.14663624E-02  0.35459493E-09  0.80039985E-04  0.32963593E-08  0.10022004E-02 -0.23606627E-08
    4    7   -0.30657602E-02 -0.32687713E-09 -0.68992623E-03 -0.89567679E-09 -0.19936858E-02  0.47618325E-09
    5    7   -0.10171560E-02 -0.21221037E-08 -0.71933500E-03 -0.30190986E-08 -0.79569113E-03 -0.48177352E-09
    6    7   -0.16504313E-02 -0.20590485E-08  0.16504303E-02  0.99552526E-09  0.24649951E-02  0.84914807E-09
    7    7    0.13699561E-03 -0.16551269E-09 -0.13699561E-03  0.16551268E-09  0.25957727E-03 -0.48348881E-09
    8    7    0.71933557E-03  0.26052203E-08  0.10171564E-02  0.36896536E-08 -0.79569388E-03 -0.22857416E-08
    1    8    0.46910689E-02 -0.17411894E-08  0.13432932E-04 -0.16582864E-08  0.16139725E-02  0.20469930E-08
    2    8   -0.79346097E-02 -0.21298449E-09 -0.98413236E-02 -0.11085787E-08  0.79346102E-02 -0.24923082E-09
    3    8   -0.16139717E-02 -0.14800088E-08  0.13431747E-04 -0.75212712E-09 -0.46910682E-02  0.23419356E-08
    4    8    0.62132118E-02  0.19764565E-08  0.10597577E-01  0.20265509E-08 -0.62132121E-02 -0.13721273E-08
    5    8    0.30418912E-02 -0.94816638E-09  0.26868841E-02 -0.13079932E-08  0.68447790E-03  0.34782760E-09
    6    8   -0.13324825E-02  0.12446897E-08 -0.40401013E-03 -0.30156188E-09 -0.17248091E-02 -0.32363114E-08
    7    8   -0.13759144E-02 -0.56925757E-09 -0.13587522E-02  0.12956917E-08  0.17422799E-02 -0.52829004E-09
    8    8   -0.32465080E-09 -0.27163256E-09  0.32465093E-09  0.27163258E-09  0.28664476E-03  0.54701434E-09

    2   -2    2
    1    1   -0.67871056E-15 -0.16394197E-18 -0.69085362E-15 -0.96499915E-18 -0.76544673E-15 -0.96499886E-18
    2    1    0.67912141E-03 -0.62543088E-08 -0.30904958E-03 -0.68019166E-09 -0.30905050E-03 -0.15359215E-08
    3    1   -0.30904989E-03 -0.12549040E-08  0.67911992E-03 -0.53359421E-08 -0.30905039E-03 -0.26083634E-08
    4    1   -0.30905249E-03 -0.16674703E-08 -0.30905033E-03 -0.26903379E-08  0.67911906E-03 -0.25604974E-08
    5    1   -0.91448268E-04  0.24708018E-08 -0.91449227E-04  0.30787061E-08 -0.91446822E-04  0.10439676E-08
    6    1    0.20805317E-04  0.73337096E-09 -0.80181592E-03 -0.12945457E-08 -0.80181768E-03 -0.24968557E-09
    7    1   -0.80181594E-03  0.14931266E-10  0.20808297E-04  0.97305930E-09 -0.80181614E-03  0.13921113E-10
    8    1   -0.80181376E-03 -0.11573675E-08 -0.80181564E-03 -0.13746589E-08  0.20808460E-04  0.11475130E-08
    1    2   -0.67912141E-03 -0.62543112E-08  0.30904958E-03 -0.68019187E-09  0.30905050E-03 -0.15359239E-08
    2    2   -0.73161963E-15 -0.53859957E-19  0.16579620E-14 -0.16394231E-18 -0.92937810E-15 -0.16394224E-18
    3    2   -0.98816991E-03 -0.39925595E-08  0.98817145E-03 -0.27565450E-08  0.90253332E-09  0.16296970E-08
    4    2   -0.98816949E-03 -0.98327139E-09  0.12235754E-08  0.32111354E-08  0.98817033E-03 -0.22145048E-08
    5    2    0.19013663E-02 -0.23198585E-08 -0.81007550E-03  0.56618625E-09 -0.81007435E-03 -0.20830366E-08
    6    2   -0.20501883E-02 -0.24606660E-08  0.29648968E-02 -0.93980747E-09  0.29648954E-02 -0.22138607E-08
    7    2   -0.48283161E-03  0.15692687E-08  0.11373681E-02 -0.49517595E-09 -0.20204230E-02  0.25688049E-08
    8    2   -0.48283604E-03  0.14276294E-08 -0.20204227E-02 -0.13771986E-08  0.11373700E-02 -0.38004318E-09
    1    3    0.30904989E-03 -0.12549029E-08 -0.67911992E-03 -0.53359431E-08  0.30905039E-03 -0.26083623E-08
    2    3    0.98816991E-03 -0.39925572E-08 -0.98817145E-03 -0.27565446E-08 -0.90253262E-09  0.16296993E-08
    3    3   -0.30249241E-16 -0.96499862E-18 -0.86833752E-15 -0.85491680E-18 -0.45861752E-16 -0.16394211E-18
    4    3    0.23039644E-08  0.11139077E-08 -0.98817158E-03 -0.21104958E-08  0.98817197E-03 -0.12651223E-08
    5    3   -0.81007436E-03  0.59963830E-09  0.19013706E-02 -0.18195447E-08 -0.81007449E-03 -0.18567488E-08
    6    3    0.11373708E-02  0.21456841E-08 -0.48283488E-03 -0.44872809E-09 -0.20204208E-02  0.21467269E-08
    7    3    0.29648960E-02 -0.34077843E-08 -0.20501890E-02 -0.13744544E-08  0.29648964E-02 -0.18034253E-08
    8    3   -0.20204247E-02 -0.82766048E-09 -0.48283625E-03  0.13922843E-08  0.11373675E-02  0.14776661E-09
    1    4    0.30905249E-03 -0.16674702E-08  0.30905033E-03 -0.26903379E-08 -0.67911906E-03 -0.25604973E-08
    2    4    0.98816949E-03 -0.98326923E-09 -0.12235748E-08  0.32111358E-08 -0.98817033E-03 -0.22145026E-08
    3    4   -0.23039637E-08  0.11139078E-08  0.98817158E-03 -0.21104959E-08 -0.98817197E-03 -0.12651221E-08
    4    4   -0.38857806E-15 -0.96499880E-18 -0.77325299E-15 -0.16394222E-18 -0.33653635E-15 -0.85491686E-18
    5    4   -0.81007066E-03 -0.30760489E-08 -0.81007418E-03 -0.31921937E-08  0.19013688E-02 -0.74020461E-09
    6    4    0.11373694E-02 -0.12202816E-08 -0.20204207E-02  0.41887206E-09 -0.48283362E-03  0.57382235E-09
    7    4   -0.20204253E-02  0.21612317E-08  0.11373695E-02  0.19328091E-08 -0.48283523E-03 -0.33943073E-09
    8    4    0.29648952E-02  0.11144628E-08  0.29648961E-02  0.98174423E-09 -0.20501886E-02 -0.12830697E-08
    1    5    0.91448268E-04  0.24708016E-08  0.91449227E-04  0.30787059E-08  0.91446822E-04  0.10439674E-08
    2    5   -0.19013663E-02 -0.23198596E-08  0.81007550E-03  0.56618652E-09  0.81007435E-03 -0.20830377E-08
    3    5    0.81007436E-03  0.59963910E-09 -0.19013706E-02 -0.18195459E-08  0.81007449E-03 -0.18567480E-08
    4    5    0.81007066E-03 -0.30760494E-08  0.81007418E-03 -0.31921935E-08 -0.19013688E-02 -0.74020513E-09
    5    5   -0.15460723E-15  0.24315966E-18 -0.19537323E-15  0.69092794E-18 -0.14680097E-15  0.69092807E-18
    6    5   -0.22622941E-08 -0.62793458E-08 -0.34804565E-03  0.22683067E-09 -0.34804562E-03  0.39981377E-09
    7    5   -0.34804453E-03  0.49182959E-11  0.14646655E-08 -0.52403723E-08 -0.34804355E-03 -0.23522726E-09
    8    5   -0.34804068E-03 -0.82604009E-09 -0.34804303E-03 -0.46743451E-09  0.98050044E-09 -0.62617654E-08
    1    6   -0.20805317E-04  0.73337289E-09  0.80181592E-03 -0.12945430E-08  0.80181768E-03 -0.24968364E-09
    2    6    0.20501883E-02 -0.24606695E-08 -0.29648968E-02 -0.93980669E-09 -0.29648954E-02 -0.22138641E-08
    3    6   -0.11373708E-02  0.21456867E-08  0.48283488E-03 -0.44872607E-09  0.20204208E-02  0.21467295E-08
    4    6   -0.11373694E-02 -0.12202801E-08  0.20204207E-02  0.41887518E-09  0.48283362E-03  0.57382386E-09
    5    6    0.22622931E-08 -0.62793472E-08  0.34804565E-03  0.22683031E-09  0.34804562E-03  0.39981229E-09
    6    6    0.21139232E-14  0.32762499E-18  0.34696638E-14  0.24315883E-18  0.21534966E-14  0.24315864E-18
    7    6   -0.34804492E-03 -0.58250844E-09  0.34804344E-03  0.10755671E-08 -0.24023175E-08  0.52720135E-08
    8    6   -0.34804446E-03  0.72593950E-10 -0.18144816E-08  0.81761910E-08  0.34804423E-03 -0.20917272E-09
    1    7    0.80181594E-03  0.14932073E-10 -0.20808297E-04  0.97305845E-09  0.80181614E-03  0.13921913E-10
    2    7    0.48283161E-03  0.15692683E-08 -0.11373681E-02 -0.49517699E-09  0.20204230E-02  0.25688045E-08
    3    7   -0.29648960E-02 -0.34077825E-08  0.20501890E-02 -0.13744562E-08 -0.29648964E-02 -0.18034235E-08
    4    7    0.20204253E-02  0.21612324E-08 -0.11373695E-02  0.19328084E-08  0.48283523E-03 -0.33943010E-09
    5    7    0.34804453E-03  0.49182145E-11 -0.14646669E-08 -0.52403725E-08  0.34804355E-03 -0.23522732E-09
    6    7    0.34804492E-03 -0.58250776E-09 -0.34804344E-03  0.10755690E-08  0.24023163E-08  0.52720142E-08
    7    7    0.12338221E-14  0.69092803E-18 -0.12849964E-14  0.77539391E-18  0.12156075E-14  0.24315907E-18
    8    7   -0.13222175E-08  0.61293144E-08 -0.34804177E-03 -0.72177342E-09  0.34804161E-03  0.12265660E-08
    1    8    0.80181376E-03 -0.11573679E-08  0.80181564E-03 -0.13746585E-08 -0.20808460E-04  0.11475125E-08
    2    8    0.48283604E-03  0.14276278E-08  0.20204227E-02 -0.13771985E-08 -0.11373700E-02 -0.38004474E-09
    3    8    0.20204247E-02 -0.82766029E-09  0.48283625E-03  0.13922840E-08 -0.11373675E-02  0.14776682E-09
    4    8   -0.29648952E-02  0.11144632E-08 -0.29648961E-02  0.98174374E-09  0.20501886E-02 -0.12830693E-08
    5    8    0.34804068E-03 -0.82603969E-09  0.34804303E-03 -0.46743513E-09 -0.98050078E-09 -0.62617650E-08
    6    8    0.34804446E-03  0.72594576E-10  0.18144814E-08  0.81761930E-08 -0.34804423E-03 -0.20917211E-09
    7    8    0.13222175E-08  0.61293161E-08  0.34804177E-03 -0.72177508E-09 -0.34804161E-03  0.12265677E-08
    8    8    0.50653925E-15  0.69092793E-18 -0.53190959E-15  0.24315910E-18  0.48268681E-15  0.77539365E-18

    2   -1   -2
    1    1   -0.66962691E-03 -0.94031641E-09 -0.70300123E-03 -0.61121628E-09 -0.70300123E-03 -0.61121624E-09
    2    1   -0.70277424E-09  0.45236435E-09 -0.22683116E-02 -0.96534401E-09 -0.22683132E-02  0.67710262E-10
    3    1    0.11283490E-02 -0.24804796E-08  0.96000582E-03 -0.14310577E-09 -0.23554063E-02 -0.19036571E-08
    4    1    0.11283502E-02  0.15497301E-08 -0.23554048E-02  0.28514232E-08  0.96000669E-03 -0.46846695E-09
    5    1   -0.50678899E-02  0.76644668E-09  0.38569593E-02  0.39771007E-09  0.38569577E-02  0.11417567E-08
    6    1   -0.10542240E-02 -0.17992124E-08 -0.36439515E-03 -0.65962710E-09 -0.36439609E-03 -0.32509827E-09
    7    1    0.56714392E-02  0.30371135E-09 -0.91352383E-02 -0.79621935E-09  0.54447058E-02  0.19339320E-08
    8    1    0.56714392E-02 -0.59807353E-09  0.54447008E-02 -0.76024130E-09 -0.91352366E-02 -0.20951922E-08
    1    2    0.10862394E-08 -0.49308289E-09 -0.23965672E-02 -0.80205926E-09 -0.23965693E-02  0.11371927E-08
    2    2   -0.66962754E-03 -0.43191896E-09  0.70300120E-03 -0.10823584E-08  0.70300120E-03 -0.10823607E-08
    3    2    0.49120814E-03  0.16176538E-08  0.16240959E-02 -0.83077534E-09 -0.17919922E-02  0.76854072E-09
    4    2    0.49120806E-03 -0.96982314E-09 -0.17919949E-02  0.12697310E-08  0.16240961E-02 -0.22597170E-10
    5    2   -0.49469820E-03  0.80377707E-09 -0.34316135E-02 -0.40781954E-09 -0.34316153E-02 -0.15023006E-10
    6    2   -0.26827742E-02  0.10235148E-08  0.17419086E-02  0.38523022E-10  0.17419090E-02  0.10820998E-08
    7    2   -0.24399507E-03  0.14149249E-09  0.97592003E-03  0.17642588E-08  0.37579514E-04 -0.32506544E-08
    8    2   -0.24399232E-03 -0.32943287E-09  0.37579664E-04 -0.71269601E-09  0.97592011E-03  0.20046371E-08
    1    3   -0.49120900E-03 -0.63344541E-09 -0.17919933E-02  0.15766842E-08  0.16240960E-02 -0.13174061E-08
    2    3   -0.11283491E-02  0.89251243E-09 -0.23554058E-02 -0.34983946E-08  0.96000618E-03  0.27656092E-08
    3    3    0.74434685E-03  0.22201139E-09 -0.53686058E-10 -0.81405272E-09 -0.53686080E-10 -0.81405184E-09
    4    3   -0.19293141E-08  0.87315711E-09  0.27754567E-02 -0.19091553E-08 -0.29743510E-02  0.85442328E-09
    5    3    0.36143473E-04 -0.28229377E-09 -0.29599680E-02  0.55023083E-09  0.47832298E-02 -0.15188000E-08
    6    3    0.33269824E-02 -0.14302041E-08  0.14525881E-02 -0.14721797E-09 -0.15012294E-02  0.68203464E-09
    7    3   -0.87036961E-03 -0.65718893E-09  0.33513603E-02 -0.18614206E-08 -0.48963603E-02  0.10832919E-08
    8    3   -0.80642991E-03  0.90734643E-09  0.20763239E-02  0.13408641E-08 -0.29396605E-02 -0.48773290E-09
    1    4   -0.49121046E-03  0.92225170E-09  0.16240957E-02 -0.19086238E-09 -0.17919934E-02 -0.71884194E-09
    2    4   -0.11283493E-02  0.39589604E-10  0.96000603E-03  0.27122867E-08 -0.23554052E-02 -0.62765418E-09
    3    4    0.74459587E-09  0.96977920E-09 -0.29743516E-02 -0.54298157E-09  0.27754563E-02  0.21397905E-08
    4    4    0.74434728E-03  0.31775541E-10  0.80425488E-09 -0.11865299E-08  0.80425492E-09 -0.11865296E-08
    5    4    0.36140557E-04 -0.11066536E-08  0.47832296E-02 -0.13429779E-08 -0.29599669E-02 -0.11247479E-08
    6    4    0.33269839E-02  0.12061995E-08 -0.15012288E-02  0.23374531E-08  0.14525884E-02 -0.10860838E-08
    7    4   -0.80642792E-03  0.92924634E-09 -0.29396577E-02 -0.19283613E-09  0.20763185E-02  0.11793842E-08
    8    4   -0.87036813E-03 -0.66398840E-09 -0.48963621E-02 -0.81057238E-10  0.33513637E-02  0.78692508E-09
    1    5    0.20501894E-02 -0.32730868E-08  0.29648951E-02 -0.41172869E-09  0.29648969E-02  0.10103376E-08
    2    5   -0.20808682E-04  0.30435725E-08 -0.80181538E-03  0.18905529E-08 -0.80181655E-03  0.46088394E-09
    3    5   -0.11373694E-02 -0.16064944E-08 -0.20204207E-02 -0.14791259E-08 -0.48283592E-03 -0.24704874E-08
    4    5   -0.11373679E-02  0.20564281E-08 -0.48283356E-03  0.11533052E-08 -0.20204199E-02 -0.15301424E-09
    5    5   -0.25957624E-03 -0.10598869E-08 -0.13699499E-03 -0.45139663E-09 -0.13699499E-03 -0.45139664E-09
    6    5   -0.55082207E-03  0.95953923E-09 -0.26969880E-02 -0.11719673E-08 -0.26969880E-02 -0.55459307E-10
    7    5    0.16123270E-02  0.53144990E-09 -0.15005818E-02  0.53430588E-10  0.12340860E-02  0.99900053E-09
    8    5    0.16123248E-02 -0.37404937E-09  0.12340833E-02  0.24710167E-09 -0.15005846E-02 -0.19138329E-08
    1    6   -0.19013700E-02 -0.31445638E-08 -0.81007455E-03  0.32117595E-08 -0.81007525E-03  0.12969781E-08
    2    6    0.91448423E-04  0.29918000E-08 -0.91448960E-04 -0.39471124E-08 -0.91448112E-04 -0.21442120E-08
    3    6    0.81007535E-03 -0.15425327E-08 -0.81007372E-03  0.17065818E-08  0.19013693E-02  0.28861341E-08
    4    6    0.81007487E-03 -0.90659554E-09  0.19013679E-02  0.28772311E-08 -0.81007507E-03  0.35669341E-09
    5    6   -0.24649974E-02  0.33422185E-09 -0.16504286E-02 -0.50409221E-09 -0.16504297E-02 -0.10246480E-08
    6    6   -0.25957758E-03 -0.62733406E-09  0.13699528E-03 -0.49333795E-09  0.13699528E-03 -0.49333926E-09
    7    6    0.79569387E-03  0.13323696E-08 -0.10171592E-02 -0.12796919E-08  0.71933385E-03  0.16477913E-08
    8    6    0.79569274E-03  0.65097260E-09  0.71933495E-03 -0.51288165E-09 -0.10171562E-02  0.48858194E-09
    1    7    0.48283418E-03  0.36083535E-09 -0.20204211E-02 -0.23177684E-08  0.11373667E-02  0.87453994E-09
    2    7    0.80181752E-03 -0.15930082E-08 -0.80181561E-03  0.24135297E-08  0.20809828E-04 -0.32223471E-08
    3    7   -0.29648958E-02  0.30271972E-09  0.29648948E-02 -0.51996255E-09 -0.20501874E-02  0.38794310E-08
    4    7    0.20204213E-02 -0.42039131E-10 -0.48283558E-03  0.83275616E-09  0.11373684E-02 -0.18912134E-08
    5    7    0.17248076E-02  0.14480161E-08  0.40400901E-03 -0.29784708E-08 -0.13324853E-02  0.20624012E-08
    6    7   -0.17422819E-02 -0.18402379E-10  0.13587547E-02 -0.63110274E-09 -0.13759149E-02 -0.34132578E-10
    7    7   -0.28664377E-03 -0.53860288E-09  0.41054926E-09  0.17092965E-09  0.41054924E-09  0.17093218E-09
    8    7   -0.68447664E-03 -0.21142669E-09 -0.26868832E-02  0.11396630E-08  0.30418919E-02 -0.13628116E-09
    1    8    0.48283545E-03  0.27384631E-08  0.11373679E-02  0.16703885E-08 -0.20204210E-02 -0.16942431E-09
    2    8    0.80181581E-03 -0.19531822E-08  0.20808646E-04 -0.47713753E-08 -0.80181754E-03  0.77321113E-09
    3    8    0.20204209E-02 -0.77956425E-10  0.11373686E-02  0.19497421E-08 -0.48283526E-03 -0.21666130E-08
    4    8   -0.29648965E-02 -0.26880697E-08 -0.20501880E-02 -0.11163223E-08  0.29648958E-02  0.30592240E-08
    5    8    0.17248112E-02  0.28600910E-08 -0.13324840E-02  0.35873336E-08  0.40401017E-03 -0.56963464E-09
    6    8   -0.17422826E-02  0.43431046E-09 -0.13759141E-02 -0.43032407E-09  0.13587551E-02 -0.43987822E-10
    7    8   -0.68447905E-03 -0.13530913E-08  0.30418911E-02 -0.22436460E-08 -0.26868839E-02  0.31290293E-10
    8    8   -0.28664523E-03  0.40139043E-09  0.45110869E-09 -0.20319830E-09  0.45110868E-09 -0.20319723E-09

    2   -1   -1
    1    1    0.39654467E-02  0.16730860E-09 -0.23413817E-02 -0.38478106E-09 -0.28909763E-02  0.32660472E-09
    2    1   -0.50687916E-02 -0.50388002E-09 -0.62497716E-02  0.13216560E-08  0.12533156E-01 -0.83739843E-09
    3    1    0.39879685E-02 -0.15976703E-08 -0.15276449E-02 -0.29345801E-08 -0.98825753E-03  0.11376322E-08
    4    1   -0.37503188E-02  0.15776357E-08  0.93068618E-02  0.35325766E-09  0.29528267E-03 -0.21631971E-08
    5    1    0.37638690E-02 -0.41867159E-09  0.88005190E-02  0.10679582E-08 -0.16832090E-01  0.18590669E-08
    6    1    0.33833665E-02  0.60237850E-09  0.59754690E-02 -0.28588854E-08 -0.10414401E-01 -0.86432494E-09
    7    1    0.12890798E-02  0.84458282E-09 -0.61830300E-02  0.17504115E-08  0.14750682E-01 -0.20366307E-08
    8    1   -0.85603603E-02 -0.17815484E-09 -0.29667953E-01  0.69075510E-09  0.24031354E-01  0.90546463E-09
    1    2    0.42128019E-02 -0.13984828E-08  0.54745695E-02  0.20366455E-09 -0.23187624E-02 -0.13306124E-08
    2    2   -0.43395567E-03  0.34319019E-09 -0.64864164E-03 -0.30137451E-09  0.43395604E-03 -0.97739633E-09
    3    2    0.55263913E-02  0.22076829E-09  0.89981729E-02 -0.11057893E-08 -0.10051751E-02  0.10770128E-08
    4    2   -0.59751825E-02 -0.90854599E-09 -0.55935157E-02  0.84495422E-09  0.20130330E-02  0.32228308E-09
    5    2    0.37121076E-02 -0.85065695E-09  0.92924300E-02 -0.19515243E-08 -0.70974449E-02 -0.23953961E-09
    6    2    0.75478828E-02 -0.12217381E-08  0.13589236E-01 -0.20411234E-08 -0.12043369E-01  0.22265306E-08
    7    2   -0.31282992E-02  0.12713603E-09 -0.79247268E-02  0.11470486E-08  0.13008982E-01 -0.22356815E-10
    8    2   -0.66041661E-02 -0.68199939E-09 -0.31503489E-01  0.27056463E-08  0.22195824E-01 -0.21171133E-08
    1    3    0.27009955E-02 -0.78144470E-09  0.51666840E-02 -0.20145412E-08 -0.22752290E-02  0.49053448E-09
    2    3   -0.17869098E-01  0.83953038E-09 -0.13343222E-01 -0.63099176E-09 -0.26715091E-03 -0.12868487E-08
    3    3    0.28909763E-02 -0.13790153E-08 -0.23413816E-02  0.37894144E-09 -0.39654454E-02 -0.44420850E-09
    4    3    0.16404043E-02  0.25864109E-08  0.32091260E-03  0.40559835E-09  0.56860043E-02 -0.41918552E-09
    5    3    0.12576454E-01 -0.15170481E-09  0.61546230E-02 -0.48569943E-09  0.28729976E-02 -0.54949224E-09
    6    3    0.73905533E-02  0.26669025E-10  0.28969630E-02  0.55231906E-08 -0.38466336E-03 -0.13788870E-08
    7    3   -0.26182724E-01  0.11374116E-08 -0.32194433E-01 -0.35702057E-09  0.28787165E-01 -0.43511455E-09
    8    3    0.12787086E-01 -0.79242038E-09  0.48074566E-01 -0.58758859E-08 -0.47708966E-01  0.34029499E-08
    1    4   -0.32275861E-02  0.27262009E-08 -0.43551542E-02  0.25236073E-08  0.76609750E-02 -0.16155578E-09
    2    4    0.16292500E-01 -0.31308282E-08  0.19250310E-01 -0.31137488E-08 -0.91937650E-02  0.22731263E-08
    3    4   -0.10178870E-01  0.31346591E-08 -0.46869792E-02  0.30886982E-08  0.70969461E-03 -0.17951132E-08
    4    4    0.21234577E-02  0.13169671E-09 -0.15248932E-02  0.64623501E-09 -0.21234549E-02  0.75078678E-09
    5    4   -0.79229395E-02  0.13930308E-08 -0.16680534E-01  0.18438900E-08  0.12693807E-01 -0.12103110E-08
    6    4   -0.11109502E-01  0.27199982E-08 -0.14380090E-01 -0.12096580E-08  0.14994249E-01  0.99326070E-09
    7    4    0.11274098E-01 -0.32022627E-08  0.34429770E-01 -0.15022962E-08 -0.38310941E-01  0.47054446E-09
    8    4    0.78370515E-02 -0.32342215E-10  0.16806412E-02  0.11086730E-08  0.41316993E-02 -0.78728967E-09
    1    5   -0.36921969E-02 -0.17404851E-09 -0.45555268E-02 -0.91863298E-09 -0.36681589E-02  0.91995242E-09
    2    5    0.73091124E-02  0.26997153E-09  0.72708302E-02  0.11033691E-08  0.11036974E-02 -0.15795904E-09
    3    5   -0.25453595E-03 -0.26624775E-08 -0.68380304E-03 -0.17150604E-08  0.42830306E-02 -0.98605922E-09
    4    5    0.17798602E-02  0.10888820E-08  0.32361158E-02  0.13498409E-08 -0.20955168E-02 -0.75784728E-09
    5    5   -0.31353925E-02  0.46524062E-10  0.69755919E-03  0.61249048E-10  0.22538717E-03 -0.15404019E-09
    6    5   -0.20956828E-02 -0.39051674E-08  0.24812754E-02 -0.94239326E-09 -0.62897170E-02 -0.22310596E-08
    7    5    0.11176149E-01  0.24115575E-08  0.56305627E-02  0.11697304E-08  0.17382355E-02  0.59525814E-09
    8    5   -0.75703809E-02  0.15943213E-08 -0.17457444E-01  0.34824538E-09  0.84208301E-02  0.27736982E-09
    1    6    0.45715952E-02  0.43515709E-09  0.31716035E-02 -0.25238270E-08  0.46921184E-02 -0.17560218E-09
    2    6   -0.10358200E-02 -0.11551613E-08  0.10358208E-02  0.13557285E-08 -0.35087335E-02  0.19170559E-08
    3    6    0.11774858E-03 -0.65859573E-09 -0.11774798E-03  0.12044696E-08 -0.68445240E-02 -0.19251342E-08
    4    6   -0.31716041E-02  0.20327882E-08 -0.45715952E-02 -0.20617246E-08  0.46921213E-02  0.63866726E-09
    5    6    0.78705164E-03 -0.56803539E-09 -0.41137728E-02 -0.78998279E-10  0.89089632E-02 -0.55338591E-09
    6    6    0.54292584E-03  0.36126716E-08  0.81433145E-03 -0.29021490E-08 -0.54292510E-03 -0.54785926E-09
    7    6   -0.89089676E-02 -0.14889331E-08 -0.41137717E-02 -0.95944083E-09 -0.78704768E-03  0.14242558E-08
    8    6    0.14395725E-01 -0.80113909E-10  0.24143918E-01  0.28744966E-08 -0.14395723E-01 -0.10655295E-09
    1    7   -0.25110237E-02  0.63721016E-09 -0.44279614E-03  0.18316607E-08 -0.25054647E-02  0.13492219E-08
    2    7    0.38245226E-02  0.81263993E-09 -0.38245200E-02 -0.53812140E-09  0.98580563E-02 -0.40930135E-09
    3    7   -0.14377788E-02  0.17937132E-08  0.14377780E-02 -0.11942048E-09  0.16642517E-02  0.58574606E-09
    4    7    0.44279583E-03 -0.26518605E-08  0.25110232E-02 -0.18189238E-08 -0.25054642E-02  0.16792948E-08
    5    7   -0.17382385E-02  0.54379549E-09  0.56305639E-02  0.23781785E-08 -0.11176151E-01 -0.76901202E-09
    6    7    0.62897159E-02 -0.91317439E-09  0.24812769E-02 -0.18727252E-08  0.20956827E-02  0.27904032E-08
    7    7   -0.22538273E-03 -0.15417549E-08  0.69755709E-03  0.23658588E-09  0.31353930E-02 -0.19860132E-08
    8    7   -0.84208318E-02  0.19809976E-08 -0.17457447E-01  0.40238677E-09  0.75703820E-02 -0.19796367E-08
    1    8   -0.32361177E-02 -0.53067317E-09 -0.17798614E-02  0.16609356E-08 -0.20955162E-02 -0.10976080E-08
    2    8   -0.72708286E-02  0.80770778E-09 -0.73091136E-02 -0.15350524E-08  0.11036996E-02 -0.14677636E-08
    3    8    0.68380305E-03  0.14531958E-08  0.25453724E-03  0.12096039E-08  0.42830317E-02  0.18074072E-08
    4    8    0.45555284E-02 -0.46995435E-09  0.36921979E-02  0.49585175E-09 -0.36681612E-02 -0.19574061E-08
    5    8    0.52968528E-02 -0.14418403E-08  0.30293601E-02 -0.18417404E-09 -0.41866674E-02  0.16503160E-08
    6    8   -0.65354701E-02  0.33689556E-08 -0.58749736E-02  0.34054985E-08  0.65354709E-02 -0.29601214E-08
    7    8    0.41866702E-02  0.42834670E-09  0.30293598E-02  0.12779904E-09 -0.52968550E-02 -0.11894673E-08
    8    8   -0.46286436E-02 -0.32385599E-09  0.41511423E-02  0.50381806E-09  0.46286421E-02  0.48536223E-10

    2   -1    0
    1    1   -0.23413818E-02 -0.44790517E-09  0.39654467E-02 -0.27190910E-09 -0.28909773E-02 -0.74313632E-09
    2    1   -0.15276486E-02  0.10977231E-08  0.39879685E-02 -0.11048635E-08 -0.98825659E-03  0.44016352E-09
    3    1   -0.62497700E-02 -0.27547122E-09 -0.50687938E-02  0.53408735E-09  0.12533159E-01  0.57968804E-10
    4    1    0.93068660E-02  0.28958585E-09 -0.37503164E-02  0.19637590E-08  0.29528168E-03  0.62448559E-10
    5    1    0.88005160E-02 -0.80303998E-09  0.37638679E-02 -0.15380173E-08 -0.16832092E-01  0.50926646E-09
    6    1   -0.61830301E-02 -0.15539109E-08  0.12890813E-02  0.21570001E-08  0.14750684E-01  0.18271310E-08
    7    1    0.59754742E-02 -0.37972033E-09  0.33833684E-02 -0.33927549E-09 -0.10414402E-01  0.56701130E-10
    8    1   -0.29667957E-01  0.22265702E-08 -0.85603614E-02 -0.48906850E-09  0.24031356E-01 -0.23228352E-08
    1    2    0.51666848E-02  0.13206432E-08  0.27009952E-02  0.63730693E-09 -0.22752295E-02  0.27900270E-08
    2    2   -0.23413813E-02  0.14796809E-09  0.28909751E-02 -0.11607694E-08 -0.39654470E-02 -0.51587831E-09
    3    2   -0.13343220E-01 -0.13174254E-08 -0.17869099E-01  0.10828402E-08 -0.26714982E-03 -0.16428938E-08
    4    2    0.32091204E-03 -0.37347162E-09  0.16404050E-02 -0.52914573E-09  0.56860033E-02 -0.93651506E-09
    5    2    0.61546225E-02  0.33383829E-08  0.12576454E-01  0.48622408E-10  0.28729991E-02  0.12966388E-08
    6    2   -0.32194432E-01  0.26149597E-08 -0.26182729E-01 -0.18301741E-08  0.28787166E-01 -0.32763301E-08
    7    2    0.28969610E-02  0.44007746E-09  0.73905541E-02  0.12758153E-08 -0.38466236E-03 -0.16388521E-08
    8    2    0.48074571E-01 -0.56115307E-08  0.12787089E-01  0.18436774E-08 -0.47708970E-01  0.24268046E-08
    1    3    0.54745706E-02 -0.28049157E-08  0.42128031E-02 -0.10410540E-09 -0.23187626E-02 -0.11161701E-08
    2    3    0.89981751E-02  0.18905148E-09  0.55263896E-02 -0.83872352E-09 -0.10051735E-02  0.10716083E-08
    3    3   -0.64864404E-03  0.58968150E-09 -0.43395326E-03  0.48423432E-09  0.43395466E-03  0.11042340E-08
    4    3   -0.55935173E-02  0.10036006E-08 -0.59751847E-02  0.86474901E-09  0.20130344E-02 -0.14501970E-08
    5    3    0.92924332E-02 -0.22137819E-08  0.37121089E-02 -0.38741347E-09 -0.70974442E-02 -0.10229760E-09
    6    3   -0.79247314E-02 -0.23861105E-08 -0.31282992E-02 -0.21026186E-08  0.13008982E-01  0.35981511E-08
    7    3    0.13589236E-01  0.62392810E-10  0.75478832E-02 -0.99009740E-09 -0.12043374E-01  0.68386598E-09
    8    3   -0.31503490E-01  0.46016713E-08 -0.66041670E-02  0.62108263E-09  0.22195826E-01 -0.21237928E-08
    1    4   -0.43551542E-02  0.32242220E-08 -0.32275851E-02  0.78229811E-09  0.76609759E-02 -0.30273663E-09
    2    4   -0.46869763E-02  0.94055646E-09 -0.10178868E-01  0.17570598E-08  0.70969198E-03 -0.24757440E-08
    3    4    0.19250310E-01  0.86984934E-09  0.16292500E-01 -0.86109315E-09 -0.91937661E-02  0.19981021E-08
    4    4   -0.15248937E-02  0.15256311E-09  0.21234578E-02 -0.92312523E-09 -0.21234559E-02 -0.79060083E-09
    5    4   -0.16680532E-01  0.10540608E-08 -0.79229387E-02  0.21422581E-08  0.12693810E-01 -0.59728809E-09
    6    4    0.34429772E-01 -0.10079183E-08  0.11274098E-01  0.12522160E-08 -0.38310945E-01 -0.35783593E-09
    7    4   -0.14380093E-01  0.44635518E-09 -0.11109504E-01 -0.14495003E-09  0.14994249E-01 -0.15043807E-09
    8    4    0.16806386E-02 -0.25444905E-08  0.78370515E-02 -0.27220792E-08  0.41317026E-02  0.11784175E-08
    1    5   -0.45555275E-02 -0.22851632E-08 -0.36921990E-02 -0.27056805E-08 -0.36681591E-02 -0.51696478E-09
    2    5   -0.68380457E-03  0.86505293E-09 -0.25453316E-03  0.11696465E-08  0.42830324E-02 -0.31486550E-09
    3    5    0.72708325E-02  0.12994314E-08  0.73091107E-02 -0.10172152E-08  0.11036990E-02 -0.88436718E-09
    4    5    0.32361190E-02  0.11612360E-08  0.17798624E-02  0.26569734E-08 -0.20955158E-02  0.21608608E-08
    5    5    0.69755737E-03  0.42522630E-09 -0.31353935E-02 -0.81685013E-09  0.22538347E-03 -0.75376048E-09
    6    5    0.56305664E-02  0.13269565E-08  0.11176153E-01  0.23776589E-08  0.17382385E-02  0.94331700E-09
    7    5    0.24812793E-02 -0.17624389E-08 -0.20956807E-02 -0.32650189E-09 -0.62897142E-02  0.77104069E-10
    8    5   -0.17457447E-01  0.36708570E-08 -0.75703837E-02  0.14136562E-08  0.84208293E-02 -0.11848219E-09
    1    6   -0.44279467E-03  0.21456372E-09 -0.25110217E-02  0.61713772E-09 -0.25054658E-02  0.80188053E-09
    2    6    0.14377820E-02 -0.78016237E-09 -0.14377807E-02  0.63950956E-09  0.16642481E-02 -0.20910560E-08
    3    6   -0.38245232E-02  0.10525806E-08  0.38245236E-02 -0.10735474E-08  0.98580584E-02  0.10026406E-08
    4    6    0.25110210E-02 -0.32031406E-09  0.44279512E-03 -0.81077094E-10 -0.25054643E-02  0.40679169E-09
    5    6    0.56305652E-02 -0.74179030E-09 -0.17382365E-02  0.95242436E-09 -0.11176150E-01  0.58217344E-09
    6    6    0.69755687E-03 -0.20516175E-09 -0.22538418E-03 -0.10550640E-08  0.31353919E-02 -0.19590211E-08
    7    6    0.24812787E-02  0.23570357E-09  0.62897134E-02 -0.10623682E-08  0.20956819E-02  0.25271196E-08
    8    6   -0.17457447E-01  0.34868777E-08 -0.84208295E-02  0.17635552E-08  0.75703817E-02 -0.19812734E-08
    1    7    0.31716004E-02  0.22230231E-09  0.45715939E-02  0.15370448E-08  0.46921180E-02 -0.95183883E-09
    2    7   -0.11774727E-03  0.12127895E-08  0.11774670E-03 -0.19308661E-08 -0.68445222E-02  0.23940986E-09
    3    7    0.10358203E-02 -0.17141351E-08 -0.10358183E-02  0.66626724E-09 -0.35087359E-02  0.13473992E-08
    4    7   -0.45715950E-02 -0.11142549E-08 -0.31716011E-02 -0.49996190E-09  0.46921197E-02 -0.20904849E-08
    5    7   -0.41137729E-02  0.13765568E-08  0.78704998E-03  0.37415914E-09  0.89089659E-02  0.47623116E-09
    6    7   -0.41137723E-02 -0.68054578E-09 -0.89089667E-02  0.11679241E-08 -0.78704913E-03 -0.76448697E-09
    7    7    0.81433148E-03  0.50265588E-09  0.54292509E-03 -0.22110312E-09 -0.54292638E-03  0.80213101E-09
    8    7    0.24143921E-01 -0.25456860E-08  0.14395726E-01 -0.10865178E-08 -0.14395725E-01  0.45982991E-09
    1    8   -0.17798617E-02  0.36174497E-08 -0.32361191E-02  0.22284093E-08 -0.20955146E-02 -0.25246270E-09
    2    8    0.25453436E-03 -0.13836942E-08  0.68380392E-03 -0.13873967E-08  0.42830321E-02  0.27356716E-08
    3    8   -0.73091135E-02 -0.13168055E-08 -0.72708291E-02  0.12504803E-08  0.11036980E-02 -0.13568248E-08
    4    8    0.36921994E-02 -0.11796788E-08  0.45555261E-02 -0.33638170E-08 -0.36681599E-02 -0.29508868E-09
    5    8    0.30293622E-02  0.25343974E-08  0.52968553E-02  0.36984932E-08 -0.41866685E-02 -0.10096864E-08
    6    8    0.30293612E-02  0.14828234E-08  0.41866680E-02 -0.15305852E-08 -0.52968559E-02 -0.19229577E-08
    7    8   -0.58749738E-02 -0.14893186E-09 -0.65354705E-02 -0.13918079E-10  0.65354704E-02  0.13910701E-09
    8    8    0.41511430E-02 -0.64483454E-09 -0.46286435E-02  0.43978048E-09  0.46286446E-02  0.62600693E-09

    2   -1    1
    1    1   -0.70300015E-03 -0.25567029E-09 -0.66962646E-03  0.23738703E-09 -0.70300015E-03 -0.25567020E-09
    2    1    0.96000795E-03  0.80110807E-09  0.11283491E-02 -0.81279188E-09 -0.23554057E-02 -0.22332754E-09
    3    1   -0.22683134E-02 -0.10208819E-08  0.96462488E-09  0.71108332E-09 -0.22683119E-02  0.66169800E-09
    4    1   -0.23554078E-02  0.38124799E-09  0.11283486E-02  0.20175496E-08  0.96000589E-03 -0.10644309E-08
    5    1    0.38569597E-02 -0.31420601E-09 -0.50678896E-02 -0.17066038E-08  0.38569581E-02  0.66800073E-09
    6    1   -0.91352398E-02 -0.14354912E-08  0.56714382E-02 -0.17550218E-10  0.54447035E-02  0.41751202E-09
    7    1   -0.36439556E-03  0.21817929E-10 -0.10542253E-02 -0.19722154E-09 -0.36439677E-03  0.47362265E-09
    8    1    0.54447036E-02  0.33150935E-08  0.56714397E-02  0.69587702E-09 -0.91352358E-02 -0.22840877E-08
    1    2   -0.17919950E-02  0.17622324E-08 -0.49120745E-03  0.15958600E-08  0.16240959E-02 -0.52508399E-09
    2    2    0.70320014E-09  0.86174008E-09  0.74434771E-03 -0.78054038E-10  0.70320006E-09  0.86174015E-09
    3    2   -0.23554036E-02  0.20887810E-08 -0.11283509E-02 -0.96261318E-09  0.96000357E-03  0.79665749E-09
    4    2    0.27754551E-02 -0.22039008E-08 -0.18500663E-09 -0.10131961E-08 -0.29743494E-02 -0.86914371E-10
    5    2   -0.29599688E-02  0.60125982E-10  0.36143038E-04  0.52691618E-09  0.47832297E-02 -0.89575167E-09
    6    2    0.33513603E-02  0.10189404E-08 -0.87036777E-03  0.99548171E-09 -0.48963619E-02  0.16865660E-08
    7    2    0.14525892E-02 -0.56991959E-09  0.33269836E-02 -0.21897239E-09 -0.15012269E-02 -0.26938211E-09
    8    2    0.20763210E-02 -0.26134118E-08 -0.80643064E-03  0.81874824E-10 -0.29396605E-02  0.31991215E-08
    1    3   -0.23965693E-02 -0.81319529E-09  0.10634650E-09 -0.16599725E-08 -0.23965700E-02  0.21550718E-08
    2    3    0.16240929E-02  0.54156780E-09  0.49120996E-03  0.28711080E-09 -0.17919941E-02 -0.38683248E-09
    3    3    0.70300133E-03  0.63278573E-10 -0.66962739E-03  0.42025794E-09  0.70300133E-03  0.63278562E-10
    4    3   -0.17919908E-02  0.31664476E-08  0.49120857E-03  0.85056963E-09  0.16240969E-02 -0.44770067E-09
    5    3   -0.34316153E-02 -0.54047339E-09 -0.49470038E-03  0.57689199E-09 -0.34316150E-02  0.18176468E-08
    6    3    0.97592373E-03 -0.73107509E-10 -0.24399287E-03 -0.10214465E-08  0.37581587E-04 -0.25640707E-08
    7    3    0.17419090E-02  0.14536383E-08 -0.26827743E-02  0.61754826E-09  0.17419074E-02 -0.23033394E-09
    8    3    0.37576710E-04  0.48461090E-09 -0.24399271E-03 -0.30929827E-09  0.97591976E-03 -0.11682125E-08
    1    4    0.16240982E-02  0.38576998E-09 -0.49120946E-03  0.13221781E-08 -0.17919918E-02 -0.76424884E-09
    2    4   -0.29743511E-02 -0.49181498E-09 -0.20120722E-08 -0.65353006E-09  0.27754570E-02  0.15112317E-08
    3    4    0.96000239E-03  0.10487515E-08 -0.11283483E-02  0.26030221E-09 -0.23554070E-02 -0.17679650E-08
    4    4    0.43567755E-09 -0.54510921E-09  0.74434777E-03 -0.50602436E-09  0.43567770E-09 -0.54510907E-09
    5    4    0.47832302E-02  0.10475717E-08  0.36142701E-04  0.25312612E-08 -0.29599680E-02 -0.14140968E-08
    6    4   -0.29396577E-02  0.11342605E-08 -0.80642875E-03 -0.71942122E-09  0.20763217E-02 -0.73637727E-09
    7    4   -0.15012271E-02 -0.65252520E-09  0.33269842E-02 -0.16810963E-08  0.14525912E-02  0.12839471E-08
    8    4   -0.48963613E-02 -0.83733483E-09 -0.87036973E-03 -0.12396175E-10  0.33513612E-02  0.17221913E-08
    1    5    0.29648962E-02  0.23964700E-09  0.20501883E-02 -0.24938013E-08  0.29648965E-02  0.58524965E-10
    2    5   -0.20204197E-02 -0.80245931E-09 -0.11373704E-02 -0.25689149E-09 -0.48283462E-03 -0.46154654E-09
    3    5   -0.80181639E-03  0.36103736E-09 -0.20807177E-04  0.62983879E-09 -0.80181448E-03  0.11968453E-08
    4    5   -0.48283686E-03  0.32675559E-09 -0.11373691E-02  0.20350609E-08 -0.20204236E-02  0.14776083E-09
    5    5   -0.13699402E-03 -0.14275979E-09 -0.25957666E-03 -0.70214556E-09 -0.13699402E-03 -0.14275980E-09
    6    5   -0.15005855E-02 -0.19751132E-08  0.16123253E-02 -0.60148159E-10  0.12340817E-02  0.84166118E-09
    7    5   -0.26969905E-02 -0.23350272E-09 -0.55082364E-03  0.20616454E-08 -0.26969913E-02  0.54580587E-09
    8    5    0.12340861E-02  0.15836737E-08  0.16123269E-02  0.78942317E-09 -0.15005803E-02 -0.24949402E-08
    1    6   -0.20204203E-02 -0.28121502E-08  0.48283403E-03 -0.11773599E-08  0.11373698E-02  0.47132650E-09
    2    6    0.29648935E-02  0.17856974E-08 -0.29648940E-02 -0.14667132E-08 -0.20501857E-02  0.30999301E-08
    3    6   -0.80181684E-03  0.75547626E-09  0.80181512E-03  0.77321944E-10  0.20806489E-04 -0.16430474E-08
    4    6   -0.48283379E-03  0.79380581E-09  0.20204221E-02  0.18502512E-08  0.11373688E-02 -0.13186090E-08
    5    6    0.40401052E-03 -0.26525444E-08  0.17248067E-02  0.89178822E-09 -0.13324853E-02  0.20540001E-08
    6    6    0.13296706E-09  0.88170451E-09 -0.28664269E-03  0.71446141E-09  0.13296708E-09  0.88170455E-09
    7    6    0.13587522E-02 -0.44884370E-09 -0.17422781E-02 -0.15400628E-08 -0.13759122E-02 -0.20543923E-08
    8    6   -0.26868840E-02  0.29227484E-08 -0.68447935E-03 -0.11585815E-08  0.30418912E-02 -0.21909107E-08
    1    7   -0.81007506E-03  0.17044427E-08 -0.19013678E-02  0.11435997E-10 -0.81007375E-03  0.68872054E-11
    2    7   -0.81007440E-03 -0.36386767E-09  0.81007278E-03 -0.13512958E-08  0.19013669E-02  0.26670021E-08
    3    7   -0.91448488E-04 -0.84333034E-09  0.91448588E-04  0.17466323E-08 -0.91448704E-04 -0.24952248E-08
    4    7    0.19013704E-02  0.11999727E-08  0.81007336E-03 -0.29802760E-08 -0.81007246E-03  0.10724549E-08
    5    7   -0.16504320E-02  0.28491203E-09 -0.24649947E-02  0.10557116E-08 -0.16504308E-02 -0.12715750E-08
    6    7   -0.10171557E-02  0.10236391E-08  0.79569190E-03  0.82253376E-09  0.71933611E-03  0.55407235E-09
    7    7    0.13699622E-03  0.57577059E-09 -0.25957796E-03 -0.24257452E-09  0.13699622E-03  0.57577058E-09
    8    7    0.71933447E-03 -0.17655683E-08  0.79569310E-03  0.14423060E-08 -0.10171595E-02  0.15966986E-08
    1    8    0.11373680E-02  0.85502902E-09  0.48283617E-03  0.14091745E-08 -0.20204248E-02  0.69317262E-09
    2    8    0.11373702E-02  0.15011800E-08  0.20204234E-02  0.12816231E-08 -0.48283612E-03 -0.24006062E-08
    3    8    0.20809983E-04 -0.14517576E-08  0.80181557E-03 -0.53963977E-09 -0.80181517E-03  0.22923938E-08
    4    8   -0.20501898E-02 -0.91782061E-09 -0.29648960E-02 -0.13894096E-08  0.29648971E-02  0.88137076E-09
    5    8   -0.13324849E-02  0.11964895E-08  0.17248092E-02  0.66831387E-09  0.40400929E-03 -0.33375180E-09
    6    8    0.30418893E-02 -0.69934050E-09 -0.68447801E-03  0.90027098E-09 -0.26868821E-02  0.41704013E-09
    7    8   -0.13759130E-02 -0.15992988E-09 -0.17422826E-02  0.55980616E-09  0.13587528E-02 -0.18937566E-08
    8    8   -0.14279167E-09  0.53575935E-09 -0.28664392E-03  0.31537149E-09 -0.14279166E-09  0.53575938E-09

    2    0   -2
    1    1   -0.13381240E-02 -0.72239625E-24  0.50711461E-03 -0.24556905E-18  0.50711461E-03  0.24556773E-18
    2    1   -0.50271686E-02 -0.10244951E-08 -0.26430705E-02 -0.14384470E-08 -0.26430722E-02  0.13823822E-09
    3    1    0.34085034E-02 -0.42587449E-09 -0.22724104E-01  0.20287330E-08  0.21165007E-01 -0.23695914E-08
    4    1    0.34085043E-02 -0.14299883E-10  0.21165007E-01 -0.19117130E-08 -0.22724104E-01  0.35166453E-08
    5    1   -0.30923983E-03  0.14205843E-08  0.14377788E-02  0.15166389E-08  0.14377807E-02 -0.26526534E-09
    6    1    0.27370919E-02 -0.54558285E-09 -0.11774897E-03 -0.12669450E-08 -0.11774678E-03 -0.18679039E-08
    7    1   -0.20953253E-02 -0.44028187E-09  0.25453792E-03 -0.82208755E-09 -0.68380405E-03  0.92339587E-09
    8    1   -0.20953253E-02 -0.26676687E-09 -0.68380266E-03  0.44772704E-09  0.25453574E-03  0.10727839E-09
    1    2   -0.50271696E-02 -0.34219156E-09 -0.26430722E-02 -0.13823786E-09 -0.26430705E-02  0.14384496E-08
    2    2   -0.13381210E-02 -0.29453841E-25 -0.50711989E-03 -0.93380790E-18 -0.50711989E-03  0.93380826E-18
    3    2    0.50720975E-02 -0.10918219E-08 -0.21470013E-01 -0.27301553E-09  0.22419100E-01  0.29521274E-09
    4    2    0.50720961E-02  0.51814782E-09  0.22419099E-01 -0.51953882E-09 -0.21470013E-01 -0.30273519E-08
    5    2   -0.84206173E-02 -0.93921460E-09 -0.38245205E-02  0.16409314E-08 -0.38245216E-02  0.15133272E-08
    6    2   -0.31155852E-02 -0.18249604E-08  0.10358182E-02  0.20476521E-08  0.10358180E-02 -0.18469331E-08
    7    2    0.64223611E-02  0.18935117E-08 -0.73091140E-02 -0.91683414E-09  0.72708289E-02 -0.37373475E-09
    8    2    0.64223622E-02  0.64080753E-09  0.72708304E-02 -0.15735614E-08 -0.73091119E-02  0.11350943E-08
    1    3    0.45268882E-02  0.12194623E-08  0.21165007E-01  0.23695910E-08 -0.22724104E-01 -0.20287354E-08
    2    3    0.61904798E-02 -0.16384659E-08  0.22419100E-01 -0.29521032E-09 -0.21470013E-01  0.27301600E-09
    3    3   -0.16349433E-01  0.62941279E-19  0.84616954E-09  0.21694496E-18  0.84616864E-09  0.99675018E-18
    4    3    0.12442069E-04 -0.13646626E-08 -0.27349235E-01 -0.71737614E-09  0.25508601E-01  0.81882944E-09
    5    3    0.23811989E-02  0.39756650E-09  0.25110219E-02  0.11841890E-08 -0.44279770E-03 -0.25552036E-08
    6    3   -0.19168272E-02  0.25858330E-08 -0.45715935E-02 -0.10082524E-08  0.31716036E-02  0.28120700E-08
    7    3   -0.14353501E-02 -0.15523506E-08  0.36921966E-02  0.94941194E-09 -0.45555256E-02 -0.69898711E-09
    8    3    0.26060623E-02  0.60298223E-10  0.32361168E-02 -0.42096908E-09 -0.17798617E-02  0.22435131E-09
    1    4    0.45268902E-02 -0.26396357E-09 -0.22724104E-01 -0.35166467E-08  0.21165007E-01  0.19117116E-08
    2    4    0.61904814E-02  0.11337372E-08 -0.21470013E-01  0.30273542E-08  0.22419099E-01  0.51953941E-09
    3    4    0.12440247E-04 -0.20460992E-08  0.25508601E-01 -0.81883065E-09 -0.27349235E-01  0.71737463E-09
    4    4   -0.16349437E-01 -0.62942385E-19 -0.20100908E-08 -0.99675057E-18 -0.20100912E-08 -0.21694555E-18
    5    4    0.23812009E-02 -0.93133868E-09 -0.44279399E-03 -0.28632281E-08  0.25110242E-02  0.45850088E-09
    6    4   -0.19168284E-02 -0.11833752E-08  0.31716026E-02  0.15530640E-09 -0.45715953E-02  0.76473255E-09
    7    4    0.26060617E-02  0.81132403E-09 -0.17798615E-02  0.87321716E-09  0.32361153E-02 -0.27061930E-09
    8    4   -0.14353494E-02  0.19187152E-09 -0.45555284E-02  0.34554355E-09  0.36921984E-02 -0.45380058E-09
    1    5   -0.16642502E-02 -0.10825541E-08  0.14377807E-02  0.26526596E-09  0.14377788E-02 -0.15166382E-08
    2    5   -0.98580568E-02 -0.74247230E-09 -0.38245216E-02 -0.15133283E-08 -0.38245205E-02 -0.16409312E-08
    3    5    0.25054635E-02  0.99981987E-09 -0.44279770E-03  0.25552053E-08  0.25110219E-02 -0.11841894E-08
    4    5    0.25054650E-02 -0.76494418E-09  0.25110242E-02 -0.45850059E-09 -0.44279399E-03  0.28632290E-08
    5    5    0.44902444E-02 -0.15425816E-24 -0.41572656E-03  0.46661998E-18 -0.41572656E-03 -0.46662032E-18
    6    5    0.85006663E-02  0.24393069E-08  0.15628833E-08 -0.84291949E-09  0.65213225E-09  0.24199321E-09
    7    5   -0.72135986E-02 -0.19167565E-08  0.15537168E-01  0.70774552E-09 -0.14947019E-01 -0.32044118E-09
    8    5   -0.72136003E-02 -0.17516704E-08 -0.14947019E-01  0.16995407E-08  0.15537167E-01 -0.24844025E-08
    1    6    0.68445240E-02  0.17919985E-08 -0.11774678E-03  0.18679024E-08 -0.11774897E-03  0.12669442E-08
    2    6    0.35087364E-02 -0.15277200E-08  0.10358180E-02  0.18469300E-08  0.10358182E-02 -0.20476510E-08
    3    6   -0.46921198E-02  0.65739595E-09  0.31716036E-02 -0.28120709E-08 -0.45715935E-02  0.10082510E-08
    4    6   -0.46921195E-02  0.33672850E-09 -0.45715953E-02 -0.76473452E-09  0.31716026E-02 -0.15530672E-09
    5    6    0.85006682E-02 -0.52525710E-09  0.65213014E-09 -0.24199351E-09  0.15628833E-08  0.84292024E-09
    6    6    0.44902442E-02  0.21913950E-24  0.41571992E-03  0.82608925E-18  0.41571992E-03 -0.82608902E-18
    7    6   -0.72136002E-02  0.14647817E-08  0.14947021E-01  0.23495763E-08 -0.15537165E-01 -0.46965582E-08
    8    6   -0.72136009E-02 -0.31204906E-09 -0.15537164E-01 -0.84775071E-10  0.14947018E-01  0.13832307E-08
    1    7   -0.42830315E-02  0.21548684E-09 -0.68380405E-03 -0.92339427E-09  0.25453792E-03  0.82208750E-09
    2    7   -0.11037000E-02  0.24874699E-08  0.72708289E-02  0.37373425E-09 -0.73091140E-02  0.91683298E-09
    3    7    0.36681589E-02 -0.19016112E-08 -0.45555256E-02  0.69898974E-09  0.36921966E-02 -0.94941296E-09
    4    7    0.20955164E-02  0.13989317E-09  0.32361153E-02  0.27062076E-09 -0.17798615E-02 -0.87321702E-09
    5    7   -0.38997644E-02 -0.24633017E-09 -0.14947019E-01  0.32044083E-09  0.15537168E-01 -0.70774592E-09
    6    7   -0.38997633E-02 -0.36247360E-08 -0.15537165E-01  0.46965582E-08  0.14947021E-01 -0.23495751E-08
    7    7    0.12546714E-01  0.56469976E-18 -0.18846909E-08  0.39934187E-18 -0.18846934E-08 -0.26138979E-18
    8    7   -0.47211336E-02  0.20280945E-08  0.52680844E-01 -0.15846739E-08 -0.52680844E-01  0.21968536E-08
    1    8   -0.42830323E-02 -0.13405619E-08  0.25453574E-03 -0.10727805E-09 -0.68380266E-03 -0.44772583E-09
    2    8   -0.11037003E-02 -0.70777051E-10 -0.73091119E-02 -0.11350959E-08  0.72708304E-02  0.15735614E-08
    3    8    0.20955185E-02 -0.40280141E-09 -0.17798617E-02 -0.22435029E-09  0.32361168E-02  0.42096967E-09
    4    8    0.36681599E-02  0.86625673E-09  0.36921984E-02  0.45380186E-09 -0.45555284E-02 -0.34554321E-09
    5    8   -0.38997664E-02  0.51741713E-09  0.15537167E-01  0.24844027E-08 -0.14947019E-01 -0.16995416E-08
    6    8   -0.38997653E-02 -0.21393604E-08  0.14947018E-01 -0.13832308E-08 -0.15537164E-01  0.84776375E-10
    7    8   -0.47211323E-02 -0.12442257E-08 -0.52680844E-01 -0.21968524E-08  0.52680844E-01  0.15846718E-08
    8    8    0.12546714E-01 -0.56469976E-18 -0.91196588E-09  0.26138942E-18 -0.91196695E-09 -0.39934173E-18

    2    0   -1
    1    1   -0.43395693E-03  0.38650115E-09 -0.43395632E-03  0.12648395E-08  0.64864090E-03  0.11981558E-08
    2    1    0.56145467E-02  0.21433292E-09  0.34045278E-02 -0.29789293E-08 -0.43888022E-02 -0.53284292E-09
    3    1    0.34045288E-02 -0.83958228E-09  0.56145492E-02  0.21485945E-09 -0.43888018E-02  0.53877351E-09
    4    1   -0.15754595E-02 -0.54064480E-09 -0.15754608E-02  0.15469967E-08  0.60310899E-02  0.33325086E-10
    5    1   -0.62506174E-02  0.20569736E-09 -0.62506182E-02  0.10322663E-08  0.53727327E-02 -0.67435953E-09
    6    1    0.28403397E-02  0.22134134E-08 -0.20810743E-02  0.11604189E-08  0.45783755E-03 -0.91990857E-09
    7    1   -0.20810734E-02 -0.71198613E-09  0.28403389E-02  0.24852902E-08  0.45783990E-03 -0.12300168E-08
    8    1    0.45623231E-02 -0.93669989E-09  0.45623257E-02 -0.28385818E-08 -0.10376189E-01  0.29129465E-08
    1    2   -0.51859272E-02 -0.93259731E-09 -0.10892788E-01 -0.10642444E-08  0.78901394E-02 -0.78424437E-09
    2    2    0.39654457E-02 -0.50551461E-09  0.28909790E-02 -0.46818947E-09  0.23413833E-02 -0.57622906E-09
    3    2    0.37228432E-02 -0.63627125E-09 -0.42584644E-02  0.23445446E-08 -0.37190715E-02 -0.91846068E-09
    4    2   -0.68652953E-02  0.37360118E-08  0.75113824E-02  0.10121990E-10 -0.15002003E-02 -0.11773359E-08
    5    2    0.10553279E-02 -0.55802661E-09 -0.28041834E-03 -0.81908848E-09 -0.27601517E-04  0.47411182E-09
    6    2    0.84937751E-03 -0.25250895E-09  0.66026115E-03  0.16619368E-08 -0.89237324E-03 -0.61708396E-09
    7    2   -0.68959494E-03 -0.53206285E-10 -0.24547720E-03 -0.16600950E-08  0.44186336E-03  0.16085119E-09
    8    2   -0.15552903E-02  0.34486936E-09 -0.94733513E-03 -0.11823818E-08  0.11977710E-02  0.29531971E-10
    1    3   -0.10892787E-01  0.27886759E-10 -0.51859265E-02 -0.43907952E-09  0.78901421E-02  0.90912554E-11
    2    3   -0.42584614E-02 -0.10472355E-08  0.37228425E-02  0.23574496E-08 -0.37190723E-02 -0.64159816E-09
    3    3    0.28909764E-02  0.23023880E-08  0.39654449E-02 -0.22316166E-08  0.23413810E-02  0.40293534E-09
    4    3    0.75113811E-02 -0.46694085E-09 -0.68652956E-02  0.63267075E-09 -0.15002006E-02 -0.94920375E-09
    5    3   -0.28041728E-03  0.41144260E-09  0.10553294E-02  0.63007644E-10 -0.27598847E-04  0.12325460E-09
    6    3   -0.24547919E-03  0.10317299E-08 -0.68959554E-03 -0.14060840E-08  0.44186305E-03  0.20221225E-09
    7    3    0.66025932E-03  0.99359870E-09  0.84937772E-03  0.18094671E-08 -0.89237376E-03 -0.68825190E-09
    8    3   -0.94733459E-03 -0.25785595E-08 -0.15552909E-02  0.16103932E-08  0.11977707E-02  0.40497367E-09
    1    4    0.14290447E-01 -0.13047268E-08  0.14290446E-01  0.51185383E-10 -0.14153625E-01 -0.91250067E-09
    2    4   -0.42318262E-03  0.27146651E-08 -0.70426429E-02  0.47542688E-09  0.49734874E-02  0.17866635E-09
    3    4   -0.70426443E-02 -0.19297345E-09 -0.42318238E-03  0.13590206E-08  0.49734858E-02 -0.13532426E-08
    4    4    0.21234551E-02 -0.11691636E-08  0.21234551E-02 -0.43131635E-09  0.15248924E-02 -0.56799599E-09
    5    4    0.51354306E-02 -0.57120925E-09  0.51354302E-02 -0.46250523E-09 -0.49251312E-02  0.15656802E-09
    6    4   -0.36375618E-02 -0.17481128E-08  0.22201901E-02 -0.89210443E-09 -0.51294589E-03  0.93253775E-09
    7    4    0.22201904E-02 -0.10953488E-08 -0.36375635E-02 -0.26716664E-08 -0.51294836E-03  0.21912782E-08
    8    4   -0.37890099E-02  0.37992899E-08 -0.37890100E-02  0.24012439E-08  0.10503157E-01 -0.41649688E-08
    1    5   -0.17017334E-02  0.35091197E-08 -0.17017332E-02  0.22536411E-08  0.32400288E-02  0.17195131E-08
    2    5    0.20923907E-03 -0.82884902E-09  0.14007002E-02 -0.16938009E-08 -0.13552351E-02 -0.16218442E-08
    3    5    0.14007025E-02  0.47854714E-09  0.20924304E-03  0.18796480E-09 -0.13552327E-02  0.78514639E-09
    4    5    0.12960189E-02 -0.10858553E-08  0.12960179E-02 -0.80588900E-09  0.33663961E-02  0.60352455E-09
    5    5    0.54292368E-03  0.41308387E-09  0.54292396E-03  0.32377270E-09 -0.81433361E-03  0.55006710E-09
    6    5    0.78705203E-03  0.10407448E-08 -0.89089677E-02 -0.29878199E-09  0.41137710E-02 -0.85023663E-09
    7    5   -0.89089663E-02 -0.12335593E-09  0.78705285E-03  0.91446857E-09  0.41137729E-02 -0.10796777E-08
    8    5    0.14395723E-01 -0.13162749E-08  0.14395724E-01 -0.16764875E-08 -0.24143920E-01  0.32898325E-08
    1    6    0.20924189E-03 -0.38683832E-09  0.13552337E-02  0.21372126E-08 -0.14007023E-02 -0.26111034E-08
    2    6   -0.17017321E-02  0.16424404E-08 -0.32400281E-02 -0.52362640E-09  0.17017323E-02 -0.67832948E-09
    3    6    0.14007022E-02  0.14757222E-08  0.13552317E-02  0.15089779E-08 -0.20924125E-03  0.42396180E-09
    4    6    0.12960158E-02 -0.43560854E-08 -0.33663936E-02 -0.16992462E-08 -0.12960167E-02  0.12089218E-08
    5    6   -0.20956828E-02  0.11633445E-08  0.62897143E-02 -0.17846620E-09 -0.24812773E-02 -0.45129688E-09
    6    6   -0.31353912E-02 -0.16554917E-08 -0.22538150E-03  0.20960262E-08 -0.69755519E-03  0.23007469E-09
    7    6    0.11176149E-01 -0.67777936E-09 -0.17382361E-02 -0.20938825E-08 -0.56305675E-02  0.12554350E-08
    8    6   -0.75703803E-02  0.23728974E-08 -0.84208325E-02  0.11467843E-08  0.17457446E-01 -0.35639796E-08
    1    7    0.13552330E-02 -0.10485371E-08  0.20924089E-03 -0.73139476E-09 -0.14007025E-02 -0.10236162E-08
    2    7    0.13552349E-02 -0.92067571E-09  0.14007034E-02 -0.30467458E-09 -0.20924084E-03  0.16086232E-08
    3    7   -0.32400288E-02  0.12959553E-09 -0.17017326E-02  0.16029766E-08  0.17017337E-02 -0.12581083E-08
    4    7   -0.33663955E-02  0.15898930E-08  0.12960165E-02  0.95772156E-09 -0.12960161E-02  0.94045845E-10
    5    7    0.62897144E-02 -0.82777208E-09 -0.20956833E-02 -0.19447383E-09 -0.24812790E-02  0.30327552E-09
    6    7   -0.17382377E-02  0.49815387E-10  0.11176151E-01 -0.19840357E-08 -0.56305654E-02  0.32693484E-09
    7    7   -0.22538256E-03  0.71900971E-10 -0.31353926E-02  0.62668639E-09 -0.69755653E-03  0.19007639E-09
    8    7   -0.84208285E-02  0.23098967E-08 -0.75703803E-02  0.17187519E-08  0.17457444E-01 -0.27626024E-08
    1    8    0.39033544E-02 -0.29553777E-08  0.39033559E-02 -0.38645386E-08 -0.48911854E-02  0.31111029E-08
    2    8    0.39033549E-02  0.14361923E-08  0.48911848E-02  0.62739242E-09 -0.39033536E-02 -0.12095167E-08
    3    8    0.48911856E-02 -0.26147482E-08  0.39033549E-02 -0.10314792E-08 -0.39033550E-02  0.15930631E-08
    4    8   -0.38337609E-02  0.27825664E-08 -0.38337612E-02  0.23090411E-08  0.38337595E-02 -0.25842697E-08
    5    8   -0.65354704E-02 -0.18526493E-08 -0.65354694E-02 -0.12950783E-08  0.58749747E-02  0.20154515E-08
    6    8    0.52968523E-02 -0.11895788E-08  0.41866679E-02 -0.12283892E-09 -0.30293603E-02  0.39868848E-09
    7    8    0.41866678E-02  0.26499296E-08  0.52968509E-02  0.13878846E-08 -0.30293580E-02 -0.17496218E-08
    8    8   -0.46286432E-02 -0.60440227E-09 -0.46286427E-02  0.88914610E-09 -0.41511426E-02  0.14404776E-09

    2    0    0
    1    1    0.50711556E-03 -0.11072702E-15 -0.13381252E-02 -0.11167440E-15  0.50711556E-03 -0.11072702E-15
    2    1   -0.22724107E-01  0.71296143E-09  0.34085040E-02 -0.30611513E-09  0.21165010E-01  0.52655445E-09
    3    1   -0.26430723E-02  0.27567576E-08 -0.50271704E-02 -0.12355963E-08 -0.26430743E-02 -0.17904828E-08
    4    1    0.21165009E-01 -0.29525974E-08  0.34085052E-02 -0.20660993E-08 -0.22724106E-01  0.16065467E-08
    5    1    0.14377804E-02  0.25865876E-10 -0.30923981E-03  0.25915665E-08  0.14377809E-02  0.30782913E-09
    6    1    0.25453735E-03 -0.13614722E-08 -0.20953255E-02 -0.15503054E-08 -0.68380416E-03 -0.95869816E-09
    7    1   -0.11774965E-03 -0.87652828E-09  0.27370929E-02 -0.55059245E-09 -0.11774829E-03 -0.98679393E-09
    8    1   -0.68380244E-03  0.22204470E-10 -0.20953250E-02  0.81558396E-09  0.25453667E-03  0.10243231E-08
    1    2    0.21165010E-01 -0.52655407E-09  0.45268893E-02  0.17219125E-09 -0.22724107E-01 -0.71296110E-09
    2    2   -0.12103461E-08 -0.11042817E-15 -0.16349437E-01 -0.63378394E-16 -0.12103462E-08 -0.54825904E-16
    3    2    0.22419101E-01 -0.27900622E-08  0.61904839E-02  0.21025216E-08 -0.21470016E-01  0.20336296E-08
    4    2   -0.27349237E-01  0.15676481E-09  0.12441455E-04 -0.28327077E-09  0.25508601E-01  0.25465953E-08
    5    2    0.25110253E-02  0.48485889E-09  0.23811986E-02 -0.84341572E-09 -0.44279364E-03 -0.28769415E-08
    6    2    0.36921960E-02 -0.31310158E-08 -0.14353508E-02  0.48471838E-09 -0.45555263E-02  0.32348748E-08
    7    2   -0.45715951E-02  0.21561106E-08 -0.19168285E-02  0.19985945E-09  0.31716006E-02  0.15775461E-08
    8    2    0.32361175E-02  0.57900532E-09  0.26060630E-02 -0.77846969E-09 -0.17798619E-02 -0.23399280E-08
    1    3   -0.26430743E-02  0.17904825E-08 -0.50271682E-02  0.73229525E-09 -0.26430723E-02 -0.27567579E-08
    2    3   -0.21470016E-01 -0.20336293E-08  0.50720970E-02 -0.49828022E-09  0.22419101E-01  0.27900625E-08
    3    3   -0.50711695E-03 -0.54527052E-16 -0.13381223E-02 -0.11167440E-15 -0.50711695E-03 -0.54527053E-16
    4    3    0.22419105E-01 -0.20288446E-08  0.50720959E-02 -0.64708817E-10 -0.21470013E-01  0.91142202E-09
    5    3   -0.38245256E-02  0.11787560E-08 -0.84206149E-02 -0.76152706E-09 -0.38245252E-02 -0.45365446E-09
    6    3   -0.73091120E-02  0.21676160E-08  0.64223603E-02 -0.15852797E-09  0.72708322E-02 -0.25780205E-09
    7    3    0.10358200E-02 -0.16794038E-08 -0.31155863E-02 -0.17613823E-09  0.10358197E-02  0.10575122E-09
    8    3    0.72708298E-02 -0.10965735E-08  0.64223626E-02  0.20975188E-08 -0.73091146E-02  0.16224884E-08
    1    4   -0.22724106E-01 -0.16065480E-08  0.45268882E-02 -0.29343339E-08  0.21165009E-01  0.29525962E-08
    2    4    0.25508601E-01 -0.25465937E-08  0.12441769E-04  0.18382546E-08 -0.27349237E-01 -0.15676327E-09
    3    4   -0.21470013E-01 -0.91142347E-09  0.61904817E-02 -0.19931456E-08  0.22419105E-01  0.20288432E-08
    4    4   -0.28716691E-08 -0.54825904E-16 -0.16349435E-01 -0.63378394E-16 -0.28716691E-08 -0.11042817E-15
    5    4   -0.44279437E-03 -0.65008862E-09  0.23811988E-02 -0.16379459E-08  0.25110236E-02  0.29101963E-08
    6    4   -0.17798634E-02 -0.40779914E-10  0.26060648E-02  0.88118121E-09  0.32361177E-02 -0.14303941E-08
    7    4    0.31716022E-02  0.11923607E-08 -0.19168286E-02  0.12191595E-08 -0.45715937E-02 -0.89481619E-09
    8    4   -0.45555265E-02 -0.13802509E-08 -0.14353517E-02 -0.84864992E-09  0.36921965E-02 -0.69986342E-09
    1    5    0.14377809E-02 -0.30782848E-09 -0.16642521E-02  0.18214718E-08  0.14377804E-02 -0.25865222E-10
    2    5   -0.44279364E-03  0.28769416E-08  0.25054652E-02 -0.17579032E-08  0.25110253E-02 -0.48485874E-09
    3    5   -0.38245252E-02  0.45365407E-09 -0.98580593E-02 -0.76722237E-09 -0.38245256E-02 -0.11787564E-08
    4    5    0.25110236E-02 -0.29101953E-08  0.25054661E-02 -0.29052443E-08 -0.44279437E-03  0.65008958E-09
    5    5   -0.41572676E-03 -0.14552502E-16  0.44902427E-02 -0.13943802E-16 -0.41572676E-03 -0.14552502E-16
    6    5    0.15537168E-01  0.17564362E-08 -0.72135989E-02  0.29829163E-09 -0.14947021E-01 -0.14753271E-08
    7    5    0.98889400E-09 -0.20738041E-08  0.85006689E-02 -0.94393916E-09  0.12946222E-09 -0.94238367E-10
    8    5   -0.14947020E-01 -0.20412638E-09 -0.72135994E-02 -0.22758860E-08  0.15537169E-01  0.18121137E-08
    1    6   -0.68380416E-03  0.95869662E-09 -0.42830316E-02  0.90790737E-09  0.25453735E-03  0.13614706E-08
    2    6   -0.45555263E-02 -0.32348759E-08  0.36681576E-02  0.11407716E-08  0.36921960E-02  0.31310147E-08
    3    6    0.72708322E-02  0.25779983E-09 -0.11036978E-02 -0.91216479E-10 -0.73091120E-02 -0.21676183E-08
    4    6    0.32361177E-02  0.14303915E-08  0.20955155E-02  0.78668975E-09 -0.17798634E-02  0.40777292E-10
    5    6   -0.14947021E-01  0.14753268E-08 -0.38997641E-02 -0.14223353E-08  0.15537168E-01 -0.17564365E-08
    6    6   -0.44876985E-09 -0.14068304E-16  0.12546715E-01  0.23214265E-16 -0.44876984E-09  0.14068305E-16
    7    6   -0.15537168E-01  0.84649078E-10 -0.38997660E-02  0.27991957E-09  0.14947024E-01 -0.10224834E-08
    8    6    0.52680848E-01 -0.45616523E-08 -0.47211345E-02  0.14862463E-08 -0.52680849E-01  0.56385866E-08
    1    7   -0.11774829E-03  0.98679556E-09  0.68445243E-02 -0.11630460E-08 -0.11774965E-03  0.87652990E-09
    2    7    0.31716006E-02 -0.15775453E-08 -0.46921190E-02  0.13558557E-08 -0.45715951E-02 -0.21561097E-08
    3    7    0.10358197E-02 -0.10575061E-09  0.35087366E-02 -0.10473186E-08  0.10358200E-02  0.16794044E-08
    4    7   -0.45715937E-02  0.89481830E-09 -0.46921201E-02  0.64578533E-09  0.31716022E-02 -0.11923585E-08
    5    7    0.12946346E-09  0.94238044E-10  0.85006679E-02 -0.89623491E-09  0.98889522E-09  0.20738037E-08
    6    7    0.14947024E-01  0.10224824E-08 -0.72136010E-02 -0.37520390E-09 -0.15537168E-01 -0.84650095E-10
    7    7    0.41572311E-03  0.14552501E-16  0.44902453E-02 -0.13943806E-16  0.41572311E-03  0.14552502E-16
    8    7   -0.15537170E-01 -0.12503775E-08 -0.72136000E-02 -0.80900445E-09  0.14947020E-01 -0.19858628E-08
    1    8    0.25453667E-03 -0.10243228E-08 -0.42830304E-02 -0.13743927E-08 -0.68380244E-03 -0.22204111E-10
    2    8   -0.17798619E-02  0.23399283E-08  0.20955167E-02 -0.77119760E-09  0.32361175E-02 -0.57900502E-09
    3    8   -0.73091146E-02 -0.16224887E-08 -0.11036994E-02  0.14410227E-08  0.72708298E-02  0.10965732E-08
    4    8    0.36921965E-02  0.69986404E-09  0.36681590E-02  0.15886356E-08 -0.45555265E-02  0.13802515E-08
    5    8    0.15537169E-01 -0.18121136E-08 -0.38997644E-02 -0.12610212E-08 -0.14947020E-01  0.20412649E-09
    6    8   -0.52680849E-01 -0.56385848E-08 -0.47211348E-02 -0.16178982E-08  0.52680848E-01  0.45616541E-08
    7    8    0.14947020E-01  0.19858617E-08 -0.38997663E-02 -0.58244117E-09 -0.15537170E-01  0.12503764E-08
    8    8    0.51240881E-10  0.14068306E-16  0.12546715E-01  0.23214264E-16  0.51240849E-10 -0.14068305E-16

    2    1   -2
    1    1   -0.66962691E-03  0.94031641E-09 -0.70300123E-03  0.61121629E-09 -0.70300123E-03  0.61121623E-09
    2    1   -0.93025197E-04 -0.49694288E-09 -0.99054458E-09 -0.25302117E-08  0.11301774E-08 -0.59095989E-09
    3    1   -0.41968024E-03 -0.75144668E-09  0.14077275E-02  0.26896453E-08 -0.20083618E-02 -0.20444580E-09
    4    1   -0.41968065E-03  0.91851956E-09 -0.20083620E-02  0.72109121E-09  0.14077270E-02  0.19311264E-09
    5    1   -0.12902282E-02 -0.11179492E-08 -0.92241043E-04 -0.21816009E-08 -0.92242890E-04 -0.75953462E-09
    6    1    0.11979201E-02 -0.26388040E-08 -0.70246891E-03 -0.20064513E-08 -0.70246822E-03 -0.39212349E-08
    7    1   -0.30605432E-03  0.10346504E-08  0.23539601E-02 -0.10453967E-08 -0.80382765E-03  0.21469133E-08
    8    1   -0.30605486E-03  0.25331919E-09 -0.80382775E-03  0.14925838E-08  0.23539612E-02 -0.34722849E-09
    1    2    0.21761655E-02  0.81376685E-09 -0.32089672E-10 -0.14115681E-08  0.15390594E-08 -0.37851407E-09
    2    2   -0.66962754E-03  0.43191894E-09  0.70300120E-03  0.10823584E-08  0.70300120E-03  0.10823607E-08
    3    2   -0.63169037E-03  0.92295809E-09  0.15495476E-02 -0.36050184E-08 -0.17658643E-02  0.26589831E-08
    4    2   -0.63168883E-03 -0.69787763E-10 -0.17658650E-02  0.25911769E-08  0.15495461E-02 -0.74876189E-09
    5    2    0.90614721E-03  0.11901124E-08  0.92264287E-03  0.17923918E-09  0.92264403E-03 -0.12504281E-08
    6    2    0.16089899E-02  0.33940623E-08 -0.74707327E-03  0.17247069E-08 -0.74707411E-03  0.35276065E-08
    7    2   -0.81308624E-03 -0.85802408E-09  0.26034677E-04  0.33343866E-08 -0.79659076E-03 -0.23014897E-08
    8    2   -0.81308657E-03 -0.18611258E-08 -0.79659051E-03 -0.26907979E-08  0.26035668E-04  0.28537886E-08
    1    3   -0.21404545E-02 -0.22099636E-08 -0.15495475E-02  0.15906411E-08  0.17658647E-02 -0.16991096E-09
    2    3   -0.87131829E-03  0.15691002E-08 -0.14077266E-02  0.22362773E-09  0.20083615E-02  0.18229414E-08
    3    3    0.74434685E-03 -0.22201139E-09 -0.53686065E-10  0.81405274E-09 -0.53686080E-10  0.81405184E-09
    4    3    0.15127560E-02  0.49464471E-09  0.28749034E-02 -0.35314439E-08 -0.28749045E-02 -0.84867301E-09
    5    3    0.33411047E-04 -0.99294470E-09  0.10732215E-02  0.13245743E-08 -0.46436329E-03  0.33321179E-09
    6    3    0.30422679E-03 -0.86944679E-09  0.11152822E-02 -0.43084435E-08 -0.15961608E-02 -0.31288916E-08
    7    3    0.12592930E-02 -0.39705080E-09 -0.25578037E-02 -0.39996186E-08  0.24572785E-02  0.39977562E-09
    8    3   -0.17026368E-02 -0.23108559E-09 -0.66282439E-03  0.32920333E-08  0.95737946E-03 -0.82431951E-09
    1    4   -0.21404555E-02  0.15709311E-08  0.17658635E-02  0.94433472E-09 -0.15495480E-02 -0.23755545E-08
    2    4   -0.87131786E-03 -0.68326282E-09  0.20083625E-02  0.14892369E-08 -0.14077285E-02  0.19691094E-09
    3    4    0.15127575E-02  0.28388414E-09 -0.28749038E-02 -0.26586135E-08  0.28749039E-02  0.10496389E-09
    4    4    0.74434728E-03 -0.31775527E-10  0.80425489E-09  0.11865299E-08  0.80425492E-09  0.11865296E-08
    5    4    0.33408906E-04  0.68890051E-09 -0.46436501E-03  0.99966564E-09  0.10732213E-02 -0.30665460E-09
    6    4    0.30422755E-03 -0.57216924E-09 -0.15961607E-02 -0.19743589E-08  0.11152822E-02 -0.44948972E-08
    7    4   -0.17026362E-02  0.40510513E-10  0.95738005E-03  0.22405808E-08 -0.66282396E-03 -0.48339068E-09
    8    4    0.12592942E-02 -0.59272054E-10  0.24572789E-02 -0.40166508E-08 -0.25578048E-02  0.15889563E-09
    1    5    0.35087384E-02 -0.33672589E-09 -0.10358194E-02  0.45830609E-09 -0.10358178E-02  0.12023527E-08
    2    5    0.68445224E-02  0.26964346E-09  0.11774662E-03 -0.14467370E-08  0.11774842E-03 -0.10539387E-08
    3    5   -0.46921202E-02 -0.40383969E-09  0.45715947E-02  0.80437943E-09 -0.31716031E-02 -0.12646524E-08
    4    5   -0.46921202E-02 -0.69396772E-09 -0.31716033E-02 -0.75896626E-10  0.45715933E-02  0.14233255E-09
    5    5   -0.25957624E-03  0.10598869E-08 -0.13699499E-03  0.45139663E-09 -0.13699499E-03  0.45139663E-09
    6    5   -0.24649948E-02 -0.10499411E-08  0.16504306E-02  0.19518481E-08  0.16504317E-02  0.14312943E-08
    7    5    0.79569293E-03  0.11144988E-08 -0.71933665E-03 -0.27096761E-08  0.10171577E-02  0.23311935E-08
    8    5    0.79569206E-03  0.21576190E-08  0.10171571E-02  0.17999047E-08 -0.71933705E-03 -0.23570634E-08
    1    6   -0.98580577E-02 -0.15078891E-08  0.38245241E-02 -0.15352962E-09  0.38245250E-02  0.18099703E-09
    2    6   -0.16642497E-02  0.31133170E-08 -0.14377822E-02  0.21952826E-09 -0.14377826E-02  0.12631042E-08
    3    6    0.25054651E-02 -0.13326951E-08 -0.25110212E-02  0.51041717E-09  0.44279629E-03  0.13396694E-08
    4    6    0.25054648E-02 -0.49538969E-09  0.44279675E-03  0.12118656E-08 -0.25110204E-02 -0.22116719E-08
    5    6   -0.55082542E-03 -0.35862460E-09  0.26969875E-02 -0.13991055E-08  0.26969875E-02 -0.28259543E-09
    6    6   -0.25957758E-03  0.62733406E-09  0.13699528E-03  0.49333795E-09  0.13699528E-03  0.49333926E-09
    7    6    0.16123284E-02 -0.46427028E-09 -0.12340852E-02 -0.19072479E-09  0.15005844E-02  0.40624698E-09
    8    6    0.16123286E-02  0.70190447E-09  0.15005837E-02  0.53250981E-10 -0.12340855E-02  0.43958766E-09
    1    7   -0.11037008E-02  0.70753832E-09  0.73091124E-02 -0.27506484E-08 -0.72708317E-02 -0.20495511E-10
    2    7   -0.42830299E-02 -0.15925589E-08 -0.25453542E-03  0.32898284E-08  0.68380509E-03 -0.17250842E-08
    3    7    0.36681592E-02  0.37900278E-09 -0.36921964E-02 -0.27651265E-08  0.45555243E-02  0.17958656E-09
    4    7    0.20955155E-02  0.16050745E-08  0.17798597E-02 -0.36762418E-10 -0.32361164E-02  0.13354560E-08
    5    7   -0.17422816E-02  0.30437168E-09  0.13759139E-02 -0.48668059E-09 -0.13587539E-02  0.45888696E-09
    6    7    0.17248069E-02  0.12512162E-08  0.13324833E-02 -0.18484502E-08 -0.40400980E-03  0.10790347E-08
    7    7   -0.28664377E-03  0.53860288E-09  0.41054926E-09 -0.17092965E-09  0.41054924E-09 -0.17093218E-09
    8    7   -0.68447700E-03 -0.18804100E-08 -0.30418903E-02 -0.65772474E-09  0.26868848E-02  0.16172114E-08
    1    8   -0.11036985E-02  0.82307143E-09 -0.72708285E-02  0.66719035E-09  0.73091089E-02 -0.66776004E-09
    2    8   -0.42830326E-02 -0.17326974E-08  0.68380513E-03 -0.12270739E-08 -0.25453531E-03  0.14902592E-08
    3    8    0.20955159E-02  0.17981264E-08 -0.32361203E-02  0.19198483E-08  0.17798642E-02  0.91253655E-10
    4    8    0.36681599E-02 -0.44194833E-09  0.45555280E-02 -0.97210390E-09 -0.36921977E-02 -0.10412142E-09
    5    8   -0.17422794E-02  0.37979053E-10 -0.13587541E-02  0.12483032E-08  0.13759138E-02 -0.91263103E-09
    6    8    0.17248096E-02  0.18520094E-08 -0.40400950E-03 -0.14446594E-08  0.13324816E-02 -0.44319535E-09
    7    8   -0.68447905E-03 -0.33174162E-09  0.26868838E-02  0.84285099E-09 -0.30418913E-02 -0.43309328E-09
    8    8   -0.28664523E-03 -0.40139043E-09  0.45110869E-09  0.20319830E-09  0.45110868E-09  0.20319723E-09

    2    1   -1
    1    1   -0.70300015E-03  0.25567034E-09 -0.66962646E-03 -0.23738696E-09 -0.70300015E-03  0.25567025E-09
    2    1    0.14077281E-02  0.28984737E-08 -0.41968152E-03  0.20683124E-08 -0.20083628E-02  0.61115731E-09
    3    1   -0.98473281E-09 -0.22942124E-08 -0.93023757E-04 -0.10612626E-08 -0.30491490E-09  0.67405470E-09
    4    1   -0.20083620E-02  0.72728492E-09 -0.41968082E-03  0.49041669E-09  0.14077279E-02 -0.42273390E-09
    5    1   -0.92241423E-04 -0.15659322E-08 -0.12902290E-02 -0.16708651E-08 -0.92241719E-04 -0.17470542E-08
    6    1    0.23539605E-02 -0.65082542E-09 -0.30605305E-03 -0.11779739E-08 -0.80382953E-03  0.26326512E-08
    7    1   -0.70246768E-03 -0.24110722E-08  0.11979188E-02  0.25523922E-09 -0.70246899E-03 -0.41086277E-08
    8    1   -0.80382913E-03  0.15669011E-08 -0.30605469E-03  0.59062690E-09  0.23539637E-02  0.14050447E-08
    1    2   -0.15495481E-02  0.69845258E-09 -0.21404552E-02 -0.93348624E-09  0.17658655E-02 -0.32598309E-09
    2    2    0.70320014E-09 -0.86174008E-09  0.74434771E-03  0.78054035E-10  0.70320006E-09 -0.86174015E-09
    3    2   -0.14077257E-02  0.20896385E-08 -0.87132100E-03 -0.10476924E-09  0.20083613E-02  0.11612382E-08
    4    2    0.28749035E-02 -0.20767702E-08  0.15127569E-02  0.15287256E-09 -0.28749046E-02 -0.73723511E-10
    5    2    0.10732211E-02  0.18322195E-08  0.33411862E-04 -0.32087925E-09 -0.46436406E-03  0.21731323E-08
    6    2   -0.25578016E-02 -0.25874383E-08  0.12592915E-02 -0.11191151E-09  0.24572775E-02 -0.12732056E-08
    7    2    0.11152813E-02 -0.57412547E-08  0.30422944E-03 -0.96576925E-09 -0.15961600E-02 -0.27103849E-08
    8    2   -0.66282559E-03  0.32057610E-08 -0.17026383E-02  0.49452352E-09  0.95738072E-03 -0.69602518E-09
    1    3    0.13364528E-08 -0.11208845E-08  0.21761652E-02 -0.82581475E-10 -0.19695188E-09  0.56169537E-09
    2    3    0.15495433E-02  0.13907157E-08 -0.63168920E-03 -0.12778460E-08 -0.17658639E-02  0.98592229E-10
    3    3    0.70300133E-03 -0.63278563E-10 -0.66962739E-03 -0.42025793E-09  0.70300133E-03 -0.63278548E-10
    4    3   -0.17658625E-02  0.20098137E-08 -0.63168977E-03  0.28267521E-09  0.15495469E-02 -0.80690288E-09
    5    3    0.92264487E-03 -0.75810292E-09  0.90614601E-03  0.77391568E-09  0.92264296E-03  0.77705051E-10
    6    3    0.26033853E-04  0.47190274E-09 -0.81308461E-03  0.68085775E-09 -0.79658947E-03 -0.19266210E-08
    7    3   -0.74707282E-03  0.36543020E-08  0.16089898E-02  0.22554463E-08 -0.74707260E-03  0.20024075E-08
    8    3   -0.79659177E-03 -0.19908797E-08 -0.81308577E-03 -0.19641812E-08  0.26033379E-04  0.17532717E-08
    1    4    0.17658626E-02 -0.88926859E-09 -0.21404543E-02  0.11023542E-08 -0.15495510E-02 -0.23349475E-08
    2    4   -0.28749012E-02 -0.14573142E-08  0.15127556E-02 -0.10600503E-08  0.28749034E-02  0.65967222E-09
    3    4    0.20083612E-02  0.30871689E-08 -0.87131912E-03  0.14611905E-08 -0.14077265E-02 -0.52697936E-09
    4    4    0.43567755E-09  0.54510922E-09  0.74434777E-03  0.50602436E-09  0.43567770E-09  0.54510906E-09
    5    4   -0.46436494E-03  0.13003726E-11  0.33411456E-04  0.24883864E-09  0.10732218E-02 -0.17769439E-09
    6    4    0.95737870E-03  0.31665948E-08 -0.17026371E-02  0.37239359E-09 -0.66282387E-03  0.10541800E-08
    7    4   -0.15961616E-02 -0.29335899E-08  0.30422835E-03 -0.16437597E-08  0.11152812E-02 -0.30611077E-08
    8    4    0.24572808E-02 -0.24059025E-08  0.12592931E-02  0.32748892E-09 -0.25578060E-02 -0.60671116E-09
    1    5   -0.10358169E-02  0.50802043E-09  0.35087391E-02 -0.74494806E-09 -0.10358152E-02  0.14902272E-08
    2    5    0.45715944E-02  0.19163902E-08 -0.46921201E-02  0.16138133E-08 -0.31716040E-02  0.96051251E-09
    3    5    0.11774729E-03 -0.21349024E-08  0.68445259E-02 -0.12295644E-09  0.11774697E-03  0.22321785E-09
    4    5   -0.31716047E-02  0.13509439E-08 -0.46921222E-02  0.12423985E-08  0.45715935E-02 -0.11107246E-08
    5    5   -0.13699402E-03  0.14275979E-09 -0.25957666E-03  0.70214556E-09 -0.13699402E-03  0.14275979E-09
    6    5   -0.71933798E-03 -0.32076480E-08  0.79569285E-03 -0.19617354E-09  0.10171578E-02  0.14988965E-08
    7    5    0.16504320E-02  0.22237860E-08 -0.24649983E-02 -0.33186740E-09  0.16504308E-02  0.66729902E-09
    8    5    0.10171589E-02  0.10661430E-08  0.79569415E-03  0.15864119E-08 -0.71933525E-03 -0.46409834E-09
    1    6    0.73091097E-02  0.37558192E-09 -0.11037007E-02 -0.77783405E-09 -0.72708336E-02  0.22285852E-08
    2    6   -0.36921957E-02 -0.80097936E-09  0.36681593E-02  0.54102949E-09  0.45555265E-02 -0.13335380E-09
    3    6   -0.25453643E-03 -0.96290105E-10 -0.42830345E-02 -0.10115348E-08  0.68380571E-03 -0.25872533E-08
    4    6    0.17798613E-02  0.12869668E-08  0.20955184E-02 -0.11966896E-08 -0.32361181E-02 -0.58367096E-09
    5    6    0.13759134E-02 -0.46656432E-09 -0.17422802E-02  0.40769984E-09 -0.13587538E-02  0.23502101E-08
    6    6    0.13296706E-09 -0.88170451E-09 -0.28664269E-03 -0.71446141E-09  0.13296708E-09 -0.88170455E-09
    7    6    0.13324820E-02  0.15214881E-08  0.17248100E-02  0.17856086E-08 -0.40400980E-03  0.10519213E-08
    8    6   -0.30418878E-02 -0.11122488E-08 -0.68448013E-03  0.12506218E-09  0.26868835E-02  0.41318287E-11
    1    7    0.38245213E-02 -0.12273575E-08 -0.98580574E-02  0.23073774E-09  0.38245226E-02 -0.77555276E-09
    2    7   -0.25110223E-02 -0.13060686E-09  0.25054655E-02 -0.75894857E-09  0.44279387E-03  0.16993065E-09
    3    7   -0.14377803E-02  0.20794003E-08 -0.16642507E-02  0.20817659E-08 -0.14377787E-02  0.39542805E-09
    4    7    0.44279722E-03 -0.13957006E-08  0.25054630E-02 -0.48924764E-09 -0.25110211E-02  0.54077174E-09
    5    7    0.26969876E-02 -0.79946259E-09 -0.55082268E-03 -0.57903970E-10  0.26969883E-02 -0.20154027E-10
    6    7   -0.12340811E-02  0.17164367E-08  0.16123254E-02 -0.41120087E-09  0.15005833E-02  0.11088805E-09
    7    7    0.13699622E-03 -0.57577060E-09 -0.25957796E-03  0.24257451E-09  0.13699622E-03 -0.57577058E-09
    8    7    0.15005807E-02  0.16070427E-08  0.16123285E-02 -0.25518042E-09 -0.12340852E-02 -0.12678406E-09
    1    8   -0.72708272E-02  0.31511545E-08 -0.11036997E-02  0.17409714E-08  0.73091122E-02 -0.24480267E-08
    2    8   -0.32361190E-02 -0.40807559E-08  0.20955164E-02 -0.13187812E-08  0.17798626E-02  0.17317774E-08
    3    8    0.68380471E-03  0.13368499E-08 -0.42830324E-02 -0.74242445E-09 -0.25453835E-03 -0.31597356E-09
    4    8    0.45555264E-02 -0.21539686E-08  0.36681611E-02 -0.33176559E-09 -0.36921961E-02  0.40555749E-09
    5    8   -0.13587528E-02  0.33333939E-08 -0.17422819E-02  0.18209913E-08  0.13759135E-02 -0.74521997E-09
    6    8    0.26868841E-02  0.23288172E-08 -0.68447781E-03  0.14791552E-08 -0.30418911E-02 -0.27848419E-08
    7    8   -0.40400932E-03 -0.23584506E-08  0.17248098E-02  0.36614802E-09  0.13324846E-02  0.10038163E-08
    8    8   -0.14279167E-09 -0.53575936E-09 -0.28664392E-03 -0.31537148E-09 -0.14279166E-09 -0.53575938E-09

    2    2   -2
    1    1   -0.67871056E-15  0.16394175E-18 -0.69085362E-15 -0.85491701E-18 -0.76544673E-15  0.96499907E-18
    2    1    0.67912141E-03 -0.62543088E-08 -0.30904958E-03 -0.68019165E-09 -0.30905050E-03 -0.15359215E-08
    3    1   -0.30904989E-03 -0.12549040E-08  0.67911992E-03 -0.53359421E-08 -0.30905039E-03 -0.26083634E-08
    4    1   -0.30905249E-03 -0.16674703E-08 -0.30905033E-03 -0.26903379E-08  0.67911906E-03 -0.25604974E-08
    5    1   -0.91448268E-04  0.24708018E-08 -0.91449227E-04  0.30787061E-08 -0.91446822E-04  0.10439676E-08
    6    1    0.20805317E-04  0.73337096E-09 -0.80181592E-03 -0.12945457E-08 -0.80181768E-03 -0.24968557E-09
    7    1   -0.80181594E-03  0.14931266E-10  0.20808297E-04  0.97305930E-09 -0.80181614E-03  0.13921113E-10
    8    1   -0.80181376E-03 -0.11573675E-08 -0.80181564E-03 -0.13746589E-08  0.20808460E-04  0.11475130E-08
    1    2   -0.67912141E-03 -0.62543112E-08  0.30904958E-03 -0.68019187E-09  0.30905050E-03 -0.15359239E-08
    2    2   -0.73161963E-15  0.16394182E-18  0.16579620E-14 -0.16394181E-18 -0.92937810E-15  0.53860369E-19
    3    2   -0.98816991E-03 -0.39925595E-08  0.98817145E-03 -0.27565450E-08  0.90253332E-09  0.16296970E-08
    4    2   -0.98816949E-03 -0.98327138E-09  0.12235754E-08  0.32111354E-08  0.98817033E-03 -0.22145048E-08
    5    2    0.19013663E-02 -0.23198585E-08 -0.81007550E-03  0.56618625E-09 -0.81007435E-03 -0.20830366E-08
    6    2   -0.20501883E-02 -0.24606660E-08  0.29648968E-02 -0.93980747E-09  0.29648954E-02 -0.22138607E-08
    7    2   -0.48283161E-03  0.15692687E-08  0.11373681E-02 -0.49517595E-09 -0.20204230E-02  0.25688049E-08
    8    2   -0.48283604E-03  0.14276294E-08 -0.20204227E-02 -0.13771986E-08  0.11373700E-02 -0.38004318E-09
    1    3    0.30904989E-03 -0.12549029E-08 -0.67911992E-03 -0.53359431E-08  0.30905039E-03 -0.26083623E-08
    2    3    0.98816991E-03 -0.39925572E-08 -0.98817145E-03 -0.27565447E-08 -0.90253262E-09  0.16296993E-08
    3    3   -0.30249241E-16  0.96499906E-18 -0.86833752E-15 -0.96499900E-18 -0.45861752E-16  0.16394167E-18
    4    3    0.23039644E-08  0.11139077E-08 -0.98817158E-03 -0.21104957E-08  0.98817197E-03 -0.12651223E-08
    5    3   -0.81007436E-03  0.59963829E-09  0.19013706E-02 -0.18195447E-08 -0.81007449E-03 -0.18567488E-08
    6    3    0.11373708E-02  0.21456841E-08 -0.48283488E-03 -0.44872809E-09 -0.20204208E-02  0.21467269E-08
    7    3    0.29648960E-02 -0.34077843E-08 -0.20501890E-02 -0.13744544E-08  0.29648964E-02 -0.18034253E-08
    8    3   -0.20204247E-02 -0.82766048E-09 -0.48283625E-03  0.13922843E-08  0.11373675E-02  0.14776661E-09
    1    4    0.30905249E-03 -0.16674702E-08  0.30905033E-03 -0.26903379E-08 -0.67911906E-03 -0.25604973E-08
    2    4    0.98816949E-03 -0.98326924E-09 -0.12235748E-08  0.32111358E-08 -0.98817033E-03 -0.22145026E-08
    3    4   -0.23039637E-08  0.11139078E-08  0.98817158E-03 -0.21104959E-08 -0.98817197E-03 -0.12651221E-08
    4    4   -0.38857806E-15  0.85491680E-18 -0.77325299E-15 -0.16394202E-18 -0.33653635E-15  0.96499887E-18
    5    4   -0.81007066E-03 -0.30760489E-08 -0.81007418E-03 -0.31921937E-08  0.19013688E-02 -0.74020462E-09
    6    4    0.11373694E-02 -0.12202816E-08 -0.20204207E-02  0.41887205E-09 -0.48283362E-03  0.57382235E-09
    7    4   -0.20204253E-02  0.21612317E-08  0.11373695E-02  0.19328091E-08 -0.48283523E-03 -0.33943073E-09
    8    4    0.29648952E-02  0.11144628E-08  0.29648961E-02  0.98174423E-09 -0.20501886E-02 -0.12830697E-08
    1    5    0.91448268E-04  0.24708016E-08  0.91449227E-04  0.30787059E-08  0.91446822E-04  0.10439674E-08
    2    5   -0.19013663E-02 -0.23198596E-08  0.81007550E-03  0.56618653E-09  0.81007435E-03 -0.20830377E-08
    3    5    0.81007436E-03  0.59963911E-09 -0.19013706E-02 -0.18195459E-08  0.81007449E-03 -0.18567480E-08
    4    5    0.81007066E-03 -0.30760494E-08  0.81007418E-03 -0.31921935E-08 -0.19013688E-02 -0.74020512E-09
    5    5   -0.15460723E-15 -0.24315932E-18 -0.19537323E-15  0.77539396E-18 -0.14680097E-15 -0.69092840E-18
    6    5   -0.22622941E-08 -0.62793458E-08 -0.34804565E-03  0.22683067E-09 -0.34804562E-03  0.39981377E-09
    7    5   -0.34804453E-03  0.49182947E-11  0.14646655E-08 -0.52403723E-08 -0.34804355E-03 -0.23522726E-09
    8    5   -0.34804068E-03 -0.82604008E-09 -0.34804303E-03 -0.46743451E-09  0.98050045E-09 -0.62617654E-08
    1    6   -0.20805317E-04  0.73337289E-09  0.80181592E-03 -0.12945430E-08  0.80181768E-03 -0.24968364E-09
    2    6    0.20501883E-02 -0.24606695E-08 -0.29648968E-02 -0.93980669E-09 -0.29648954E-02 -0.22138641E-08
    3    6   -0.11373708E-02  0.21456867E-08  0.48283488E-03 -0.44872608E-09  0.20204208E-02  0.21467295E-08
    4    6   -0.11373694E-02 -0.12202801E-08  0.20204207E-02  0.41887518E-09  0.48283362E-03  0.57382386E-09
    5    6    0.22622931E-08 -0.62793472E-08  0.34804565E-03  0.22683031E-09  0.34804562E-03  0.39981229E-09
    6    6    0.21139232E-14 -0.24315864E-18  0.34696638E-14  0.24315887E-18  0.21534966E-14 -0.32762498E-18
    7    6   -0.34804492E-03 -0.58250844E-09  0.34804344E-03  0.10755671E-08 -0.24023175E-08  0.52720135E-08
    8    6   -0.34804446E-03  0.72593947E-10 -0.18144816E-08  0.81761910E-08  0.34804423E-03 -0.20917272E-09
    1    7    0.80181594E-03  0.14932075E-10 -0.20808297E-04  0.97305845E-09  0.80181614E-03  0.13921917E-10
    2    7    0.48283161E-03  0.15692683E-08 -0.11373681E-02 -0.49517699E-09  0.20204230E-02  0.25688045E-08
    3    7   -0.29648960E-02 -0.34077824E-08  0.20501890E-02 -0.13744562E-08 -0.29648964E-02 -0.18034235E-08
    4    7    0.20204253E-02  0.21612324E-08 -0.11373695E-02  0.19328084E-08  0.48283523E-03 -0.33943010E-09
    5    7    0.34804453E-03  0.49182187E-11 -0.14646669E-08 -0.52403725E-08  0.34804355E-03 -0.23522732E-09
    6    7    0.34804492E-03 -0.58250776E-09 -0.34804344E-03  0.10755691E-08  0.24023163E-08  0.52720142E-08
    7    7    0.12338221E-14 -0.69092814E-18 -0.12849964E-14  0.69092833E-18  0.12156075E-14 -0.24315896E-18
    8    7   -0.13222175E-08  0.61293144E-08 -0.34804177E-03 -0.72177343E-09  0.34804161E-03  0.12265660E-08
    1    8    0.80181376E-03 -0.11573679E-08  0.80181564E-03 -0.13746585E-08 -0.20808460E-04  0.11475125E-08
    2    8    0.48283604E-03  0.14276278E-08  0.20204227E-02 -0.13771985E-08 -0.11373700E-02 -0.38004475E-09
    3    8    0.20204247E-02 -0.82766029E-09  0.48283625E-03  0.13922840E-08 -0.11373675E-02  0.14776683E-09
    4    8   -0.29648952E-02  0.11144632E-08 -0.29648961E-02  0.98174374E-09  0.20501886E-02 -0.12830693E-08
    5    8    0.34804068E-03 -0.82603969E-09  0.34804303E-03 -0.46743513E-09 -0.98050079E-09 -0.62617650E-08
    6    8    0.34804446E-03  0.72594577E-10  0.18144814E-08  0.81761930E-08 -0.34804423E-03 -0.20917211E-09
    7    8    0.13222175E-08  0.61293161E-08  0.34804177E-03 -0.72177508E-09 -0.34804161E-03  0.12265677E-08
    8    8    0.50653925E-15 -0.77539362E-18 -0.53190959E-15  0.24315924E-18  0.48268681E-15 -0.69092795E-18

    3   -1   -1
    1    1   -0.14965831E-02 -0.73376287E-09 -0.14965836E-02  0.50488962E-09 -0.14965845E-02 -0.27039270E-08
    2    1   -0.31516300E-02 -0.19141340E-08 -0.33514635E-02  0.26668328E-08 -0.33514617E-02  0.24644955E-08
    3    1   -0.33514625E-02  0.11547180E-08 -0.31516303E-02 -0.14329934E-08 -0.33514622E-02 -0.15073949E-08
    4    1   -0.33514645E-02 -0.95033830E-09 -0.33514627E-02 -0.17081243E-08 -0.31516295E-02  0.12884671E-08
    5    1    0.77175787E-02  0.16000522E-08  0.77175776E-02  0.18135372E-09  0.77175757E-02 -0.27972181E-08
    6    1    0.11480235E-02 -0.58650643E-09 -0.28759610E-02  0.71737364E-09 -0.28759611E-02  0.17674471E-09
    7    1   -0.28759624E-02 -0.55740198E-09  0.11480260E-02 -0.11876896E-09 -0.28759624E-02  0.11780735E-08
    8    1   -0.28759605E-02  0.39438017E-09 -0.28759620E-02  0.53786569E-09  0.11480241E-02  0.68680993E-09
    1    2   -0.39084259E-02 -0.16344294E-08  0.37183232E-03  0.52441173E-09  0.37183313E-03 -0.87224840E-11
    2    2   -0.14965835E-02  0.18691339E-08  0.14965835E-02 -0.14751777E-08  0.14965833E-02 -0.19713449E-08
    3    2   -0.86574263E-03 -0.19804615E-08  0.36143543E-02  0.26882213E-08  0.34145165E-02  0.13927721E-08
    4    2   -0.86574035E-03  0.19555578E-08  0.34145164E-02 -0.54818212E-09  0.36143531E-02  0.10226911E-08
    5    2    0.69340920E-02 -0.24031205E-08 -0.90526431E-02  0.26341130E-08 -0.90526425E-02  0.15408074E-08
    6    2    0.20739962E-02 -0.95932697E-09 -0.49640543E-02 -0.51911264E-10 -0.49640529E-02  0.32706859E-09
    7    2   -0.21279476E-02  0.22038688E-08 -0.31892243E-02 -0.16566344E-08  0.12686263E-01 -0.26153873E-08
    8    2   -0.21279499E-02  0.10614670E-08  0.12686267E-01 -0.72121802E-09 -0.31892235E-02 -0.12746221E-09
    1    3    0.37183145E-03  0.28324938E-08 -0.39084269E-02  0.56650892E-09  0.37183114E-03 -0.23410130E-10
    2    3    0.36143517E-02 -0.30789167E-08 -0.86574094E-03  0.67845307E-09  0.34145173E-02  0.12215193E-08
    3    3    0.14965843E-02  0.57353856E-09 -0.14965841E-02 -0.66789549E-10  0.14965834E-02 -0.24076045E-08
    4    3    0.34145183E-02 -0.33107299E-08 -0.86573996E-03 -0.99995340E-09  0.36143532E-02 -0.78802369E-09
    5    3   -0.90526440E-02  0.35189933E-08  0.69340907E-02 -0.26475412E-09 -0.90526447E-02  0.11115414E-09
    6    3   -0.31892220E-02  0.16813896E-08 -0.21279494E-02 -0.26488678E-08  0.12686265E-01 -0.20384651E-09
    7    3   -0.49640543E-02 -0.30047420E-08  0.20739983E-02  0.22556109E-08 -0.49640537E-02  0.48120490E-10
    8    3    0.12686265E-01 -0.23154203E-09 -0.21279491E-02  0.13728303E-08 -0.31892227E-02 -0.13862237E-08
    1    4    0.37183003E-03 -0.26970692E-08  0.37183144E-03 -0.33995484E-08 -0.39084262E-02 -0.88854363E-09
    2    4    0.36143532E-02  0.56146207E-09  0.34145177E-02  0.99301712E-09 -0.86574041E-03  0.14145773E-08
    3    4    0.34145176E-02 -0.20514805E-08  0.36143525E-02 -0.23799426E-09 -0.86573986E-03  0.41048367E-10
    4    4    0.14965851E-02  0.27033965E-10  0.14965852E-02  0.59665482E-09 -0.14965841E-02 -0.86819450E-09
    5    4   -0.90526456E-02 -0.12749762E-08 -0.90526447E-02 -0.17814117E-08  0.69340911E-02  0.26748252E-09
    6    4   -0.31892233E-02 -0.71431569E-09  0.12686267E-01  0.18235201E-08 -0.21279503E-02 -0.25026111E-08
    7    4    0.12686265E-01 -0.13195302E-09 -0.31892239E-02 -0.47135199E-09 -0.21279466E-02  0.10275505E-08
    8    4   -0.49640531E-02 -0.31549731E-09 -0.49640546E-02 -0.11020519E-08  0.20739969E-02  0.15713250E-08
    1    5    0.38337621E-02  0.28875033E-08  0.38337604E-02  0.12576837E-08  0.38337604E-02  0.18042185E-08
    2    5   -0.48911852E-02 -0.31471125E-09 -0.39033542E-02  0.39204001E-09 -0.39033540E-02  0.88219970E-09
    3    5   -0.39033549E-02  0.77307602E-10 -0.48911865E-02 -0.90753598E-09 -0.39033549E-02  0.25183673E-10
    4    5   -0.39033558E-02 -0.11194267E-08 -0.39033546E-02 -0.17866390E-09 -0.48911852E-02 -0.33944602E-09
    5    5   -0.11457190E-02 -0.15327616E-08 -0.11457186E-02 -0.15808867E-08 -0.11457188E-02 -0.14976721E-08
    6    5    0.76553888E-03  0.17495771E-08 -0.66998890E-03  0.17510229E-08 -0.66998714E-03  0.29729491E-08
    7    5   -0.66998925E-03  0.65984861E-09  0.76553864E-03 -0.29422846E-10 -0.66998970E-03  0.61188779E-09
    8    5   -0.66998823E-03 -0.21965306E-08 -0.66998929E-03 -0.10083869E-08  0.76553876E-03 -0.90818518E-09
    1    6    0.33663925E-02 -0.46286315E-09 -0.12960163E-02  0.33192755E-08 -0.12960162E-02 -0.30574071E-10
    2    6    0.32400288E-02 -0.69049311E-09  0.17017315E-02 -0.23136550E-08  0.17017337E-02  0.84290548E-09
    3    6   -0.13552340E-02  0.12041748E-09 -0.14007014E-02  0.49319222E-09 -0.20924007E-03  0.22962473E-09
    4    6   -0.13552325E-02 -0.21847850E-09 -0.20924089E-03 -0.11088850E-09 -0.14007040E-02 -0.13547463E-08
    5    6    0.76553738E-03  0.10269166E-08  0.66998990E-03  0.22838783E-08  0.66998934E-03  0.12003695E-08
    6    6   -0.11457198E-02  0.10660057E-08  0.11457205E-02 -0.11366968E-08  0.11457197E-02 -0.32884800E-08
    7    6   -0.66998770E-03 -0.69173622E-09  0.66998762E-03  0.23227432E-09 -0.76553817E-03 -0.13748654E-08
    8    6   -0.66999115E-03 -0.23934537E-08 -0.76553700E-03 -0.16264426E-08  0.66999053E-03  0.28982333E-08
    1    7   -0.12960166E-02 -0.89457174E-09  0.33663967E-02 -0.27883113E-08 -0.12960180E-02 -0.13261562E-08
    2    7   -0.14007034E-02 -0.17277890E-09 -0.13552342E-02 -0.11549184E-09 -0.20924017E-03  0.91771268E-09
    3    7    0.17017337E-02 -0.17703203E-08  0.32400272E-02  0.98552659E-09  0.17017334E-02 -0.11184389E-08
    4    7   -0.20924077E-03  0.16374528E-08 -0.13552339E-02  0.14884457E-08 -0.14007034E-02  0.10169093E-08
    5    7    0.66998987E-03  0.34185344E-09  0.76553979E-03 -0.92042163E-09  0.66998966E-03 -0.47931815E-09
    6    7    0.66998835E-03 -0.16284331E-08 -0.66998957E-03 -0.10279413E-09 -0.76554000E-03 -0.33048237E-09
    7    7    0.11457194E-02 -0.15906066E-08 -0.11457197E-02  0.91104937E-09  0.11457203E-02 -0.12202722E-09
    8    7   -0.76553846E-03  0.13318835E-08 -0.66999077E-03 -0.32143298E-09  0.66998944E-03  0.44644906E-09
    1    8   -0.12960170E-02 -0.14690959E-08 -0.12960169E-02 -0.18695260E-08  0.33663970E-02 -0.44331280E-11
    2    8   -0.14007014E-02  0.21480427E-08 -0.20924055E-03  0.27081531E-08 -0.13552368E-02 -0.33801169E-08
    3    8   -0.20924089E-03 -0.95101736E-10 -0.14007021E-02 -0.41519445E-09 -0.13552349E-02  0.37367365E-09
    4    8    0.17017312E-02  0.19144060E-09  0.17017322E-02  0.24663844E-09  0.32400301E-02  0.20529810E-08
    5    8    0.66999017E-03 -0.16057180E-08  0.66998869E-03 -0.19811903E-08  0.76554100E-03  0.35749489E-09
    6    8    0.66998999E-03 -0.20481039E-08 -0.76553905E-03  0.91260699E-09 -0.66998998E-03  0.25759001E-08
    7    8   -0.76553988E-03  0.55927940E-09  0.66999037E-03 -0.79022750E-09 -0.66999050E-03 -0.14205026E-08
    8    8    0.11457205E-02  0.12374420E-08  0.11457207E-02  0.73907146E-09 -0.11457208E-02 -0.14096615E-08
