 written on  7May2026 at 23:23:34 
   3.2835445793009499        0.0000000000000000        0.0000000000000000     
  -1.6417722896504749        2.8436330201426010        0.0000000000000000     
   0.0000000000000000        0.0000000000000000        25.004191971376731     
           4
         151
    2    1    1    1    2    2    1    1    1    1    1    2    1    1    1
    1    1    1    1    1    2    1    1    1    1    1    1    1    1    1
    1    1    2    1    1    1    1    1    1    1    1    1    1    1    1
    1    1    1    1    1    1    1    1    1    1    1    1    1    1    1
    1    1    1    1    1    1    1    1    1    2    1    1    1    1    1
    1    1    1    1    1    1    2    1    1    1    1    1    1    1    1
    1    1    1    1    1    1    1    1    1    1    1    1    1    1    1
    1    1    1    1    1    1    1    1    1    1    1    1    1    2    1
    1    1    1    1    1    1    1    1    1    1    2    1    1    1    1
    1    1    1    1    2    1    1    1    1    1    2    2    1    1    1
    2

   -8   -4    0
    1    1    0.73095475E-03 -0.39497834E-12
    2    1   -0.10292829E-12  0.29675226E-12
    3    1   -0.58038411E-03 -0.21302318E-12
    4    1    0.26963926E-03 -0.10568890E-12
    1    2   -0.16278847E-12 -0.18555931E-13
    2    2   -0.21883661E-06 -0.36121242E-14
    3    2    0.53093652E-13 -0.51059053E-13
    4    2   -0.18854988E-12 -0.64332974E-13
    1    3    0.90497003E-03  0.82674492E-12
    2    3   -0.12227101E-12  0.16051797E-12
    3    3   -0.57149247E-03  0.13686166E-12
    4    3   -0.40776831E-10 -0.21175050E-12
    1    4   -0.51751147E-03  0.20382741E-12
    2    4   -0.13342915E-13 -0.47668649E-13
    3    4   -0.40126442E-10  0.10636769E-13
    4    4   -0.56670251E-03  0.17975293E-12

   -7   -5    0
    1    1    0.82562384E-03  0.26192154E-12
    2    1    0.40538956E-13  0.37764148E-12
    3    1   -0.29464453E-03 -0.45747434E-12
    4    1    0.12777602E-03 -0.16623074E-12
    1    2    0.15808736E-12 -0.15485691E-12
    2    2   -0.60510233E-06 -0.23870225E-13
    3    2   -0.53010454E-13  0.12829296E-12
    4    2    0.25260664E-12  0.26946596E-12
    1    3    0.65034756E-03 -0.72421322E-12
    2    3   -0.24379917E-12  0.29890947E-13
    3    3   -0.41534207E-03 -0.24917676E-12
    4    3   -0.21604688E-03 -0.18120223E-12
    1    4   -0.38378508E-03 -0.13632264E-11
    2    4   -0.15151259E-12 -0.19520561E-12
    3    4   -0.23107744E-03  0.12955643E-12
    4    4   -0.62701443E-03 -0.25312205E-13

   -7   -4    0
    1    1    0.29079821E-03 -0.70243290E-13
    2    1    0.50518683E-13 -0.37894388E-12
    3    1    0.58038415E-03 -0.98140246E-13
    4    1    0.26963928E-03  0.43238503E-12
    1    2    0.73744007E-13  0.19507515E-12
    2    2   -0.57194538E-06 -0.94091401E-14
    3    2    0.23631663E-13  0.33600427E-13
    4    2   -0.14048902E-13  0.94911265E-13
    1    3   -0.12079932E-03 -0.73299613E-12
    2    3   -0.10153106E-12  0.39517950E-13
    3    3    0.39352886E-03  0.49387577E-14
    4    3   -0.30069671E-03 -0.16502714E-12
    1    4    0.63080121E-03  0.40271779E-12
    2    4   -0.32954310E-13  0.80962550E-13
    3    4    0.62707586E-03  0.12620710E-12
    4    4    0.31390076E-03 -0.26108282E-12

   -7   -3    0
    1    1    0.30958437E-03 -0.32396481E-12
    2    1   -0.15476856E-12  0.58499278E-13
    3    1    0.49626676E-10 -0.62539817E-13
    4    1   -0.30304267E-03 -0.78310665E-12
    1    2    0.35915545E-12  0.26211753E-12
    2    2   -0.57194547E-06  0.49960036E-14
    3    2    0.18143737E-13  0.65388373E-13
    4    2    0.13535986E-12 -0.64336280E-13
    1    3   -0.23293566E-03 -0.24195273E-12
    2    3   -0.47906589E-13  0.71127503E-13
    3    3    0.47089583E-03  0.62467392E-13
    4    3    0.59551895E-03 -0.94765911E-13
    1    4   -0.61849176E-04 -0.74164459E-12
    2    4    0.99460170E-13 -0.23254715E-12
    3    4   -0.33396018E-03 -0.20636476E-12
    4    4    0.21774750E-03  0.13757745E-12

   -7   -2    0
    1    1    0.79437703E-03  0.39723259E-12
    2    1    0.20155329E-12  0.95596291E-13
    3    1   -0.54199138E-04 -0.36463318E-12
    4    1    0.15781706E-03  0.20353782E-12
    1    2    0.38274299E-12 -0.98281889E-12
    2    2   -0.60510199E-06  0.48225313E-14
    3    2   -0.26179965E-13 -0.21802422E-12
    4    2    0.12328723E-14  0.29123593E-12
    1    3    0.61322709E-03 -0.17731893E-12
    2    3    0.79857346E-13  0.32595096E-12
    3    3   -0.71923656E-03 -0.73878403E-13
    4    3   -0.50458807E-10  0.75496521E-13
    1    4   -0.32668128E-03 -0.54227987E-12
    2    4   -0.57108823E-13 -0.27728871E-13
    3    4   -0.38536130E-10 -0.32154346E-13
    4    4   -0.29187294E-03 -0.20424634E-13

   -6   -6    0
    1    1    0.10227759E-02  0.30923381E-15
    2    1   -0.15320226E-12 -0.15754560E-12
    3    1    0.21784466E-03 -0.60561278E-12
    4    1   -0.14994073E-03 -0.17486967E-12
    1    2   -0.15320226E-12  0.15754560E-12
    2    2   -0.16467622E-05 -0.91419960E-15
    3    2    0.21781786E-12  0.45928199E-13
    4    2   -0.12914266E-12  0.15034846E-12
    1    3    0.21784466E-03  0.60643070E-12
    2    3    0.21781785E-12 -0.45928199E-13
    3    3   -0.32276034E-03 -0.13041683E-14
    4    3   -0.32285972E-03  0.22339887E-12
    1    4   -0.14994073E-03  0.17440823E-12
    2    4   -0.12914266E-12 -0.15034846E-12
    3    4   -0.32285972E-03 -0.22342302E-12
    4    4   -0.62336941E-03 -0.12387253E-14

   -6   -5    0
    1    1    0.21693278E-03  0.32144426E-13
    2    1    0.34071179E-12  0.56105832E-12
    3    1    0.26417274E-03 -0.25533915E-12
    4    1   -0.40194948E-04  0.97900767E-12
    1    2   -0.61674089E-12 -0.98684268E-13
    2    2   -0.17406677E-05  0.22204460E-14
    3    2   -0.11529716E-12  0.98821418E-13
    4    2    0.39743514E-12  0.21163800E-12
    1    3   -0.40273304E-04 -0.18268199E-12
    2    3    0.19645670E-12  0.17473599E-12
    3    3    0.37898241E-03 -0.74194123E-13
    4    3   -0.30234709E-03  0.63133246E-12
    1    4    0.30960505E-03 -0.57180996E-12
    2    4   -0.26747572E-12  0.32362851E-13
    3    4    0.81707452E-03 -0.22157515E-13
    4    4    0.43119587E-03  0.22950392E-12

   -6   -4    0
    1    1   -0.55082291E-03  0.38042486E-13
    2    1    0.11527652E-12 -0.69045164E-12
    3    1   -0.17870241E-03 -0.14824084E-11
    4    1   -0.76226613E-03  0.11817071E-11
    1    2   -0.87023214E-13 -0.11325125E-11
    2    2   -0.25568795E-05  0.13329615E-13
    3    2   -0.48330605E-13  0.31575886E-13
    4    2    0.16481886E-12  0.23249855E-12
    1    3   -0.39604923E-03  0.12307807E-11
    2    3   -0.43477993E-12  0.36231296E-13
    3    3    0.21703727E-03 -0.41650711E-13
    4    3    0.60743754E-03  0.16984542E-12
    1    4    0.12925901E-03  0.73010781E-12
    2    4   -0.89709847E-13 -0.19523275E-12
    3    4   -0.37584308E-03  0.14132971E-12
    4    4    0.18994916E-03  0.96474911E-13

   -6   -3    0
    1    1   -0.17557038E-02 -0.66111179E-12
    2    1   -0.69581437E-12  0.38160393E-12
    3    1   -0.77293085E-03 -0.29146770E-13
    4    1    0.34094684E-03 -0.52522765E-13
    1    2    0.57676998E-12  0.39924612E-12
    2    2   -0.29509938E-05  0.11803059E-13
    3    2   -0.14990611E-12  0.40821583E-13
    4    2    0.46997892E-12  0.85730327E-14
    1    3    0.30065923E-03 -0.10700662E-11
    2    3   -0.37377119E-12 -0.42974638E-13
    3    3   -0.11807242E-02  0.37053693E-14
    4    3   -0.47203409E-03  0.46034286E-12
    1    4   -0.65191299E-03  0.59867150E-13
    2    4    0.13439279E-12 -0.28005464E-12
    3    4   -0.48412244E-03 -0.96178870E-13
    4    4   -0.63734976E-03  0.36105147E-12

   -6   -2    0
    1    1   -0.55607109E-03 -0.78646638E-12
    2    1   -0.10228462E-12 -0.12826108E-12
    3    1    0.54199053E-04 -0.37237726E-12
    4    1    0.15781705E-03 -0.81175518E-13
    1    2    0.42975273E-12 -0.20321070E-12
    2    2   -0.25568793E-05 -0.22634672E-13
    3    2    0.50648036E-13  0.30026227E-12
    4    2   -0.23351977E-12  0.34968771E-12
    1    3   -0.41892398E-03  0.41230300E-12
    2    3   -0.12234637E-13  0.92012787E-13
    3    3    0.27828891E-03  0.11131721E-12
    4    3   -0.45550614E-03  0.35192389E-13
    1    4    0.41620617E-03 -0.59777877E-12
    2    4    0.19768979E-12 -0.15092384E-12
    3    4    0.56024444E-03  0.28965328E-13
    4    4    0.13394560E-03  0.43267473E-12

   -6   -1    0
    1    1    0.23539732E-03  0.29970471E-12
    2    1    0.10995937E-12  0.11159362E-12
    3    1   -0.11555972E-10  0.30283328E-12
    4    1    0.22823687E-03 -0.55221452E-13
    1    2    0.94137695E-13  0.11623141E-11
    2    2   -0.17406678E-05 -0.59362237E-14
    3    2   -0.20486454E-12  0.17222333E-12
    4    2   -0.75692024E-13 -0.14480414E-12
    1    3   -0.20664349E-03  0.17538835E-12
    2    3   -0.20871222E-13  0.15154409E-12
    3    3    0.59997759E-03 -0.70511305E-13
    4    3    0.66165464E-03 -0.15996289E-12
    1    4   -0.50963119E-03  0.95796288E-12
    2    4    0.61334174E-13 -0.96653587E-13
    3    4   -0.48020813E-03  0.17933978E-13
    4    4    0.19173614E-03 -0.26296847E-12

   -6    0    0
    1    1    0.97676159E-03 -0.15231669E-15
    2    1   -0.52668295E-12 -0.16388296E-12
    3    1    0.32941533E-03  0.80049942E-12
    4    1   -0.18878147E-04  0.22018064E-12
    1    2   -0.52668294E-12  0.16388297E-12
    2    2   -0.16467621E-05 -0.17421931E-14
    3    2   -0.15004187E-12 -0.49240750E-13
    4    2    0.60007450E-13 -0.17673094E-12
    1    3    0.32941532E-03 -0.80041529E-12
    2    3   -0.15004187E-12  0.49240743E-13
    3    3   -0.74553169E-03 -0.15349954E-14
    4    3   -0.93091503E-10 -0.12144185E-12
    1    4   -0.18877957E-04 -0.22099076E-12
    2    4    0.60007450E-13  0.17673095E-12
    3    4   -0.38268528E-10  0.12144226E-12
    4    4   -0.15458356E-03 -0.16729921E-14

   -5   -6    0
    1    1    0.21179019E-03 -0.92748725E-13
    2    1   -0.66822669E-12  0.36042689E-12
    3    1   -0.66749849E-04  0.43176660E-12
    4    1   -0.13013112E-03 -0.11708958E-11
    1    2    0.60848996E-12 -0.11942947E-12
    2    2   -0.17406677E-05 -0.31766256E-13
    3    2   -0.36984823E-13 -0.58364855E-13
    4    2   -0.80538535E-13  0.36371728E-12
    1    3    0.32309822E-04 -0.23039773E-12
    2    3   -0.17973893E-12 -0.38995865E-13
    3    3    0.23511859E-03 -0.15368956E-12
    4    3   -0.37429869E-03 -0.86672572E-13
    1    4   -0.55263387E-04  0.17906770E-12
    2    4   -0.18653956E-12 -0.11371554E-12
    3    4    0.73418101E-03 -0.68357104E-13
    4    4    0.58020227E-03  0.56788602E-12

   -5   -5    0
    1    1   -0.95153330E-03  0.42389529E-12
    2    1   -0.52684711E-12  0.25567174E-12
    3    1   -0.39543183E-03  0.31286865E-12
    4    1   -0.68305882E-04  0.70999196E-13
    1    2    0.62623563E-12  0.91244078E-12
    2    2   -0.53835933E-05  0.23141211E-13
    3    2    0.15909784E-12  0.19817579E-12
    4    2   -0.45050922E-14  0.14497670E-12
    1    3   -0.63193524E-05 -0.63022417E-12
    2    3   -0.21770148E-12  0.23100058E-12
    3    3   -0.23445175E-04 -0.16356361E-12
    4    3    0.74855518E-03  0.24345462E-12
    1    4    0.15697009E-03  0.80051590E-12
    2    4   -0.26282139E-12  0.17184716E-12
    3    4   -0.46469082E-03  0.18578612E-12
    4    4    0.16201131E-03 -0.17634158E-12

   -5   -4    0
    1    1   -0.39282007E-03 -0.23937276E-12
    2    1    0.11394131E-11 -0.24108719E-12
    3    1   -0.60207789E-03  0.64224288E-13
    4    1    0.34506772E-03 -0.38067628E-12
    1    2   -0.13494107E-12  0.28126211E-12
    2    2   -0.10414491E-04 -0.19241553E-13
    3    2   -0.34079705E-12  0.13071398E-12
    4    2    0.23163560E-12  0.18407565E-13
    1    3    0.36639080E-03  0.29914108E-12
    2    3   -0.11598380E-13  0.47044646E-12
    3    3   -0.88787663E-03 -0.37719480E-12
    4    3   -0.84741377E-03  0.33499760E-12
    1    4   -0.29758003E-03 -0.55736589E-12
    2    4   -0.76381806E-12 -0.11246033E-12
    3    4   -0.61331101E-03 -0.42395465E-12
    4    4   -0.96088881E-03  0.62062508E-12

   -5   -3    0
    1    1    0.11295427E-02  0.12411079E-12
    2    1    0.66066514E-12  0.26766990E-12
    3    1    0.72004292E-03 -0.94101528E-12
    4    1    0.29426717E-03 -0.56770214E-12
    1    2    0.14828438E-11  0.12277348E-12
    2    2   -0.14107438E-04 -0.23356317E-13
    3    2    0.12033056E-12  0.32227920E-12
    4    2    0.55492433E-13 -0.55452746E-12
    1    3   -0.10855443E-02 -0.13756036E-11
    2    3   -0.12173559E-12  0.40328841E-12
    3    3    0.10566729E-02 -0.36712300E-12
    4    3   -0.12176481E-03  0.93872306E-12
    1    4    0.52469695E-03  0.49441787E-12
    2    4    0.15800405E-12  0.83006841E-13
    3    4    0.14245387E-02 -0.20120028E-13
    4    4    0.71908082E-03  0.40557835E-14

   -5   -2    0
    1    1    0.11660586E-02 -0.55964261E-12
    2    1   -0.11853494E-11  0.28307763E-12
    3    1   -0.67402326E-04  0.98266447E-12
    4    1   -0.73497139E-03 -0.94110050E-12
    1    2    0.73973103E-12 -0.15739616E-11
    2    2   -0.14107438E-04  0.14960255E-13
    3    2   -0.35649922E-12  0.14579926E-12
    4    2   -0.30568054E-12  0.11889456E-12
    1    3   -0.76573665E-03 -0.45935478E-14
    2    3   -0.50083643E-12  0.41998482E-12
    3    3    0.13243259E-02  0.16936105E-12
    4    3    0.12325121E-02  0.14136714E-12
    1    4   -0.36586700E-03 -0.28042586E-12
    2    4   -0.16706968E-12 -0.10182913E-12
    3    4   -0.30979067E-03 -0.19231150E-12
    4    4    0.41491199E-03  0.22050417E-12

   -5   -1    0
    1    1   -0.41832303E-03 -0.28405344E-12
    2    1   -0.97618599E-12  0.90689254E-12
    3    1   -0.59527389E-04  0.10574527E-11
    4    1   -0.22799538E-03  0.29055317E-12
    1    2    0.65790280E-12 -0.11931369E-11
    2    2   -0.10414585E-04  0.20711079E-13
    3    2    0.40910291E-13 -0.96051544E-13
    4    2   -0.18252607E-12 -0.27260820E-12
    1    3   -0.11119269E-03  0.15536990E-11
    2    3   -0.76042392E-12  0.15942146E-12
    3    3   -0.15015896E-02  0.64643137E-12
    4    3   -0.16423980E-03 -0.36761250E-12
    1    4   -0.83317782E-03  0.82140978E-12
    2    4    0.36173035E-13 -0.16223983E-12
    3    4   -0.43798648E-03  0.20364259E-12
    4    4   -0.32167276E-03 -0.38341076E-12

   -5    0    0
    1    1   -0.92343999E-03  0.39711377E-12
    2    1   -0.83734452E-12 -0.19752494E-13
    3    1   -0.32941536E-03 -0.26786906E-12
    4    1   -0.18877902E-04  0.27716631E-12
    1    2   -0.44520415E-12 -0.10626395E-11
    2    2   -0.53836879E-05 -0.42327253E-15
    3    2   -0.43957965E-13 -0.75100408E-13
    4    2   -0.17251605E-12 -0.35667112E-13
    1    3    0.60675665E-04 -0.11036163E-11
    2    3   -0.18650718E-12 -0.24507270E-12
    3    3    0.21847283E-03  0.23693200E-12
    4    3   -0.62446178E-03  0.14007996E-12
    1    4    0.36632223E-03  0.72723338E-12
    2    4    0.84523667E-13  0.36894324E-13
    3    4    0.62446192E-03  0.41111255E-12
    4    4   -0.10800036E-03 -0.34341106E-12

   -5    1    0
    1    1    0.23539746E-03 -0.55565795E-12
    2    1    0.15213238E-12 -0.67093689E-12
    3    1    0.41866061E-10  0.26658840E-12
    4    1    0.68611197E-03 -0.12165963E-12
    1    2   -0.47489195E-12 -0.47166981E-12
    2    2   -0.17406678E-05 -0.21094237E-14
    3    2    0.43907389E-14 -0.41100526E-12
    4    2    0.89219715E-15 -0.60734045E-13
    1    3    0.59527423E-04  0.44266652E-12
    2    3    0.12901502E-13 -0.12513065E-12
    3    3    0.59997760E-03  0.20651189E-12
    4    3    0.48020818E-03  0.12790883E-12
    1    4   -0.22799542E-03 -0.33271910E-12
    2    4    0.22371356E-13 -0.57235341E-13
    3    4   -0.66165460E-03 -0.28286133E-12
    4    4    0.19173617E-03  0.11178558E-12

   -5    2    0
    1    1    0.79437703E-03 -0.39720484E-12
    2    1    0.38274299E-12  0.98281888E-12
    3    1    0.61322711E-03  0.17722493E-12
    4    1   -0.32668128E-03  0.54231115E-12
    1    2    0.20155330E-12 -0.95596289E-13
    2    2   -0.60510199E-06 -0.47531423E-14
    3    2    0.79857346E-13 -0.32595095E-12
    4    2   -0.57108821E-13  0.27728873E-13
    1    3   -0.54199119E-04  0.36436896E-12
    2    3   -0.26179968E-13  0.21802422E-12
    3    3   -0.71923656E-03  0.74027590E-13
    4    3   -0.59389459E-10  0.32140794E-13
    1    4    0.15781706E-03 -0.20354221E-12
    2    4    0.12328710E-14 -0.29123593E-12
    3    4   -0.48949562E-10 -0.75479282E-13
    4    4   -0.29187294E-03  0.20653618E-13

   -4   -7    0
    1    1    0.28778626E-03  0.42951059E-12
    2    1    0.60885988E-12  0.60932662E-13
    3    1   -0.51574762E-03 -0.69477063E-12
    4    1   -0.20721745E-03 -0.46507936E-13
    1    2   -0.29217812E-12  0.37414840E-12
    2    2   -0.57194539E-06  0.88783148E-14
    3    2   -0.13940404E-12  0.12297576E-12
    4    2   -0.58689132E-13  0.61498833E-13
    1    3    0.27792241E-10 -0.30358658E-12
    2    3    0.10730114E-12 -0.21540277E-12
    3    3    0.19324002E-03 -0.21492010E-12
    4    3   -0.39922893E-03 -0.44790845E-12
    1    4   -0.57217319E-03 -0.59976503E-12
    2    4    0.18876821E-12 -0.16481392E-12
    3    4    0.51945909E-03 -0.19727546E-12
    4    4    0.51720155E-03 -0.78530932E-14

   -4   -6    0
    1    1   -0.56118091E-03  0.20111864E-12
    2    1    0.28898156E-13  0.73604951E-12
    3    1   -0.49066917E-03  0.29968042E-12
    4    1    0.20393260E-03 -0.18951967E-11
    1    2   -0.70833488E-13 -0.59734224E-12
    2    2   -0.25568795E-05 -0.16583956E-14
    3    2   -0.24311672E-12 -0.26217081E-12
    4    2   -0.28944093E-12  0.29938590E-12
    1    3    0.70285538E-03 -0.12592605E-11
    2    3   -0.11417714E-12  0.22513583E-12
    3    3    0.11566690E-03 -0.61759625E-13
    4    3    0.54148921E-03 -0.29171262E-12
    1    4    0.49805661E-03 -0.16247073E-12
    2    4    0.24643916E-12  0.33102153E-12
    3    4   -0.46453841E-03 -0.22611047E-12
    4    4    0.30167752E-03 -0.92960362E-13

   -4   -5    0
    1    1   -0.37817066E-03  0.48971244E-12
    2    1   -0.99347496E-12 -0.63323767E-13
    3    1    0.40218425E-03  0.70449077E-12
    4    1   -0.18727377E-03 -0.82471866E-12
    1    2   -0.29496418E-12  0.11620230E-12
    2    2   -0.10414491E-04 -0.16035784E-13
    3    2   -0.35433518E-12 -0.22827464E-12
    4    2   -0.33559898E-12  0.69879812E-12
    1    3   -0.62722106E-03 -0.84762042E-12
    2    3    0.50973973E-12  0.21103257E-12
    3    3   -0.37031970E-03  0.22559038E-12
    4    3   -0.56163768E-03 -0.41322290E-12
    1    4    0.25779817E-03 -0.17459021E-11
    2    4    0.58108878E-13  0.15761517E-12
    3    4   -0.29515458E-03 -0.28100387E-12
    4    4   -0.14930952E-02 -0.63517594E-12

   -4   -4    0
    1    1    0.38374870E-03 -0.14486450E-11
    2    1    0.15404191E-11 -0.74345850E-12
    3    1    0.42819752E-03  0.14916360E-11
    4    1    0.14582379E-02 -0.36347817E-11
    1    2   -0.14137402E-11  0.19798078E-11
    2    2   -0.26613749E-04  0.54123372E-14
    3    2   -0.89980057E-13  0.50608960E-12
    4    2   -0.90805290E-12  0.13718288E-12
    1    3   -0.11294107E-02 -0.99329312E-12
    2    3    0.40512797E-12 -0.28973797E-13
    3    3    0.91303708E-03  0.46056561E-12
    4    3    0.24105407E-03 -0.24518945E-12
    1    4   -0.59460785E-03 -0.15938145E-11
    2    4   -0.29387013E-12  0.22945179E-12
    3    4    0.15263770E-02  0.24828891E-12
    4    4    0.17365903E-02  0.53988064E-12

   -4   -3    0
    1    1    0.43462374E-02 -0.98574621E-12
    2    1    0.87319098E-12  0.16160964E-11
    3    1    0.82458653E-03  0.85723095E-12
    4    1   -0.57011408E-03 -0.21913868E-11
    1    2   -0.13558023E-11  0.23101456E-11
    2    2   -0.63812867E-04 -0.79311557E-14
    3    2   -0.10104599E-11  0.50003866E-12
    4    2   -0.39363875E-12 -0.37212927E-12
    1    3    0.18092282E-02  0.92936249E-12
    2    3    0.10176084E-11  0.86537834E-12
    3    3    0.39610931E-03  0.10575967E-11
    4    3    0.28316040E-02  0.94705331E-13
    1    4    0.37661152E-03 -0.18906300E-11
    2    4    0.15033914E-12  0.67356071E-13
    3    4   -0.10297041E-02  0.52402716E-13
    4    4    0.56578040E-03 -0.12484978E-12

   -4   -2    0
    1    1    0.20272906E-02  0.21641125E-12
    2    1    0.12884667E-11  0.82333803E-13
    3    1    0.19394455E-03 -0.42733438E-12
    4    1    0.12071973E-02  0.36826878E-12
    1    2   -0.48393411E-11  0.82794399E-13
    2    2   -0.83598791E-04  0.18202668E-13
    3    2   -0.50943048E-12  0.30012643E-12
    4    2    0.17433166E-13  0.11639315E-12
    1    3    0.58657147E-02 -0.88474714E-12
    2    3    0.81804755E-12  0.57057431E-12
    3    3   -0.35636874E-02 -0.44890079E-12
    4    3   -0.18724756E-02 -0.18666802E-12
    1    4   -0.25112328E-03 -0.47507224E-12
    2    4   -0.22834711E-12  0.16099037E-12
    3    4   -0.18920293E-02  0.56122222E-12
    4    4   -0.14909587E-02 -0.55936723E-12

   -4   -1    0
    1    1    0.43299196E-02  0.79044583E-12
    2    1    0.13681801E-11  0.23755389E-12
    3    1    0.12651305E-02 -0.71202679E-12
    4    1   -0.33641047E-03  0.81089649E-14
    1    2    0.18994387E-11 -0.68604238E-12
    2    2   -0.63812960E-04 -0.26541269E-13
    3    2    0.35729301E-12  0.21050456E-12
    4    2    0.47100145E-12  0.33390546E-12
    1    3    0.29441203E-02  0.12464331E-11
    2    3   -0.12338003E-12  0.73021524E-12
    3    3    0.13456670E-02 -0.64800942E-12
    4    3   -0.15418110E-02 -0.36130011E-12
    1    4    0.48837056E-02  0.26888648E-12
    2    4   -0.41774933E-12 -0.68755057E-13
    3    4    0.23980749E-02 -0.28440043E-12
    4    4   -0.36745919E-03 -0.83006518E-14

   -4    0    0
    1    1    0.37428698E-03  0.74740908E-12
    2    1    0.36753163E-12  0.95293735E-12
    3    1   -0.60675643E-04 -0.15791687E-11
    4    1    0.36632211E-03  0.10719346E-11
    1    2   -0.41345662E-12  0.28841521E-11
    2    2   -0.26616211E-04  0.30114800E-14
    3    2    0.63793195E-12  0.54409348E-12
    4    2   -0.37842122E-12  0.51940238E-12
    1    3    0.11830489E-02  0.80527967E-12
    2    3   -0.78822408E-13  0.25115898E-12
    3    3    0.21905725E-02  0.64044950E-12
    4    3    0.62994699E-03 -0.71010225E-12
    1    4    0.92129167E-03  0.17530803E-11
    2    4    0.70114944E-12  0.19186933E-12
    3    4   -0.62994703E-03  0.77971047E-12
    4    4    0.46851137E-03 -0.89038499E-12

   -4    1    0
    1    1   -0.41832279E-03  0.88802403E-12
    2    1   -0.55797890E-12  0.38529508E-13
    3    1    0.20664345E-03 -0.26225165E-12
    4    1   -0.50963123E-03 -0.52978439E-12
    1    2   -0.21874201E-11  0.10878163E-12
    2    2   -0.10414585E-04  0.34763858E-14
    3    2    0.18152927E-13  0.30513264E-12
    4    2    0.34986364E-12 -0.40346488E-13
    1    3   -0.12651304E-02 -0.19117452E-11
    2    3   -0.94634764E-13  0.69921876E-12
    3    3   -0.15015897E-02 -0.31608743E-12
    4    3    0.43798624E-03  0.65508200E-13
    1    4   -0.33641054E-03 -0.17111470E-11
    2    4    0.72727969E-13  0.19465226E-12
    3    4    0.16423967E-03 -0.67548294E-12
    4    4   -0.32167278E-03  0.23043373E-12

   -4    2    0
    1    1   -0.55607095E-03  0.43035887E-12
    2    1   -0.86844599E-12  0.88267640E-13
    3    1   -0.61322704E-03 -0.32254971E-12
    4    1   -0.32668133E-03  0.23552861E-12
    1    2    0.66614169E-12  0.51422513E-12
    2    2   -0.25568793E-05  0.22815083E-13
    3    2    0.12268214E-12 -0.25685835E-12
    4    2   -0.35404773E-12  0.24461216E-12
    1    3    0.67402350E-04 -0.65853703E-12
    2    3   -0.51824047E-14  0.58918906E-13
    3    3    0.27828899E-03 -0.49635990E-12
    4    3   -0.56024436E-03  0.95122450E-13
    1    4   -0.73497132E-03 -0.15371398E-11
    2    4    0.10261441E-12 -0.78178972E-13
    3    4    0.45550620E-03 -0.43603643E-12
    4    4    0.13394557E-03  0.15862311E-12

   -4    3    0
    1    1    0.30958416E-03 -0.18411921E-12
    2    1   -0.19676350E-12  0.37288445E-12
    3    1   -0.15968078E-10  0.17106542E-12
    4    1    0.96183257E-03 -0.48984514E-12
    1    2   -0.74073495E-12  0.64702713E-12
    2    2   -0.57194550E-06  0.89442342E-14
    3    2   -0.21743467E-13  0.11317711E-12
    4    2    0.24486937E-13 -0.21070111E-12
    1    3    0.77293077E-03 -0.45467883E-12
    2    3   -0.16960868E-12  0.90845558E-13
    3    3    0.47089577E-03 -0.48298171E-13
    4    3    0.33396025E-03 -0.37887093E-13
    1    4    0.34094691E-03  0.14405924E-12
    2    4   -0.74142927E-13 -0.12363854E-12
    3    4   -0.59551889E-03 -0.94300639E-13
    4    4    0.21774752E-03  0.25786664E-13

   -4    4    0
    1    1    0.73095475E-03  0.39485400E-12
    2    1   -0.16278847E-12  0.18555934E-13
    3    1    0.90497003E-03 -0.82689064E-12
    4    1   -0.51751147E-03 -0.20355419E-12
    1    2   -0.10292830E-12 -0.29675226E-12
    2    2   -0.21883661E-06  0.35596526E-14
    3    2   -0.12227101E-12 -0.16051797E-12
    4    2   -0.13342915E-13  0.47668650E-13
    1    3   -0.58038411E-03  0.21288440E-12
    2    3    0.53093652E-13  0.51059053E-13
    3    3   -0.57149247E-03 -0.13673784E-12
    4    3   -0.44556087E-10 -0.10583304E-13
    1    4    0.26963925E-03  0.10533588E-12
    2    4   -0.18854988E-12  0.64332974E-13
    3    4   -0.41476366E-10  0.21167998E-12
    4    4   -0.56670251E-03 -0.17974858E-12

   -3   -7    0
    1    1    0.28778615E-03  0.23074598E-12
    2    1   -0.11560098E-12  0.61310971E-12
    3    1    0.36590982E-11 -0.70758937E-13
    4    1    0.20524735E-03  0.57249474E-12
    1    2    0.37259432E-12 -0.19317513E-12
    2    2   -0.57194552E-06  0.62588823E-14
    3    2    0.59131012E-13 -0.16271466E-12
    4    2    0.69130065E-13 -0.43576513E-13
    1    3    0.29464450E-03  0.58224562E-12
    2    3   -0.10656886E-12 -0.55414460E-13
    3    3    0.19323997E-03  0.16628365E-12
    4    3    0.39922896E-03 -0.89043735E-13
    1    4    0.12777597E-03  0.16519598E-12
    2    4   -0.12148105E-13 -0.19619186E-12
    3    4   -0.51945904E-03  0.15858154E-12
    4    4    0.51720158E-03 -0.29524647E-12

   -3   -6    0
    1    1   -0.17170700E-02 -0.67254188E-12
    2    1    0.37123368E-12 -0.29546563E-12
    3    1    0.58282430E-03 -0.22936839E-14
    4    1    0.79874346E-04 -0.11253254E-11
    1    2   -0.90837566E-12  0.43959742E-13
    2    2   -0.29509939E-05 -0.11227130E-13
    3    2    0.37460763E-13  0.11743922E-12
    4    2   -0.68554649E-13 -0.29066087E-12
    1    3   -0.70285537E-03  0.42565620E-12
    2    3    0.13662117E-13  0.22323438E-12
    3    3   -0.39229459E-03  0.31367270E-12
    4    3   -0.27082843E-10 -0.22240532E-12
    1    4    0.49805649E-03 -0.43303393E-12
    2    4    0.19502386E-12  0.63018904E-12
    3    4   -0.10087408E-09 -0.33039977E-14
    4    4   -0.14644131E-02  0.18191698E-12

   -3   -5    0
    1    1    0.11379747E-02  0.41041302E-12
    2    1   -0.18593804E-11  0.42355616E-13
    3    1   -0.60112243E-03 -0.27565428E-12
    4    1    0.93118980E-03  0.16830313E-11
    1    2   -0.16010137E-11 -0.10133254E-11
    2    2   -0.14107438E-04 -0.14856172E-13
    3    2    0.17739032E-12 -0.42482982E-12
    4    2    0.54830822E-13  0.18074213E-13
    1    3   -0.39685054E-10 -0.46919239E-12
    2    3   -0.33182078E-12  0.20196560E-12
    3    3    0.27443048E-03 -0.45449755E-14
    4    3   -0.56220498E-03  0.90599864E-13
    1    4   -0.65489205E-03 -0.37157256E-12
    2    4    0.34995612E-12  0.22815228E-12
    3    4    0.10081305E-02  0.40955780E-12
    4    4    0.14928912E-02 -0.33043013E-12

   -3   -4    0
    1    1    0.42933479E-02 -0.30200408E-12
    2    1    0.80945019E-12 -0.68851164E-12
    3    1   -0.69586998E-04 -0.20259428E-11
    4    1   -0.21685869E-02 -0.24259162E-11
    1    2   -0.14054775E-11 -0.27831400E-11
    2    2   -0.63812867E-04 -0.22551405E-14
    3    2    0.22447068E-12 -0.41559670E-12
    4    2    0.59689884E-12  0.51184566E-12
    1    3    0.10826887E-02  0.13458314E-11
    2    3    0.26813666E-12 -0.12142389E-12
    3    3   -0.32909551E-03 -0.31513160E-12
    4    3    0.24216871E-02 -0.58491357E-12
    1    4   -0.76972443E-03  0.11859697E-12
    2    4   -0.19319850E-12  0.45917457E-12
    3    4   -0.15471243E-02  0.57052011E-12
    4    4    0.13438747E-02  0.61730308E-12

   -3   -3    0
    1    1   -0.54686097E-02  0.11303347E-11
    2    1   -0.12274860E-11 -0.12949603E-11
    3    1   -0.37475096E-04 -0.30964172E-11
    4    1   -0.46581262E-02 -0.30064649E-11
    1    2    0.23125930E-11 -0.13774003E-12
    2    2   -0.45147988E-03 -0.18358364E-13
    3    2    0.19204063E-11  0.54668562E-12
    4    2   -0.21369796E-12 -0.19744018E-12
    1    3    0.38365703E-02  0.24516795E-11
    2    3    0.11893998E-12 -0.74715360E-12
    3    3   -0.12355453E-02 -0.26001716E-12
    4    3   -0.59796182E-02 -0.20820775E-11
    1    4    0.23986760E-02  0.74055432E-12
    2    4   -0.62514741E-12  0.36012601E-12
    3    4   -0.12306442E-02  0.34325736E-12
    4    4   -0.53331487E-02 -0.59322209E-12

   -3   -2    0
    1    1   -0.17160238E-01  0.25341430E-11
    2    1   -0.17359839E-11 -0.14156594E-11
    3    1   -0.95433039E-03  0.13263756E-11
    4    1   -0.30906820E-03  0.68867568E-12
    1    2   -0.14776430E-11 -0.27989007E-11
    2    2   -0.62593448E-03 -0.46004867E-14
    3    2    0.11486807E-12 -0.31669398E-12
    4    2   -0.36834776E-12  0.24140134E-12
    1    3   -0.18798534E-01 -0.10251374E-11
    2    3    0.18381948E-12  0.15513448E-12
    3    3    0.55828320E-02  0.27186586E-13
    4    3   -0.52004413E-03 -0.70919587E-12
    1    4   -0.15576290E-02  0.14514171E-12
    2    4   -0.59373813E-12  0.20683846E-12
    3    4    0.71856687E-02 -0.69039544E-12
    4    4    0.41729493E-02 -0.11536171E-11

   -3   -1    0
    1    1   -0.17315107E-01 -0.10110437E-11
    2    1    0.40122730E-11 -0.18415796E-11
    3    1   -0.46300035E-02  0.34018578E-11
    4    1    0.20430191E-02  0.26005326E-11
    1    2   -0.36454816E-11 -0.23453371E-11
    2    2   -0.62593447E-03  0.49960036E-15
    3    2   -0.73296389E-12 -0.10897942E-11
    4    2    0.85988768E-12  0.10544861E-11
    1    3   -0.37454615E-02 -0.20197364E-12
    2    3    0.13144079E-12  0.18035323E-12
    3    3    0.71216809E-02  0.42906304E-12
    4    3    0.59608525E-02  0.69321667E-12
    1    4   -0.25695802E-02  0.34720664E-12
    2    4   -0.18468676E-11  0.42778831E-13
    3    4   -0.17618803E-02 -0.42146026E-12
    4    4    0.27889675E-02  0.96762875E-13

   -3    0    0
    1    1   -0.53425268E-02 -0.27595287E-12
    2    1   -0.48941359E-12  0.51635789E-12
    3    1   -0.11830486E-02 -0.18246512E-11
    4    1    0.92129145E-03  0.14503608E-11
    1    2    0.34801816E-11  0.45373726E-11
    2    2   -0.45147995E-03 -0.21233015E-14
    3    2    0.48903625E-12  0.41562387E-12
    4    2   -0.15175550E-12 -0.49529639E-12
    1    3   -0.11784375E-01  0.19862478E-11
    2    3   -0.20550604E-12  0.86121022E-12
    3    3   -0.73828153E-02  0.58446303E-12
    4    3    0.24707279E-02  0.89788290E-12
    1    4   -0.14109318E-01  0.42499284E-11
    2    4    0.10112755E-11  0.15315762E-12
    3    4   -0.24707284E-02  0.11451446E-11
    4    4    0.68804128E-03  0.16486812E-13

   -3    1    0
    1    1    0.43299176E-02 -0.24734173E-11
    2    1    0.14370597E-11 -0.31315762E-12
    3    1    0.11119232E-03 -0.17630428E-13
    4    1   -0.83317723E-03 -0.14996684E-12
    1    2    0.75207361E-12 -0.35725734E-11
    2    2   -0.63812961E-04  0.97560848E-14
    3    2    0.73366910E-12 -0.96773992E-12
    4    2    0.54959870E-12  0.10813655E-12
    1    3    0.46300022E-02  0.20727339E-11
    2    3    0.82670542E-12  0.40259030E-12
    3    3    0.13456668E-02  0.98331412E-12
    4    3   -0.23980743E-02  0.58253603E-12
    1    4    0.20430197E-02 -0.74358531E-12
    2    4   -0.59267929E-12  0.64785300E-12
    3    4    0.15418114E-02 -0.25976752E-12
    4    4   -0.36745937E-03  0.88832761E-12

   -3    2    0
    1    1    0.11660590E-02 -0.84999195E-12
    2    1    0.46802026E-12  0.97120206E-12
    3    1    0.41892401E-03  0.14413757E-11
    4    1    0.41620605E-03  0.14360561E-12
    1    2    0.30812480E-11 -0.96142335E-12
    2    2   -0.14107438E-04 -0.68660355E-14
    3    2    0.97789073E-12 -0.56798318E-13
    4    2   -0.33076024E-12  0.41541898E-12
    1    3   -0.19394412E-03  0.17702055E-11
    2    3   -0.23402218E-12  0.87331471E-12
    3    3    0.13243259E-02  0.66599330E-12
    4    3    0.30979069E-03  0.96791011E-13
    1    4    0.12071969E-02  0.12111579E-11
    2    4    0.33585751E-12 -0.37805878E-12
    3    4   -0.12325122E-02  0.35051186E-12
    4    4    0.41491210E-03  0.43832993E-13

   -3    3    0
    1    1   -0.17557037E-02  0.10110894E-12
    2    1    0.74425242E-13  0.20829396E-12
    3    1    0.23293570E-03 -0.37200451E-12
    4    1   -0.61849212E-04  0.34983735E-12
    1    2    0.30646781E-12  0.11489939E-11
    2    2   -0.29509940E-05  0.58772431E-14
    3    2   -0.99453149E-13 -0.32728990E-12
    4    2    0.11644470E-13 -0.32760525E-12
    1    3   -0.72004296E-03 -0.51378953E-12
    2    3    0.10781971E-13 -0.11132771E-12
    3    3   -0.11807242E-02 -0.29105884E-12
    4    3    0.48412226E-03  0.24724512E-12
    1    4    0.29426711E-03 -0.61668552E-12
    2    4   -0.12617749E-12  0.49586023E-13
    3    4    0.47203398E-03  0.53767348E-13
    4    4   -0.63734972E-03 -0.45553838E-13

   -3    4    0
    1    1    0.29079789E-03 -0.49026928E-12
    2    1   -0.20403945E-12 -0.12908186E-12
    3    1   -0.90497014E-03  0.19905952E-14
    4    1   -0.51751152E-03 -0.42919140E-12
    1    2    0.61080644E-13 -0.10239785E-12
    2    2   -0.57194548E-06  0.81740170E-14
    3    2   -0.22303758E-13 -0.13843098E-13
    4    2    0.15455052E-13 -0.24178249E-12
    1    3    0.17870230E-03  0.41545673E-12
    2    3   -0.13761086E-12 -0.78740863E-14
    3    3    0.39352887E-03 -0.26437186E-13
    4    3   -0.62707579E-03  0.13731082E-13
    1    4   -0.76226602E-03 -0.47567679E-12
    2    4    0.14111819E-13 -0.53878811E-13
    3    4    0.30069676E-03 -0.17841333E-12
    4    4    0.31390069E-03  0.36142964E-13

   -2   -6    0
    1    1   -0.56118091E-03  0.12989436E-12
    2    1    0.78079815E-12 -0.81864215E-12
    3    1   -0.58282429E-03  0.27126413E-12
    4    1    0.79874236E-04 -0.25912432E-13
    1    2    0.12837975E-12  0.45831267E-14
    2    2   -0.25568793E-05  0.26340041E-13
    3    2    0.31731794E-12  0.46626288E-13
    4    2    0.22019036E-12  0.36574396E-14
    1    3   -0.32309852E-04 -0.22684372E-12
    2    3   -0.28347140E-12 -0.28472340E-12
    3    3    0.11566686E-03  0.49817789E-13
    4    3   -0.54148914E-03  0.25813536E-12
    1    4   -0.55263406E-04  0.10354027E-11
    2    4    0.25881300E-13  0.24785330E-12
    3    4    0.46453848E-03  0.22537354E-12
    4    4    0.30167748E-03  0.61083083E-13

   -2   -5    0
    1    1    0.11379748E-02 -0.65658243E-12
    2    1   -0.80000219E-12 -0.38085548E-13
    3    1   -0.91271074E-10 -0.46371327E-13
    4    1    0.69135039E-03  0.35725563E-11
    1    2   -0.11632797E-12 -0.70789654E-12
    2    2   -0.14107438E-04 -0.15959456E-15
    3    2    0.48318252E-12  0.24651134E-12
    4    2    0.25484818E-12  0.46155888E-12
    1    3    0.62722118E-03  0.14087880E-11
    2    3   -0.19233927E-12  0.52396505E-13
    3    3    0.27443049E-03  0.41436472E-12
    4    3    0.56220489E-03  0.54173202E-12
    1    4    0.25779837E-03 -0.77056417E-13
    2    4    0.27246033E-12 -0.10075738E-12
    3    4   -0.10081304E-02  0.24369314E-13
    4    4    0.14928912E-02  0.55336812E-12

   -2   -4    0
    1    1    0.19420313E-02 -0.31096811E-12
    2    1    0.14513585E-12  0.76227188E-12
    3    1    0.29321140E-02  0.26177480E-11
    4    1   -0.50104854E-02  0.29253162E-11
    1    2   -0.85620479E-12  0.15426570E-11
    2    2   -0.83598790E-04 -0.29460594E-13
    3    2    0.36279924E-12  0.33330728E-12
    4    2    0.54566523E-12  0.75682714E-14
    1    3   -0.10826888E-02 -0.99739661E-13
    2    3    0.39265281E-12 -0.66479204E-12
    3    3   -0.39672700E-03 -0.22859644E-13
    4    3    0.19330328E-09  0.97017141E-12
    1    4   -0.76972477E-03  0.37257194E-11
    2    4   -0.20526417E-12  0.32590805E-12
    3    4   -0.30016335E-09  0.16888285E-12
    4    4   -0.45726596E-02  0.62380092E-12

   -2   -3    0
    1    1   -0.16819174E-01 -0.86139082E-12
    2    1    0.17212191E-11 -0.24451645E-11
    3    1   -0.67274028E-02  0.23974139E-12
    4    1    0.18579121E-01  0.50805107E-11
    1    2    0.10414300E-11 -0.22309511E-13
    2    2   -0.62593448E-03 -0.11397133E-13
    3    2   -0.17787592E-12 -0.59477615E-12
    4    2    0.28247308E-12  0.15130838E-11
    1    3    0.47266883E-10  0.15441511E-11
    2    3    0.24197944E-12 -0.11443262E-11
    3    3    0.18808305E-02 -0.99329225E-12
    4    3   -0.26596024E-02  0.72194969E-12
    1    4    0.21630500E-02  0.78427802E-12
    2    4   -0.10115666E-12 -0.32685750E-12
    3    4    0.53706295E-02  0.21787617E-12
    4    4    0.75338867E-02  0.94534276E-12

   -2   -2    0
    1    1    0.41670221E-01 -0.16681066E-11
    2    1   -0.27458554E-11 -0.30302112E-11
    3    1   -0.11872271E-01  0.13556075E-11
    4    1    0.80950844E-03  0.36460227E-11
    1    2   -0.12104500E-11  0.33513657E-11
    2    2    0.86846393E-04 -0.77438056E-14
    3    2    0.52815477E-12  0.46610312E-12
    4    2    0.66342485E-12  0.15476888E-12
    1    3   -0.70090395E-02 -0.98936115E-12
    2    3    0.23980841E-12 -0.28370376E-11
    3    3   -0.12804799E-01  0.39772699E-12
    4    3    0.36813433E-01  0.63010496E-12
    1    4    0.52955684E-02  0.46468905E-11
    2    4    0.92471840E-12 -0.48506377E-12
    3    4   -0.18360196E-02  0.20180109E-11
    4    4    0.90623873E-02  0.17891938E-12

   -2   -1    0
    1    1    0.68115900E-01 -0.47342338E-12
    2    1    0.19742592E-11 -0.37688502E-12
    3    1   -0.15709408E-02 -0.14441362E-12
    4    1   -0.11810082E-01  0.25044690E-11
    1    2    0.67237850E-11 -0.27950156E-11
    2    2   -0.15923705E-02 -0.29559688E-14
    3    2   -0.76818627E-12 -0.18591861E-11
    4    2    0.42627556E-12  0.14534596E-11
    1    3    0.10216507E+00  0.34853958E-11
    2    3   -0.10714904E-11 -0.91597390E-12
    3    3   -0.52443752E-01  0.14118220E-11
    4    3   -0.37140353E-01  0.20840976E-12
    1    4   -0.52534564E-01  0.73059337E-12
    2    4    0.13544713E-12 -0.14214043E-11
    3    4   -0.35215850E-01  0.93758698E-12
    4    4   -0.12616582E-01 -0.13097162E-13

   -2    0    0
    1    1    0.41833320E-01  0.57211180E-14
    2    1   -0.20624909E-11 -0.14360708E-12
    3    1    0.11784374E-01 -0.42385015E-11
    4    1   -0.14109317E-01 -0.27831279E-11
    1    2    0.20614545E-11  0.82534984E-11
    2    2    0.86846291E-04 -0.48155924E-14
    3    2   -0.21613017E-11 -0.22428253E-11
    4    2   -0.45555571E-12  0.11673128E-11
    1    3    0.61837085E-02 -0.68096253E-11
    2    3    0.61812850E-12 -0.26857955E-11
    3    3    0.19440712E-01 -0.13695919E-11
    4    3   -0.18890907E-01 -0.82627243E-12
    1    4    0.11668853E+00 -0.61870661E-11
    2    4   -0.15008949E-12  0.53388236E-12
    3    4    0.18890910E-01 -0.56915941E-12
    4    4   -0.23346228E-01  0.21095625E-12

   -2    1    0
    1    1   -0.17315101E-01  0.20327923E-12
    2    1   -0.13564872E-11 -0.27179429E-11
    3    1   -0.29441187E-02 -0.15660103E-11
    4    1    0.48837040E-02 -0.18064118E-11
    1    2    0.42718790E-12  0.21816622E-11
    2    2   -0.62593444E-03  0.10050988E-13
    3    2   -0.59051728E-12  0.66258855E-12
    4    2   -0.53297781E-13 -0.54618160E-12
    1    3    0.15709478E-02  0.13952858E-11
    2    3   -0.72214799E-12  0.36691477E-12
    3    3    0.71216818E-02 -0.77165010E-12
    4    3    0.17618792E-02 -0.11173680E-11
    1    4   -0.11810086E-01  0.54051902E-12
    2    4   -0.31113537E-13  0.44835115E-12
    3    4   -0.59608535E-02 -0.13759543E-11
    4    4    0.27889680E-02  0.84267662E-13

   -2    2    0
    1    1    0.20272889E-02  0.37228438E-12
    2    1    0.24941654E-11 -0.11975769E-11
    3    1    0.76573617E-03 -0.84505927E-12
    4    1   -0.36586683E-03 -0.13284079E-11
    1    2    0.29559930E-11  0.47873030E-12
    2    2   -0.83598789E-04 -0.96936348E-14
    3    2    0.11051220E-12  0.19082745E-12
    4    2    0.12376969E-14  0.11579696E-11
    1    3    0.95432898E-03 -0.11474996E-11
    2    3    0.13877883E-11 -0.14218635E-12
    3    3   -0.35636878E-02 -0.11074440E-11
    4    3    0.18920291E-02 -0.10752792E-11
    1    4   -0.30906731E-03 -0.65612446E-12
    2    4   -0.87458743E-12 -0.39613394E-12
    3    4    0.18724759E-02 -0.17702005E-12
    4    4   -0.14909587E-02 -0.55985425E-12

   -2    3    0
    1    1    0.11295432E-02  0.68762097E-12
    2    1    0.10820971E-11  0.80920497E-12
    3    1   -0.30065919E-03  0.28045708E-12
    4    1   -0.65191286E-03 -0.69532834E-12
    1    2   -0.37651936E-12 -0.10769845E-11
    2    2   -0.14107438E-04  0.30683789E-13
    3    2    0.26926890E-14  0.14669677E-12
    4    2   -0.49756425E-12 -0.36446226E-12
    1    3   -0.82458617E-03 -0.19320144E-11
    2    3    0.37816448E-12  0.32143251E-12
    3    3    0.10566731E-02 -0.34629417E-12
    4    3   -0.14245386E-02 -0.77594357E-12
    1    4   -0.57011418E-03 -0.81214462E-12
    2    4    0.61594456E-12 -0.66513664E-12
    3    4    0.12176477E-03 -0.42969182E-13
    4    4    0.71908074E-03 -0.59629732E-12

   -2    4    0
    1    1   -0.55082277E-03  0.10806807E-11
    2    1    0.32600031E-12 -0.16445603E-12
    3    1    0.12079951E-03 -0.13439380E-12
    4    1    0.63080111E-03 -0.43204589E-13
    1    2    0.72921324E-12 -0.12905105E-12
    2    2   -0.25568793E-05 -0.14009627E-13
    3    2   -0.17554440E-13  0.35833268E-13
    4    2    0.11338132E-12 -0.22130376E-12
    1    3    0.60207802E-03 -0.21580493E-11
    2    3    0.38512659E-12 -0.96321862E-13
    3    3    0.21703722E-03 -0.58044888E-12
    4    3    0.37584310E-03  0.30040404E-12
    1    4    0.34506771E-03 -0.12884875E-11
    2    4    0.28755536E-12  0.97784274E-13
    3    4   -0.60743750E-03 -0.91656907E-13
    4    4    0.18994916E-03 -0.94209363E-13

   -2    5    0
    1    1    0.82562395E-03 -0.85001450E-15
    2    1    0.27653514E-12  0.68582602E-12
    3    1    0.51574761E-03  0.13393469E-12
    4    1   -0.20721734E-03  0.97273247E-12
    1    2    0.41969817E-12 -0.60935312E-12
    2    2   -0.60510195E-06 -0.45310977E-14
    3    2   -0.12006803E-12  0.14253132E-12
    4    2    0.14820037E-12 -0.14774818E-12
    1    3   -0.26417283E-03 -0.46736432E-13
    2    3    0.11594271E-12  0.12456733E-12
    3    3   -0.41534203E-03 -0.11508502E-12
    4    3    0.23107735E-03  0.18008197E-12
    1    4   -0.40194952E-04 -0.85238083E-12
    2    4   -0.19109032E-12 -0.11346395E-12
    3    4    0.21604678E-03 -0.20160609E-12
    4    4   -0.62701439E-03  0.13703275E-12

   -1   -6    0
    1    1    0.21179023E-03 -0.46385638E-12
    2    1    0.11607369E-11 -0.27654220E-12
    3    1    0.49066926E-03  0.16502945E-12
    4    1    0.20393242E-03  0.40242289E-12
    1    2    0.29315206E-12 -0.62970043E-13
    2    2   -0.17406677E-05  0.99503739E-14
    3    2    0.36540514E-13  0.83967042E-13
    4    2    0.68064440E-13  0.43195443E-13
    1    3   -0.21784461E-03  0.56466290E-12
    2    3    0.32442559E-12  0.47740631E-13
    3    3    0.23511860E-03  0.83115806E-13
    4    3    0.37429872E-03  0.21880628E-12
    1    4   -0.14994067E-03  0.16724989E-12
    2    4   -0.22956353E-12 -0.13435430E-12
    3    4   -0.73418094E-03 -0.63175864E-13
    4    4    0.58020222E-03 -0.74508108E-13

   -1   -5    0
    1    1   -0.37817098E-03 -0.79647341E-12
    2    1   -0.10296763E-11 -0.58668387E-12
    3    1    0.60112251E-03  0.86070040E-13
    4    1    0.93119036E-03 -0.49502936E-13
    1    2    0.97572401E-13  0.48614730E-12
    2    2   -0.10414585E-04 -0.38859326E-13
    3    2    0.14669133E-12  0.31200385E-12
    4    2    0.28221261E-12 -0.14226450E-12
    1    3    0.63193313E-05 -0.25524895E-12
    2    3   -0.12249020E-12 -0.82326121E-13
    3    3   -0.37031949E-03  0.34492255E-12
    4    3    0.56163767E-03  0.48384785E-13
    1    4    0.15697010E-03 -0.62836975E-12
    2    4    0.53432014E-12 -0.12245086E-12
    3    4    0.29515447E-03  0.17805870E-12
    4    4   -0.14930950E-02  0.50491338E-12

   -1   -4    0
    1    1    0.42933481E-02 -0.88201061E-12
    2    1   -0.16784848E-11  0.10882692E-11
    3    1   -0.29321139E-02  0.45720806E-12
    4    1   -0.50104868E-02 -0.59031686E-12
    1    2   -0.36332037E-12 -0.78459845E-12
    2    2   -0.63812960E-04 -0.97491459E-15
    3    2    0.18608428E-12 -0.14660542E-12
    4    2    0.99442495E-12  0.48962445E-13
    1    3    0.11294102E-02  0.77485674E-12
    2    3    0.65456065E-13  0.25363869E-12
    3    3   -0.32909555E-03  0.33630911E-12
    4    3   -0.24216871E-02  0.27269505E-12
    1    4   -0.59460842E-03  0.11009206E-11
    2    4    0.27713188E-12 -0.17740652E-12
    3    4    0.15471245E-02 -0.72923164E-12
    4    4    0.13438748E-02  0.89985311E-13

   -1   -3    0
    1    1   -0.16819175E-01 -0.27206536E-12
    2    1   -0.28060916E-11  0.53353774E-11
    3    1   -0.21706248E-09  0.38495604E-11
    4    1    0.29768379E-02 -0.23403154E-11
    1    2    0.28500854E-11 -0.20149113E-11
    2    2   -0.62593447E-03  0.43437476E-14
    3    2    0.53249279E-12  0.13906036E-12
    4    2    0.97681587E-12  0.61199176E-12
    1    3   -0.38365706E-02 -0.11670957E-11
    2    3   -0.36797991E-12  0.52435339E-12
    3    3    0.18808305E-02  0.10148132E-12
    4    3    0.26596021E-02  0.80684466E-12
    1    4    0.23986770E-02 -0.26550359E-11
    2    4   -0.63985316E-12  0.64724896E-12
    3    4   -0.53706289E-02 -0.94511912E-12
    4    4    0.75338858E-02  0.11530707E-11

   -1   -2    0
    1    1    0.64359007E-01  0.13470284E-11
    2    1   -0.28141436E-12  0.58898591E-11
    3    1    0.10004880E+00 -0.24827706E-11
    4    1   -0.59712341E-01  0.15837108E-11
    1    2    0.44750850E-11 -0.44402342E-12
    2    2   -0.15923705E-02 -0.30461744E-14
    3    2   -0.12318276E-12 -0.25441304E-11
    4    2   -0.62015234E-12  0.17969939E-11
    1    3    0.70090404E-02 -0.61060765E-12
    2    3   -0.34084933E-11  0.24562035E-11
    3    3    0.96724216E-02  0.22379321E-12
    4    3    0.35243178E-08  0.19238191E-11
    1    4    0.52955628E-02  0.15752775E-11
    2    4    0.18281514E-11 -0.71043038E-12
    3    4   -0.30041449E-09  0.11978005E-11
    4    4   -0.70975863E-01 -0.25615760E-11

   -1   -1    0
    1    1   -0.49623087E+00 -0.75253519E-12
    2    1    0.13458162E-12 -0.24340144E-11
    3    1    0.39212360E-01 -0.37816282E-11
    4    1    0.35125555E-01 -0.52491015E-11
    1    2   -0.40443704E-12  0.88766977E-11
    2    2   -0.19730574E+00  0.81393225E-14
    3    2   -0.25101574E-11 -0.10760007E-11
    4    2    0.49682113E-12 -0.24107032E-11
    1    3    0.78729799E-08  0.17321513E-11
    2    3    0.47826168E-11 -0.61002038E-11
    3    3    0.27427673E+00  0.10193998E-11
    4    3   -0.55131703E-02 -0.24575998E-11
    1    4   -0.31598742E-01 -0.65305678E-11
    2    4    0.65304896E-12 -0.15414429E-11
    3    4    0.17752036E+00 -0.11577378E-11
    4    4    0.36677177E+00  0.13299882E-11

   -1    0    0
    1    1   -0.50512392E+00  0.60132654E-11
    2    1   -0.41713335E-11  0.12444068E-11
    3    1   -0.61837110E-02 -0.19070084E-11
    4    1    0.11668852E+00  0.67236884E-11
    1    2    0.93804782E-11 -0.30691204E-11
    2    2   -0.19730573E+00 -0.87117813E-14
    3    2    0.82436711E-12 -0.32575675E-11
    4    2   -0.35059485E-11 -0.96314628E-12
    1    3   -0.12552312E+01 -0.36747905E-11
    2    3   -0.29406968E-11 -0.48305370E-11
    3    3    0.41721940E+00  0.59502056E-12
    4    3    0.96740289E-01  0.50515015E-11
    1    4   -0.73938550E+00  0.73344586E-11
    2    4    0.45881429E-12 -0.20287532E-11
    3    4   -0.96740309E-01  0.14220430E-11
    4    4    0.23272219E+00 -0.30483480E-11

   -1    1    0
    1    1    0.68115887E-01 -0.60135129E-11
    2    1   -0.53359606E-11 -0.57990214E-11
    3    1    0.37454582E-02  0.47935943E-11
    4    1   -0.25695781E-02 -0.91448203E-12
    1    2   -0.12033138E-10 -0.65449198E-11
    2    2   -0.15923706E-02 -0.37088388E-13
    3    2   -0.48790470E-11 -0.46092396E-11
    4    2    0.21828317E-11  0.51168619E-12
    1    3   -0.39212393E-01  0.49316063E-11
    2    3   -0.11651826E-11 -0.12150558E-11
    3    3   -0.52443757E-01  0.22733690E-11
    4    3    0.35215851E-01 -0.30362683E-12
    1    4    0.35125582E-01 -0.10747040E-10
    2    4   -0.19905216E-11  0.18553559E-11
    3    4    0.37140358E-01 -0.39006705E-11
    4    4   -0.12616583E-01  0.38473530E-11

   -1    2    0
    1    1   -0.17160233E-01 -0.34306932E-12
    2    1   -0.47874576E-13 -0.19804840E-11
    3    1   -0.58657137E-02  0.27274225E-11
    4    1   -0.25112347E-03  0.65049615E-12
    1    2    0.49178760E-11  0.33078803E-11
    2    2   -0.62593444E-03  0.56794847E-14
    3    2    0.25997273E-12  0.13466664E-11
    4    2    0.30489096E-12  0.91395112E-12
    1    3    0.11872273E-01  0.15103058E-11
    2    3   -0.18261298E-11  0.64748894E-12
    3    3    0.55828335E-02  0.77802001E-12
    4    3   -0.71856683E-02 -0.12748887E-12
    1    4    0.80950847E-03  0.66412180E-11
    2    4   -0.12497209E-11 -0.73372759E-12
    3    4    0.52004350E-03  0.17085545E-11
    4    4    0.41729484E-02  0.21392436E-12

   -1    3    0
    1    1    0.43462357E-02 -0.46543151E-12
    2    1   -0.12030746E-11  0.11655769E-11
    3    1    0.10855441E-02  0.66034808E-12
    4    1    0.52469686E-03  0.12495226E-11
    1    2   -0.24679722E-12  0.71998760E-12
    2    2   -0.63812960E-04 -0.20261570E-14
    3    2   -0.10995770E-12  0.39270661E-12
    4    2   -0.64831742E-12  0.15319649E-12
    1    3    0.37474696E-04 -0.18537051E-11
    2    3    0.46785619E-12  0.82893057E-13
    3    3    0.39610887E-03  0.88679064E-13
    4    3    0.10297043E-02  0.15143087E-12
    1    4   -0.46581262E-02  0.24589324E-11
    2    4   -0.16377785E-12 -0.25905897E-12
    3    4   -0.28316037E-02  0.13614235E-11
    4    4    0.56578050E-03 -0.73059614E-12

   -1    4    0
    1    1   -0.39282016E-03 -0.71519353E-12
    2    1   -0.13924302E-11  0.97688138E-13
    3    1    0.39604909E-03  0.78697628E-13
    4    1    0.12925920E-03 -0.30214270E-12
    1    2   -0.87653250E-12 -0.12962332E-11
    2    2   -0.10414585E-04  0.22599977E-13
    3    2   -0.46646196E-12  0.10165802E-12
    4    2   -0.13005437E-12  0.22714896E-12
    1    3   -0.42819825E-03  0.29469835E-12
    2    3    0.46818613E-13  0.13938402E-12
    3    3   -0.88787641E-03  0.54523747E-12
    4    3    0.61331091E-03  0.23194115E-12
    1    4    0.14582376E-02 -0.89295688E-12
    2    4    0.22448992E-12 -0.13034204E-12
    3    4    0.84741364E-03  0.49304153E-12
    4    4   -0.96088865E-03  0.30349681E-12

   -1    5    0
    1    1    0.21693296E-03 -0.38344675E-12
    2    1   -0.19632486E-12  0.16617135E-14
    3    1   -0.65034752E-03  0.14888243E-12
    4    1   -0.38378509E-03  0.29112129E-13
    1    2   -0.55255660E-12 -0.17908931E-12
    2    2   -0.17406678E-05  0.17340296E-13
    3    2   -0.18568059E-12  0.86424277E-13
    4    2   -0.27884093E-13 -0.58017657E-14
    1    3    0.39543194E-03 -0.22730082E-13
    2    3    0.65325119E-14 -0.31495684E-13
    3    3    0.37898243E-03  0.12573623E-12
    4    3   -0.81707442E-03  0.56927255E-13
    1    4   -0.68305905E-04 -0.13069754E-12
    2    4   -0.46959193E-12 -0.70038847E-13
    3    4    0.30234715E-03  0.26615930E-12
    4    4    0.43119584E-03  0.15555959E-12

    0   -6    0
    1    1    0.10227760E-02 -0.14778558E-15
    2    1   -0.55081429E-12 -0.20364936E-12
    3    1    0.66749688E-04  0.21698789E-12
    4    1   -0.13013110E-03 -0.81381690E-12
    1    2   -0.55081430E-12  0.20364936E-12
    2    2   -0.16467622E-05 -0.17520232E-14
    3    2   -0.22085816E-13 -0.41985339E-13
    4    2    0.29041547E-14  0.16673177E-12
    1    3    0.66749861E-04 -0.21628532E-12
    2    3   -0.22085815E-13  0.41985342E-13
    3    3   -0.32276031E-03 -0.16462710E-14
    4    3    0.32285959E-03 -0.87447153E-13
    1    4   -0.13013102E-03  0.81410313E-12
    2    4    0.29041575E-14 -0.16673178E-12
    3    4    0.32285965E-03  0.87337784E-13
    4    4   -0.62336938E-03 -0.16025010E-14

    0   -5    0
    1    1   -0.95153381E-03  0.62535307E-12
    2    1   -0.18228557E-12 -0.62850054E-12
    3    1   -0.40218428E-03 -0.27984533E-11
    4    1   -0.18727310E-03  0.44801229E-12
    1    2    0.24791463E-12  0.70890673E-13
    2    2   -0.53836879E-05  0.24986957E-13
    3    2    0.15216923E-12 -0.10176021E-12
    4    2   -0.17259495E-12  0.15249210E-12
    1    3    0.40273191E-04  0.21709631E-12
    2    3   -0.25425380E-12 -0.13445731E-12
    3    3   -0.23445170E-04 -0.53514138E-12
    4    3   -0.74855512E-03 -0.19466350E-12
    1    4    0.30960490E-03 -0.75870300E-12
    2    4   -0.51575932E-13 -0.22642062E-12
    3    4    0.46469078E-03  0.18260643E-12
    4    4    0.16201146E-03 -0.15016287E-12

    0   -4    0
    1    1    0.38374877E-03  0.57046902E-12
    2    1   -0.15018694E-11 -0.99402575E-12
    3    1    0.69587561E-04 -0.10974867E-11
    4    1   -0.21685875E-02 -0.34170479E-11
    1    2   -0.10595738E-11 -0.25162741E-12
    2    2   -0.26616211E-04  0.17832957E-14
    3    2    0.22409871E-12  0.40027381E-12
    4    2    0.40298849E-12  0.11837447E-12
    1    3   -0.36639009E-03 -0.11808935E-12
    2    3   -0.46635139E-12 -0.74558208E-12
    3    3    0.91303456E-03 -0.30283762E-12
    4    3   -0.24105412E-03 -0.10837653E-11
    1    4   -0.29758032E-03 -0.33389611E-12
    2    4   -0.18696895E-12 -0.41297636E-12
    3    4   -0.15263769E-02 -0.10343254E-11
    4    4    0.17365875E-02  0.16174562E-13

    0   -3    0
    1    1   -0.54686082E-02 -0.15517657E-11
    2    1    0.28858279E-11 -0.20849150E-11
    3    1    0.67274032E-02  0.54296357E-13
    4    1    0.18579123E-01 -0.32961833E-11
    1    2    0.61708169E-12  0.67945789E-12
    2    2   -0.45147995E-03 -0.40800696E-14
    3    2   -0.62973642E-12  0.15503813E-12
    4    2    0.45396686E-12  0.56355543E-12
    1    3   -0.18092281E-02  0.76142922E-13
    2    3   -0.24905671E-12 -0.93832323E-12
    3    3   -0.12355447E-02 -0.19290125E-12
    4    3    0.59796182E-02 -0.10419953E-11
    1    4    0.37661195E-03 -0.20920704E-11
    2    4   -0.11230826E-11  0.22328879E-12
    3    4    0.12306438E-02 -0.25653280E-12
    4    4   -0.53331478E-02  0.12965254E-11

    0   -2    0
    1    1    0.41670216E-01  0.16191180E-11
    2    1    0.63173077E-11 -0.30666465E-11
    3    1   -0.10004880E+00 -0.24075655E-11
    4    1   -0.59712351E-01 -0.42074911E-11
    1    2    0.42313703E-11 -0.57499166E-12
    2    2    0.86846291E-04 -0.19505231E-13
    3    2   -0.51901735E-12  0.14165427E-11
    4    2   -0.15033084E-11 -0.73617416E-12
    1    3    0.18798534E-01 -0.20301629E-11
    2    3   -0.17786910E-12  0.46394295E-12
    3    3   -0.12804800E-01 -0.47371482E-12
    4    3   -0.36813436E-01  0.11251045E-11
    1    4   -0.15576282E-02  0.31380484E-11
    2    4    0.41115202E-12 -0.16514424E-11
    3    4    0.18360183E-02  0.94290282E-12
    4    4    0.90623883E-02 -0.12803335E-11

    0   -1    0
    1    1   -0.49623085E+00 -0.10162973E-11
    2    1   -0.24642742E-10  0.27483913E-10
    3    1    0.39995605E-07 -0.76430711E-11
    4    1    0.14303165E+01  0.12594457E-10
    1    2    0.27651137E-11 -0.86493534E-12
    2    2   -0.19730573E+00 -0.43368087E-14
    3    2   -0.19718619E-11 -0.86927908E-13
    4    2   -0.90713947E-12 -0.66892781E-11
    1    3   -0.10216507E+00  0.93824601E-12
    2    3   -0.53150278E-11  0.42529144E-11
    3    3    0.27427675E+00 -0.48057391E-12
    4    3    0.55131443E-02  0.14744580E-13
    1    4   -0.52534560E-01 -0.67258612E-12
    2    4    0.43587961E-11 -0.33084719E-11
    3    4   -0.17752035E+00  0.19949597E-11
    4    4    0.36677177E+00 -0.36120239E-12

    0    0    0
    1    1    0.38582285E+00  0.15138229E-17
    2    1   -0.22777968E-11  0.30289282E-10
    3    1    0.12552312E+01  0.15034285E-11
    4    1   -0.73938537E+00 -0.13537614E-10
    1    2   -0.22777968E-11 -0.30289282E-10
    2    2   -0.50911566E+01  0.10095127E-16
    3    2   -0.62120930E-11 -0.79496163E-11
    4    2   -0.48277141E-11 -0.66843447E-12
    1    3    0.12552312E+01 -0.15034285E-11
    2    3   -0.62120930E-11  0.79496163E-11
    3    3   -0.55772839E+01  0.71712633E-17
    4    3   -0.13450311E-07  0.30694818E-12
    1    4   -0.73938537E+00  0.13537614E-10
    2    4   -0.48277141E-11  0.66843447E-12
    3    4   -0.13450311E-07 -0.30694818E-12
    4    4   -0.55777560E+01 -0.14460241E-16

    0    1    0
    1    1   -0.49623085E+00  0.10163008E-11
    2    1    0.27651137E-11  0.86493534E-12
    3    1   -0.10216507E+00 -0.93824601E-12
    4    1   -0.52534560E-01  0.67258612E-12
    1    2   -0.24642742E-10 -0.27483913E-10
    2    2   -0.19730573E+00  0.43229309E-14
    3    2   -0.53150278E-11 -0.42529144E-11
    4    2    0.43587961E-11  0.33084719E-11
    1    3    0.39995605E-07  0.76430711E-11
    2    3   -0.19718619E-11  0.86927908E-13
    3    3    0.27427675E+00  0.48058779E-12
    4    3   -0.17752035E+00 -0.19949597E-11
    1    4    0.14303165E+01 -0.12594457E-10
    2    4   -0.90713947E-12  0.66892781E-11
    3    4    0.55131443E-02 -0.14744580E-13
    4    4    0.36677177E+00  0.36120239E-12

    0    2    0
    1    1    0.41670216E-01 -0.16191319E-11
    2    1    0.42313703E-11  0.57499166E-12
    3    1    0.18798534E-01  0.20301629E-11
    4    1   -0.15576282E-02 -0.31380484E-11
    1    2    0.63173077E-11  0.30666465E-11
    2    2    0.86846291E-04  0.19505231E-13
    3    2   -0.17786910E-12 -0.46394295E-12
    4    2    0.41115202E-12  0.16514424E-11
    1    3   -0.10004880E+00  0.24075655E-11
    2    3   -0.51901735E-12 -0.14165427E-11
    3    3   -0.12804800E-01  0.47371482E-12
    4    3    0.18360183E-02 -0.94290282E-12
    1    4   -0.59712351E-01  0.42074911E-11
    2    4   -0.15033084E-11  0.73617416E-12
    3    4   -0.36813436E-01 -0.11251045E-11
    4    4    0.90623883E-02  0.12803335E-11

    0    3    0
    1    1   -0.54686082E-02  0.15517518E-11
    2    1    0.61708169E-12 -0.67945789E-12
    3    1   -0.18092281E-02 -0.76142922E-13
    4    1    0.37661195E-03  0.20920704E-11
    1    2    0.28858279E-11  0.20849150E-11
    2    2   -0.45147995E-03  0.38580250E-14
    3    2   -0.24905671E-12  0.93832323E-12
    4    2   -0.11230826E-11 -0.22328879E-12
    1    3    0.67274032E-02 -0.54296357E-13
    2    3   -0.62973642E-12 -0.15503813E-12
    3    3   -0.12355447E-02  0.19290125E-12
    4    3    0.12306438E-02  0.25653280E-12
    1    4    0.18579123E-01  0.32961833E-11
    2    4    0.45396686E-12 -0.56355543E-12
    3    4    0.59796182E-02  0.10419953E-11
    4    4   -0.53331478E-02 -0.12966364E-11

    0    4    0
    1    1    0.38374877E-03 -0.57046902E-12
    2    1   -0.10595738E-11  0.25162741E-12
    3    1   -0.36639009E-03  0.11808935E-12
    4    1   -0.29758032E-03  0.33389611E-12
    1    2   -0.15018694E-11  0.99402575E-12
    2    2   -0.26616211E-04 -0.17832957E-14
    3    2   -0.46635139E-12  0.74558208E-12
    4    2   -0.18696895E-12  0.41297636E-12
    1    3    0.69587561E-04  0.10974867E-11
    2    3    0.22409871E-12 -0.40027381E-12
    3    3    0.91303456E-03  0.30283762E-12
    4    3   -0.15263769E-02  0.10343254E-11
    1    4   -0.21685875E-02  0.34170479E-11
    2    4    0.40298849E-12 -0.11837447E-12
    3    4   -0.24105412E-03  0.10837653E-11
    4    4    0.17365875E-02 -0.16174562E-13

    0    5    0
    1    1   -0.95153381E-03 -0.62534266E-12
    2    1    0.24791463E-12 -0.70890673E-13
    3    1    0.40273191E-04 -0.21709631E-12
    4    1    0.30960490E-03  0.75870300E-12
    1    2   -0.18228557E-12  0.62850054E-12
    2    2   -0.53836879E-05 -0.24973079E-13
    3    2   -0.25425380E-12  0.13445731E-12
    4    2   -0.51575932E-13  0.22642062E-12
    1    3   -0.40218428E-03  0.27984533E-11
    2    3    0.15216923E-12  0.10176021E-12
    3    3   -0.23445170E-04  0.53519689E-12
    4    3    0.46469078E-03 -0.18260643E-12
    1    4   -0.18727310E-03 -0.44801229E-12
    2    4   -0.17259495E-12 -0.15249210E-12
    3    4   -0.74855512E-03  0.19466350E-12
    4    4    0.16201146E-03  0.15016287E-12

    0    6    0
    1    1    0.10227760E-02  0.14284944E-15
    2    1   -0.55081430E-12 -0.20364936E-12
    3    1    0.66749861E-04  0.21628532E-12
    4    1   -0.13013102E-03 -0.81410313E-12
    1    2   -0.55081429E-12  0.20364936E-12
    2    2   -0.16467622E-05  0.17346278E-14
    3    2   -0.22085815E-13 -0.41985342E-13
    4    2    0.29041575E-14  0.16673178E-12
    1    3    0.66749688E-04 -0.21698789E-12
    2    3   -0.22085816E-13  0.41985339E-13
    3    3   -0.32276031E-03  0.16227598E-14
    4    3    0.32285965E-03 -0.87337784E-13
    1    4   -0.13013110E-03  0.81381690E-12
    2    4    0.29041547E-14 -0.16673177E-12
    3    4    0.32285959E-03  0.87447153E-13
    4    4   -0.62336938E-03  0.15452798E-14

    1   -5    0
    1    1    0.21693296E-03  0.38346062E-12
    2    1   -0.55255660E-12  0.17908931E-12
    3    1    0.39543194E-03  0.22730082E-13
    4    1   -0.68305905E-04  0.13069754E-12
    1    2   -0.19632486E-12 -0.16617135E-14
    2    2   -0.17406678E-05 -0.17340296E-13
    3    2    0.65325119E-14  0.31495684E-13
    4    2   -0.46959193E-12  0.70038847E-13
    1    3   -0.65034752E-03 -0.14888243E-12
    2    3   -0.18568059E-12 -0.86424277E-13
    3    3    0.37898243E-03 -0.12575010E-12
    4    3    0.30234715E-03 -0.26615930E-12
    1    4   -0.38378509E-03 -0.29112129E-13
    2    4   -0.27884093E-13  0.58017657E-14
    3    4   -0.81707442E-03 -0.56927255E-13
    4    4    0.43119584E-03 -0.15553184E-12

    1   -4    0
    1    1   -0.39282016E-03  0.71521088E-12
    2    1   -0.87653250E-12  0.12962332E-11
    3    1   -0.42819825E-03 -0.29469835E-12
    4    1    0.14582376E-02  0.89295688E-12
    1    2   -0.13924302E-11 -0.97688138E-13
    2    2   -0.10414585E-04 -0.22655489E-13
    3    2    0.46818613E-13 -0.13938402E-12
    4    2    0.22448992E-12  0.13034204E-12
    1    3    0.39604909E-03 -0.78697628E-13
    2    3   -0.46646196E-12 -0.10165802E-12
    3    3   -0.88787641E-03 -0.54520971E-12
    4    3    0.84741364E-03 -0.49304153E-12
    1    4    0.12925920E-03  0.30214270E-12
    2    4   -0.13005437E-12 -0.22714896E-12
    3    4    0.61331091E-03 -0.23194115E-12
    4    4   -0.96088865E-03 -0.30355232E-12

    1   -3    0
    1    1    0.43462357E-02  0.46545753E-12
    2    1   -0.24679722E-12 -0.71998760E-12
    3    1    0.37474696E-04  0.18537051E-11
    4    1   -0.46581262E-02 -0.24589324E-11
    1    2   -0.12030746E-11 -0.11655769E-11
    2    2   -0.63812960E-04  0.20400348E-14
    3    2    0.46785619E-12 -0.82893057E-13
    4    2   -0.16377785E-12  0.25905897E-12
    1    3    0.10855441E-02 -0.66034808E-12
    2    3   -0.10995770E-12 -0.39270661E-12
    3    3    0.39610887E-03 -0.88734575E-13
    4    3   -0.28316037E-02 -0.13614235E-11
    1    4    0.52469686E-03 -0.12495226E-11
    2    4   -0.64831742E-12 -0.15319649E-12
    3    4    0.10297043E-02 -0.15143087E-12
    4    4    0.56578050E-03  0.73058226E-12

    1   -2    0
    1    1   -0.17160233E-01  0.34307019E-12
    2    1    0.49178760E-11 -0.33078803E-11
    3    1    0.11872273E-01 -0.15103058E-11
    4    1    0.80950847E-03 -0.66412180E-11
    1    2   -0.47874576E-13  0.19804840E-11
    2    2   -0.62593444E-03 -0.56794847E-14
    3    2   -0.18261298E-11 -0.64748894E-12
    4    2   -0.12497209E-11  0.73372759E-12
    1    3   -0.58657137E-02 -0.27274225E-11
    2    3    0.25997273E-12 -0.13466664E-11
    3    3    0.55828335E-02 -0.77810501E-12
    4    3    0.52004350E-03 -0.17085545E-11
    1    4   -0.25112347E-03 -0.65049615E-12
    2    4    0.30489096E-12 -0.91395112E-12
    3    4   -0.71856683E-02  0.12748887E-12
    4    4    0.41729484E-02 -0.21392436E-12

    1   -1    0
    1    1    0.68115887E-01  0.60135141E-11
    2    1   -0.12033138E-10  0.65449198E-11
    3    1   -0.39212393E-01 -0.49316063E-11
    4    1    0.35125582E-01  0.10747040E-10
    1    2   -0.53359606E-11  0.57990214E-11
    2    2   -0.15923706E-02  0.37116143E-13
    3    2   -0.11651826E-11  0.12150558E-11
    4    2   -0.19905216E-11 -0.18553559E-11
    1    3    0.37454582E-02 -0.47935943E-11
    2    3   -0.48790470E-11  0.46092396E-11
    3    3   -0.52443757E-01 -0.22733690E-11
    4    3    0.37140358E-01  0.39006705E-11
    1    4   -0.25695781E-02  0.91448203E-12
    2    4    0.21828317E-11 -0.51168619E-12
    3    4    0.35215851E-01  0.30362683E-12
    4    4   -0.12616583E-01 -0.38473530E-11

    1    0    0
    1    1   -0.50512392E+00 -0.60132567E-11
    2    1    0.93804782E-11  0.30691204E-11
    3    1   -0.12552312E+01  0.36747905E-11
    4    1   -0.73938550E+00 -0.73344586E-11
    1    2   -0.41713335E-11 -0.12444068E-11
    2    2   -0.19730573E+00  0.86562701E-14
    3    2   -0.29406968E-11  0.48305370E-11
    4    2    0.45881429E-12  0.20287532E-11
    1    3   -0.61837110E-02  0.19070084E-11
    2    3    0.82436711E-12  0.32575675E-11
    3    3    0.41721940E+00 -0.59493729E-12
    4    3   -0.96740309E-01 -0.14220430E-11
    1    4    0.11668852E+00 -0.67236884E-11
    2    4   -0.35059485E-11  0.96314628E-12
    3    4    0.96740289E-01 -0.50515015E-11
    4    4    0.23272219E+00  0.30482648E-11

    1    1    0
    1    1   -0.49623087E+00  0.75252825E-12
    2    1   -0.40443704E-12 -0.88766977E-11
    3    1    0.78729799E-08 -0.17321513E-11
    4    1   -0.31598742E-01  0.65305678E-11
    1    2    0.13458162E-12  0.24340144E-11
    2    2   -0.19730574E+00 -0.81254448E-14
    3    2    0.47826168E-11  0.61002038E-11
    4    2    0.65304896E-12  0.15414429E-11
    1    3    0.39212360E-01  0.37816282E-11
    2    3   -0.25101574E-11  0.10760007E-11
    3    3    0.27427673E+00 -0.10193443E-11
    4    3    0.17752036E+00  0.11577378E-11
    1    4    0.35125555E-01  0.52491015E-11
    2    4    0.49682113E-12  0.24107032E-11
    3    4   -0.55131703E-02  0.24575998E-11
    4    4    0.36677177E+00 -0.13300437E-11

    1    2    0
    1    1    0.64359007E-01 -0.13470839E-11
    2    1    0.44750850E-11  0.44402342E-12
    3    1    0.70090404E-02  0.61060765E-12
    4    1    0.52955628E-02 -0.15752775E-11
    1    2   -0.28141436E-12 -0.58898591E-11
    2    2   -0.15923705E-02  0.30739300E-14
    3    2   -0.34084933E-11 -0.24562035E-11
    4    2    0.18281514E-11  0.71043038E-12
    1    3    0.10004880E+00  0.24827706E-11
    2    3   -0.12318276E-12  0.25441304E-11
    3    3    0.96724216E-02 -0.22379321E-12
    4    3   -0.30041449E-09 -0.11978005E-11
    1    4   -0.59712341E-01 -0.15837108E-11
    2    4   -0.62015234E-12 -0.17969939E-11
    3    4    0.35243178E-08 -0.19238191E-11
    4    4   -0.70975863E-01  0.25615760E-11

    1    3    0
    1    1   -0.16819175E-01  0.27207923E-12
    2    1    0.28500854E-11  0.20149113E-11
    3    1   -0.38365706E-02  0.11670957E-11
    4    1    0.23986770E-02  0.26550359E-11
    1    2   -0.28060916E-11 -0.53353774E-11
    2    2   -0.62593447E-03 -0.43853809E-14
    3    2   -0.36797991E-12 -0.52435339E-12
    4    2   -0.63985316E-12 -0.64724896E-12
    1    3   -0.21706248E-09 -0.38495604E-11
    2    3    0.53249279E-12 -0.13906036E-12
    3    3    0.18808305E-02 -0.10150908E-12
    4    3   -0.53706289E-02  0.94511912E-12
    1    4    0.29768379E-02  0.23403154E-11
    2    4    0.97681587E-12 -0.61199176E-12
    3    4    0.26596021E-02 -0.80684466E-12
    4    4    0.75338858E-02 -0.11530707E-11

    1    4    0
    1    1    0.42933481E-02  0.88199500E-12
    2    1   -0.36332037E-12  0.78459845E-12
    3    1    0.11294102E-02 -0.77485674E-12
    4    1   -0.59460842E-03 -0.11009206E-11
    1    2   -0.16784848E-11 -0.10882692E-11
    2    2   -0.63812960E-04  0.10165480E-14
    3    2    0.65456065E-13 -0.25363869E-12
    4    2    0.27713188E-12  0.17740652E-12
    1    3   -0.29321139E-02 -0.45720806E-12
    2    3    0.18608428E-12  0.14660542E-12
    3    3   -0.32909555E-03 -0.33633513E-12
    4    3    0.15471245E-02  0.72923164E-12
    1    4   -0.50104868E-02  0.59031686E-12
    2    4    0.99442495E-12 -0.48962445E-13
    3    4   -0.24216871E-02 -0.27269505E-12
    4    4    0.13438748E-02 -0.90013066E-13

    1    5    0
    1    1   -0.37817098E-03  0.79650001E-12
    2    1    0.97572401E-13 -0.48614730E-12
    3    1    0.63193313E-05  0.25524895E-12
    4    1    0.15697010E-03  0.62836975E-12
    1    2   -0.10296763E-11  0.58668387E-12
    2    2   -0.10414585E-04  0.38859326E-13
    3    2   -0.12249020E-12  0.82326121E-13
    4    2    0.53432014E-12  0.12245086E-12
    1    3    0.60112251E-03 -0.86070040E-13
    2    3    0.14669133E-12 -0.31200385E-12
    3    3   -0.37031949E-03 -0.34495031E-12
    4    3    0.29515447E-03 -0.17805870E-12
    1    4    0.93119036E-03  0.49502936E-13
    2    4    0.28221261E-12  0.14226450E-12
    3    4    0.56163767E-03 -0.48384785E-13
    4    4   -0.14930950E-02 -0.50494113E-12

    1    6    0
    1    1    0.21179023E-03  0.46387894E-12
    2    1    0.29315206E-12  0.62970043E-13
    3    1   -0.21784461E-03 -0.56466290E-12
    4    1   -0.14994067E-03 -0.16724989E-12
    1    2    0.11607369E-11  0.27654220E-12
    2    2   -0.17406677E-05 -0.98948627E-14
    3    2    0.32442559E-12 -0.47740631E-13
    4    2   -0.22956353E-12  0.13435430E-12
    1    3    0.49066926E-03 -0.16502945E-12
    2    3    0.36540514E-13 -0.83967042E-13
    3    3    0.23511860E-03 -0.83115806E-13
    4    3   -0.73418094E-03  0.63175864E-13
    1    4    0.20393242E-03 -0.40242289E-12
    2    4    0.68064440E-13 -0.43195443E-13
    3    4    0.37429872E-03 -0.21880628E-12
    4    4    0.58020222E-03  0.74535864E-13

    2   -5    0
    1    1    0.82562395E-03  0.86389229E-15
    2    1    0.41969817E-12  0.60935312E-12
    3    1   -0.26417283E-03  0.46736432E-13
    4    1   -0.40194952E-04  0.85238083E-12
    1    2    0.27653514E-12 -0.68582602E-12
    2    2   -0.60510195E-06  0.45449755E-14
    3    2    0.11594271E-12 -0.12456733E-12
    4    2   -0.19109032E-12  0.11346395E-12
    1    3    0.51574761E-03 -0.13393469E-12
    2    3   -0.12006803E-12 -0.14253132E-12
    3    3   -0.41534203E-03  0.11502951E-12
    4    3    0.21604678E-03  0.20160609E-12
    1    4   -0.20721734E-03 -0.97273247E-12
    2    4    0.14820037E-12  0.14774818E-12
    3    4    0.23107735E-03 -0.18008197E-12
    4    4   -0.62701439E-03 -0.13707438E-12

    2   -4    0
    1    1   -0.55082277E-03 -0.10806859E-11
    2    1    0.72921324E-12  0.12905105E-12
    3    1    0.60207802E-03  0.21580493E-11
    4    1    0.34506771E-03  0.12884875E-11
    1    2    0.32600031E-12  0.16445603E-12
    2    2   -0.25568793E-05  0.14037382E-13
    3    2    0.38512659E-12  0.96321862E-13
    4    2    0.28755536E-12 -0.97784274E-13
    1    3    0.12079951E-03  0.13439380E-12
    2    3   -0.17554440E-13 -0.35833268E-13
    3    3    0.21703722E-03  0.58042113E-12
    4    3   -0.60743750E-03  0.91656907E-13
    1    4    0.63080111E-03  0.43204589E-13
    2    4    0.11338132E-12  0.22130376E-12
    3    4    0.37584310E-03 -0.30040404E-12
    4    4    0.18994916E-03  0.94195485E-13

    2   -3    0
    1    1    0.11295432E-02 -0.68761316E-12
    2    1   -0.37651936E-12  0.10769845E-11
    3    1   -0.82458617E-03  0.19320144E-11
    4    1   -0.57011418E-03  0.81214462E-12
    1    2    0.10820971E-11 -0.80920497E-12
    2    2   -0.14107438E-04 -0.30697667E-13
    3    2    0.37816448E-12 -0.32143251E-12
    4    2    0.61594456E-12  0.66513664E-12
    1    3   -0.30065919E-03 -0.28045708E-12
    2    3    0.26926890E-14 -0.14669677E-12
    3    3    0.10566731E-02  0.34629417E-12
    4    3    0.12176477E-03  0.42969182E-13
    1    4   -0.65191286E-03  0.69532834E-12
    2    4   -0.49756425E-12  0.36446226E-12
    3    4   -0.14245386E-02  0.77594357E-12
    4    4    0.71908074E-03  0.59635283E-12

    2   -2    0
    1    1    0.20272889E-02 -0.37228929E-12
    2    1    0.29559930E-11 -0.47873030E-12
    3    1    0.95432898E-03  0.11474996E-11
    4    1   -0.30906731E-03  0.65612446E-12
    1    2    0.24941654E-11  0.11975769E-11
    2    2   -0.83598789E-04  0.97352681E-14
    3    2    0.13877883E-11  0.14218635E-12
    4    2   -0.87458743E-12  0.39613394E-12
    1    3    0.76573617E-03  0.84505927E-12
    2    3    0.11051220E-12 -0.19082745E-12
    3    3   -0.35636878E-02  0.11073885E-11
    4    3    0.18724759E-02  0.17702005E-12
    1    4   -0.36586683E-03  0.13284079E-11
    2    4    0.12376969E-14 -0.11579696E-11
    3    4    0.18920291E-02  0.10752792E-11
    4    4   -0.14909587E-02  0.55993751E-12

    2   -1    0
    1    1   -0.17315101E-01 -0.20327576E-12
    2    1    0.42718790E-12 -0.21816622E-11
    3    1    0.15709478E-02 -0.13952858E-11
    4    1   -0.11810086E-01 -0.54051902E-12
    1    2   -0.13564872E-11  0.27179429E-11
    2    2   -0.62593444E-03 -0.10078743E-13
    3    2   -0.72214799E-12 -0.36691477E-12
    4    2   -0.31113537E-13 -0.44835115E-12
    1    3   -0.29441187E-02  0.15660103E-11
    2    3   -0.59051728E-12 -0.66258855E-12
    3    3    0.71216818E-02  0.77166398E-12
    4    3   -0.59608535E-02  0.13759543E-11
    1    4    0.48837040E-02  0.18064118E-11
    2    4   -0.53297781E-13  0.54618160E-12
    3    4    0.17618792E-02  0.11173680E-11
    4    4    0.27889680E-02 -0.84267662E-13

    2    0    0
    1    1    0.41833320E-01 -0.57211180E-14
    2    1    0.20614545E-11 -0.82534984E-11
    3    1    0.61837085E-02  0.68096253E-11
    4    1    0.11668853E+00  0.61870661E-11
    1    2   -0.20624909E-11  0.14360708E-12
    2    2    0.86846291E-04  0.48711035E-14
    3    2    0.61812850E-12  0.26857955E-11
    4    2   -0.15008949E-12 -0.53388236E-12
    1    3    0.11784374E-01  0.42385015E-11
    2    3   -0.21613017E-11  0.22428253E-11
    3    3    0.19440712E-01  0.13696058E-11
    4    3    0.18890910E-01  0.56915941E-12
    1    4   -0.14109317E-01  0.27831279E-11
    2    4   -0.45555571E-12 -0.11673128E-11
    3    4   -0.18890907E-01  0.82627243E-12
    4    4   -0.23346228E-01 -0.21101176E-12

    2    1    0
    1    1    0.68115900E-01  0.47341644E-12
    2    1    0.67237850E-11  0.27950156E-11
    3    1    0.10216507E+00 -0.34853958E-11
    4    1   -0.52534564E-01 -0.73059337E-12
    1    2    0.19742592E-11  0.37688502E-12
    2    2   -0.15923705E-02  0.29143354E-14
    3    2   -0.10714904E-11  0.91597390E-12
    4    2    0.13544713E-12  0.14214043E-11
    1    3   -0.15709408E-02  0.14441362E-12
    2    3   -0.76818627E-12  0.18591861E-11
    3    3   -0.52443752E-01 -0.14118012E-11
    4    3   -0.35215850E-01 -0.93758698E-12
    1    4   -0.11810082E-01 -0.25044690E-11
    2    4    0.42627556E-12 -0.14534596E-11
    3    4   -0.37140353E-01 -0.20840976E-12
    4    4   -0.12616582E-01  0.13124918E-13

    2    2    0
    1    1    0.41670221E-01  0.16680789E-11
    2    1   -0.12104500E-11 -0.33513657E-11
    3    1   -0.70090395E-02  0.98936115E-12
    4    1    0.52955684E-02 -0.46468905E-11
    1    2   -0.27458554E-11  0.30302112E-11
    2    2    0.86846393E-04  0.77091111E-14
    3    2    0.23980841E-12  0.28370376E-11
    4    2    0.92471840E-12  0.48506377E-12
    1    3   -0.11872271E-01 -0.13556075E-11
    2    3    0.52815477E-12 -0.46610312E-12
    3    3   -0.12804799E-01 -0.39775475E-12
    4    3   -0.18360196E-02 -0.20180109E-11
    1    4    0.80950844E-03 -0.36460227E-11
    2    4    0.66342485E-12 -0.15476888E-12
    3    4    0.36813433E-01 -0.63010496E-12
    4    4    0.90623873E-02 -0.17891938E-12

    2    3    0
    1    1   -0.16819174E-01  0.86138995E-12
    2    1    0.10414300E-11  0.22309511E-13
    3    1    0.47266883E-10 -0.15441511E-11
    4    1    0.21630500E-02 -0.78427802E-12
    1    2    0.17212191E-11  0.24451645E-11
    2    2   -0.62593448E-03  0.11376317E-13
    3    2    0.24197944E-12  0.11443262E-11
    4    2   -0.10115666E-12  0.32685750E-12
    1    3   -0.67274028E-02 -0.23974139E-12
    2    3   -0.17787592E-12  0.59477615E-12
    3    3    0.18808305E-02  0.99329225E-12
    4    3    0.53706295E-02 -0.21787617E-12
    1    4    0.18579121E-01 -0.50805107E-11
    2    4    0.28247308E-12 -0.15130838E-11
    3    4   -0.26596024E-02 -0.72194969E-12
    4    4    0.75338867E-02 -0.94531501E-12

    2    4    0
    1    1    0.19420313E-02  0.31097389E-12
    2    1   -0.85620479E-12 -0.15426570E-11
    3    1   -0.10826888E-02  0.99739661E-13
    4    1   -0.76972477E-03 -0.37257194E-11
    1    2    0.14513585E-12 -0.76227188E-12
    2    2   -0.83598790E-04  0.29474472E-13
    3    2    0.39265281E-12  0.66479204E-12
    4    2   -0.20526417E-12 -0.32590805E-12
    1    3    0.29321140E-02 -0.26177480E-11
    2    3    0.36279924E-12 -0.33330728E-12
    3    3   -0.39672700E-03  0.22824949E-13
    4    3   -0.30016335E-09 -0.16888285E-12
    1    4   -0.50104854E-02 -0.29253162E-11
    2    4    0.54566523E-12 -0.75682714E-14
    3    4    0.19330328E-09 -0.97017141E-12
    4    4   -0.45726596E-02 -0.62379398E-12

    2    5    0
    1    1    0.11379748E-02  0.65658763E-12
    2    1   -0.11632797E-12  0.70789654E-12
    3    1    0.62722118E-03 -0.14087880E-11
    4    1    0.25779837E-03  0.77056417E-13
    1    2   -0.80000219E-12  0.38085548E-13
    2    2   -0.14107438E-04  0.17347235E-15
    3    2   -0.19233927E-12 -0.52396505E-13
    4    2    0.27246033E-12  0.10075738E-12
    1    3   -0.91271074E-10  0.46371327E-13
    2    3    0.48318252E-12 -0.24651134E-12
    3    3    0.27443049E-03 -0.41436472E-12
    4    3   -0.10081304E-02 -0.24369314E-13
    1    4    0.69135039E-03 -0.35725563E-11
    2    4    0.25484818E-12 -0.46155888E-12
    3    4    0.56220489E-03 -0.54173202E-12
    4    4    0.14928912E-02 -0.55334036E-12

    2    6    0
    1    1   -0.56118091E-03 -0.12992211E-12
    2    1    0.12837975E-12 -0.45831267E-14
    3    1   -0.32309852E-04  0.22684372E-12
    4    1   -0.55263406E-04 -0.10354027E-11
    1    2    0.78079815E-12  0.81864215E-12
    2    2   -0.25568793E-05 -0.26312286E-13
    3    2   -0.28347140E-12  0.28472340E-12
    4    2    0.25881300E-13 -0.24785330E-12
    1    3   -0.58282429E-03 -0.27126413E-12
    2    3    0.31731794E-12 -0.46626288E-13
    3    3    0.11566686E-03 -0.49887178E-13
    4    3    0.46453848E-03 -0.22537354E-12
    1    4    0.79874236E-04  0.25912432E-13
    2    4    0.22019036E-12 -0.36574396E-14
    3    4   -0.54148914E-03 -0.25813536E-12
    4    4    0.30167748E-03 -0.61041450E-13

    3   -4    0
    1    1    0.29079789E-03  0.49027275E-12
    2    1    0.61080644E-13  0.10239785E-12
    3    1    0.17870230E-03 -0.41545673E-12
    4    1   -0.76226602E-03  0.47567679E-12
    1    2   -0.20403945E-12  0.12908186E-12
    2    2   -0.57194548E-06 -0.81740170E-14
    3    2   -0.13761086E-12  0.78740863E-14
    4    2    0.14111819E-13  0.53878811E-13
    1    3   -0.90497014E-03 -0.19905952E-14
    2    3   -0.22303758E-13  0.13843098E-13
    3    3    0.39352887E-03  0.26437186E-13
    4    3    0.30069676E-03  0.17841333E-12
    1    4   -0.51751152E-03  0.42919140E-12
    2    4    0.15455052E-13  0.24178249E-12
    3    4   -0.62707579E-03 -0.13731082E-13
    4    4    0.31390069E-03 -0.36156841E-13

    3   -3    0
    1    1   -0.17557037E-02 -0.10110084E-12
    2    1    0.30646781E-12 -0.11489939E-11
    3    1   -0.72004296E-03  0.51378953E-12
    4    1    0.29426711E-03  0.61668552E-12
    1    2    0.74425242E-13 -0.20829396E-12
    2    2   -0.29509940E-05 -0.58703042E-14
    3    2    0.10781971E-13  0.11132771E-12
    4    2   -0.12617749E-12 -0.49586023E-13
    1    3    0.23293570E-03  0.37200451E-12
    2    3   -0.99453149E-13  0.32728990E-12
    3    3   -0.11807242E-02  0.29104497E-12
    4    3    0.47203398E-03 -0.53767348E-13
    1    4   -0.61849212E-04 -0.34983735E-12
    2    4    0.11644470E-13  0.32760525E-12
    3    4    0.48412226E-03 -0.24724512E-12
    4    4   -0.63734972E-03  0.45574655E-13

    3   -2    0
    1    1    0.11660590E-02  0.84998328E-12
    2    1    0.30812480E-11  0.96142335E-12
    3    1   -0.19394412E-03 -0.17702055E-11
    4    1    0.12071969E-02 -0.12111579E-11
    1    2    0.46802026E-12 -0.97120206E-12
    2    2   -0.14107438E-04  0.68382799E-14
    3    2   -0.23402218E-12 -0.87331471E-12
    4    2    0.33585751E-12  0.37805878E-12
    1    3    0.41892401E-03 -0.14413757E-11
    2    3    0.97789073E-12  0.56798318E-13
    3    3    0.13243259E-02 -0.66597942E-12
    4    3   -0.12325122E-02 -0.35051186E-12
    1    4    0.41620605E-03 -0.14360561E-12
    2    4   -0.33076024E-12 -0.41541898E-12
    3    4    0.30979069E-03 -0.96791011E-13
    4    4    0.41491210E-03 -0.43846871E-13

    3   -1    0
    1    1    0.43299176E-02  0.24734208E-11
    2    1    0.75207361E-12  0.35725734E-11
    3    1    0.46300022E-02 -0.20727339E-11
    4    1    0.20430197E-02  0.74358531E-12
    1    2    0.14370597E-11  0.31315762E-12
    2    2   -0.63812961E-04 -0.97699626E-14
    3    2    0.82670542E-12 -0.40259030E-12
    4    2   -0.59267929E-12 -0.64785300E-12
    1    3    0.11119232E-03  0.17630428E-13
    2    3    0.73366910E-12  0.96773992E-12
    3    3    0.13456668E-02 -0.98334188E-12
    4    3    0.15418114E-02  0.25976752E-12
    1    4   -0.83317723E-03  0.14996684E-12
    2    4    0.54959870E-12 -0.10813655E-12
    3    4   -0.23980743E-02 -0.58253603E-12
    4    4   -0.36745937E-03 -0.88832761E-12

    3    0    0
    1    1   -0.53425268E-02  0.27592685E-12
    2    1    0.34801816E-11 -0.45373726E-11
    3    1   -0.11784375E-01 -0.19862478E-11
    4    1   -0.14109318E-01 -0.42499284E-11
    1    2   -0.48941359E-12 -0.51635789E-12
    2    2   -0.45147995E-03  0.21094237E-14
    3    2   -0.20550604E-12 -0.86121022E-12
    4    2    0.10112755E-11 -0.15315762E-12
    1    3   -0.11830486E-02  0.18246512E-11
    2    3    0.48903625E-12 -0.41562387E-12
    3    3   -0.73828153E-02 -0.58446650E-12
    4    3   -0.24707284E-02 -0.11451446E-11
    1    4    0.92129145E-03 -0.14503608E-11
    2    4   -0.15175550E-12  0.49529639E-12
    3    4    0.24707279E-02 -0.89788290E-12
    4    4    0.68804128E-03 -0.16479873E-13

    3    1    0
    1    1   -0.17315107E-01  0.10110437E-11
    2    1   -0.36454816E-11  0.23453371E-11
    3    1   -0.37454615E-02  0.20197364E-12
    4    1   -0.25695802E-02 -0.34720664E-12
    1    2    0.40122730E-11  0.18415796E-11
    2    2   -0.62593447E-03 -0.49960036E-15
    3    2    0.13144079E-12 -0.18035323E-12
    4    2   -0.18468676E-11 -0.42778831E-13
    1    3   -0.46300035E-02 -0.34018578E-11
    2    3   -0.73296389E-12  0.10897942E-11
    3    3    0.71216809E-02 -0.42907691E-12
    4    3   -0.17618803E-02  0.42146026E-12
    1    4    0.20430191E-02 -0.26005326E-11
    2    4    0.85988768E-12 -0.10544861E-11
    3    4    0.59608525E-02 -0.69321667E-12
    4    4    0.27889675E-02 -0.96735120E-13

    3    2    0
    1    1   -0.17160238E-01 -0.25341396E-11
    2    1   -0.14776430E-11  0.27989007E-11
    3    1   -0.18798534E-01  0.10251374E-11
    4    1   -0.15576290E-02 -0.14514171E-12
    1    2   -0.17359839E-11  0.14156594E-11
    2    2   -0.62593448E-03  0.46143644E-14
    3    2    0.18381948E-12 -0.15513448E-12
    4    2   -0.59373813E-12 -0.20683846E-12
    1    3   -0.95433039E-03 -0.13263756E-11
    2    3    0.11486807E-12  0.31669398E-12
    3    3    0.55828320E-02 -0.27200464E-13
    4    3    0.71856687E-02  0.69039544E-12
    1    4   -0.30906820E-03 -0.68867568E-12
    2    4   -0.36834776E-12 -0.24140134E-12
    3    4   -0.52004413E-03  0.70919587E-12
    4    4    0.41729493E-02  0.11536310E-11

    3    3    0
    1    1   -0.54686097E-02 -0.11303445E-11
    2    1    0.23125930E-11  0.13774003E-12
    3    1    0.38365703E-02 -0.24516795E-11
    4    1    0.23986760E-02 -0.74055432E-12
    1    2   -0.12274860E-11  0.12949603E-11
    2    2   -0.45147988E-03  0.18399997E-13
    3    2    0.11893998E-12  0.74715360E-12
    4    2   -0.62514741E-12 -0.36012601E-12
    1    3   -0.37475096E-04  0.30964172E-11
    2    3    0.19204063E-11 -0.54668562E-12
    3    3   -0.12355453E-02  0.26001716E-12
    4    3   -0.12306442E-02 -0.34325736E-12
    1    4   -0.46581262E-02  0.30064649E-11
    2    4   -0.21369796E-12  0.19744018E-12
    3    4   -0.59796182E-02  0.20820775E-11
    4    4   -0.53331487E-02  0.59319434E-12

    3    4    0
    1    1    0.42933479E-02  0.30200235E-12
    2    1   -0.14054775E-11  0.27831400E-11
    3    1    0.10826887E-02 -0.13458314E-11
    4    1   -0.76972443E-03 -0.11859697E-12
    1    2    0.80945019E-12  0.68851164E-12
    2    2   -0.63812867E-04  0.22690183E-14
    3    2    0.26813666E-12  0.12142389E-12
    4    2   -0.19319850E-12 -0.45917457E-12
    1    3   -0.69586998E-04  0.20259428E-11
    2    3    0.22447068E-12  0.41559670E-12
    3    3   -0.32909551E-03  0.31515936E-12
    4    3   -0.15471243E-02 -0.57052011E-12
    1    4   -0.21685869E-02  0.24259162E-11
    2    4    0.59689884E-12 -0.51184566E-12
    3    4    0.24216871E-02  0.58491357E-12
    4    4    0.13438747E-02 -0.61728921E-12

    3    5    0
    1    1    0.11379747E-02 -0.41042343E-12
    2    1   -0.16010137E-11  0.10133254E-11
    3    1   -0.39685054E-10  0.46919239E-12
    4    1   -0.65489205E-03  0.37157256E-12
    1    2   -0.18593804E-11 -0.42355616E-13
    2    2   -0.14107438E-04  0.14883927E-13
    3    2   -0.33182078E-12 -0.20196560E-12
    4    2    0.34995612E-12 -0.22815228E-12
    1    3   -0.60112243E-03  0.27565428E-12
    2    3    0.17739032E-12  0.42482982E-12
    3    3    0.27443048E-03  0.45033421E-14
    4    3    0.10081305E-02 -0.40955780E-12
    1    4    0.93118980E-03 -0.16830313E-11
    2    4    0.54830822E-13 -0.18074213E-13
    3    4   -0.56220498E-03 -0.90599864E-13
    4    4    0.14928912E-02  0.33044401E-12

    3    6    0
    1    1   -0.17170700E-02  0.67252974E-12
    2    1   -0.90837566E-12 -0.43959742E-13
    3    1   -0.70285537E-03 -0.42565620E-12
    4    1    0.49805649E-03  0.43303393E-12
    1    2    0.37123368E-12  0.29546563E-12
    2    2   -0.29509939E-05  0.11241008E-13
    3    2    0.13662117E-13 -0.22323438E-12
    4    2    0.19502386E-12 -0.63018904E-12
    1    3    0.58282430E-03  0.22936839E-14
    2    3    0.37460763E-13 -0.11743922E-12
    3    3   -0.39229459E-03 -0.31364147E-12
    4    3   -0.10087408E-09  0.33039977E-14
    1    4    0.79874346E-04  0.11253254E-11
    2    4   -0.68554649E-13  0.29066087E-12
    3    4   -0.27082843E-10  0.22240532E-12
    4    4   -0.14644131E-02 -0.18190310E-12

    3    7    0
    1    1    0.28778615E-03 -0.23074077E-12
    2    1    0.37259432E-12  0.19317513E-12
    3    1    0.29464450E-03 -0.58224562E-12
    4    1    0.12777597E-03 -0.16519598E-12
    1    2   -0.11560098E-12 -0.61310971E-12
    2    2   -0.57194552E-06 -0.62658212E-14
    3    2   -0.10656886E-12  0.55414460E-13
    4    2   -0.12148105E-13  0.19619186E-12
    1    3    0.36590982E-11  0.70758937E-13
    2    3    0.59131012E-13  0.16271466E-12
    3    3    0.19323997E-03 -0.16622814E-12
    4    3   -0.51945904E-03 -0.15858154E-12
    1    4    0.20524735E-03 -0.57249474E-12
    2    4    0.69130065E-13  0.43576513E-13
    3    4    0.39922896E-03  0.89043735E-13
    4    4    0.51720158E-03  0.29521871E-12

    4   -4    0
    1    1    0.73095475E-03 -0.39486325E-12
    2    1   -0.10292830E-12  0.29675226E-12
    3    1   -0.58038411E-03 -0.21288440E-12
    4    1    0.26963925E-03 -0.10533588E-12
    1    2   -0.16278847E-12 -0.18555934E-13
    2    2   -0.21883661E-06 -0.35596526E-14
    3    2    0.53093652E-13 -0.51059053E-13
    4    2   -0.18854988E-12 -0.64332974E-13
    1    3    0.90497003E-03  0.82689064E-12
    2    3   -0.12227101E-12  0.16051797E-12
    3    3   -0.57149247E-03  0.13677948E-12
    4    3   -0.41476366E-10 -0.21167998E-12
    1    4   -0.51751147E-03  0.20355419E-12
    2    4   -0.13342915E-13 -0.47668650E-13
    3    4   -0.44556087E-10  0.10583304E-13
    4    4   -0.56670251E-03  0.17970000E-12

    4   -3    0
    1    1    0.30958416E-03  0.18412615E-12
    2    1   -0.74073495E-12 -0.64702713E-12
    3    1    0.77293077E-03  0.45467883E-12
    4    1    0.34094691E-03 -0.14405924E-12
    1    2   -0.19676350E-12 -0.37288445E-12
    2    2   -0.57194550E-06 -0.89928065E-14
    3    2   -0.16960868E-12 -0.90845558E-13
    4    2   -0.74142927E-13  0.12363854E-12
    1    3   -0.15968078E-10 -0.17106542E-12
    2    3   -0.21743467E-13 -0.11317711E-12
    3    3    0.47089577E-03  0.48305110E-13
    4    3   -0.59551889E-03  0.94300639E-13
    1    4    0.96183257E-03  0.48984514E-12
    2    4    0.24486937E-13  0.21070111E-12
    3    4    0.33396025E-03  0.37887093E-13
    4    4    0.21774752E-03 -0.25786664E-13

    4   -2    0
    1    1   -0.55607095E-03 -0.43035887E-12
    2    1    0.66614169E-12 -0.51422513E-12
    3    1    0.67402350E-04  0.65853703E-12
    4    1   -0.73497132E-03  0.15371398E-11
    1    2   -0.86844599E-12 -0.88267640E-13
    2    2   -0.25568793E-05 -0.22801205E-13
    3    2   -0.51824047E-14 -0.58918906E-13
    4    2    0.10261441E-12  0.78178972E-13
    1    3   -0.61322704E-03  0.32254971E-12
    2    3    0.12268214E-12  0.25685835E-12
    3    3    0.27828899E-03  0.49634949E-12
    4    3    0.45550620E-03  0.43603643E-12
    1    4   -0.32668133E-03 -0.23552861E-12
    2    4   -0.35404773E-12 -0.24461216E-12
    3    4   -0.56024436E-03 -0.95122450E-13
    4    4    0.13394557E-03 -0.15865781E-12

    4   -1    0
    1    1   -0.41832279E-03 -0.88802229E-12
    2    1   -0.21874201E-11 -0.10878163E-12
    3    1   -0.12651304E-02  0.19117452E-11
    4    1   -0.33641054E-03  0.17111470E-11
    1    2   -0.55797890E-12 -0.38529508E-13
    2    2   -0.10414585E-04 -0.35180192E-14
    3    2   -0.94634764E-13 -0.69921876E-12
    4    2    0.72727969E-13 -0.19465226E-12
    1    3    0.20664345E-03  0.26225165E-12
    2    3    0.18152927E-13 -0.30513264E-12
    3    3   -0.15015897E-02  0.31607356E-12
    4    3    0.16423967E-03  0.67548294E-12
    1    4   -0.50963123E-03  0.52978439E-12
    2    4    0.34986364E-12  0.40346488E-13
    3    4    0.43798624E-03 -0.65508200E-13
    4    4   -0.32167278E-03 -0.23046148E-12

    4    0    0
    1    1    0.37428698E-03 -0.74741255E-12
    2    1   -0.41345662E-12 -0.28841521E-11
    3    1    0.11830489E-02 -0.80527967E-12
    4    1    0.92129167E-03 -0.17530803E-11
    1    2    0.36753163E-12 -0.95293735E-12
    2    2   -0.26616211E-04 -0.30045411E-14
    3    2   -0.78822408E-13 -0.25115898E-12
    4    2    0.70114944E-12 -0.19186933E-12
    1    3   -0.60675643E-04  0.15791687E-11
    2    3    0.63793195E-12 -0.54409348E-12
    3    3    0.21905725E-02 -0.64042521E-12
    4    3   -0.62994703E-03 -0.77971047E-12
    1    4    0.36632211E-03 -0.10719346E-11
    2    4   -0.37842122E-12 -0.51940238E-12
    3    4    0.62994699E-03  0.71010225E-12
    4    4    0.46851137E-03  0.89038846E-12

    4    1    0
    1    1    0.43299196E-02 -0.79044323E-12
    2    1    0.18994387E-11  0.68604238E-12
    3    1    0.29441203E-02 -0.12464331E-11
    4    1    0.48837056E-02 -0.26888648E-12
    1    2    0.13681801E-11 -0.23755389E-12
    2    2   -0.63812960E-04  0.26589841E-13
    3    2   -0.12338003E-12 -0.73021524E-12
    4    2   -0.41774933E-12  0.68755057E-13
    1    3    0.12651305E-02  0.71202679E-12
    2    3    0.35729301E-12 -0.21050456E-12
    3    3    0.13456670E-02  0.64803024E-12
    4    3    0.23980749E-02  0.28440043E-12
    1    4   -0.33641047E-03 -0.81089649E-14
    2    4    0.47100145E-12 -0.33390546E-12
    3    4   -0.15418110E-02  0.36130011E-12
    4    4   -0.36745919E-03  0.83422852E-14

    4    2    0
    1    1    0.20272906E-02 -0.21641934E-12
    2    1   -0.48393411E-11 -0.82794399E-13
    3    1    0.58657147E-02  0.88474714E-12
    4    1   -0.25112328E-03  0.47507224E-12
    1    2    0.12884667E-11 -0.82333803E-13
    2    2   -0.83598791E-04 -0.18202668E-13
    3    2    0.81804755E-12 -0.57057431E-12
    4    2   -0.22834711E-12 -0.16099037E-12
    1    3    0.19394455E-03  0.42733438E-12
    2    3   -0.50943048E-12 -0.30012643E-12
    3    3   -0.35636874E-02  0.44888344E-12
    4    3   -0.18920293E-02 -0.56122222E-12
    1    4    0.12071973E-02 -0.36826878E-12
    2    4    0.17433166E-13 -0.11639315E-12
    3    4   -0.18724756E-02  0.18666802E-12
    4    4   -0.14909587E-02  0.55933253E-12

    4    3    0
    1    1    0.43462374E-02  0.98575141E-12
    2    1   -0.13558023E-11 -0.23101456E-11
    3    1    0.18092282E-02 -0.92936249E-12
    4    1    0.37661152E-03  0.18906300E-11
    1    2    0.87319098E-12 -0.16160964E-11
    2    2   -0.63812867E-04  0.79658502E-14
    3    2    0.10176084E-11 -0.86537834E-12
    4    2    0.15033914E-12 -0.67356071E-13
    1    3    0.82458653E-03 -0.85723095E-12
    2    3   -0.10104599E-11 -0.50003866E-12
    3    3    0.39610931E-03 -0.10576106E-11
    4    3   -0.10297041E-02 -0.52402716E-13
    1    4   -0.57011408E-03  0.21913868E-11
    2    4   -0.39363875E-12  0.37212927E-12
    3    4    0.28316040E-02 -0.94705331E-13
    4    4    0.56578040E-03  0.12487754E-12

    4    4    0
    1    1    0.38374870E-03  0.14486381E-11
    2    1   -0.14137402E-11 -0.19798078E-11
    3    1   -0.11294107E-02  0.99329312E-12
    4    1   -0.59460785E-03  0.15938145E-11
    1    2    0.15404191E-11  0.74345850E-12
    2    2   -0.26613749E-04 -0.53984595E-14
    3    2    0.40512797E-12  0.28973797E-13
    4    2   -0.29387013E-12 -0.22945179E-12
    1    3    0.42819752E-03 -0.14916360E-11
    2    3   -0.89980057E-13 -0.50608960E-12
    3    3    0.91303708E-03 -0.46055521E-12
    4    3    0.15263770E-02 -0.24828891E-12
    1    4    0.14582379E-02  0.36347817E-11
    2    4   -0.90805290E-12 -0.13718288E-12
    3    4    0.24105407E-03  0.24518945E-12
    4    4    0.17365903E-02 -0.53992921E-12

    4    5    0
    1    1   -0.37817066E-03 -0.48970029E-12
    2    1   -0.29496418E-12 -0.11620230E-12
    3    1   -0.62722106E-03  0.84762042E-12
    4    1    0.25779817E-03  0.17459021E-11
    1    2   -0.99347496E-12  0.63323767E-13
    2    2   -0.10414491E-04  0.16021906E-13
    3    2    0.50973973E-12 -0.21103257E-12
    4    2    0.58108878E-13 -0.15761517E-12
    1    3    0.40218425E-03 -0.70449077E-12
    2    3   -0.35433518E-12  0.22827464E-12
    3    3   -0.37031970E-03 -0.22563201E-12
    4    3   -0.29515458E-03  0.28100387E-12
    1    4   -0.18727377E-03  0.82471866E-12
    2    4   -0.33559898E-12 -0.69879812E-12
    3    4   -0.56163768E-03  0.41322290E-12
    4    4   -0.14930952E-02  0.63517594E-12

    4    6    0
    1    1   -0.56118091E-03 -0.20112557E-12
    2    1   -0.70833488E-13  0.59734224E-12
    3    1    0.70285538E-03  0.12592605E-11
    4    1    0.49805661E-03  0.16247073E-12
    1    2    0.28898156E-13 -0.73604951E-12
    2    2   -0.25568795E-05  0.16722734E-14
    3    2   -0.11417714E-12 -0.22513583E-12
    4    2    0.24643916E-12 -0.33102153E-12
    1    3   -0.49066917E-03 -0.29968042E-12
    2    3   -0.24311672E-12  0.26217081E-12
    3    3    0.11566690E-03  0.61776972E-13
    4    3   -0.46453841E-03  0.22611047E-12
    1    4    0.20393260E-03  0.18951967E-11
    2    4   -0.28944093E-12 -0.29938590E-12
    3    4    0.54148921E-03  0.29171262E-12
    4    4    0.30167752E-03  0.92932606E-13

    4    7    0
    1    1    0.28778626E-03 -0.42949758E-12
    2    1   -0.29217812E-12 -0.37414840E-12
    3    1    0.27792241E-10  0.30358658E-12
    4    1   -0.57217319E-03  0.59976503E-12
    1    2    0.60885988E-12 -0.60932662E-13
    2    2   -0.57194539E-06 -0.89338259E-14
    3    2    0.10730114E-12  0.21540277E-12
    4    2    0.18876821E-12  0.16481392E-12
    1    3   -0.51574762E-03  0.69477063E-12
    2    3   -0.13940404E-12 -0.12297576E-12
    3    3    0.19324002E-03  0.21490275E-12
    4    3    0.51945909E-03  0.19727546E-12
    1    4   -0.20721745E-03  0.46507936E-13
    2    4   -0.58689132E-13 -0.61498833E-13
    3    4   -0.39922893E-03  0.44790845E-12
    4    4    0.51720155E-03  0.78183987E-14

    5   -2    0
    1    1    0.79437703E-03  0.39721698E-12
    2    1    0.20155330E-12  0.95596289E-13
    3    1   -0.54199119E-04 -0.36436896E-12
    4    1    0.15781706E-03  0.20354221E-12
    1    2    0.38274299E-12 -0.98281888E-12
    2    2   -0.60510199E-06  0.47253867E-14
    3    2   -0.26179968E-13 -0.21802422E-12
    4    2    0.12328710E-14  0.29123593E-12
    1    3    0.61322711E-03 -0.17722493E-12
    2    3    0.79857346E-13  0.32595095E-12
    3    3   -0.71923656E-03 -0.74020651E-13
    4    3   -0.48949562E-10  0.75479282E-13
    1    4   -0.32668128E-03 -0.54231115E-12
    2    4   -0.57108821E-13 -0.27728873E-13
    3    4   -0.59389459E-10 -0.32140794E-13
    4    4   -0.29187294E-03 -0.20646679E-13

    5   -1    0
    1    1    0.23539746E-03  0.55565448E-12
    2    1   -0.47489195E-12  0.47166981E-12
    3    1    0.59527423E-04 -0.44266652E-12
    4    1   -0.22799542E-03  0.33271910E-12
    1    2    0.15213238E-12  0.67093689E-12
    2    2   -0.17406678E-05  0.20955460E-14
    3    2    0.12901502E-13  0.12513065E-12
    4    2    0.22371356E-13  0.57235341E-13
    1    3    0.41866061E-10 -0.26658840E-12
    2    3    0.43907389E-14  0.41100526E-12
    3    3    0.59997760E-03 -0.20651189E-12
    4    3   -0.66165460E-03  0.28286133E-12
    1    4    0.68611197E-03  0.12165963E-12
    2    4    0.89219715E-15  0.60734045E-13
    3    4    0.48020818E-03 -0.12790883E-12
    4    4    0.19173617E-03 -0.11179252E-12

    5    0    0
    1    1   -0.92343999E-03 -0.39711550E-12
    2    1   -0.44520415E-12  0.10626395E-11
    3    1    0.60675665E-04  0.11036163E-11
    4    1    0.36632223E-03 -0.72723338E-12
    1    2   -0.83734452E-12  0.19752494E-13
    2    2   -0.53836879E-05  0.41286419E-15
    3    2   -0.18650718E-12  0.24507270E-12
    4    2    0.84523667E-13 -0.36894324E-13
    1    3   -0.32941536E-03  0.26786906E-12
    2    3   -0.43957965E-13  0.75100408E-13
    3    3    0.21847283E-03 -0.23695629E-12
    4    3    0.62446192E-03 -0.41111255E-12
    1    4   -0.18877902E-04 -0.27716631E-12
    2    4   -0.17251605E-12  0.35667112E-13
    3    4   -0.62446178E-03 -0.14007996E-12
    4    4   -0.10800036E-03  0.34341800E-12

    5    1    0
    1    1   -0.41832303E-03  0.28404448E-12
    2    1    0.65790280E-12  0.11931369E-11
    3    1   -0.11119269E-03 -0.15536990E-11
    4    1   -0.83317782E-03 -0.82140978E-12
    1    2   -0.97618599E-12 -0.90689254E-12
    2    2   -0.10414585E-04 -0.20676384E-13
    3    2   -0.76042392E-12 -0.15942146E-12
    4    2    0.36173035E-13  0.16223983E-12
    1    3   -0.59527389E-04 -0.10574527E-11
    2    3    0.40910291E-13  0.96051544E-13
    3    3   -0.15015896E-02 -0.64643137E-12
    4    3   -0.43798648E-03 -0.20364259E-12
    1    4   -0.22799538E-03 -0.29055317E-12
    2    4   -0.18252607E-12  0.27260820E-12
    3    4   -0.16423980E-03  0.36761250E-12
    4    4   -0.32167276E-03  0.38337259E-12

    5    2    0
    1    1    0.11660586E-02  0.55963567E-12
    2    1    0.73973103E-12  0.15739616E-11
    3    1   -0.76573665E-03  0.45935478E-14
    4    1   -0.36586700E-03  0.28042586E-12
    1    2   -0.11853494E-11 -0.28307763E-12
    2    2   -0.14107438E-04 -0.14939439E-13
    3    2   -0.50083643E-12 -0.41998482E-12
    4    2   -0.16706968E-12  0.10182913E-12
    1    3   -0.67402326E-04 -0.98266447E-12
    2    3   -0.35649922E-12 -0.14579926E-12
    3    3    0.13243259E-02 -0.16938360E-12
    4    3   -0.30979067E-03  0.19231150E-12
    1    4   -0.73497139E-03  0.94110050E-12
    2    4   -0.30568054E-12 -0.11889456E-12
    3    4    0.12325121E-02 -0.14136714E-12
    4    4    0.41491199E-03 -0.22051805E-12

    5    3    0
    1    1    0.11295427E-02 -0.12410385E-12
    2    1    0.14828438E-11 -0.12277348E-12
    3    1   -0.10855443E-02  0.13756036E-11
    4    1    0.52469695E-03 -0.49441787E-12
    1    2    0.66066514E-12 -0.26766990E-12
    2    2   -0.14107438E-04  0.23349378E-13
    3    2   -0.12173559E-12 -0.40328841E-12
    4    2    0.15800405E-12 -0.83006841E-13
    1    3    0.72004292E-03  0.94101528E-12
    2    3    0.12033056E-12 -0.32227920E-12
    3    3    0.10566729E-02  0.36712994E-12
    4    3    0.14245387E-02  0.20120028E-13
    1    4    0.29426717E-03  0.56770214E-12
    2    4    0.55492433E-13  0.55452746E-12
    3    4   -0.12176481E-03 -0.93872306E-12
    4    4    0.71908082E-03 -0.40280279E-14

    5    4    0
    1    1   -0.39282007E-03  0.23936929E-12
    2    1   -0.13494107E-12 -0.28126211E-12
    3    1    0.36639080E-03 -0.29914108E-12
    4    1   -0.29758003E-03  0.55736589E-12
    1    2    0.11394131E-11  0.24108719E-12
    2    2   -0.10414491E-04  0.19241553E-13
    3    2   -0.11598380E-13 -0.47044646E-12
    4    2   -0.76381806E-12  0.11246033E-12
    1    3   -0.60207789E-03 -0.64224288E-13
    2    3   -0.34079705E-12 -0.13071398E-12
    3    3   -0.88787663E-03  0.37715664E-12
    4    3   -0.61331101E-03  0.42395465E-12
    1    4    0.34506772E-03  0.38067628E-12
    2    4    0.23163560E-12 -0.18407565E-13
    3    4   -0.84741377E-03 -0.33499760E-12
    4    4   -0.96088881E-03 -0.62061120E-12

    5    5    0
    1    1   -0.95153330E-03 -0.42389529E-12
    2    1    0.62623563E-12 -0.91244078E-12
    3    1   -0.63193524E-05  0.63022417E-12
    4    1    0.15697009E-03 -0.80051590E-12
    1    2   -0.52684711E-12 -0.25567174E-12
    2    2   -0.53835933E-05 -0.23148150E-13
    3    2   -0.21770148E-12 -0.23100058E-12
    4    2   -0.26282139E-12 -0.17184716E-12
    1    3   -0.39543183E-03 -0.31286865E-12
    2    3    0.15909784E-12 -0.19817579E-12
    3    3   -0.23445175E-04  0.16361218E-12
    4    3   -0.46469082E-03 -0.18578612E-12
    1    4   -0.68305882E-04 -0.70999196E-13
    2    4   -0.45050922E-14 -0.14497670E-12
    3    4    0.74855518E-03 -0.24345462E-12
    4    4    0.16201131E-03  0.17636934E-12

    5    6    0
    1    1    0.21179019E-03  0.92737450E-13
    2    1    0.60848996E-12  0.11942947E-12
    3    1    0.32309822E-04  0.23039773E-12
    4    1   -0.55263387E-04 -0.17906770E-12
    1    2   -0.66822669E-12 -0.36042689E-12
    2    2   -0.17406677E-05  0.31766256E-13
    3    2   -0.17973893E-12  0.38995865E-13
    4    2   -0.18653956E-12  0.11371554E-12
    1    3   -0.66749849E-04 -0.43176660E-12
    2    3   -0.36984823E-13  0.58364855E-13
    3    3    0.23511859E-03  0.15368609E-12
    4    3    0.73418101E-03  0.68357104E-13
    1    4   -0.13013112E-03  0.11708958E-11
    2    4   -0.80538535E-13 -0.36371728E-12
    3    4   -0.37429869E-03  0.86672572E-13
    4    4    0.58020227E-03 -0.56787561E-12

    6    0    0
    1    1    0.97676159E-03  0.14825626E-15
    2    1   -0.52668294E-12 -0.16388297E-12
    3    1    0.32941532E-03  0.80041529E-12
    4    1   -0.18877957E-04  0.22099076E-12
    1    2   -0.52668295E-12  0.16388296E-12
    2    2   -0.16467621E-05  0.17444579E-14
    3    2   -0.15004187E-12 -0.49240743E-13
    4    2    0.60007450E-13 -0.17673095E-12
    1    3    0.32941533E-03 -0.80049942E-12
    2    3   -0.15004187E-12  0.49240750E-13
    3    3   -0.74553169E-03  0.15473724E-14
    4    3   -0.38268528E-10 -0.12144226E-12
    1    4   -0.18878147E-04 -0.22018064E-12
    2    4    0.60007450E-13  0.17673094E-12
    3    4   -0.93091503E-10  0.12144185E-12
    4    4   -0.15458356E-03  0.16515168E-14

    6    1    0
    1    1    0.23539732E-03 -0.29970124E-12
    2    1    0.94137695E-13 -0.11623141E-11
    3    1   -0.20664349E-03 -0.17538835E-12
    4    1   -0.50963119E-03 -0.95796288E-12
    1    2    0.10995937E-12 -0.11159362E-12
    2    2   -0.17406678E-05  0.59362237E-14
    3    2   -0.20871222E-13 -0.15154409E-12
    4    2    0.61334174E-13  0.96653587E-13
    1    3   -0.11555972E-10 -0.30283328E-12
    2    3   -0.20486454E-12 -0.17222333E-12
    3    3    0.59997759E-03  0.70497427E-13
    4    3   -0.48020813E-03 -0.17933978E-13
    1    4    0.22823687E-03  0.55221452E-13
    2    4   -0.75692024E-13  0.14480414E-12
    3    4    0.66165464E-03  0.15996289E-12
    4    4    0.19173614E-03  0.26294071E-12

    6    2    0
    1    1   -0.55607109E-03  0.78646638E-12
    2    1    0.42975273E-12  0.20321070E-12
    3    1   -0.41892398E-03 -0.41230300E-12
    4    1    0.41620617E-03  0.59777877E-12
    1    2   -0.10228462E-12  0.12826108E-12
    2    2   -0.25568793E-05  0.22634672E-13
    3    2   -0.12234637E-13 -0.92012787E-13
    4    2    0.19768979E-12  0.15092384E-12
    1    3    0.54199053E-04  0.37237726E-12
    2    3    0.50648036E-13 -0.30026227E-12
    3    3    0.27828891E-03 -0.11134496E-12
    4    3    0.56024444E-03 -0.28965328E-13
    1    4    0.15781705E-03  0.81175518E-13
    2    4   -0.23351977E-12 -0.34968771E-12
    3    4   -0.45550614E-03 -0.35192389E-13
    4    4    0.13394560E-03 -0.43264697E-12

    6    3    0
    1    1   -0.17557038E-02  0.66111873E-12
    2    1    0.57676998E-12 -0.39924612E-12
    3    1    0.30065923E-03  0.10700662E-11
    4    1   -0.65191299E-03 -0.59867150E-13
    1    2   -0.69581437E-12 -0.38160393E-12
    2    2   -0.29509938E-05 -0.11803059E-13
    3    2   -0.37377119E-12  0.42974638E-13
    4    2    0.13439279E-12  0.28005464E-12
    1    3   -0.77293085E-03  0.29146770E-13
    2    3   -0.14990611E-12 -0.40821583E-13
    3    3   -0.11807242E-02 -0.37192471E-14
    4    3   -0.48412244E-03  0.96178870E-13
    1    4    0.34094684E-03  0.52522765E-13
    2    4    0.46997892E-12 -0.85730327E-14
    3    4   -0.47203409E-03 -0.46034286E-12
    4    4   -0.63734976E-03 -0.36104453E-12

    6    4    0
    1    1   -0.55082291E-03 -0.38039016E-13
    2    1   -0.87023214E-13  0.11325125E-11
    3    1   -0.39604923E-03 -0.12307807E-11
    4    1    0.12925901E-03 -0.73010781E-12
    1    2    0.11527652E-12  0.69045164E-12
    2    2   -0.25568795E-05 -0.13329615E-13
    3    2   -0.43477993E-12 -0.36231296E-13
    4    2   -0.89709847E-13  0.19523275E-12
    1    3   -0.17870241E-03  0.14824084E-11
    2    3   -0.48330605E-13 -0.31575886E-13
    3    3    0.21703727E-03  0.41664588E-13
    4    3   -0.37584308E-03 -0.14132971E-12
    1    4   -0.76226613E-03 -0.11817071E-11
    2    4    0.16481886E-12 -0.23249855E-12
    3    4    0.60743754E-03 -0.16984542E-12
    4    4    0.18994916E-03 -0.96488789E-13

    6    5    0
    1    1    0.21693278E-03 -0.32136620E-13
    2    1   -0.61674089E-12  0.98684268E-13
    3    1   -0.40273304E-04  0.18268199E-12
    4    1    0.30960505E-03  0.57180996E-12
    1    2    0.34071179E-12 -0.56105832E-12
    2    2   -0.17406677E-05 -0.22343238E-14
    3    2    0.19645670E-12 -0.17473599E-12
    4    2   -0.26747572E-12 -0.32362851E-13
    1    3    0.26417274E-03  0.25533915E-12
    2    3   -0.11529716E-12 -0.98821418E-13
    3    3    0.37898241E-03  0.74208001E-13
    4    3    0.81707452E-03  0.22157515E-13
    1    4   -0.40194948E-04 -0.97900767E-12
    2    4    0.39743514E-12 -0.21163800E-12
    3    4   -0.30234709E-03 -0.63133246E-12
    4    4    0.43119587E-03 -0.22950392E-12

    6    6    0
    1    1    0.10227759E-02 -0.30887817E-15
    2    1   -0.15320226E-12 -0.15754560E-12
    3    1    0.21784466E-03 -0.60643070E-12
    4    1   -0.14994073E-03 -0.17440823E-12
    1    2   -0.15320226E-12  0.15754560E-12
    2    2   -0.16467622E-05  0.92012657E-15
    3    2    0.21781785E-12  0.45928199E-13
    4    2   -0.12914266E-12  0.15034846E-12
    1    3    0.21784466E-03  0.60561278E-12
    2    3    0.21781786E-12 -0.45928199E-13
    3    3   -0.32276034E-03  0.11914886E-14
    4    3   -0.32285972E-03  0.22342302E-12
    1    4   -0.14994073E-03  0.17486967E-12
    2    4   -0.12914266E-12 -0.15034846E-12
    3    4   -0.32285972E-03 -0.22339887E-12
    4    4   -0.62336941E-03  0.12800945E-14

    7    2    0
    1    1    0.79437703E-03 -0.39722045E-12
    2    1    0.38274299E-12  0.98281889E-12
    3    1    0.61322709E-03  0.17731893E-12
    4    1   -0.32668128E-03  0.54227987E-12
    1    2    0.20155329E-12 -0.95596291E-13
    2    2   -0.60510199E-06 -0.48364091E-14
    3    2    0.79857346E-13 -0.32595096E-12
    4    2   -0.57108823E-13  0.27728871E-13
    1    3   -0.54199138E-04  0.36463318E-12
    2    3   -0.26179965E-13  0.21802422E-12
    3    3   -0.71923656E-03  0.73899220E-13
    4    3   -0.38536130E-10  0.32154346E-13
    1    4    0.15781706E-03 -0.20353782E-12
    2    4    0.12328723E-14 -0.29123593E-12
    3    4   -0.50458807E-10 -0.75496521E-13
    4    4   -0.29187294E-03  0.20445451E-13

    7    3    0
    1    1    0.30958437E-03  0.32396481E-12
    2    1    0.35915545E-12 -0.26211753E-12
    3    1   -0.23293566E-03  0.24195273E-12
    4    1   -0.61849176E-04  0.74164459E-12
    1    2   -0.15476856E-12 -0.58499278E-13
    2    2   -0.57194547E-06 -0.49960036E-14
    3    2   -0.47906589E-13 -0.71127503E-13
    4    2    0.99460170E-13  0.23254715E-12
    1    3    0.49626676E-10  0.62539817E-13
    2    3    0.18143737E-13 -0.65388373E-13
    3    3    0.47089583E-03 -0.62456984E-13
    4    3   -0.33396018E-03  0.20636476E-12
    1    4   -0.30304267E-03  0.78310665E-12
    2    4    0.13535986E-12  0.64336280E-13
    3    4    0.59551895E-03  0.94765911E-13
    4    4    0.21774750E-03 -0.13760521E-12

    7    4    0
    1    1    0.29079821E-03  0.70243290E-13
    2    1    0.73744007E-13 -0.19507515E-12
    3    1   -0.12079932E-03  0.73299613E-12
    4    1    0.63080121E-03 -0.40271779E-12
    1    2    0.50518683E-13  0.37894388E-12
    2    2   -0.57194538E-06  0.93675068E-14
    3    2   -0.10153106E-12 -0.39517950E-13
    4    2   -0.32954310E-13 -0.80962550E-13
    1    3    0.58038415E-03  0.98140246E-13
    2    3    0.23631663E-13 -0.33600427E-13
    3    3    0.39352886E-03 -0.49300841E-14
    4    3    0.62707586E-03 -0.12620710E-12
    1    4    0.26963928E-03 -0.43238503E-12
    2    4   -0.14048902E-13 -0.94911265E-13
    3    4   -0.30069671E-03  0.16502714E-12
    4    4    0.31390076E-03  0.26106894E-12

    7    5    0
    1    1    0.82562384E-03 -0.26191171E-12
    2    1    0.15808736E-12  0.15485691E-12
    3    1    0.65034756E-03  0.72421322E-12
    4    1   -0.38378508E-03  0.13632264E-11
    1    2    0.40538956E-13 -0.37764148E-12
    2    2   -0.60510233E-06  0.23828592E-13
    3    2   -0.24379917E-12 -0.29890947E-13
    4    2   -0.15151259E-12  0.19520561E-12
    1    3   -0.29464453E-03  0.45747434E-12
    2    3   -0.53010454E-13 -0.12829296E-12
    3    3   -0.41534207E-03  0.24918370E-12
    4    3   -0.23107744E-03 -0.12955643E-12
    1    4    0.12777602E-03  0.16623074E-12
    2    4    0.25260664E-12 -0.26946596E-12
    3    4   -0.21604688E-03  0.18120223E-12
    4    4   -0.62701443E-03  0.25322613E-13

    8    4    0
    1    1    0.73095475E-03  0.39496822E-12
    2    1   -0.16278847E-12  0.18555931E-13
    3    1    0.90497003E-03 -0.82674492E-12
    4    1   -0.51751147E-03 -0.20382741E-12
    1    2   -0.10292829E-12 -0.29675226E-12
    2    2   -0.21883661E-06  0.35913075E-14
    3    2   -0.12227101E-12 -0.16051797E-12
    4    2   -0.13342915E-13  0.47668649E-13
    1    3   -0.58038411E-03  0.21302318E-12
    2    3    0.53093652E-13  0.51059053E-13
    3    3   -0.57149247E-03 -0.13683737E-12
    4    3   -0.40126442E-10 -0.10636769E-13
    1    4    0.26963926E-03  0.10568890E-12
    2    4   -0.18854988E-12  0.64332974E-13
    3    4   -0.40776831E-10  0.21175050E-12
    4    4   -0.56670251E-03 -0.17979456E-12

   -8   -4    0
    1    1    0.77896825E-10  0.83576844E-12  0.29657868E-05 -0.11374996E-11  0.60774078E+00 -0.10526379E+01
    2    1    0.36386702E-11  0.11112411E-11  0.16971638E-11  0.17039877E-11  0.33702817E-03  0.33943538E-11
    3    1    0.19345843E-03 -0.70600767E-11 -0.44117108E-03  0.18083719E-11  0.20031363E-11 -0.21700039E-12
    4    1   -0.68800614E-03 -0.36813407E-11 -0.41618066E-03  0.71218195E-11  0.18578584E-11 -0.26201691E-11
    1    2   -0.29428362E-11 -0.86717573E-11  0.15562775E-11  0.21190132E-11  0.24701419E-03  0.78115451E-11
    2    2    0.93460179E-12  0.64072604E-12  0.84017905E-12  0.19967159E-11 -0.17364022E+00 -0.60150737E+00
    3    2   -0.73269051E-12 -0.97853894E-13 -0.39729479E-12  0.19870723E-11  0.34517603E-11 -0.33603432E-11
    4    2    0.12151587E-11 -0.20039400E-11  0.45196963E-12  0.16859657E-11 -0.23034433E-05 -0.19588639E-11
    1    3    0.38913511E-03 -0.10422027E-10  0.53437578E-03  0.10860604E-10 -0.19213297E-11  0.60382184E-11
    2    3   -0.41017569E-11 -0.31212948E-11  0.20327540E-11  0.52536864E-11  0.71531363E-11 -0.58903932E-12
    3    3   -0.11765556E-09 -0.20600862E-12  0.22577580E-02 -0.10260980E-11  0.13457117E+01  0.37594211E+00
    4    3   -0.93813709E-03 -0.45634744E-12  0.63035797E-03  0.31429419E-11  0.24209189E-11  0.36197420E-12
    1    4    0.10104111E-03  0.44139138E-11  0.82363204E-03  0.81079286E-11 -0.81407774E-12 -0.28271410E-11
    2    4   -0.12426499E-11  0.72709760E-11 -0.34087860E-11 -0.59103506E-12 -0.22697739E-05 -0.58814844E-11
    3    4   -0.10012749E-02  0.13918590E-11  0.62093132E-03  0.10521454E-11 -0.10147637E-11  0.16307698E-11
    4    4    0.10984307E-09 -0.47059307E-12 -0.22951873E-02 -0.54034136E-12 -0.15627620E+01  0.60150737E+00

   -7   -5    0
    1    1   -0.87178755E-03 -0.10621880E-11  0.50377923E-03  0.89368852E-12  0.12728049E+01  0.86820111E-01
    2    1   -0.67194672E-11  0.34280382E-12 -0.32039638E-11 -0.49290391E-13  0.39304305E-04 -0.42115774E-11
    3    1    0.30598443E-03  0.20822891E-11 -0.38332834E-03  0.56243006E-11 -0.20422987E-11  0.44803750E-11
    4    1   -0.47935626E-03 -0.24636728E-11 -0.27701864E-03 -0.60281716E-11  0.72983803E-12  0.31722511E-11
    1    2    0.17247408E-11 -0.13464789E-11 -0.28651188E-11 -0.54100031E-11  0.10200957E-03  0.38813029E-11
    2    2   -0.30555724E-06 -0.24403974E-12  0.17641356E-06  0.16588980E-12  0.12711346E+00  0.42786715E+00
    3    2   -0.62855780E-12 -0.73954708E-12 -0.11899141E-11 -0.20160754E-11 -0.45206480E-05 -0.34564695E-11
    4    2   -0.35505170E-12 -0.27830591E-13 -0.96530382E-12 -0.25574361E-12 -0.82198154E-07 -0.23866932E-11
    1    3    0.21960904E-02  0.41921830E-12  0.13393598E-02 -0.62097068E-11 -0.13257484E-12  0.20014874E-11
    2    3   -0.54265097E-11 -0.14955259E-11 -0.26320908E-11  0.16813888E-11 -0.45430861E-04  0.47222176E-11
    3    3   -0.10799303E-02  0.18965039E-11  0.11116115E-02 -0.12196176E-11  0.69144419E+00 -0.74648593E+00
    4    3    0.25393383E-02  0.25025504E-11 -0.28077274E-02  0.31105106E-12 -0.20748671E-11 -0.24987181E-11
    1    4    0.11286663E-02  0.10189732E-11  0.37689119E-02  0.36688599E-11  0.10540090E-11  0.37042036E-11
    2    4    0.52839971E-11  0.47147663E-11  0.66554823E-11  0.52197008E-11  0.24895080E-04  0.86245538E-12
    3    4    0.23379501E-02 -0.10252297E-11 -0.16919230E-02 -0.41611812E-11 -0.11336357E-11  0.28262954E-11
    4    4    0.35676483E-02  0.97123720E-12 -0.25319941E-02 -0.45151680E-12 -0.64803413E+00  0.82167435E+00

   -7   -4    0
    1    1   -0.29944056E-03 -0.25687185E-11  0.71351458E-03  0.19503800E-11  0.37054382E+00  0.51468726E+00
    2    1   -0.27646050E-11 -0.13003602E-11  0.10551437E-11 -0.24391019E-11  0.33702818E-03  0.90926279E-12
    3    1    0.19345862E-03  0.23781298E-11  0.44117082E-03 -0.15053699E-11 -0.33199013E-11  0.19687687E-11
    4    1    0.68800617E-03 -0.72427532E-11 -0.41618020E-03  0.21732597E-11  0.28874571E-12 -0.13215905E-11
    1    2   -0.63447465E-11  0.28186680E-12 -0.30092514E-11  0.19220680E-11  0.29598668E-03  0.51552642E-11
    2    2   -0.54831505E-07 -0.19745247E-11  0.81937495E-07  0.34145956E-11 -0.82167435E+00  0.17364022E+00
    3    2   -0.29371124E-11 -0.40119764E-12 -0.16104708E-11 -0.69278063E-12 -0.72919236E-04 -0.47856087E-11
    4    2   -0.73048375E-12  0.32754175E-11  0.23586478E-11  0.31586902E-12 -0.12479025E-03 -0.12021702E-10
    1    3   -0.11348264E-03 -0.66211938E-11  0.15215598E-02  0.36729835E-11  0.17495399E-11  0.34480459E-11
    2    3   -0.48903856E-11 -0.24883188E-11 -0.42855339E-11  0.62275335E-11  0.41430670E-04  0.38659238E-12
    3    3    0.15477147E-02  0.16302373E-11 -0.24415720E-02 -0.41334557E-13  0.24031365E+00 -0.46276222E+00
    4    3    0.17161637E-02 -0.10778786E-11  0.26216801E-02  0.29103199E-11  0.27600254E-11 -0.37381278E-11
    1    4   -0.26886925E-02  0.61846738E-11 -0.85380826E-03  0.16022848E-11 -0.16276627E-11 -0.37790585E-12
    2    4   -0.59157268E-11  0.63671912E-11  0.33531207E-11  0.76815645E-12 -0.28974964E-04 -0.72735471E-11
    3    4    0.29809834E-02  0.89245926E-13  0.42031537E-02  0.43931360E-12 -0.33169119E-11  0.37042138E-11
    4    4   -0.15515064E-02  0.45614554E-14  0.90343937E-03 -0.15590600E-12  0.73485424E+00 -0.14464451E+01

   -7   -3    0
    1    1    0.47208059E-03 -0.13861763E-11 -0.61422122E-03  0.25469414E-11  0.21393358E+00 -0.57323329E-01
    2    1    0.63386755E-12 -0.11446233E-11  0.60863039E-12  0.27864984E-11  0.39200720E-04  0.29271483E-11
    3    1   -0.60861999E-03 -0.69811656E-11  0.39766586E-10 -0.93933041E-12 -0.21284906E-11 -0.23401244E-11
    4    1    0.43897562E-10  0.19363862E-12  0.39768221E-03  0.24922523E-11  0.54834172E-11 -0.35663401E-13
    1    2   -0.18336865E-11  0.20224142E-11 -0.45560064E-11  0.35719095E-11 -0.73211091E-04  0.33226393E-11
    2    2    0.43544269E-07 -0.82682125E-12 -0.88451042E-07  0.27961162E-11  0.90849446E+00 -0.19690360E+00
    3    2    0.15568853E-11 -0.20905085E-11  0.19525827E-11  0.35662105E-11 -0.14604481E-03  0.24301961E-11
    4    2    0.34004965E-11  0.44161344E-12 -0.20752195E-11 -0.22323089E-11 -0.31623668E-05 -0.61077824E-11
    1    3   -0.25583843E-02  0.10138514E-11 -0.16347645E-02  0.55018446E-11 -0.81798054E-12 -0.34732187E-11
    2    3   -0.11259980E-11 -0.10570701E-11 -0.31067010E-12  0.16560510E-11 -0.63354711E-05  0.23278789E-11
    3    3   -0.53078424E-03  0.71584687E-12 -0.13776119E-02 -0.16438456E-12 -0.14464451E+01  0.63556732E-01
    4    3    0.16507757E-02  0.76826609E-12  0.29023671E-03 -0.24115662E-12  0.17917163E-11  0.18578998E-11
    1    4   -0.16405659E-02  0.90881694E-11 -0.70617463E-03  0.32429769E-11 -0.83288120E-12  0.27270901E-11
    2    4   -0.47081322E-11  0.20400300E-11  0.35572724E-11  0.66145463E-12  0.47437889E-04 -0.25491685E-11
    3    4   -0.45889047E-03  0.55902166E-12  0.19165803E-03 -0.19236613E-11 -0.31684483E-11 -0.13592531E-11
    4    4   -0.40859462E-03  0.14167053E-13  0.25017121E-02  0.19344480E-11 -0.56121402E+00  0.69790135E-01

   -7   -2    0
    1    1    0.31474137E-10 -0.72749966E-14 -0.10056941E-02 -0.16277136E-11 -0.49765729E+00  0.81544095E+00
    2    1   -0.10564446E-11 -0.93948589E-12  0.49407321E-11  0.16985912E-11  0.24700266E-03 -0.16222329E-11
    3    1    0.13332911E-02  0.18312235E-11 -0.15056315E-02  0.51826847E-12 -0.11186489E-11  0.32418466E-11
    4    1   -0.74061207E-03  0.51950829E-11 -0.66919656E-04  0.94235962E-12  0.51956731E-11 -0.57706520E-12
    1    2   -0.22518102E-11  0.22934149E-11  0.72932175E-12  0.31758932E-11  0.29610376E-03 -0.33850624E-11
    2    2    0.39866892E-12 -0.64163562E-12 -0.35282139E-06 -0.11526487E-11 -0.71159086E+00 -0.49142388E+00
    3    2    0.27672355E-11 -0.24977301E-12 -0.14638747E-11  0.96543628E-12 -0.62247488E-11  0.14537783E-10
    4    2   -0.41861474E-12  0.59994270E-11  0.14730211E-11  0.22396574E-12 -0.78361508E-05 -0.44141377E-12
    1    3   -0.11683947E-02  0.19406978E-11 -0.20600549E-02 -0.56568842E-12  0.62339693E-11 -0.28577451E-11
    2    3    0.61507733E-11 -0.56640929E-11  0.49741541E-11  0.24097912E-11 -0.48263859E-11  0.36346060E-11
    3    3    0.30725526E-10  0.31848070E-12  0.70642139E-02  0.71067371E-12 -0.39069050E+00 -0.94338953E+00
    4    3   -0.20525740E-02  0.12837064E-11 -0.32315407E-04  0.22612053E-12 -0.24949408E-12 -0.92169190E-12
    1    4    0.21091438E-02 -0.11643243E-12  0.22201045E-03  0.84762539E-12 -0.16547351E-11  0.20111542E-11
    2    4    0.23698703E-11  0.20666016E-11 -0.57286171E-11  0.74600912E-11 -0.53597789E-04  0.53586715E-11
    3    4   -0.28885312E-02 -0.81434726E-12  0.61585555E-03 -0.63015667E-12 -0.95970140E-12 -0.48210570E-11
    4    4    0.47111131E-10 -0.26914885E-13 -0.45536293E-02 -0.16109958E-11 -0.86820111E+00  0.60035242E-09

   -6   -6    0
    1    1    0.68989567E-03 -0.20515790E-16 -0.39831145E-03  0.38639187E-15 -0.15627620E+01 -0.26184295E-08
    2    1    0.84095740E-12 -0.56277001E-12 -0.13023813E-11 -0.73677805E-12  0.51473693E-03  0.37674964E-11
    3    1    0.44114763E-03 -0.47054196E-11 -0.23939660E-02  0.17395753E-11 -0.25781071E-11  0.24291458E-11
    4    1   -0.25756833E-02 -0.53394125E-11 -0.26012088E-02 -0.12014708E-10  0.15309648E-11 -0.95354686E-12
    1    2    0.21034930E-11 -0.24026272E-12 -0.39759796E-12 -0.92297772E-12  0.51473693E-03 -0.37675122E-11
    2    2   -0.10062203E-05  0.32502500E-15  0.58094169E-06  0.18652280E-15  0.12154816E+01 -0.87281464E-09
    3    2    0.35379847E-11 -0.20516174E-11 -0.15073447E-12 -0.69256228E-11  0.53079693E-04 -0.18308328E-11
    4    2   -0.53626851E-11 -0.99046464E-12 -0.49255146E-12 -0.12706422E-11 -0.34625800E-04  0.44476836E-11
    1    3    0.31291180E-02  0.78596640E-11  0.33267219E-03 -0.55540009E-11 -0.25781204E-11 -0.24291766E-11
    2    3    0.15214720E-11 -0.26745765E-11 -0.27703442E-11 -0.65659572E-11  0.53079693E-04  0.18308344E-11
    3    3   -0.85117992E-03  0.35570499E-15  0.49142896E-03  0.20536900E-15  0.43410056E+00  0.98190788E-09
    4    3    0.38483362E-02 -0.10666670E-11 -0.47659870E-02  0.21731143E-12  0.44473199E-11  0.64528861E-12
    1    4    0.54111961E-03 -0.79581098E-11  0.37758647E-02 -0.10528620E-10  0.15309565E-11  0.95355075E-12
    2    4   -0.16806683E-11 -0.42113231E-11  0.45590335E-11  0.58892131E-12 -0.34625799E-04 -0.44476858E-11
    3    4    0.53782797E-02  0.26357341E-11 -0.56100212E-03 -0.17749895E-11  0.44473143E-11 -0.64532768E-12
    4    4    0.58651655E-02  0.35119863E-15 -0.33862549E-02  0.13363965E-15  0.19100424E+01 -0.87281344E-09

   -6   -5    0
    1    1   -0.21043503E-03 -0.25680284E-11  0.31218445E-03  0.20393513E-11 -0.13334687E+00  0.10385009E+00
    2    1    0.23553589E-11  0.42101515E-11 -0.17253842E-11  0.40804306E-12  0.24758802E-03  0.40117055E-11
    3    1    0.10420208E-02  0.54569030E-12  0.10074657E-02  0.85674039E-12  0.35834017E-12  0.14093207E-11
    4    1    0.18649676E-02 -0.10645605E-10  0.25731977E-03 -0.13808621E-10  0.64860227E-13  0.17620494E-11
    1    2    0.21232749E-11  0.22544107E-11  0.45672439E-11 -0.93722247E-12  0.16542630E-03 -0.81387761E-11
    2    2   -0.95904603E-06  0.57319340E-12  0.69257358E-06 -0.44855460E-12  0.40293352E-01  0.84493773E+00
    3    2   -0.30934050E-11  0.15591339E-11 -0.29033251E-11  0.20983658E-11 -0.97992017E-04  0.67239342E-11
    4    2    0.29387700E-11  0.41180522E-11  0.10228611E-12  0.42151766E-11 -0.12731510E-03  0.87993314E-11
    1    3   -0.24278282E-02  0.23645372E-11 -0.20325661E-04  0.20080751E-11  0.16317662E-11  0.13235909E-11
    2    3    0.24763750E-11  0.64060598E-12  0.20522846E-12 -0.65990089E-11  0.92147410E-04 -0.13437532E-11
    3    3    0.24472798E-02 -0.14598823E-11 -0.19679756E-02  0.10921099E-11 -0.78449770E+00 -0.54958233E+00
    4    3    0.30861425E-02  0.89474012E-12  0.57911382E-02 -0.59073102E-12  0.13084978E-11 -0.41396708E-13
    1    4   -0.33235812E-02  0.73949408E-12 -0.13015089E-02 -0.25044301E-11 -0.70785946E-12  0.10998277E-11
    2    4    0.29234885E-11 -0.25252385E-11  0.21786576E-11 -0.38865392E-12  0.16528572E-03  0.52826215E-11
    3    4    0.15701209E-02  0.35694716E-12  0.82503291E-02  0.12110591E-11  0.28566553E-11  0.11596359E-11
    4    4   -0.21293915E-02  0.52704249E-12  0.99665770E-03 -0.24015501E-12  0.26046033E+00 -0.62477075E+00

   -6   -4    0
    1    1    0.88284155E-03  0.25155613E-11 -0.88877706E-03 -0.21731996E-11  0.86820112E-01 -0.10526379E+01
    2    1   -0.14504308E-12  0.26041392E-11  0.16538124E-11 -0.29327359E-11 -0.32436005E-04 -0.26496810E-11
    3    1   -0.12624871E-02  0.95304717E-12 -0.46594314E-03  0.33749647E-11 -0.28696406E-12  0.12405251E-11
    4    1    0.33902625E-03 -0.71919925E-11  0.11106090E-02 -0.89597415E-11 -0.25034832E-11  0.33354120E-11
    1    2    0.67044220E-12  0.11329950E-11  0.37311590E-11 -0.22977948E-12  0.73700047E-04 -0.30097814E-11
    2    2   -0.58218848E-06  0.66337214E-12  0.68788255E-06 -0.55229042E-12  0.60774078E+00 -0.15037684E+00
    3    2    0.22745456E-11  0.34242363E-11 -0.66335133E-15  0.10679326E-11 -0.31143029E-04  0.13994294E-11
    4    2    0.44147449E-12  0.74804750E-11 -0.59007869E-12  0.53057367E-11 -0.28966113E-04  0.88230759E-11
    1    3   -0.15798321E-02 -0.52448317E-13 -0.18273062E-02  0.13305840E-11  0.45424823E-11  0.22397969E-11
    2    3   -0.79012341E-11  0.12582983E-11 -0.47285941E-11 -0.11090843E-11  0.96086292E-04 -0.39529100E-12
    3    3   -0.15889626E-02 -0.95474561E-12  0.15524835E-02  0.59872636E-12  0.21705028E+00  0.11278263E+01
    4    3   -0.15287462E-02 -0.22899161E-11  0.41034335E-03 -0.32056950E-11  0.19857028E-11 -0.12935747E-11
    1    4    0.12199610E-02 -0.29360862E-11 -0.29000020E-02 -0.25530260E-12 -0.11995853E-13  0.20593856E-11
    2    4   -0.10676231E-11  0.32707739E-11  0.54471582E-11 -0.23416656E-12  0.53978799E-04 -0.83643034E-11
    3    4   -0.71916714E-02 -0.10055887E-11 -0.27944039E-02 -0.33826935E-11  0.16862153E-11  0.13692556E-11
    4    4   -0.32559486E-02  0.88962475E-12  0.37999823E-02 -0.82028243E-12  0.78138100E+00  0.45113053E+00

   -6   -3    0
    1    1   -0.38318019E-04 -0.37203951E-11 -0.16872739E-04  0.50786025E-11 -0.17364022E+00  0.34728044E+00
    2    1   -0.35163657E-12 -0.30145923E-11  0.21854250E-11 -0.79790331E-12 -0.32101780E-04 -0.18893873E-11
    3    1    0.79640129E-03  0.67247779E-12 -0.80332672E-03 -0.20171517E-11  0.15057291E-11 -0.29993204E-11
    4    1   -0.12795034E-02 -0.39536125E-11 -0.76936742E-03 -0.32552880E-11 -0.23495599E-11 -0.19922748E-11
    1    2    0.72910210E-13  0.53269226E-11 -0.89761048E-12  0.20770399E-11 -0.11994935E-03 -0.98853673E-12
    2    2    0.72477454E-07  0.93715183E-12  0.41845599E-07 -0.24186512E-12 -0.52092067E+00 -0.69456089E+00
    3    2   -0.32642039E-11 -0.52405148E-12 -0.29473234E-11 -0.24051429E-11  0.14709016E-03 -0.69513063E-12
    4    2    0.56537323E-11  0.23122759E-11  0.20299402E-11 -0.30736610E-11  0.87080057E-04 -0.71080474E-12
    1    3    0.33413958E-02  0.21925550E-11  0.73730664E-03  0.75091818E-11 -0.28502613E-12 -0.44066475E-11
    2    3   -0.60821780E-11  0.20807979E-11 -0.78218503E-13  0.14648352E-12  0.16048991E-04 -0.11043057E-10
    3    3   -0.24472583E-02  0.43938160E-13  0.55273080E-02  0.16726464E-12  0.86820113E-01 -0.19100424E+01
    4    3   -0.42267269E-02 -0.10377691E-11 -0.15138501E-02 -0.27076123E-11 -0.41892807E-12  0.21879220E-11
    1    4    0.42129541E-02  0.86052861E-11  0.34845459E-02 -0.44273711E-11  0.44681255E-11  0.30636622E-11
    2    4   -0.25731271E-11 -0.41141920E-12  0.90057644E-11 -0.63390164E-11  0.92944338E-05 -0.32117107E-11
    3    4   -0.13072451E-02 -0.45907871E-12 -0.66366537E-02  0.15615400E-11  0.17671452E-11  0.36389056E-11
    4    4    0.31230480E-02 -0.68666145E-12 -0.53152250E-02  0.17646468E-11  0.10418413E+01  0.12154816E+01

   -6   -2    0
    1    1   -0.32902345E-03  0.57402715E-12  0.12081535E-02  0.10291715E-11 -0.26046033E+00 -0.15037684E+00
    2    1   -0.69035511E-11  0.52697004E-11  0.10527538E-11 -0.33833438E-11  0.24700270E-03 -0.15057454E-11
    3    1    0.13332909E-02 -0.88951342E-11  0.15056314E-02 -0.14512026E-11 -0.41317661E-11  0.55692335E-11
    4    1    0.74061197E-03  0.29553113E-11 -0.66919628E-04  0.40123544E-12  0.19743130E-11 -0.20902347E-11
    1    2    0.59282010E-12  0.80751154E-11 -0.24013316E-11 -0.26480040E-11 -0.11979865E-03  0.36187869E-11
    2    2    0.30462966E-06  0.28542706E-14 -0.84813532E-06  0.30593692E-12 -0.86820112E-01 -0.45113053E+00
    3    2    0.88763525E-12 -0.11298235E-12  0.10947278E-11  0.17441974E-11 -0.38857901E-04  0.51954855E-11
    4    2    0.15696216E-11  0.43562261E-11 -0.24980392E-12 -0.83961851E-12 -0.11550843E-04 -0.81893250E-11
    1    3    0.55629404E-02 -0.28458636E-11  0.29106885E-02 -0.26697116E-11  0.11009031E-11 -0.50200866E-11
    2    3   -0.55326125E-12  0.49640094E-11  0.59110521E-11 -0.58980063E-11  0.96666189E-04  0.13369135E-11
    3    3    0.19364190E-02  0.11978049E-12 -0.68269247E-02  0.68868522E-13  0.56433072E+00  0.67669580E+00
    4    3   -0.65968002E-03 -0.35060928E-12 -0.17728402E-02 -0.91328156E-12  0.25274233E-11  0.12418155E-11
    1    4   -0.57541143E-03 -0.55994978E-11  0.12343312E-02  0.54964178E-12  0.37145922E-11  0.39873369E-11
    2    4    0.45449362E-11 -0.27109109E-11  0.41857980E-11 -0.36304344E-11  0.59238318E-04  0.35360938E-11
    3    4    0.50521859E-02  0.19317971E-11  0.14100173E-02 -0.41527572E-12  0.35767033E-11 -0.16217915E-11
    4    4   -0.37889576E-04  0.17810341E-12  0.11910929E-03 -0.12474683E-11  0.86820109E-01  0.15037684E+00

   -6   -1    0
    1    1    0.16695344E-03  0.36182797E-12 -0.34080594E-03 -0.57955377E-11 -0.73485424E+00 -0.79841097E+00
    2    1   -0.50413276E-11 -0.73588655E-12  0.26122948E-12 -0.15815299E-11  0.51441531E-03  0.92976766E-12
    3    1   -0.40843318E-02  0.14447022E-11 -0.13652849E-09  0.85861662E-12 -0.23951036E-11  0.29131486E-11
    4    1   -0.78421052E-10  0.63690091E-12  0.13103256E-02  0.27785464E-11  0.84128112E-12  0.19244457E-11
    1    2    0.16014799E-11  0.25887149E-11 -0.14222079E-11 -0.16421167E-11  0.73791164E-04 -0.13372272E-11
    2    2    0.12026280E-06  0.88610543E-13 -0.11768380E-05 -0.31631093E-11 -0.56121402E+00  0.54418404E+00
    3    2    0.95292008E-12  0.19204858E-11 -0.32654664E-11 -0.28626132E-13 -0.16038315E-03  0.46098560E-11
    4    2    0.38976628E-11  0.31164334E-11  0.17515159E-13  0.19731374E-11 -0.21183278E-04 -0.27609639E-11
    1    3   -0.28455135E-02  0.96147022E-12  0.19455822E-02 -0.47871857E-11 -0.18294086E-11  0.17232012E-11
    2    3   -0.63291860E-12 -0.15468608E-11  0.39617698E-11 -0.37102648E-11  0.18897778E-03  0.30703139E-11
    3    3   -0.16781279E-03  0.13390114E-12 -0.32045369E-02 -0.14827139E-11 -0.13860051E+01  0.20230189E+00
    4    3    0.13303184E-02  0.30252555E-11 -0.45938480E-05  0.10149166E-11 -0.23476257E-11 -0.69380981E-12
    1    4   -0.11081100E-02 -0.56287163E-11 -0.16790095E-02 -0.45634670E-12  0.12468811E-11  0.76635567E-13
    2    4    0.25864482E-11  0.59887368E-13 -0.39453395E-11 -0.22944363E-12 -0.63992306E-05  0.69477067E-11
    3    4   -0.97699444E-04 -0.22029492E-11  0.26481469E-02  0.16372656E-11  0.14105959E-11 -0.63238652E-12
    4    4   -0.35362358E-03  0.22022228E-12  0.42223824E-02 -0.18008573E-11  0.26046033E+00  0.27749031E+00

   -6    0    0
    1    1    0.28744802E-13 -0.13346406E-21  0.80788549E-03  0.53278185E-15 -0.17364022E+00  0.65460763E-09
    2    1    0.12777960E-11  0.18203865E-11 -0.24359008E-13  0.17386503E-11  0.16631097E-03  0.39082805E-11
    3    1    0.30459576E-02  0.29148213E-11 -0.23119972E-02  0.89219979E-12 -0.15418883E-11  0.11789866E-11
    4    1   -0.31311784E-03 -0.68550389E-11 -0.88106197E-03  0.21352803E-11 -0.28574088E-11 -0.10294147E-11
    1    2   -0.12777960E-11  0.18203865E-11  0.23735506E-11 -0.24271010E-11  0.16631098E-03 -0.39084628E-11
    2    2   -0.33933360E-13  0.52583401E-15 -0.11618792E-05  0.30534059E-15 -0.17364022E+00  0.21820174E-09
    3    2    0.15005965E-11 -0.74084956E-11 -0.61141812E-12  0.54770498E-12  0.11466919E-10 -0.48468963E-11
    4    2    0.47117214E-11  0.44523467E-12  0.15577845E-11 -0.13140431E-11  0.57012815E-04  0.55384071E-12
    1    3   -0.30459576E-02  0.29506948E-11 -0.29893818E-02 -0.38359654E-11 -0.15419007E-11 -0.11789825E-11
    2    3   -0.15005965E-11 -0.74084956E-11 -0.43298502E-11 -0.18249760E-11  0.14308760E-10  0.48468961E-11
    3    3   -0.87891933E-14  0.52583418E-15  0.10285760E-01  0.39837282E-15 -0.40805452E+01  0.50908782E-14
    4    3    0.21500700E-02 -0.23421532E-12 -0.39617228E-03  0.20267076E-11  0.23850873E-12 -0.20020009E-11
    1    4    0.31311784E-03 -0.68423465E-11 -0.71700586E-03 -0.55272321E-11 -0.28574405E-11  0.10294141E-11
    2    4   -0.47117214E-11  0.44523467E-12 -0.24132489E-11  0.35433136E-11  0.57012815E-04 -0.55384843E-12
    3    4   -0.21500700E-02 -0.15548321E-12  0.39617223E-03  0.59047979E-12  0.23851793E-12  0.20020031E-11
    4    4    0.77496603E-14  0.52583418E-15 -0.51066606E-02  0.35296742E-15 -0.52092067E+00 -0.21820352E-09

   -5   -6    0
    1    1   -0.37154287E-03  0.93471899E-12  0.24266093E-04 -0.62298430E-12  0.10385009E+00 -0.51468726E+00
    2    1   -0.39026746E-11  0.35689842E-13  0.39168779E-11 -0.18658419E-11  0.16638013E-03  0.13428566E-11
    3    1    0.81067050E-03 -0.48399615E-11  0.16196544E-02 -0.72615902E-11  0.21471603E-11 -0.55930047E-12
    4    1    0.32299517E-02 -0.83861260E-12  0.10379837E-02 -0.53946964E-11 -0.88801515E-12 -0.58634057E-13
    1    2    0.35508045E-11  0.29991865E-11 -0.32155226E-12  0.35555798E-12  0.24622792E-03  0.14503459E-11
    2    2   -0.10793033E-05 -0.10628399E-11  0.48426840E-06  0.67479681E-12 -0.15037684E+00  0.86196771E+00
    3    2   -0.28876742E-11 -0.65962938E-11  0.37171876E-11 -0.54366777E-11 -0.10115653E-03 -0.31027724E-11
    4    2   -0.36446004E-11  0.27240694E-11 -0.59320384E-12 -0.33331509E-11 -0.16299355E-03 -0.98407306E-11
    1    3   -0.12989677E-02  0.82279496E-11  0.55458930E-03  0.63110189E-12 -0.17390106E-11 -0.61270614E-11
    2    3   -0.25425824E-11  0.35429916E-11  0.38948450E-11 -0.67139062E-11  0.61151190E-04  0.21172127E-11
    3    3    0.15218144E-02 -0.14272904E-11 -0.53267730E-03  0.64779258E-12  0.14929719E+01 -0.36431042E+00
    4    3    0.22547326E-02 -0.35193674E-11  0.58520487E-02 -0.44986541E-12 -0.95856261E-12 -0.72174601E-13
    1    4   -0.17165757E-02 -0.13547554E-11 -0.96861268E-03 -0.85182471E-11  0.26932339E-11  0.29957680E-11
    2    4    0.73112175E-12 -0.10021945E-10  0.74022096E-12 -0.42219382E-11  0.14863108E-03 -0.70777268E-11
    3    4   -0.38382859E-03  0.10132904E-11  0.89486909E-02  0.17852967E-11  0.15483461E-11  0.21045473E-11
    4    4   -0.17992555E-03 -0.15205375E-11  0.55947093E-03  0.94437446E-12  0.43410056E+00 -0.15735586E+01

   -5   -5    0
    1    1   -0.83750901E-05  0.29448533E-11  0.48353770E-05 -0.16811990E-11 -0.65883070E+00 -0.65426754E+00
    2    1    0.34610646E-11  0.68838923E-11  0.41157592E-11  0.30416986E-11 -0.89624784E-04  0.41516031E-12
    3    1   -0.10581871E-02 -0.59195104E-11  0.15506311E-02 -0.63726463E-11 -0.26603059E-11 -0.19224197E-11
    4    1   -0.82597261E-03  0.24338220E-11  0.12259706E-02  0.34964471E-11  0.96310772E-12  0.81453063E-11
    1    2    0.29420677E-11  0.40517608E-11  0.89266250E-12 -0.30742347E-11 -0.89790317E-04  0.28933047E-11
    2    2   -0.31152262E-05 -0.46402882E-11  0.17985767E-05  0.27118954E-11  0.15661025E+00  0.31778366E+00
    3    2    0.38770185E-11 -0.22119124E-12  0.70352152E-11 -0.25692044E-11  0.84965756E-05  0.21465055E-11
    4    2    0.20045628E-12 -0.66289127E-12  0.14155164E-11  0.58780353E-11 -0.54151775E-04 -0.58432443E-11
    1    3   -0.51935726E-04  0.20685273E-11 -0.15460954E-03  0.19297675E-11 -0.27362719E-11 -0.30934277E-11
    2    3    0.29094517E-11  0.45046641E-11 -0.17874955E-11 -0.21200720E-11  0.51803082E-04  0.97707089E-11
    3    3   -0.28001045E-02 -0.17067725E-11  0.16166411E-02  0.10334940E-11 -0.27437361E+00 -0.58987568E+00
    4    3   -0.35725949E-02 -0.88037986E-12 -0.92272875E-03 -0.68515666E-12 -0.14411999E-11 -0.69849346E-12
    1    4    0.18909946E-02  0.22292909E-11 -0.23627216E-02 -0.41322098E-11 -0.10088641E-11  0.41019456E-11
    2    4   -0.15553403E-11 -0.50347302E-11 -0.21263873E-11 -0.36645092E-11  0.23460632E-04 -0.11551434E-11
    3    4   -0.92858602E-02 -0.95207758E-12 -0.76791839E-02  0.52408798E-12  0.59246496E-13  0.22396508E-11
    4    4   -0.67426372E-02 -0.34257363E-12  0.38928634E-02  0.18699690E-12  0.78138100E+00 -0.11922182E+01

   -5   -4    0
    1    1    0.78448644E-03  0.22757855E-11 -0.71598500E-03 -0.18537515E-11  0.89146449E+00  0.38757380E+00
    2    1    0.46652604E-11 -0.23359827E-11  0.40096331E-11 -0.12137376E-11 -0.40452430E-04 -0.12994269E-11
    3    1    0.10101076E-02  0.47705174E-11 -0.18452153E-02  0.42598284E-12  0.56740496E-11  0.70361438E-13
    4    1   -0.24318097E-02 -0.24721768E-11 -0.18550473E-02 -0.29693214E-12 -0.97014805E-12 -0.48681972E-13
    1    2    0.17910140E-11  0.16669372E-11  0.95753674E-12 -0.69466054E-12 -0.29015203E-03  0.40783587E-12
    2    2   -0.46116343E-05 -0.22024201E-11  0.39358977E-05  0.16157496E-11  0.41083718E+00 -0.63556732E-01
    3    2   -0.42678505E-11  0.15805605E-11 -0.22002423E-11  0.49739706E-11  0.25792645E-04  0.44270778E-11
    4    2    0.30730688E-11  0.26875158E-11  0.28613313E-11  0.56870836E-11  0.12577422E-03  0.36659985E-11
    1    3    0.36691225E-02 -0.23872094E-11 -0.10640891E-03  0.43216282E-11 -0.28843696E-11 -0.22451030E-11
    2    3    0.19111962E-11  0.60026303E-12 -0.13489402E-11 -0.15092540E-11 -0.30762611E-04  0.95878687E-12
    3    3   -0.23756310E-02 -0.17793256E-11  0.20990982E-02  0.13551460E-11  0.65115083E+00 -0.69995918E+00
    4    3   -0.26187184E-02 -0.51484548E-11 -0.36282738E-02 -0.33960347E-11 -0.18373479E-11 -0.46276997E-11
    1    4    0.21984913E-02  0.27345276E-11  0.52695947E-02  0.97359325E-12 -0.26046103E-11 -0.25731718E-11
    2    4   -0.18087514E-11  0.45567672E-11 -0.25218650E-11 -0.42708449E-11 -0.69016130E-04 -0.25272778E-11
    3    4    0.77774135E-02 -0.32828254E-11 -0.83372790E-02 -0.51606098E-12  0.72258412E-12 -0.73564253E-13
    4    4    0.71695781E-02  0.21365386E-11 -0.56333433E-02 -0.17042008E-11  0.77514759E+00  0.69456089E+00

   -5   -3    0
    1    1    0.36140629E-03  0.61409406E-12 -0.43262008E-03 -0.89238686E-12  0.26046033E+00 -0.27749031E+00
    2    1    0.32685460E-11 -0.97859613E-12 -0.20955114E-12  0.59929783E-12  0.66927370E-03 -0.28761436E-11
    3    1   -0.11349737E-03  0.26849005E-11  0.77132846E-03 -0.17320903E-11  0.16685008E-11 -0.33985286E-13
    4    1    0.21982311E-03  0.21875030E-11 -0.30843296E-03  0.22949375E-12  0.19037502E-12 -0.15314463E-11
    1    2    0.27699104E-11  0.18454359E-11 -0.35193936E-11 -0.18265870E-11  0.31362889E-03 -0.11953934E-11
    2    2   -0.17661998E-05  0.31287375E-11  0.26812968E-05 -0.37327726E-11  0.38757380E+00 -0.19690360E+00
    3    2    0.62300054E-13  0.93533398E-12  0.86099067E-12  0.21326471E-11 -0.19633499E-03 -0.26813242E-11
    4    2    0.30395269E-11 -0.38666015E-11  0.26014315E-11 -0.30434088E-11 -0.15498305E-03  0.74165700E-11
    1    3   -0.11734860E-02  0.42827762E-11  0.16350837E-02  0.11796783E-11 -0.12111436E-11 -0.65852565E-11
    2    3   -0.51383340E-11  0.92353255E-12 -0.62450611E-12  0.87621071E-12  0.15013370E-04 -0.36024051E-11
    3    3    0.78007485E-02 -0.63183009E-12 -0.10421695E-01  0.73675788E-12 -0.37054382E+00  0.41083718E+00
    4    3    0.34317167E-02 -0.12477200E-11 -0.64759484E-03 -0.56986198E-11 -0.13035848E-11  0.24181638E-11
    1    4   -0.47137127E-02  0.41956854E-11 -0.93728909E-03 -0.31828677E-11  0.33667270E-11  0.28395163E-11
    2    4   -0.91225154E-12 -0.10298546E-11  0.20096780E-11 -0.65644334E-11  0.43015707E-04 -0.35202783E-11
    3    4    0.89775672E-02 -0.35798414E-11  0.11728053E-01 -0.41449103E-11 -0.32592922E-11 -0.58812458E-12
    4    4    0.66187685E-03 -0.12128447E-11 -0.13770118E-02  0.17436321E-11 -0.46816050E+00 -0.69790136E-01

   -5   -2    0
    1    1   -0.19115541E-03 -0.23059571E-12  0.52453480E-03  0.16552198E-11 -0.19690360E+00 -0.73485424E+00
    2    1    0.15134903E-11  0.23398105E-11 -0.31812060E-11  0.15719296E-11 -0.40523253E-04 -0.55265525E-11
    3    1   -0.27372087E-02  0.10300518E-11 -0.47673212E-03 -0.16071366E-11  0.59008970E-11  0.22583345E-11
    4    1   -0.19326815E-03  0.40731102E-11  0.16587886E-02 -0.17641806E-12  0.46295187E-11 -0.34409069E-11
    1    2    0.33278340E-11  0.64468421E-12  0.84022567E-12 -0.52884172E-11  0.31716139E-03  0.60773736E-11
    2    2    0.14389721E-05  0.14623876E-11 -0.28702260E-05 -0.24611431E-11 -0.30075369E+00  0.14231817E+01
    3    2   -0.44700784E-11 -0.25682828E-11 -0.11026612E-11 -0.13965553E-11 -0.23352044E-03 -0.86058494E-11
    4    2    0.20173622E-12 -0.38409619E-11  0.57902340E-12 -0.22423978E-11 -0.96047887E-04 -0.38582787E-11
    1    3   -0.86506853E-02  0.44040965E-12 -0.21820761E-02 -0.40531185E-11 -0.23508643E-11 -0.44835377E-11
    2    3   -0.63614804E-12  0.63641191E-11  0.21819568E-11 -0.12330535E-11  0.44480613E-04 -0.10065470E-10
    3    3   -0.13708636E-02  0.83411121E-12  0.23322033E-02 -0.19967537E-11  0.46048064E+00  0.81421826E-01
    4    3    0.63112180E-02 -0.28348416E-11  0.33175194E-02 -0.39794075E-11 -0.19929693E-11  0.46456324E-12
    1    4   -0.21381557E-02 -0.24764249E-11 -0.61242883E-02 -0.13443062E-11  0.72378979E-12 -0.27107615E-12
    2    4    0.47361405E-11 -0.11252523E-11  0.63551399E-11 -0.64121017E-11 -0.15095336E-04 -0.37925516E-11
    3    4   -0.71108880E-02 -0.88181578E-12  0.48607881E-02 -0.16589036E-11 -0.27997287E-13 -0.23051275E-11
    4    4   -0.44918195E-02  0.37341159E-12  0.11031774E-01 -0.15790727E-11 -0.86820112E-01 -0.12728049E+01

   -5   -1    0
    1    1   -0.22910604E-03  0.11466266E-12  0.10439905E-02 -0.94310897E-12  0.32401707E+00 -0.10356079E+01
    2    1   -0.18131729E-11  0.10109593E-10 -0.43538245E-11 -0.24692811E-11 -0.89170099E-04 -0.39569805E-11
    3    1    0.13928028E-02 -0.26333615E-11 -0.21541028E-02 -0.19784677E-11  0.46429422E-11  0.24015785E-11
    4    1    0.55231177E-03  0.12246945E-11 -0.10920771E-02 -0.84410796E-12  0.19811974E-11 -0.95802708E-12
    1    2    0.70848346E-11  0.57086000E-12 -0.40325163E-14 -0.43723436E-11  0.31443695E-03  0.67183906E-11
    2    2    0.11027721E-05  0.13186020E-12 -0.59617463E-05 -0.55533623E-12  0.42786715E+00 -0.25422693E+00
    3    2   -0.45691930E-12 -0.14305201E-11  0.56150729E-12  0.38892219E-11  0.12232164E-03 -0.89017417E-11
    4    2   -0.14742137E-11 -0.34269938E-11 -0.22953052E-11  0.27762499E-11 -0.43411635E-04 -0.46106852E-11
    1    3   -0.22950892E-02 -0.25599749E-11 -0.40283126E-02 -0.45057301E-11 -0.74502557E-11 -0.28749856E-11
    2    3   -0.72045549E-11  0.57372153E-11  0.39356491E-11 -0.15100008E-11 -0.73714294E-04 -0.20826080E-11
    3    3   -0.17576515E-02  0.14106577E-12  0.12420259E-01 -0.44265160E-12 -0.60462407E+00  0.16952737E+01
    4    3   -0.13243533E-02  0.60218770E-11  0.37415205E-02  0.37450434E-12 -0.19920384E-12  0.16957314E-11
    1    4    0.23850238E-02 -0.23313751E-11  0.22554692E-03  0.34466178E-11  0.23141297E-11  0.14720761E-11
    2    4    0.43095002E-11 -0.84691691E-12  0.54665748E-11 -0.36407315E-11  0.64124823E-05  0.31158930E-11
    3    4   -0.25834224E-02 -0.11407848E-11 -0.75706496E-02 -0.31724755E-11  0.63343580E-12 -0.11095325E-11
    4    4    0.11713515E-02 -0.18869038E-12 -0.71143190E-02  0.13483277E-11  0.30075369E+00 -0.82167435E+00

   -5    0    0
    1    1    0.75027441E-13 -0.11357668E-13 -0.56661726E-06 -0.94810488E-12 -0.67129751E+00  0.38757380E+00
    2    1   -0.18320444E-13  0.50535285E-11  0.41898558E-11 -0.13749038E-12  0.16631098E-03 -0.55122157E-11
    3    1    0.30459572E-02  0.50891486E-11  0.23119972E-02  0.13015779E-12  0.51963296E-11  0.11476359E-11
    4    1    0.31311773E-03 -0.68421243E-11 -0.88106186E-03  0.36320822E-12  0.17339817E-11 -0.10597940E-12
    1    2    0.47773085E-11 -0.44965144E-11 -0.46535442E-11  0.41054230E-11 -0.29102197E-03 -0.26751241E-11
    2    2   -0.26107371E-13  0.30516388E-13 -0.35971513E-05 -0.47979661E-11  0.15037684E+00  0.68832749E+00
    3    2    0.20601408E-11 -0.58575975E-11 -0.42266406E-11  0.15053938E-11 -0.44507804E-04 -0.73551605E-11
    4    2    0.27293710E-11 -0.29852992E-11  0.84141507E-12 -0.31332114E-11  0.36839391E-04  0.26240397E-11
    1    3    0.57869463E-02  0.63613370E-11  0.97934099E-03 -0.21647621E-11 -0.16936411E-11 -0.13631714E-11
    2    3   -0.72161671E-11 -0.23118816E-11  0.25815624E-11  0.42170266E-11  0.44507812E-04 -0.23879701E-11
    3    3    0.19953440E-13  0.59988798E-13 -0.96446135E-02 -0.68544497E-12 -0.37054382E+00 -0.11859848E+01
    4    3   -0.43255224E-02  0.20523293E-11 -0.12286041E-02  0.17290770E-11 -0.34900120E-11 -0.19380020E-11
    1    4   -0.13107736E-02 -0.44399670E-11  0.32091971E-02 -0.76692121E-12  0.29087954E-11 -0.20756153E-11
    2    4   -0.53003366E-12  0.31846999E-11  0.31427080E-11  0.14701032E-11  0.36839389E-04  0.23223821E-11
    3    4    0.43255225E-02 -0.85355520E-12  0.24266114E-03 -0.22852422E-11 -0.19712576E-11 -0.78253332E-12
    4    4   -0.74935717E-14 -0.34244634E-13 -0.62270367E-03 -0.16260676E-11 -0.60774078E+00  0.32401707E+00

   -5    1    0
    1    1   -0.16695346E-03  0.23235602E-12 -0.34080611E-03  0.37233775E-11 -0.37054382E+00 -0.86820111E-01
    2    1    0.32966240E-11  0.34291269E-11  0.16810312E-11  0.13183322E-11  0.10161678E-03  0.15257008E-11
    3    1   -0.47607505E-02 -0.18736638E-11 -0.18820851E-09  0.26235647E-12  0.57930710E-11 -0.17603834E-11
    4    1   -0.86238609E-10 -0.34321371E-11  0.16314399E-02 -0.91931559E-12 -0.25121858E-11 -0.32743895E-11
    1    2    0.43874009E-11 -0.45625379E-11  0.41394764E-11 -0.61154432E-12 -0.89170070E-04 -0.24731998E-11
    2    2   -0.12026270E-06  0.18278846E-12 -0.11768337E-05 -0.81922793E-12  0.45736393E+00 -0.10588713E+01
    3    2    0.22609046E-11 -0.11443836E-10 -0.79876915E-12  0.15902431E-12 -0.18897779E-03 -0.57615350E-11
    4    2   -0.22746202E-11  0.50191596E-12 -0.41202825E-12 -0.40134975E-11 -0.63992623E-05  0.48269357E-11
    1    3   -0.10228632E-02  0.69799571E-11  0.24958422E-02  0.83287783E-11 -0.59880275E-11  0.46817819E-12
    2    3   -0.45020839E-11 -0.47640147E-11  0.20072408E-11  0.64473465E-11  0.16038313E-03 -0.72144370E-11
    3    3    0.16781281E-03  0.18249096E-12 -0.32045365E-02  0.13434583E-11 -0.84182103E+00 -0.11548178E+00
    4    3   -0.29743382E-04 -0.10919074E-11 -0.20982176E-02 -0.20983439E-12 -0.65216352E-12  0.43067990E-11
    1    4    0.34890978E-03  0.76476085E-11 -0.13876247E-02 -0.85590293E-11 -0.29102773E-11  0.81680026E-12
    2    4   -0.13761809E-11  0.65849465E-11  0.19480269E-11  0.22278681E-11 -0.21183267E-04  0.21203849E-11
    3    4   -0.13221842E-02  0.37359638E-11  0.16585966E-02 -0.35463894E-11 -0.29534521E-11 -0.10371605E-11
    4    4    0.35362357E-03 -0.78413838E-14  0.42223822E-02  0.14320435E-11  0.21393358E+00  0.12728049E+01

   -5    2    0
    1    1    0.28387914E-10  0.72802007E-14 -0.10056941E-02  0.16276685E-11 -0.49765729E+00 -0.81544095E+00
    2    1    0.18972548E-11  0.17289071E-11  0.15172758E-11  0.98342881E-12  0.29610376E-03  0.33850659E-11
    3    1    0.16770797E-02  0.19586998E-11 -0.24069920E-02  0.55088915E-13  0.62339477E-11  0.28577439E-11
    4    1   -0.24781090E-02 -0.45818926E-12 -0.11103066E-02 -0.22819480E-11 -0.16547288E-11 -0.20111499E-11
    1    2    0.16146649E-11 -0.36291633E-12 -0.32924522E-12  0.14716900E-11  0.24700265E-03  0.16222082E-11
    2    2    0.71385532E-12  0.64161306E-12 -0.35282139E-06  0.11526279E-11 -0.71159086E+00  0.49142389E+00
    3    2   -0.61585671E-11 -0.49321965E-11  0.11778073E-11 -0.95349041E-12 -0.30752771E-11 -0.36346073E-11
    4    2   -0.15750112E-11  0.15143356E-11 -0.32265058E-12 -0.29674368E-11 -0.53597789E-04 -0.53586656E-11
    1    3   -0.16154931E-02  0.13768275E-11 -0.16059080E-02  0.43690159E-11 -0.11186271E-11 -0.32418573E-11
    2    3   -0.41136483E-11 -0.45973487E-12 -0.73622682E-11  0.57692267E-11 -0.47058921E-11 -0.14537783E-10
    3    3   -0.52732791E-10 -0.31848764E-12  0.70642139E-02 -0.71067024E-12 -0.39069050E+00  0.94338953E+00
    4    3    0.44920185E-02 -0.46639095E-12 -0.30991783E-03 -0.20352502E-11 -0.95969724E-12  0.48210603E-11
    1    4    0.72567441E-03  0.58464939E-11 -0.73325449E-03  0.14436765E-11  0.51957006E-11  0.57706753E-12
    2    4   -0.62784101E-13  0.76790563E-11  0.61937291E-11  0.73070026E-12 -0.78361508E-05  0.44141192E-12
    3    4    0.16731352E-02  0.55274676E-12  0.18675300E-03 -0.34453722E-11 -0.24949197E-12  0.92170256E-12
    4    4    0.10547388E-10  0.26881926E-13 -0.45536293E-02  0.16111450E-11 -0.86820111E+00  0.54912923E-09

   -4   -7    0
    1    1   -0.76117953E-03 -0.10430493E-11 -0.10083582E-03 -0.10383361E-12 -0.12088006E+00  0.32401707E+00
    2    1    0.29638821E-11 -0.22286559E-11 -0.20662560E-11 -0.34907051E-11  0.29690976E-03 -0.31568620E-11
    3    1    0.12676562E-02 -0.86784185E-12  0.25045671E-02  0.24298084E-11 -0.15780044E-12 -0.54254480E-11
    4    1    0.18831695E-02  0.32328256E-11 -0.10492354E-02  0.10664517E-10 -0.85373891E-12  0.32304525E-11
    1    2    0.23049105E-11 -0.17276590E-11  0.43041230E-11 -0.11370734E-11  0.33744673E-03  0.50411079E-11
    2    2   -0.98374401E-07  0.35905220E-12  0.65166123E-08 -0.48385189E-12 -0.75811762E+00  0.75811762E+00
    3    2   -0.46704271E-11  0.50320214E-12 -0.59721727E-11  0.61738903E-11  0.42235046E-04  0.91476862E-12
    4    2   -0.59298823E-12  0.51712428E-11 -0.38670735E-11  0.62814820E-11 -0.21157313E-04  0.41649464E-11
    1    3   -0.50579683E-03 -0.14555876E-10  0.18399247E-03  0.44384118E-11 -0.18092395E-11  0.63868386E-12
    2    3    0.11016090E-11  0.37597675E-11  0.36655635E-11 -0.41094021E-11  0.69287761E-04 -0.78953046E-12
    3    3    0.43711547E-03 -0.38465444E-12 -0.28627035E-03  0.43059913E-12 -0.25734363E+00 -0.12441432E+01
    4    3   -0.37352389E-03  0.25537918E-11  0.32812885E-02  0.58177299E-11 -0.37789956E-12 -0.46693512E-11
    1    4   -0.14842480E-03  0.88566098E-12  0.70912015E-03  0.17100015E-10 -0.46318061E-11 -0.10054986E-11
    2    4    0.14212049E-11 -0.81935196E-12 -0.49538434E-11 -0.12450296E-11  0.12524578E-03  0.94230659E-11
    3    4   -0.11787372E-02  0.24702461E-11  0.64963309E-02  0.58876775E-11 -0.16104474E-11 -0.26545790E-11
    4    4    0.15798113E-02 -0.57692219E-12  0.75924557E-03 -0.71206051E-12 -0.73485424E+00 -0.79841097E+00

   -4   -6    0
    1    1    0.12010545E-02 -0.34427535E-11 -0.31693283E-03  0.14954440E-11  0.60774078E+00  0.75188422E+00
    2    1   -0.27089496E-11 -0.13155485E-11  0.63430501E-11 -0.45233997E-11  0.73541010E-04 -0.55084520E-11
    3    1   -0.90082903E-03 -0.42613510E-11  0.43736772E-03 -0.29105884E-11 -0.71900518E-12 -0.73399786E-13
    4    1   -0.10784265E-03  0.40050748E-11  0.33389691E-02  0.22723672E-11  0.46804254E-11 -0.29182105E-11
    1    2   -0.24418000E-12 -0.10370652E-11  0.26009045E-11  0.15128760E-11 -0.33186293E-04  0.86055006E-11
    2    2   -0.88681691E-06  0.48936723E-12  0.16024776E-06 -0.17623533E-12  0.26046033E+00 -0.75188422E+00
    3    2    0.42372479E-12  0.55569086E-13 -0.42291318E-11  0.33885342E-12  0.53108228E-05 -0.25198296E-12
    4    2   -0.50260850E-11  0.19985042E-11 -0.73966207E-11 -0.16681743E-12 -0.11053908E-03 -0.24574154E-11
    1    3   -0.31279545E-03 -0.37551341E-11 -0.14824914E-02  0.11386488E-10  0.11600711E-11  0.22102568E-11
    2    3   -0.12246309E-11 -0.98090576E-12  0.51727411E-11 -0.71369883E-11  0.10574688E-04  0.12631594E-12
    3    3   -0.17019295E-02  0.11619831E-11  0.13508719E-03  0.16987323E-12 -0.26046033E+00  0.30075369E+00
    4    3   -0.21992667E-02 -0.25232647E-11 -0.15201337E-02 -0.11697724E-11  0.34139696E-11 -0.19380466E-12
    1    4    0.55083027E-03  0.69768024E-11  0.29616935E-03  0.88932620E-11 -0.16273687E-11 -0.32490537E-12
    2    4    0.61064100E-11 -0.85522089E-11  0.80030556E-12 -0.38455682E-11  0.40965335E-04 -0.87726206E-13
    3    4   -0.63170779E-02  0.37264238E-11 -0.83308087E-02  0.13840734E-11 -0.87237495E-12 -0.53152419E-12
    4    4   -0.59692656E-02 -0.17046351E-11  0.16026927E-02  0.63333518E-12  0.86820110E-01  0.75188422E+00

   -4   -5    0
    1    1    0.10165084E-02  0.16683655E-11 -0.32306453E-03 -0.67023991E-12 -0.34104704E+00 -0.40460377E+00
    2    1   -0.63694658E-12  0.25281789E-11 -0.55346483E-11  0.26212459E-11 -0.29010385E-03  0.29125892E-11
    3    1   -0.17652813E-03  0.41412535E-11 -0.41761091E-02 -0.41378786E-11  0.36445403E-12  0.15347045E-11
    4    1   -0.30274084E-02  0.42067132E-11 -0.34975916E-02  0.10555568E-10 -0.20892220E-11 -0.41320871E-12
    1    2    0.16395938E-11 -0.11895045E-11  0.16698450E-11 -0.64409882E-11 -0.39941542E-04 -0.28986937E-11
    2    2   -0.57144070E-05  0.73909672E-12  0.20258447E-05 -0.27130164E-12  0.11859848E+01 -0.23719695E+00
    3    2   -0.32803261E-11 -0.60531283E-11 -0.34582454E-12 -0.56765521E-11  0.44347607E-04 -0.59234185E-12
    4    2   -0.50270298E-12  0.31905361E-11 -0.45192182E-11  0.22200539E-11  0.59426282E-04 -0.34251125E-11
    1    3    0.30554027E-02 -0.77490687E-11  0.95843136E-03  0.70164831E-11  0.22224981E-11  0.22136250E-11
    2    3    0.25794797E-11  0.27157349E-11 -0.15678025E-11  0.15024928E-11 -0.97908505E-04 -0.24225811E-11
    3    3   -0.78013287E-03  0.19929902E-11  0.25534906E-03 -0.63535028E-12  0.34416374E+00  0.26129545E+00
    4    3   -0.37998464E-03  0.20990664E-11 -0.28413931E-02  0.39454673E-11 -0.71540734E-12 -0.12616081E-12
    1    4    0.11795321E-04  0.73571411E-11  0.23535210E-02  0.70683412E-11 -0.94844176E-12  0.41907910E-11
    2    4   -0.52317392E-12 -0.57966868E-11 -0.18135103E-11 -0.39875745E-11 -0.87580141E-04  0.20954020E-11
    3    4    0.11549309E-01  0.23290043E-11 -0.49076508E-02  0.35359311E-11  0.14860925E-11 -0.15263295E-11
    4    4    0.61958242E-02  0.27541554E-13 -0.26162495E-02 -0.19609032E-12  0.46526758E-01 -0.10759013E+01

   -4   -4    0
    1    1   -0.26206859E-02  0.22687820E-12  0.15130537E-02 -0.91126759E-13 -0.43410056E+00  0.45113053E+00
    2    1    0.30628729E-11  0.34310530E-11 -0.28160794E-11  0.48143407E-11  0.50823473E-04 -0.45735670E-11
    3    1   -0.30169191E-03  0.12809462E-11  0.21977952E-02 -0.85342366E-12 -0.50242481E-11 -0.90745800E-12
    4    1    0.39951115E-02  0.11004431E-10 -0.41972081E-04  0.12871753E-10  0.10379308E-11  0.51616333E-11
    1    2   -0.32496942E-11  0.24808213E-12 -0.11302433E-11 -0.42976486E-11  0.48351671E-04  0.79007439E-12
    2    2   -0.22590943E-04 -0.44618035E-11  0.13042887E-04  0.25851493E-11 -0.17364022E+01  0.30075369E+00
    3    2    0.36718545E-11 -0.86084650E-12  0.19037857E-11  0.45948539E-12 -0.21849720E-03  0.35051334E-11
    4    2    0.94015739E-12 -0.19490840E-11 -0.26103075E-11  0.32474682E-11 -0.10195761E-03 -0.49361500E-11
    1    3   -0.45225053E-02 -0.10442558E-10  0.11092188E-02  0.45906572E-11  0.20016805E-11  0.25419519E-11
    2    3    0.85297549E-11  0.13251603E-12 -0.34223831E-11  0.67356889E-11 -0.16899295E-04  0.16532151E-11
    3    3    0.96109483E-02 -0.19355567E-12 -0.55488836E-02  0.26594699E-12 -0.73797095E+00 -0.22556526E+00
    4    3    0.33900636E-02  0.27723383E-11  0.14988005E-02  0.29881189E-11 -0.31071499E-12  0.74762070E-12
    1    4   -0.24502482E-02  0.46477426E-11 -0.15333946E-02  0.47395658E-11 -0.78543491E-12  0.32457128E-11
    2    4   -0.27973319E-11  0.65062639E-11 -0.29766525E-11 -0.36461874E-11  0.24132698E-03 -0.26229591E-11
    3    4    0.14196152E-02  0.18299415E-11  0.18390503E-01 -0.81711710E-13  0.33690362E-11  0.22205027E-11
    4    4    0.42137046E-02  0.16242990E-11 -0.24327835E-02 -0.11432235E-11  0.78138100E+00 -0.45113053E+00

   -4   -3    0
    1    1   -0.18173322E-02 -0.24977459E-12  0.16886771E-02 -0.18860347E-13 -0.67129751E+00  0.10356079E+01
    2    1    0.10164834E-11 -0.29922546E-11 -0.15715452E-11  0.14649926E-11 -0.54110693E-03  0.53114481E-11
    3    1   -0.96851124E-03  0.40137574E-11  0.18870372E-02  0.12921937E-11  0.15884249E-11  0.12768009E-11
    4    1    0.17984446E-02  0.29663894E-11  0.34004504E-02  0.60221349E-11  0.54762663E-12 -0.14256240E-11
    1    2    0.14350703E-11 -0.54522819E-11 -0.81263301E-12  0.55506007E-11  0.25252985E-03 -0.32372323E-11
    2    2   -0.21101553E-04  0.12453529E-11  0.20442304E-04 -0.12085452E-11  0.10385009E+00 -0.13363616E+01
    3    2   -0.24115412E-11  0.11271840E-11 -0.33817136E-11  0.37866770E-11 -0.40781746E-04  0.15595189E-11
    4    2    0.40726874E-11 -0.39984145E-11 -0.61424943E-12 -0.83580437E-12 -0.20170215E-03  0.26122785E-11
    1    3   -0.10333160E-02 -0.33069204E-11 -0.21695331E-02  0.36641704E-11 -0.34266919E-12  0.16974678E-11
    2    3    0.50487955E-11 -0.20030303E-11 -0.22816075E-11  0.42377946E-11  0.28444713E-03 -0.77317768E-11
    3    3   -0.94272106E-02 -0.35530801E-12  0.87996799E-02  0.35779517E-12 -0.90849446E+00  0.77514760E+00
    4    3    0.17528213E-02  0.18872794E-11  0.34198865E-02 -0.78332611E-12 -0.15237049E-11  0.78317324E-12
    1    4    0.16396379E-02  0.34041841E-11 -0.58210487E-02  0.27115003E-11 -0.19985816E-11 -0.32010570E-11
    2    4    0.71917294E-12  0.27537188E-11 -0.53119036E-11 -0.20045245E-12  0.10556421E-03  0.44854294E-11
    3    4   -0.20247883E-01 -0.30620141E-11 -0.24929602E-02  0.17793828E-11 -0.11266774E-11  0.66096681E-12
    4    4   -0.14873523E-01  0.16017502E-11  0.14056643E-01 -0.16429686E-11  0.60774078E+00 -0.27749031E+00

   -4   -2    0
    1    1   -0.28476335E-04  0.32384560E-11 -0.23525633E-04 -0.54172505E-11  0.60774078E+00 -0.13533916E+01
    2    1   -0.34577770E-12 -0.17638065E-11 -0.72990457E-12  0.55300598E-11 -0.53956972E-03  0.60487119E-11
    3    1    0.42692646E-02  0.15516565E-12 -0.64303803E-03 -0.11310878E-11 -0.29517578E-11  0.14187235E-11
    4    1   -0.16852805E-03  0.16795628E-11 -0.18520617E-02  0.32002184E-11  0.33699810E-11 -0.14587066E-11
    1    2   -0.31376973E-11 -0.19193070E-11  0.27731355E-12 -0.29641000E-11 -0.54041255E-03 -0.23628189E-11
    2    2    0.53495778E-06  0.37187156E-11  0.30885906E-06 -0.61748949E-11 -0.57348744E-09 -0.30075369E+00
    3    2   -0.52599312E-12  0.40198633E-11  0.49340097E-13  0.22052492E-11  0.25444178E-03  0.18970451E-12
    4    2   -0.47149227E-12 -0.24250531E-11 -0.50840669E-12 -0.20261907E-11  0.14003929E-03  0.30926063E-11
    1    3    0.77516361E-02  0.28344192E-11 -0.22545938E-02 -0.50977697E-11  0.22729158E-11  0.18456843E-11
    2    3    0.54666867E-11  0.84823811E-12 -0.19541212E-11  0.54000906E-11  0.23223076E-03 -0.27715038E-11
    3    3   -0.72728363E-02 -0.30867473E-12  0.13115082E-01  0.58696230E-12 -0.39069050E+00 -0.37594211E+00
    4    3   -0.97488924E-02 -0.16803691E-11  0.27969279E-03 -0.15493203E-11  0.30603298E-11 -0.39282789E-12
    1    4    0.47279289E-02 -0.54448905E-11  0.63723007E-02 -0.46795766E-12 -0.14378817E-11 -0.19614989E-11
    2    4    0.37329871E-11  0.13294315E-11 -0.53684366E-11  0.44404923E-12  0.14245954E-03 -0.65066784E-11
    3    4    0.22354065E-02  0.15744709E-11 -0.20967157E-01  0.50659983E-12  0.22334702E-11  0.34263128E-12
    4    4    0.78060342E-02  0.91945816E-13 -0.13179171E-01 -0.61717204E-12 -0.12154816E+01  0.43471010E-09

   -4   -1    0
    1    1    0.54709262E-03 -0.76025102E-12 -0.23928521E-02  0.31213083E-11  0.16836421E+01 -0.23263378E-01
    2    1    0.55104512E-11 -0.72218264E-12 -0.38853939E-11 -0.15529027E-11  0.49141710E-04  0.10206415E-10
    3    1    0.15723846E-02 -0.21099794E-13  0.32272696E-02  0.32708428E-11  0.27096160E-11 -0.47499383E-11
    4    1    0.11247967E-02 -0.35726149E-11 -0.20752093E-02  0.28414716E-13 -0.95448551E-12  0.51160364E-11
    1    2    0.39668350E-12 -0.42204406E-11  0.63768478E-11  0.46676860E-11 -0.53884585E-03 -0.16376884E-11
    2    2    0.71527772E-05  0.37199410E-12 -0.28495632E-04 -0.18164448E-11 -0.45736393E+00 -0.45736393E+00
    3    2   -0.54193778E-11  0.48069897E-11  0.18727171E-11  0.71118064E-12 -0.18915592E-03 -0.53681374E-11
    4    2   -0.25757149E-11  0.65408892E-12 -0.16047422E-11  0.36044270E-11  0.66280912E-04  0.30835597E-11
    1    3    0.78409590E-02 -0.18093937E-11  0.46763071E-02 -0.65830269E-11  0.14954356E-11  0.30034829E-11
    2    3   -0.19315262E-11  0.10017414E-11 -0.36048150E-11  0.40768334E-11  0.23161268E-03 -0.18533309E-11
    3    3    0.56610922E-02  0.10531279E-12 -0.23881240E-01 -0.24567219E-12  0.34416374E+00  0.49225900E+00
    4    3   -0.57021529E-02  0.16366915E-11 -0.87143157E-02  0.19212824E-12  0.65544811E-12  0.16121155E-11
    1    4   -0.25002138E-02 -0.14582017E-11  0.63513835E-02 -0.90282628E-12 -0.18358308E-11 -0.46411540E-11
    2    4    0.15435407E-11  0.16627549E-11  0.23721926E-11  0.33231282E-11  0.19870071E-03 -0.16571194E-11
    3    4    0.10424695E-01 -0.17667834E-11  0.72368133E-02 -0.82552224E-12  0.21042169E-11  0.26743752E-11
    4    4    0.17199716E-02 -0.39932066E-12 -0.76966326E-02  0.10701633E-11 -0.13334687E+00 -0.10385009E+00

   -4    0    0
    1    1   -0.21911290E-09 -0.42767439E-13 -0.30610532E-02 -0.41176368E-11  0.86820110E-01 -0.15037684E+00
    2    1    0.40882644E-11 -0.41694571E-11  0.26290126E-11 -0.37109177E-11 -0.29102199E-03 -0.57227354E-11
    3    1   -0.54789624E-02  0.23117386E-11 -0.40904107E-03  0.30557338E-11  0.81002473E-12 -0.37613518E-11
    4    1   -0.12781087E-02 -0.64013513E-11  0.22257182E-02  0.49508263E-12  0.74485994E-12  0.47757566E-11
    1    2    0.10682336E-11 -0.18120818E-11 -0.18087559E-11  0.21796065E-11  0.25243886E-03 -0.94869071E-11
    2    2    0.27930731E-10 -0.18222620E-13 -0.26085503E-04 -0.71045210E-12  0.86820112E-01 -0.45113053E+00
    3    2   -0.67853529E-12  0.47238415E-11  0.20727783E-11  0.11161483E-11 -0.19752194E-03 -0.23878603E-11
    4    2   -0.54225227E-12  0.36908843E-11  0.19686936E-11 -0.32362358E-11 -0.13334410E-03  0.54453494E-12
    1    3   -0.48961094E-02 -0.23812298E-11  0.38687660E-02 -0.41762485E-11 -0.20407962E-11  0.26872270E-11
    2    3   -0.48320350E-11 -0.27403488E-11  0.20576818E-11  0.79372679E-12  0.19752191E-03 -0.97140895E-12
    3    3    0.11506365E-10 -0.85020749E-13  0.15107558E-02  0.37849082E-11 -0.60774078E+00 -0.30075369E+00
    4    3    0.66577753E-02 -0.25446736E-11 -0.34833700E-02  0.15577282E-11  0.58298275E-12 -0.31660349E-11
    1    4   -0.28992377E-04 -0.55643770E-11 -0.20504067E-02  0.16157208E-11  0.11046239E-11 -0.39526400E-11
    2    4    0.11598713E-11 -0.18714285E-11  0.29925833E-11 -0.41039662E-12 -0.13334406E-03 -0.42752111E-11
    3    4   -0.66823919E-02  0.13638213E-11  0.66161760E-02  0.95034373E-12  0.18898272E-11 -0.92370091E-12
    4    4    0.44825367E-10 -0.58084180E-13  0.14021259E-01 -0.14834054E-14  0.78138100E+00  0.15037684E+00

   -4    1    0
    1    1    0.22910611E-03  0.12675473E-12  0.10439909E-02  0.12422442E-11  0.86196771E+00 -0.10991647E+01
    2    1    0.14418749E-11 -0.89290091E-11  0.32045825E-11 -0.12489284E-11  0.73791167E-04 -0.59860955E-11
    3    1    0.24658125E-02 -0.23292887E-11 -0.25127145E-02  0.65957241E-12 -0.17311946E-11 -0.75252284E-11
    4    1   -0.13507017E-02 -0.99236895E-12 -0.52763370E-03 -0.83053139E-13  0.62839565E-12  0.54668042E-11
    1    2    0.94062336E-12 -0.90976704E-11 -0.21985174E-11  0.43742762E-11  0.49141683E-04 -0.75767220E-11
    2    2   -0.11027715E-05 -0.24652589E-13 -0.59617445E-05 -0.17740366E-12 -0.31778366E+00 -0.63556733E-01
    3    2    0.26738275E-11 -0.41791368E-11  0.90900417E-12  0.51668121E-12  0.73714321E-04  0.53472777E-11
    4    2   -0.17574179E-11 -0.12289299E-11  0.20737259E-11 -0.26065216E-11  0.64125078E-05  0.70337654E-11
    1    3   -0.28765840E-02  0.38184959E-11 -0.34662071E-02  0.72983442E-11 -0.85490002E-12  0.21875103E-11
    2    3   -0.50498643E-11 -0.22378421E-12  0.83508189E-11  0.14261193E-11 -0.12232162E-03 -0.29502691E-11
    3    3    0.17576515E-02  0.22458316E-12  0.12420259E-01  0.17443226E-11 -0.25734363E+00 -0.25169481E+01
    4    3    0.43766985E-02 -0.19620029E-12  0.57312558E-02  0.22457739E-11  0.14939544E-11  0.11195044E-11
    1    4    0.19967479E-03  0.55365236E-11 -0.32004293E-02 -0.37951359E-11 -0.10635649E-11 -0.87864568E-12
    2    4    0.63923069E-11  0.20088290E-11  0.20743139E-11  0.20749645E-11 -0.43411658E-04  0.40443508E-12
    3    4    0.19498638E-03 -0.89956623E-12 -0.54435059E-02  0.27724879E-11 -0.13377805E-11 -0.11551959E-11
    4    4   -0.11713515E-02  0.39244541E-12 -0.71143189E-02  0.24664548E-11  0.64803413E+00 -0.72862084E+00

   -4    2    0
    1    1    0.32902336E-03 -0.10237445E-11  0.12081531E-02 -0.19827980E-11  0.60774078E+00  0.10526379E+01
    2    1   -0.31361813E-12 -0.37971449E-11  0.69875351E-11 -0.41672147E-11  0.29610378E-03  0.27810319E-11
    3    1    0.16770793E-02 -0.42147760E-11  0.24069920E-02  0.40299614E-11  0.25519610E-11  0.73216884E-13
    4    1    0.24781090E-02  0.29443511E-11 -0.11103062E-02 -0.38095549E-12 -0.31695567E-12 -0.25458976E-11
    1    2   -0.42300830E-11 -0.29604355E-11  0.37681502E-11  0.12535442E-11 -0.40523189E-04  0.20948506E-11
    2    2   -0.30462886E-06  0.18428314E-12 -0.84813189E-06  0.58358656E-12 -0.52092067E+00  0.60150737E+00
    3    2   -0.11803326E-11 -0.79511822E-11  0.33827440E-11  0.14268476E-11 -0.96666187E-04  0.77872855E-11
    4    2   -0.51769754E-11  0.23621347E-11  0.29479337E-12 -0.62757123E-11  0.59238313E-04 -0.18729754E-11
    1    3    0.29851429E-02  0.49005137E-11  0.87736949E-04  0.80419404E-11  0.85690129E-12  0.50275789E-11
    2    3   -0.20818541E-11  0.67406528E-12  0.47513906E-11 -0.23589505E-11  0.38857902E-04 -0.82712681E-11
    3    3   -0.19364191E-02  0.91866185E-12 -0.68269254E-02  0.42291851E-11 -0.39069050E+00 -0.82707264E+00
    4    3   -0.62783634E-02 -0.62139288E-11  0.57777112E-03 -0.15956148E-11  0.13098029E-12  0.95279523E-12
    1    4    0.10871040E-02  0.56999098E-11  0.24678998E-02 -0.52692053E-11 -0.40772533E-11 -0.34776896E-11
    2    4    0.66849812E-11  0.17878653E-11  0.24202216E-11  0.21884739E-11 -0.11550854E-04 -0.56012482E-11
    3    4    0.15072358E-02  0.31173877E-11  0.79763585E-03 -0.86974874E-12  0.61137738E-12 -0.73086777E-12
    4    4    0.37889571E-04  0.29503656E-12  0.11910942E-03  0.92953661E-12  0.86820112E-01  0.15037684E+00

   -4    3    0
    1    1   -0.47208070E-03  0.75464472E-12 -0.61422129E-03 -0.38244755E-12 -0.37054382E+00  0.16740682E+00
    2    1   -0.23290070E-11 -0.38680109E-11 -0.54171615E-12 -0.46764105E-11  0.24760306E-03  0.61441054E-11
    3    1   -0.18934798E-02  0.32779315E-11  0.34349940E-10  0.27201391E-11 -0.30267604E-12 -0.23578786E-11
    4    1   -0.16056759E-09  0.69097553E-11  0.19948060E-02  0.39149188E-11 -0.22500093E-12  0.25090136E-11
    1    2   -0.44473712E-11 -0.39884323E-11 -0.91326165E-12 -0.32419195E-12 -0.32101801E-04 -0.13393689E-11
    2    2   -0.43542088E-07 -0.25234751E-12 -0.88449186E-07 -0.35651343E-12 -0.79841098E+00 -0.46816051E+00
    3    2    0.15004612E-12 -0.34518492E-11  0.17797626E-11  0.14500559E-11  0.63354560E-05  0.37355010E-11
    4    2    0.15586812E-11  0.22708094E-11 -0.20699545E-11  0.25382220E-11  0.47437881E-04  0.65643821E-11
    1    3   -0.24381373E-03 -0.26939944E-11  0.54134048E-03 -0.29836906E-11  0.12415486E-11  0.58096238E-11
    2    3   -0.94322683E-11 -0.35794809E-11 -0.33298761E-11 -0.25069080E-11  0.14604481E-03 -0.24873167E-11
    3    3    0.53078441E-03 -0.32491674E-12 -0.13776113E-02 -0.13049631E-12 -0.30698709E+00  0.42786715E+00
    4    3   -0.17994226E-03  0.22744400E-12 -0.24173733E-02  0.36114904E-11 -0.95066707E-13 -0.24623606E-11
    1    4   -0.15814187E-02 -0.69951515E-12  0.23856258E-03  0.22921189E-11  0.24056869E-11 -0.10103223E-11
    2    4   -0.25238898E-11 -0.41148400E-11  0.10452106E-10  0.62184505E-11 -0.31623479E-05 -0.53123361E-11
    3    4   -0.24488578E-02 -0.35587847E-12 -0.30552066E-03 -0.93802924E-12 -0.76607197E-12 -0.18912114E-11
    4    4    0.40859453E-03 -0.97712745E-13  0.25017119E-02 -0.42048645E-12  0.60774078E+00 -0.62477075E+00

   -4    4    0
    1    1    0.85502248E-10 -0.83576006E-12  0.29657868E-05  0.11374595E-11  0.60774078E+00  0.10526379E+01
    2    1    0.21675827E-11 -0.55452294E-11 -0.10507159E-11 -0.21304650E-12  0.24701419E-03 -0.78116058E-11
    3    1    0.76714452E-03 -0.52803873E-11 -0.16313348E-02  0.54727573E-11 -0.19213440E-11 -0.60382056E-11
    4    1   -0.15415267E-02  0.35877639E-11 -0.94657342E-03  0.39282689E-11 -0.81408435E-12  0.28271150E-11
    1    2   -0.45498630E-11  0.17337750E-12 -0.14867753E-11 -0.46210760E-12  0.33702817E-03 -0.33943217E-11
    2    2    0.10004467E-11 -0.64074093E-12  0.84033865E-12 -0.19967120E-11 -0.17364022E+00  0.60150737E+00
    3    2    0.34562485E-11 -0.15544283E-11 -0.89159003E-12  0.27038847E-11  0.72021777E-11  0.58904257E-12
    4    2    0.18553259E-12  0.38171930E-11  0.31326290E-11  0.21313257E-12 -0.22697739E-05  0.58814824E-11
    1    3    0.38620515E-03 -0.11156409E-10 -0.69127683E-03 -0.78029682E-12  0.20031433E-11  0.21699702E-12
    2    3    0.17851231E-11 -0.16725207E-11  0.22393529E-11  0.16186671E-11  0.40858566E-11  0.33603380E-11
    3    3   -0.14554697E-09  0.20597781E-12  0.22577580E-02  0.10261683E-11  0.13457117E+01 -0.37594211E+00
    4    3    0.39766607E-02  0.24685495E-13 -0.17632008E-03  0.15325673E-11 -0.10147663E-11 -0.16307593E-11
    1    4   -0.35688602E-03 -0.14299692E-11 -0.24324984E-03  0.11671460E-10  0.18578719E-11  0.26201690E-11
    2    4   -0.21944538E-11 -0.36628360E-11 -0.60718413E-12  0.19106983E-11 -0.23034433E-05  0.19588616E-11
    3    4    0.39978557E-02  0.18701491E-11 -0.18949284E-03  0.46986882E-11  0.24209100E-11 -0.36198218E-12
    4    4    0.97614869E-10  0.47053355E-12 -0.22951873E-02  0.54039325E-12 -0.15627620E+01 -0.60150737E+00

   -3   -7    0
    1    1    0.76117945E-03 -0.30973813E-12 -0.10083584E-03  0.22394374E-11  0.51468726E+00 -0.13193316E+01
    2    1   -0.50931247E-12 -0.48357765E-11 -0.18606959E-11  0.34978385E-11 -0.72940376E-04 -0.29198117E-11
    3    1   -0.19146478E-02 -0.69632059E-12  0.26226806E-09 -0.52988814E-11 -0.38718777E-11 -0.25905840E-11
    4    1   -0.28491539E-10 -0.77312381E-12  0.38518927E-02  0.56982956E-15  0.27087269E-11  0.47106029E-11
    1    2   -0.14728277E-11  0.11421271E-12 -0.15536315E-11  0.21681046E-11  0.39304343E-04  0.31223416E-11
    2    2    0.98373969E-07  0.64916648E-12  0.65170276E-08  0.79052520E-12  0.49765729E+00 -0.46816051E+00
    3    2    0.55166395E-12  0.11998994E-11 -0.27466636E-11  0.14453504E-11 -0.42235052E-04 -0.35084031E-11
    4    2   -0.32812867E-11  0.14040651E-11  0.38858690E-11 -0.13235175E-11 -0.21157324E-04 -0.53278505E-11
    1    3    0.23731563E-03 -0.15629515E-10  0.37203292E-04  0.13008234E-11  0.40162102E-11 -0.24365023E-11
    2    3   -0.29361067E-12 -0.16664035E-11  0.15273373E-11  0.52167558E-11 -0.69287772E-04 -0.26505423E-11
    3    3   -0.43711515E-03  0.17339645E-13 -0.28626996E-03  0.62480403E-14 -0.56433072E+00 -0.65343242E+00
    4    3   -0.38466309E-03  0.66581560E-12 -0.29488799E-02  0.18616627E-12 -0.75626138E-12  0.51562051E-11
    1    4    0.72393115E-05  0.41864862E-11  0.23664232E-03  0.10701748E-10 -0.17468587E-13 -0.47742797E-12
    2    4   -0.79765027E-13  0.24516057E-12 -0.35224388E-11  0.45607629E-11  0.12524579E-03 -0.56510367E-11
    3    4   -0.20475135E-02  0.11144909E-11 -0.56678108E-02 -0.11615433E-11 -0.19527887E-11 -0.86044601E-12
    4    4   -0.15798115E-02 -0.18822014E-11  0.75924537E-03 -0.95354649E-12  0.23096355E+00 -0.94255442E+00

   -3   -6    0
    1    1    0.31750804E-09 -0.37627076E-11  0.42661892E-04  0.55405333E-13  0.17364022E+00 -0.13891218E+01
    2    1   -0.11712401E-11  0.11376420E-11 -0.59231463E-12 -0.29442417E-12 -0.12006646E-03 -0.10582782E-11
    3    1    0.85215366E-04  0.51187577E-13 -0.33414980E-02 -0.25691609E-11  0.17452622E-11  0.27069999E-12
    4    1   -0.25351650E-02  0.26846050E-12 -0.48820808E-02 -0.50721053E-11 -0.19589190E-11  0.14636239E-11
    1    2    0.76469437E-12  0.13338669E-11  0.28293209E-12 -0.13395028E-11 -0.33186289E-04  0.39141852E-11
    2    2    0.86135643E-12  0.37303017E-12 -0.83691028E-07  0.60086354E-12  0.52092067E+00  0.21847502E-08
    3    2   -0.59630575E-11  0.12678551E-11 -0.59272600E-11  0.18165297E-11  0.15607669E-10 -0.66332403E-11
    4    2    0.26434421E-12  0.12622136E-11  0.37000354E-11 -0.64767384E-13 -0.17914976E-04 -0.38589264E-11
    1    3   -0.16725101E-03 -0.10693601E-10  0.13432713E-02  0.38941158E-11 -0.17221486E-11 -0.31977517E-12
    2    3   -0.18796337E-11 -0.28112802E-11 -0.25222500E-11 -0.11878789E-11  0.59301534E-12 -0.69296161E-11
    3    3   -0.42531257E-09 -0.60979412E-12  0.26531531E-03 -0.37472369E-12 -0.26046033E+00 -0.34728045E+00
    4    3    0.25819839E-02  0.94696308E-12 -0.30551198E-03  0.79012176E-12 -0.14585422E-11  0.17827767E-11
    1    4   -0.35909999E-03  0.30332677E-11  0.62628364E-03  0.14403562E-10 -0.17804477E-11 -0.19091777E-11
    2    4    0.94252139E-12 -0.17916104E-11  0.46198205E-11  0.40972368E-11 -0.16784576E-03 -0.75760896E-11
    3    4    0.73877509E-02 -0.17666327E-11 -0.14340286E-02 -0.36778799E-12  0.12584615E-11  0.71715205E-12
    4    4    0.27587210E-09  0.30883911E-12 -0.95977166E-03 -0.99210353E-13 -0.34728044E+00  0.52092067E+00

   -3   -5    0
    1    1    0.57320792E-03  0.17361620E-11 -0.99371222E-04 -0.20122619E-12 -0.34104704E+00  0.27749031E+00
    2    1    0.12184085E-11  0.58683789E-12 -0.10638847E-11  0.24037389E-11  0.31606851E-03  0.23647649E-11
    3    1    0.17968723E-02 -0.26678551E-11  0.34318547E-02 -0.47700127E-11 -0.45544246E-11  0.12295808E-11
    4    1    0.33124604E-02 -0.55721771E-12  0.81299828E-03 -0.44108543E-11  0.16757818E-11 -0.77531178E-12
    1    2   -0.46964041E-11 -0.61463403E-11 -0.16735650E-11  0.56536410E-11  0.67023121E-03  0.65611861E-12
    2    2   -0.32051685E-05  0.38356321E-11  0.18892549E-06 -0.47443191E-12  0.79841097E+00  0.38757380E+00
    3    2   -0.85754435E-12  0.24218917E-11  0.30937677E-12  0.73200594E-12 -0.36580784E-04 -0.12927462E-11
    4    2   -0.35632744E-11  0.24713337E-11 -0.71656282E-13  0.29251582E-11 -0.38359420E-04  0.43815597E-11
    1    3    0.12836920E-02 -0.19764393E-11  0.10367552E-03  0.23745859E-11  0.48494295E-11  0.75897478E-11
    2    3   -0.13044160E-11 -0.57412652E-11  0.48398804E-12  0.76622895E-12  0.33896739E-04 -0.17916917E-11
    3    3    0.64907156E-02  0.17955633E-11 -0.79670530E-03 -0.21290261E-12  0.35039715E+00 -0.75188422E-01
    4    3   -0.13519219E-02  0.20345966E-11  0.13383327E-02 -0.41062974E-12  0.19194101E-11 -0.11215247E-11
    1    4   -0.27120457E-03  0.10842456E-11 -0.37711507E-03  0.27183052E-11 -0.27333456E-11 -0.73402730E-11
    2    4    0.20601136E-11  0.16290626E-12  0.62802377E-11  0.35451742E-11  0.24684431E-03 -0.19870455E-11
    3    4   -0.33509850E-02 -0.14716005E-11  0.15168367E-01 -0.55833978E-12 -0.20912271E-11  0.98003666E-12
    4    4    0.88296478E-02 -0.26236658E-11 -0.80023398E-03  0.14339138E-12 -0.57824400E+00 -0.34104704E+00

   -3   -4    0
    1    1   -0.24081068E-02 -0.32872829E-11  0.74090067E-03  0.10886175E-11  0.26046033E+00  0.10385009E+00
    2    1   -0.85358618E-12 -0.16945471E-11 -0.62569430E-11 -0.54363533E-12  0.25014607E-03 -0.86331224E-12
    3    1   -0.13037174E-02  0.16867771E-11  0.25966074E-02  0.29908975E-12  0.27121791E-11  0.30401876E-12
    4    1   -0.70877355E-03 -0.53099666E-12  0.48137323E-02 -0.10155528E-11 -0.28011986E-11 -0.30201813E-11
    1    2    0.10498485E-11  0.34267227E-13 -0.18837295E-11 -0.17098383E-12 -0.54383151E-03 -0.36996790E-11
    2    2   -0.28254340E-04  0.85065733E-12  0.80533314E-05 -0.34464597E-12 -0.14929719E+01  0.51468726E+00
    3    2   -0.41166983E-11  0.17598118E-11  0.29992735E-11 -0.33757499E-11  0.55149511E-04 -0.16503234E-11
    4    2   -0.38764712E-11  0.42920646E-11 -0.16474317E-11  0.30425779E-11 -0.29526811E-03  0.39714850E-11
    1    3   -0.18119870E-02  0.38834256E-11 -0.22731799E-02 -0.12666759E-11 -0.54051792E-11  0.34437482E-11
    2    3   -0.77688931E-13 -0.38905449E-11 -0.64039071E-12  0.35991555E-11  0.15501062E-03 -0.27916783E-11
    3    3   -0.11804675E-01  0.25447888E-11  0.35677052E-02 -0.64347507E-12 -0.43098385E+00 -0.12171518E+00
    4    3    0.11114406E-02  0.18641206E-11  0.13810562E-02  0.12646317E-11 -0.17818872E-11 -0.23735210E-11
    1    4    0.24245468E-02  0.39402068E-11 -0.30821691E-02  0.15900252E-11  0.35076050E-12 -0.59102294E-11
    2    4   -0.36427650E-11  0.44210849E-11 -0.26831136E-12  0.48889201E-12  0.13319584E-03 -0.68984891E-13
    3    4   -0.17925452E-01 -0.19763527E-11 -0.12248160E-01 -0.10276310E-11  0.19694762E-11  0.10018351E-11
    4    4   -0.20603830E-01  0.14018155E-11  0.61944814E-02 -0.44294852E-12  0.23263378E-01 -0.13334687E+00

   -3   -3    0
    1    1    0.59682066E-02 -0.39339636E-11 -0.34457456E-02  0.23093505E-11  0.17364022E+00  0.69456089E+00
    2    1   -0.68592772E-11  0.62246884E-12  0.18536254E-11 -0.22002014E-11  0.17889307E-03  0.48422677E-11
    3    1    0.21296798E-02  0.74099987E-12 -0.58585581E-02 -0.32033386E-12 -0.28651208E-11  0.17690618E-11
    4    1   -0.31320125E-02  0.42304093E-11 -0.33277267E-02  0.32144861E-11  0.99657478E-13  0.30710948E-12
    1    2   -0.29678381E-11 -0.35223528E-11 -0.17245935E-11  0.27517480E-11  0.18196222E-03  0.46308883E-11
    2    2   -0.13019635E-03 -0.11816124E-11  0.75168898E-04  0.66757595E-12 -0.12154816E+01 -0.34728044E+00
    3    2   -0.31405298E-12  0.24999745E-11  0.47922779E-11 -0.36144165E-11  0.22969598E-03 -0.44422101E-12
    4    2   -0.13257626E-11  0.18223708E-11 -0.52864836E-12  0.10232134E-11  0.32909871E-04  0.12652390E-11
    1    3    0.50169115E-02  0.83184349E-12 -0.13611606E-03 -0.21109669E-11  0.85291829E-12  0.10768849E-11
    2    3    0.30745864E-11  0.50947112E-12  0.10983864E-11  0.14589080E-11  0.69352178E-04 -0.22813776E-11
    3    3   -0.38724366E-02  0.13169808E-11  0.22357524E-02 -0.77110891E-12 -0.95502122E+00  0.17364022E+00
    4    3   -0.48382804E-02  0.54695234E-11 -0.11804127E-02  0.14562059E-11 -0.62505020E-12 -0.29029497E-11
    1    4   -0.18498039E-02 -0.15522858E-11  0.63339462E-02  0.46884245E-12  0.12791167E-12  0.15796811E-11
    2    4    0.27349359E-11 -0.12824317E-11 -0.41748937E-11  0.79747651E-12 -0.22318732E-03  0.81333258E-11
    3    4    0.27812860E-01 -0.15616824E-11 -0.19535662E-01 -0.12847961E-11 -0.32779513E-11  0.38234729E-11
    4    4    0.15566813E-01  0.10126499E-11 -0.89875038E-02 -0.54588010E-12  0.15627620E+01  0.12049757E-08

   -3   -2    0
    1    1    0.10634455E-02 -0.23446293E-11 -0.11961369E-02  0.26465215E-11  0.35351385E+00  0.40460377E+00
    2    1   -0.21201296E-11 -0.33363554E-11  0.49499985E-11 -0.74132893E-12  0.69412760E-03  0.30257311E-11
    3    1   -0.52023176E-02  0.21673970E-11  0.22301471E-02  0.72862731E-12 -0.34238187E-11  0.15124150E-11
    4    1    0.29265510E-02 -0.34922342E-13 -0.65696947E-02 -0.22839256E-11  0.30933475E-11  0.20853825E-12
    1    2    0.43243446E-12 -0.18783233E-11 -0.11766347E-11  0.38456825E-11 -0.59518117E-03  0.17599261E-11
    2    2   -0.10858291E-03  0.22295898E-11  0.12647154E-03 -0.26049972E-11  0.10526379E+01  0.25053164E+01
    3    2    0.22205168E-11  0.15768769E-11  0.21255978E-12 -0.15331978E-11 -0.52336937E-03 -0.42218406E-11
    4    2   -0.44453121E-11  0.10392059E-11  0.87045900E-12 -0.25051246E-11 -0.93939388E-03 -0.85241656E-12
    1    3   -0.68997101E-02  0.42647988E-11  0.86721815E-02 -0.25246538E-11 -0.85513045E-12 -0.72162531E-12
    2    3    0.40178737E-11  0.13695560E-11 -0.25839681E-11  0.34385751E-12 -0.60339891E-03  0.27735051E-11
    3    3    0.28758154E-01  0.12727444E-11 -0.33121964E-01 -0.13141335E-11 -0.65115083E+00 -0.35267873E+00
    4    3    0.51934984E-02 -0.26181981E-12 -0.62876209E-02 -0.51498522E-12  0.10940427E-11 -0.14841542E-11
    1    4   -0.50032364E-02 -0.14507717E-11  0.21954016E-02  0.67499732E-12 -0.23575311E-11 -0.28746879E-11
    2    4   -0.10299943E-11  0.30722310E-11 -0.48049047E-11  0.21061698E-12  0.52766182E-03  0.12945292E-11
    3    4    0.11865094E-01 -0.53000891E-12  0.25641794E-01 -0.20817313E-12 -0.79843414E-12  0.24544399E-11
    4    4    0.12599177E-01  0.69098427E-12 -0.14662289E-01 -0.71285100E-12 -0.13193316E+01  0.56121402E+00

   -3   -1    0
    1    1   -0.50275408E-03 -0.40958795E-12  0.15163671E-02  0.11265745E-11  0.86196771E+00 -0.62477075E+00
    2    1    0.26437379E-11  0.12375263E-12 -0.40264241E-11  0.56433593E-13  0.17898221E-03  0.14120685E-10
    3    1   -0.52186867E-02 -0.16025766E-11 -0.79584763E-03 -0.71268404E-14 -0.22723163E-11 -0.16419744E-11
    4    1   -0.22405074E-02 -0.24040743E-11  0.45601652E-02 -0.80088841E-12 -0.15077984E-11  0.34183433E-11
    1    2   -0.47955653E-11  0.93742266E-12  0.24752774E-11  0.20793705E-11 -0.46708566E-02  0.46784176E-11
    2    2    0.55236113E-04  0.18741126E-11 -0.15727134E-03 -0.56042770E-11 -0.10385009E+00 -0.21393358E+00
    3    2   -0.14548406E-11  0.99918171E-13 -0.71766485E-12 -0.12490849E-11 -0.11122539E-02  0.21433716E-11
    4    2   -0.13023048E-11  0.41385753E-12 -0.23550806E-11  0.19011541E-11  0.70712373E-04  0.13804067E-11
    1    3   -0.12292634E-01  0.21213027E-11  0.11744718E-03 -0.35627313E-11  0.20276787E-11  0.17214107E-11
    2    3    0.52098206E-11 -0.77071159E-12 -0.48900711E-11  0.22735819E-11  0.16007296E-03  0.73432058E-11
    3    3   -0.70569345E-02  0.26731373E-12  0.20092648E-01 -0.31958117E-12  0.95190452E+00  0.75188422E-01
    4    3    0.14473048E-01  0.51764842E-12  0.45043032E-02  0.48940722E-12  0.33906997E-11 -0.36606884E-12
    1    4    0.34776780E-03 -0.33159038E-11 -0.12257399E-01  0.45575983E-11 -0.45842687E-11 -0.26504137E-11
    2    4   -0.17811009E-11  0.25869915E-11 -0.41114999E-11  0.33426952E-11 -0.78978363E-03  0.66750341E-11
    3    4   -0.15946149E-01 -0.12307440E-12  0.14833427E-01 -0.23084212E-11 -0.63950011E-12  0.38114134E-11
    4    4   -0.13614403E-01 -0.44597008E-12  0.39577770E-01  0.11031928E-11  0.92552444E+00  0.86196771E+00

   -3    0    0
    1    1   -0.21312358E-14 -0.16993351E-13  0.68186124E-02  0.39933109E-11  0.52092067E+00 -0.34728044E+00
    2    1    0.38527528E-11 -0.13731406E-11 -0.15029106E-11 -0.17725014E-11  0.25243882E-03  0.14628457E-11
    3    1    0.41653732E-02  0.33911124E-11 -0.37378150E-02  0.34043798E-11  0.50137432E-12 -0.13806348E-11
    4    1   -0.33126482E-03 -0.26149210E-11 -0.14774756E-02  0.74956548E-12 -0.16298530E-11  0.28440802E-11
    1    2   -0.11359574E-11  0.39125788E-13 -0.47285197E-11  0.12914293E-11 -0.58732090E-03 -0.70886222E-13
    2    2   -0.97110196E-15  0.73391813E-14 -0.15033778E-03 -0.14659580E-11 -0.52092067E+00  0.17364022E+01
    3    2    0.44890538E-12  0.28198747E-11 -0.91785305E-12 -0.21487443E-11  0.14250571E-03 -0.15948095E-11
    4    2    0.15084603E-12  0.47869911E-11  0.17064163E-12 -0.18547774E-11  0.16072157E-03  0.18925958E-11
    1    3    0.14466129E-02 -0.20202460E-11 -0.97583166E-02 -0.57321430E-11  0.21945706E-11  0.32888050E-11
    2    3   -0.16826832E-11  0.41772761E-12 -0.47823578E-11 -0.97128039E-12 -0.14250564E-03  0.35518732E-11
    3    3   -0.35401944E-12  0.17087677E-13  0.28788786E-01 -0.17107930E-12  0.78138100E+00 -0.34728044E+00
    4    3    0.75208904E-03 -0.44246781E-12  0.16997846E-01  0.22208354E-11  0.16046265E-11 -0.30016466E-11
    1    4    0.40022651E-02 -0.26498125E-11 -0.63699878E-02  0.79620525E-11  0.92401617E-12 -0.19214177E-11
    2    4   -0.15908497E-11 -0.26417758E-11 -0.28319291E-11 -0.32023427E-11  0.16072152E-03 -0.40192900E-11
    3    4    0.17592525E-03  0.67864659E-12 -0.20174565E-01 -0.16331485E-11  0.42910785E-12  0.67617757E-12
    4    4    0.20816029E-12  0.89526260E-13 -0.16113460E-01 -0.24521680E-11 -0.34728044E+00  0.86820111E+00

   -3    1    0
    1    1   -0.54709274E-03 -0.62774417E-12 -0.23928526E-02 -0.22008350E-11 -0.68832748E+00 -0.41707058E+00
    2    1    0.37642207E-12 -0.95225346E-12 -0.29475722E-11  0.23799611E-11  0.31443695E-03 -0.20355870E-11
    3    1    0.35889006E-02  0.80091232E-12  0.33002289E-02 -0.12879985E-11 -0.34701047E-11  0.56065396E-12
    4    1    0.21634933E-02 -0.23606291E-12 -0.72456291E-03 -0.29278392E-11  0.12118229E-11 -0.77945512E-12
    1    2   -0.28905936E-11 -0.29517603E-12 -0.21228883E-11 -0.40857792E-11  0.17898194E-03  0.13367541E-12
    2    2   -0.71527776E-05  0.85890670E-12 -0.28495633E-04  0.39638889E-11  0.19690360E+00  0.13363616E+01
    3    2    0.16209729E-11 -0.15551465E-11 -0.24743599E-11 -0.33222088E-11 -0.23161275E-03  0.24343877E-11
    4    2   -0.15660503E-11  0.28038224E-11  0.32677240E-11 -0.90616933E-12  0.19870075E-03 -0.15199464E-11
    1    3    0.51887982E-02 -0.13643386E-11 -0.20017821E-02  0.49092349E-11  0.18122902E-11 -0.24833302E-11
    2    3    0.37494926E-11  0.54839478E-11  0.17074905E-11  0.22461144E-12  0.18915596E-03  0.19389889E-11
    3    3   -0.56610924E-02  0.98431246E-13 -0.23881241E-01  0.26164921E-12 -0.56433072E+00  0.10007129E+01
    4    3   -0.12916297E-01  0.41596919E-12 -0.45658750E-02 -0.11435106E-11  0.19646625E-11  0.50210198E-11
    1    4   -0.23439121E-03  0.32633218E-11  0.63729999E-02  0.36941950E-11  0.12366690E-11  0.44870755E-11
    2    4    0.95388292E-12 -0.14492637E-11 -0.25154772E-11 -0.12492594E-12  0.66280939E-04 -0.12734217E-11
    3    4    0.78749478E-02  0.65492750E-13  0.50707672E-02  0.29493312E-11 -0.25680136E-11 -0.79439541E-12
    4    4   -0.17199716E-02  0.12247018E-12 -0.76966325E-02  0.96071697E-12 -0.12728049E+01  0.14634751E+01

   -3    2    0
    1    1    0.19115554E-03  0.50404364E-12  0.52453519E-03  0.11793301E-11  0.15565286E+01 -0.10991647E+01
    2    1   -0.14683985E-11 -0.69058127E-12  0.21562725E-11 -0.13650747E-11 -0.11979865E-03 -0.22253805E-11
    3    1   -0.62611307E-02 -0.57532197E-11  0.31865701E-03 -0.20755906E-11 -0.25046243E-11  0.14415797E-11
    4    1    0.23731242E-03  0.36350848E-11  0.14971562E-02 -0.43540012E-12  0.56214392E-11  0.88913989E-12
    1    2   -0.34397655E-11  0.86150489E-12  0.17326610E-12 -0.45108922E-11 -0.53956963E-03  0.68861906E-11
    2    2   -0.14389721E-05  0.15660655E-11 -0.28702258E-05  0.42785478E-11 -0.10526379E+01  0.99286920E-01
    3    2   -0.13939794E-11 -0.17649098E-11  0.49153619E-12 -0.18733826E-11 -0.44480613E-04  0.27544953E-11
    4    2   -0.43765671E-11  0.55161403E-12 -0.74447161E-12 -0.32055707E-11 -0.15095365E-04 -0.10819269E-10
    1    3   -0.26844708E-02 -0.17738295E-11  0.30199422E-02  0.17006917E-11  0.58537996E-11 -0.12355853E-11
    2    3    0.34031474E-11  0.36315433E-11  0.32689415E-11 -0.39453275E-11  0.23352042E-03 -0.50556436E-11
    3    3    0.13708641E-02 -0.10030363E-11  0.23322046E-02 -0.27107633E-11 -0.65115083E+00  0.69995917E+00
    4    3    0.38713748E-02  0.22709913E-11 -0.59193863E-02 -0.11957450E-11 -0.45007973E-12  0.23628615E-11
    1    4   -0.18661614E-02  0.14357772E-11 -0.22682262E-02  0.71575843E-13 -0.40688826E-11  0.59101750E-11
    2    4    0.60006343E-11 -0.25239546E-11 -0.67593325E-11 -0.15774825E-11 -0.96047879E-04 -0.70954145E-11
    3    4   -0.68429873E-02  0.84683822E-12  0.24893678E-02 -0.79725548E-12 -0.43338318E-12  0.18241348E-12
    4    4    0.44918194E-02 -0.57773588E-12  0.11031774E-01 -0.14445467E-11 -0.41707058E+00 -0.40293354E-01

   -3    3    0
    1    1    0.38318231E-04  0.14948156E-11 -0.16872502E-04  0.29772521E-11  0.52092067E+00  0.34728044E+00
    2    1   -0.99475519E-12  0.40205011E-11  0.21139493E-11 -0.14025699E-11 -0.73211139E-04  0.47641547E-11
    3    1    0.26257744E-02 -0.69546035E-12 -0.24009392E-02 -0.61390914E-12 -0.11879319E-11  0.33380501E-11
    4    1   -0.26611153E-02  0.38763646E-11 -0.62527396E-03 -0.12356046E-11  0.25611597E-11 -0.57786564E-11
    1    2   -0.54673090E-11  0.21160294E-11  0.26834868E-11 -0.27074912E-11  0.66927376E-03  0.10379643E-10
    2    2   -0.72478042E-07 -0.16445937E-11  0.41844881E-07 -0.23403111E-11 -0.17364022E+00  0.13891218E+01
    3    2   -0.47502667E-12 -0.26562698E-12  0.39887773E-12 -0.79795801E-12 -0.16048964E-04  0.51724897E-11
    4    2   -0.10329872E-11 -0.41638570E-11 -0.18284335E-11  0.37917435E-11  0.92944421E-05 -0.78435770E-12
    1    3   -0.12005525E-03  0.69705260E-11  0.48078977E-03  0.51458976E-11  0.79574957E-11  0.35805062E-11
    2    3   -0.19387828E-11 -0.19745467E-11 -0.29329306E-11 -0.50153084E-11 -0.14709015E-03 -0.46547405E-11
    3    3    0.24472581E-02  0.40378833E-12  0.55273076E-02  0.12769690E-12 -0.26046033E+00  0.52092067E+00
    4    3    0.61704979E-02 -0.10658641E-11  0.23250017E-02 -0.25450496E-11 -0.15782815E-11  0.20098128E-11
    1    4    0.93747803E-03  0.47302867E-11  0.95915928E-03 -0.47057335E-11 -0.26643341E-11  0.16806941E-11
    2    4   -0.17512847E-11 -0.48295367E-11  0.39951393E-11  0.64506362E-12  0.87080044E-04 -0.26875609E-11
    3    4    0.48220012E-02  0.13317845E-11 -0.23593127E-02 -0.22665461E-11 -0.30932637E-11  0.19663346E-11
    4    4   -0.31230478E-02 -0.73251930E-12 -0.53152247E-02 -0.12336594E-11  0.12154816E+01  0.76766031E-09

   -3    4    0
    1    1    0.29944052E-03  0.15043577E-11  0.71351465E-03  0.22974921E-11  0.26046033E+00 -0.79841097E+00
    2    1   -0.84095833E-12  0.20677889E-11 -0.68200973E-11  0.36850970E-12  0.24701416E-03  0.54253691E-11
    3    1    0.76714432E-03  0.13925118E-11  0.16313345E-02 -0.32980903E-11 -0.96506093E-12 -0.36448529E-11
    4    1    0.15415266E-02 -0.40901760E-11 -0.94657332E-03 -0.23383138E-11 -0.53593285E-11 -0.25759222E-11
    1    2   -0.25389624E-11  0.38423088E-11  0.75654656E-12 -0.12030638E-11 -0.32436027E-04 -0.20460847E-12
    2    2    0.54832530E-07 -0.21845365E-11  0.81937820E-07 -0.15629650E-11 -0.59071080E+00 -0.68832748E+00
    3    2   -0.69255331E-12 -0.77813526E-12  0.46494115E-12 -0.57167358E-12 -0.41430682E-04 -0.27647921E-11
    4    2    0.29410454E-11  0.24097390E-11 -0.13879677E-11 -0.55208832E-12 -0.28974955E-04 -0.43147997E-11
    1    3    0.93153210E-03 -0.16491706E-11 -0.10003371E-02 -0.38141113E-12  0.28276686E-11 -0.15965208E-11
    2    3   -0.66537802E-11 -0.67376635E-11  0.51418839E-12 -0.23095132E-11  0.72919232E-04  0.41509499E-11
    3    3   -0.15477147E-02  0.25104268E-12 -0.24415724E-02 -0.53436899E-12  0.17052352E+00 -0.57284571E+00
    4    3   -0.55670147E-02 -0.67602960E-12  0.30259170E-02  0.18187757E-11 -0.31535970E-11 -0.11607826E-11
    1    4    0.72967323E-03  0.35605235E-11 -0.37074980E-03  0.16416825E-11  0.32582471E-11  0.11318948E-11
    2    4   -0.45253763E-11 -0.47093064E-11  0.47698370E-11  0.59312426E-11 -0.12479028E-03 -0.52110453E-11
    3    4   -0.25180330E-02  0.24218867E-12  0.32999787E-02 -0.43521935E-11  0.82499256E-12 -0.81848068E-12
    4    4    0.15515064E-02  0.41357640E-12  0.90343946E-03  0.56101900E-12  0.32401707E+00 -0.73485424E+00

   -2   -6    0
    1    1   -0.12010551E-02  0.82473091E-14 -0.31693300E-03 -0.50241408E-12 -0.13023017E+01 -0.16541453E+01
    2    1   -0.76277321E-12 -0.50370404E-11  0.85523605E-11  0.70897713E-11 -0.12006644E-03 -0.16397419E-11
    3    1    0.85215771E-04  0.32023015E-11  0.33414975E-02 -0.52136227E-11 -0.35858512E-12  0.33027412E-11
    4    1    0.25351649E-02  0.22940270E-11 -0.48820809E-02 -0.29889161E-11  0.34686405E-11  0.34514993E-11
    1    2    0.28131255E-11  0.66095949E-11 -0.40794781E-11 -0.26110562E-12  0.24622792E-03  0.76734994E-12
    2    2    0.88681370E-06  0.34268601E-11  0.16024778E-06  0.12876577E-11 -0.60774078E+00 -0.15037684E+00
    3    2    0.39343462E-11  0.13740022E-11 -0.17276746E-12  0.22087777E-11 -0.53108499E-05 -0.20973817E-11
    4    2   -0.35357669E-11 -0.11793777E-11  0.73529009E-11 -0.53191757E-11 -0.11053907E-03 -0.47972679E-11
    1    3   -0.12905287E-02  0.18317873E-11 -0.32731499E-03 -0.11612066E-10  0.64247815E-12 -0.63002951E-11
    2    3   -0.17150738E-11 -0.18758505E-11 -0.37332308E-11  0.45957927E-11 -0.10574677E-04  0.46005044E-12
    3    3    0.17019299E-02  0.11339866E-11  0.13508716E-03  0.37065143E-12 -0.86820112E-01  0.98279715E-09
    4    3   -0.15985543E-02  0.27419780E-11  0.17358252E-02 -0.17221346E-11  0.13599845E-11  0.48216673E-11
    1    4    0.12881331E-02 -0.45452305E-11 -0.12493444E-02 -0.85113642E-12 -0.81655970E-12  0.14211715E-11
    2    4    0.41692211E-11  0.32498989E-11 -0.57399812E-11  0.35633210E-11  0.40965289E-04 -0.76757324E-11
    3    4   -0.46782144E-02 -0.20174156E-11  0.92964150E-02 -0.19900551E-11  0.11986316E-11  0.51906590E-12
    4    4    0.59692653E-02  0.95458472E-12  0.16026927E-02  0.48701581E-12 -0.95502122E+00 -0.75188422E+00

   -2   -5    0
    1    1   -0.57320805E-03  0.21047091E-11 -0.99371219E-04 -0.15268906E-12  0.68832748E+00  0.11456914E+01
    2    1    0.25493866E-11 -0.49267116E-12  0.17833065E-11  0.34029710E-11  0.31883297E-03  0.14647636E-11
    3    1   -0.22734047E-02  0.17024356E-11  0.87094346E-09  0.22082972E-11 -0.46263699E-12  0.10272951E-11
    4    1    0.13095288E-09  0.84048087E-12  0.10007723E-01 -0.25968644E-11  0.32963351E-12  0.65093492E-12
    1    2   -0.20359330E-11 -0.37393952E-12  0.24835200E-11 -0.63247273E-12 -0.39941531E-04 -0.65265133E-12
    2    2    0.32051746E-05 -0.14065527E-11  0.18892652E-06 -0.19136667E-12 -0.20541859E+01  0.28372371E+00
    3    2   -0.15628651E-11 -0.12673278E-11  0.23246521E-11  0.12602838E-11  0.36580770E-04  0.95714841E-12
    4    2    0.26641651E-13 -0.10153062E-11  0.61804235E-11 -0.38301677E-13 -0.38359430E-04  0.14454554E-11
    1    3    0.28847712E-02  0.49232313E-11 -0.12018740E-02 -0.65427432E-11  0.13782623E-11  0.10393293E-12
    2    3   -0.67377998E-11 -0.63807779E-11 -0.42269142E-11  0.34484675E-11 -0.33896747E-04  0.16717034E-11
    3    3   -0.64907149E-02 -0.12332518E-12 -0.79670510E-03 -0.23753026E-12 -0.30387039E+00  0.72322255E+00
    4    3   -0.20063992E-02  0.15095892E-11 -0.10084521E-02 -0.31298917E-11 -0.10464259E-11  0.42902336E-12
    1    4    0.64401809E-03 -0.71249103E-11  0.19955109E-02 -0.70042770E-11 -0.36395642E-11 -0.37660715E-12
    2    4    0.15916015E-11  0.12945160E-11  0.73214412E-11  0.44641518E-11  0.24684434E-03  0.84626364E-13
    3    4   -0.65420246E-02 -0.25185453E-11 -0.12931494E-01 -0.23659178E-11  0.26969765E-11  0.86639025E-12
    4    4   -0.88296482E-02 -0.12150652E-11 -0.80023412E-03 -0.33115860E-12 -0.26046033E+00  0.10185780E+01

   -2   -4    0
    1    1    0.81984217E-09 -0.73956644E-13  0.36285080E-04 -0.10110888E-12  0.11286614E+01 -0.15037684E+00
    2    1    0.27796687E-11 -0.23916679E-11 -0.17738368E-11  0.36407967E-11 -0.54063288E-03 -0.42282766E-11
    3    1    0.15088050E-02 -0.42884625E-12 -0.49354605E-02 -0.11562630E-11 -0.21876002E-11  0.48795858E-12
    4    1   -0.45096333E-02  0.14902818E-11 -0.71988935E-02 -0.45500335E-11  0.16972763E-12  0.14812982E-11
    1    2   -0.18416029E-11  0.10019474E-11  0.18650777E-11  0.64584493E-12 -0.54383158E-03 -0.14536699E-11
    2    2    0.90039725E-11  0.30499583E-11 -0.61771660E-06 -0.46729404E-13 -0.69456089E+00 -0.90226106E+00
    3    2    0.29769844E-11  0.74633447E-12  0.16819934E-11  0.27397148E-11  0.23722117E-10  0.80214043E-11
    4    2   -0.52024813E-11 -0.87553544E-12  0.15773181E-11  0.30181487E-11 -0.25649031E-03  0.47172996E-11
    1    3   -0.10658874E-02  0.82913026E-11  0.21462256E-02 -0.33979252E-11 -0.12041427E-11 -0.34151260E-12
    2    3   -0.34301920E-11 -0.11175112E-10  0.20559388E-12  0.88944388E-12 -0.17605636E-10  0.29244477E-12
    3    3   -0.14000270E-08  0.85608409E-12 -0.12036268E-03 -0.12957391E-12 -0.43410055E-01 -0.22556527E+00
    4    3    0.22283062E-02  0.20669909E-11 -0.19836018E-03 -0.86785002E-12  0.38095459E-11 -0.27414756E-12
    1    4   -0.27244081E-02 -0.34669288E-11 -0.23645446E-02 -0.57616149E-11 -0.31815536E-11  0.54963536E-12
    2    4   -0.20168311E-11  0.28495704E-11  0.48959970E-11  0.75487926E-11 -0.30199552E-03 -0.44514888E-11
    3    4    0.23961044E-01 -0.11899828E-11 -0.30951563E-02  0.21209533E-11  0.13827741E-11  0.31802275E-11
    4    4    0.65170524E-09  0.44498026E-12 -0.32083560E-03 -0.51561976E-13  0.52092067E+00 -0.60150737E+00

   -2   -3    0
    1    1    0.16874733E-02  0.66239863E-12 -0.34641314E-03 -0.10926373E-12  0.49765729E+00 -0.81544095E+00
    2    1   -0.56353359E-11 -0.20045937E-11 -0.23381540E-11 -0.41171950E-11 -0.57119436E-03 -0.37662386E-12
    3    1   -0.51086687E-03 -0.25001460E-11  0.34723658E-02  0.26384257E-11  0.29594938E-11 -0.29257139E-12
    4    1    0.83673858E-02 -0.26966761E-11 -0.57865188E-02 -0.23624652E-11 -0.42019532E-11  0.61284169E-12
    1    2   -0.15249200E-11  0.30154837E-11  0.31884580E-11  0.30073704E-11  0.70015714E-03 -0.83910971E-12
    2    2   -0.16381903E-03  0.35497074E-11  0.30799792E-04 -0.62205471E-12 -0.75188422E+00 -0.12557749E+01
    3    2   -0.16042490E-12  0.13959318E-11  0.14727777E-12 -0.37207317E-12 -0.76632741E-03  0.19770832E-11
    4    2   -0.43134618E-11  0.56085147E-13  0.27925728E-11  0.40253211E-11  0.25053415E-03  0.41685141E-11
    1    3   -0.92668099E-02  0.11566447E-10  0.66942688E-03 -0.27540652E-11  0.21000875E-11 -0.81953322E-12
    2    3    0.41301145E-13 -0.67068893E-11  0.18924217E-11 -0.23853230E-11  0.58901456E-03 -0.36453160E-11
    3    3    0.29390225E-01  0.13567822E-11 -0.56754760E-02 -0.56776849E-13  0.12898349E+01 -0.94878782E+00
    4    3   -0.10652024E-02 -0.11374453E-11 -0.22458034E-02 -0.12696390E-12  0.71340050E-12  0.22185884E-11
    1    4   -0.85952884E-05 -0.41085824E-11  0.30446892E-02 -0.55966392E-11 -0.27308438E-11 -0.10623771E-11
    2    4    0.30108178E-11 -0.73692098E-11 -0.74055166E-12  0.43995764E-11  0.97747117E-03  0.69601031E-11
    3    4   -0.10767386E-01  0.14021114E-11  0.25722225E-01 -0.15916648E-11  0.18700252E-12  0.70325276E-12
    4    4    0.33435158E-01  0.62099512E-12 -0.63956963E-02 -0.80956726E-13  0.26046033E+00 -0.57824399E+00

   -2   -2    0
    1    1    0.97891290E-03  0.33314801E-12 -0.56517466E-03 -0.17576045E-12 -0.13023017E+01  0.45113053E+00
    2    1   -0.43714214E-11  0.42490617E-12  0.48941514E-11 -0.25945030E-11 -0.38386398E-02 -0.48157821E-11
    3    1    0.56812277E-02 -0.32930338E-11  0.72888527E-03  0.36085451E-11  0.16858491E-11  0.70337724E-12
    4    1   -0.14281924E-01  0.75383107E-12  0.19514772E-01 -0.15885663E-11  0.58142065E-12  0.14547457E-11
    1    2   -0.71957645E-11  0.64003075E-11  0.30740920E-11 -0.31405451E-11 -0.38423577E-02 -0.37888167E-11
    2    2   -0.16569681E-02  0.68615317E-12  0.95665100E-03 -0.47845452E-12 -0.86820111E+00  0.12030147E+01
    3    2   -0.22359550E-11  0.15838233E-11  0.26074666E-11 -0.31026704E-11 -0.65323266E-03 -0.43409603E-11
    4    2   -0.24218457E-11  0.28462819E-11  0.48801852E-12  0.17548734E-12 -0.77179785E-03  0.12299099E-11
    1    3    0.20720301E-01  0.16906414E-11 -0.65689359E-02 -0.84483173E-12  0.50268024E-11 -0.28862174E-11
    2    3   -0.75598243E-12  0.49760017E-11  0.25776130E-12 -0.45707909E-11  0.37137293E-03  0.50672734E-11
    3    3   -0.44497901E-01 -0.13849531E-11  0.25690875E-01  0.80951565E-12 -0.21705028E+00  0.11278263E+01
    4    3   -0.23482097E-02  0.15164493E-11  0.50886053E-02 -0.15684092E-12 -0.36786949E-12  0.80577126E-12
    1    4    0.81432228E-02 -0.11469007E-11 -0.79135527E-02 -0.24891204E-11  0.31595909E-12  0.45854073E-11
    2    4    0.38507093E-12 -0.51877908E-11 -0.19408147E-11  0.25587540E-11  0.94841273E-03 -0.30962611E-11
    3    4   -0.48081292E-01  0.14431251E-11  0.13189631E-02  0.97605504E-12 -0.18899376E-12  0.52273805E-12
    4    4   -0.68171544E-01 -0.18745235E-11  0.39358859E-01  0.96923576E-12 -0.95502122E+00 -0.15037684E+00

   -2   -1    0
    1    1    0.17325233E-03  0.15548097E-11 -0.29011742E-03 -0.25427178E-11  0.86820111E-01  0.11456914E+01
    2    1   -0.15347291E-11  0.29345330E-11  0.68310040E-12 -0.46978237E-11 -0.38289965E-02 -0.77378015E-11
    3    1    0.12152370E-01 -0.15410995E-11 -0.14009848E-01  0.45486120E-11 -0.29230319E-11  0.12202397E-11
    4    1   -0.32712459E-02 -0.18450665E-11  0.12295724E-01  0.11248538E-11 -0.24786873E-11  0.42292379E-11
    1    2   -0.65962006E-11  0.10646024E-11  0.58663905E-11  0.14408226E-12  0.61634759E-02 -0.17184381E-11
    2    2    0.18499022E-05 -0.20423997E-11  0.10679400E-05  0.35387140E-11  0.71159086E+00  0.36431042E+00
    3    2    0.11835240E-11 -0.98614525E-12 -0.20424130E-11 -0.43833383E-12  0.32562532E-02  0.86440275E-12
    4    2    0.88928073E-12 -0.15877351E-11 -0.32029794E-11  0.66072070E-12  0.16552571E-02 -0.61462378E-11
    1    3    0.11439858E-01  0.14576900E-12 -0.11221167E-01  0.14834875E-12  0.51225097E-11 -0.14565975E-11
    2    3   -0.15159057E-11 -0.14934591E-11  0.83514080E-12  0.19505952E-11  0.44482743E-03  0.53742763E-11
    3    3   -0.19481255E-01 -0.10050392E-11  0.33933963E-01  0.20333049E-11 -0.31167016E-02 -0.13712567E+01
    4    3   -0.16118361E-01  0.43720721E-12  0.12471819E-01  0.53527697E-12  0.11154727E-11  0.20079752E-11
    1    4    0.97471778E-02 -0.13835636E-11  0.73506628E-03  0.13284173E-12 -0.54088178E-12  0.18078866E-11
    2    4   -0.16237425E-11  0.11597406E-11  0.22936864E-11 -0.91805293E-12  0.27983348E-03  0.90210761E-11
    3    4    0.23848438E-01  0.19319117E-12 -0.56405900E-01 -0.39526870E-13  0.37042569E-11  0.16050603E-11
    4    4    0.19767647E-01  0.35647245E-12 -0.34090134E-01 -0.65355295E-12 -0.90226106E+00  0.56744742E+00

   -2    0    0
    1    1    0.44529018E-12 -0.78394539E-13  0.16404233E-02  0.23145852E-12 -0.43410056E+00  0.45113053E+00
    2    1   -0.17035897E-11  0.24858817E-11  0.42329091E-11  0.61242376E-13 -0.58732089E-03 -0.50436270E-11
    3    1   -0.32304666E-03  0.14797078E-11  0.94784482E-02  0.27896244E-11 -0.20827661E-11  0.54196759E-11
    4    1    0.28497246E-02  0.10498689E-11 -0.61341851E-02 -0.47635834E-12 -0.49342442E-11  0.19268782E-11
    1    2    0.80638683E-12  0.86260409E-12 -0.26982938E-11 -0.19997890E-11  0.61464845E-02 -0.35375975E-11
    2    2   -0.29764169E-13 -0.87482105E-14 -0.19133019E-02 -0.21138122E-11 -0.43410056E+00  0.15037684E+00
    3    2   -0.18581698E-11 -0.28091647E-11  0.27855301E-12  0.33622577E-11 -0.97924526E-03  0.75046625E-11
    4    2    0.12748986E-11  0.16272417E-11 -0.41953345E-11 -0.24435736E-11 -0.14784134E-03 -0.56699374E-12
    1    3    0.35750461E-02 -0.13607239E-12  0.14031754E-01  0.18411965E-11  0.22128273E-11  0.20095153E-11
    2    3    0.13942148E-11 -0.23618367E-11 -0.27713420E-11  0.36237692E-11  0.97924491E-03  0.11891005E-11
    3    3    0.45839753E-12  0.11663673E-12 -0.91704238E-01  0.60610393E-11  0.60774078E+00  0.44589332E-13
    4    3   -0.13565167E-01 -0.15177344E-11 -0.20169200E-01  0.29296262E-12 -0.15792275E-11 -0.40920438E-11
    1    4   -0.67969270E-02 -0.12372747E-12  0.10389355E-01  0.74364197E-12  0.26564846E-11 -0.78451019E-12
    2    4   -0.10638413E-11  0.79933307E-12 -0.10084589E-11 -0.81902837E-11 -0.14784159E-03  0.99311187E-12
    3    4    0.11176397E-01  0.19313911E-11  0.17622220E-01  0.18589792E-11  0.25287782E-11 -0.10787123E-11
    4    4   -0.91409844E-12  0.11147160E-12 -0.37217036E-01 -0.30139565E-11 -0.26046033E+00 -0.15037684E+00

   -2    1    0
    1    1    0.50275345E-03 -0.13943142E-11  0.15163652E-02 -0.41863171E-11 -0.51468726E+00 -0.24343036E+00
    2    1   -0.27644008E-11  0.53259471E-13 -0.65258308E-11  0.30460698E-12 -0.53884605E-03  0.44846266E-11
    3    1   -0.76381944E-02 -0.11915599E-11 -0.89332772E-03  0.29930958E-12 -0.17427331E-11  0.33370359E-11
    4    1    0.74754554E-03  0.26504329E-11  0.47098421E-02 -0.50971029E-12 -0.65860562E-12 -0.99650861E-12
    1    2   -0.10079248E-11 -0.38637498E-12 -0.42632378E-11 -0.47197268E-13 -0.38289945E-02  0.91549663E-12
    2    2   -0.55236112E-04  0.50248109E-13 -0.15727134E-03  0.28081487E-13 -0.55041745E+00 -0.58447740E+00
    3    2    0.49608772E-11  0.31721715E-11 -0.28708717E-12 -0.59742467E-12 -0.16007266E-03 -0.88386790E-12
    4    2    0.10804448E-11  0.22139641E-11  0.28028761E-11  0.18883447E-11 -0.78978392E-03  0.71115476E-11
    1    3    0.10506649E-03 -0.29572564E-11  0.20558796E-01 -0.19132458E-11 -0.16116023E-11 -0.24863954E-13
    2    3   -0.62322324E-12  0.22692803E-11 -0.37423729E-11  0.21414201E-11  0.11122537E-02  0.51452811E-11
    3    3    0.70569352E-02 -0.15441782E-12  0.20092650E-01 -0.30304600E-12 -0.30387039E+00  0.28661665E-01
    4    3    0.56374276E-02  0.14744984E-11 -0.15051552E-01  0.18218445E-11  0.46279500E-11 -0.12997730E-12
    1    4    0.52938179E-02  0.17189998E-11  0.12411938E-01  0.37577682E-11  0.38513814E-11  0.80242457E-12
    2    4   -0.20508687E-11 -0.23078095E-11 -0.11012522E-11 -0.27758892E-11  0.70712424E-04  0.75001568E-11
    3    4   -0.12809529E-01 -0.40156788E-13  0.68426666E-02  0.42457251E-11  0.10440728E-11 -0.26950139E-11
    4    4    0.13614403E-01  0.42398734E-12  0.39577770E-01  0.18117485E-11 -0.26046033E+00 -0.71782427E+00

   -2    2    0
    1    1    0.28476729E-04  0.37344997E-12 -0.23524899E-04  0.80173932E-12 -0.26046033E+00 -0.15037684E+00
    2    1   -0.19923024E-11  0.34000803E-11 -0.19934405E-11  0.10697480E-11  0.31716141E-03  0.63753295E-12
    3    1    0.61160157E-02 -0.85608685E-12 -0.44767534E-02 -0.17060337E-12 -0.15280028E-11  0.76637399E-11
    4    1   -0.49397966E-02  0.35128751E-11 -0.11055651E-02 -0.26475485E-11  0.27027965E-11 -0.35092983E-11
    1    2    0.13160341E-11  0.31417292E-11  0.52431641E-11 -0.82212108E-12  0.69412705E-03 -0.63916755E-12
    2    2   -0.53496051E-06  0.33609060E-11  0.30885413E-06  0.57505849E-11  0.17364022E+00  0.12030147E+01
    3    2    0.25770314E-11 -0.48732338E-12  0.28399512E-11  0.90520522E-12 -0.23223080E-03 -0.24663011E-11
    4    2   -0.14129646E-11  0.19749183E-11  0.14212878E-11 -0.20868395E-11  0.14245959E-03 -0.51087565E-11
    1    3    0.14980509E-03 -0.21511312E-11 -0.56364976E-02 -0.24067125E-11  0.37437156E-11 -0.67941682E-11
    2    3    0.56886904E-11  0.13099080E-11 -0.34103189E-11 -0.96515922E-13 -0.25444174E-03 -0.14297630E-11
    3    3    0.72728355E-02  0.78472060E-12  0.13115081E-01  0.13498352E-11  0.30387039E+00 -0.22556526E+00
    4    3    0.14201419E-01  0.12093588E-11  0.12556640E-01  0.29243754E-12 -0.22258677E-11  0.25705764E-11
    1    4   -0.48343253E-02 -0.24854186E-11 -0.63911658E-02 -0.18423776E-11 -0.28905798E-11 -0.39520859E-12
    2    4   -0.37725945E-11 -0.76732009E-12 -0.69997075E-11 -0.58014922E-12  0.14003925E-03 -0.38964606E-11
    3    4    0.61513250E-02  0.23113457E-11 -0.76682527E-02  0.24539392E-11  0.13385158E-11 -0.34388555E-11
    4    4   -0.78060339E-02 -0.13147580E-11 -0.13179171E-01 -0.26161005E-11  0.86820111E+00  0.21660045E-09

   -2    3    0
    1    1   -0.36140662E-03 -0.19810571E-11 -0.43262050E-03 -0.29670650E-11  0.19690360E+00 -0.98908117E+00
    2    1    0.19747026E-11  0.74860346E-12  0.88487926E-12 -0.11958190E-11 -0.11994933E-03  0.58848707E-11
    3    1   -0.10396034E-02 -0.20776299E-11  0.33321606E-02 -0.14293687E-11  0.32043746E-12 -0.67953901E-12
    4    1    0.41306831E-02  0.35397727E-11 -0.29157127E-02 -0.18164108E-11  0.37995327E-11  0.28577033E-11
    1    2    0.12475966E-11  0.38236756E-12  0.16631589E-11 -0.18521759E-11 -0.54110690E-03 -0.28729493E-12
    2    2    0.17662002E-05  0.15275224E-11  0.26812972E-05  0.16230682E-11  0.75188422E+00  0.65426753E+00
    3    2    0.75279335E-12  0.15606589E-11  0.34360889E-11  0.42658218E-13 -0.15013376E-04 -0.50505486E-11
    4    2    0.15510270E-11 -0.46002074E-11 -0.17924419E-11  0.68624450E-11  0.43015713E-04  0.29508771E-12
    1    3   -0.21786283E-02  0.42571373E-11 -0.20963342E-02 -0.15437117E-11  0.12975531E-11 -0.57794842E-12
    2    3    0.40631689E-11 -0.31688726E-12 -0.20998499E-11 -0.36876418E-11  0.19633501E-03 -0.56287448E-11
    3    3   -0.78007489E-02 -0.16810632E-11 -0.10421695E-01 -0.20152020E-11 -0.11161946E+01 -0.25422693E+00
    4    3   -0.14293979E-01  0.41762759E-11  0.34466102E-02  0.99510294E-12 -0.30611532E-11 -0.18602313E-11
    1    4    0.28493694E-02 -0.28731583E-11 -0.11451890E-02 -0.48542617E-11 -0.21764536E-12  0.21905213E-11
    2    4   -0.14590836E-11 -0.37524585E-11 -0.33121070E-11 -0.39205619E-11 -0.15498306E-03  0.40557659E-11
    3    4   -0.21303624E-02 -0.31544360E-11  0.17462996E-02  0.16402250E-11  0.16985712E-11 -0.44908185E-12
    4    4   -0.66187692E-03  0.95262871E-12 -0.13770118E-02  0.11957505E-11  0.26046033E+00 -0.92552444E+00

   -2    4    0
    1    1   -0.88284166E-03  0.98308926E-12 -0.88877717E-03  0.36344061E-12  0.86820111E-01 -0.75188422E+00
    2    1    0.14175702E-11  0.40919170E-11 -0.22946369E-11  0.58427789E-12  0.29598670E-03 -0.30860202E-11
    3    1   -0.23324211E-02  0.29352446E-11 -0.18276451E-03 -0.33562837E-11 -0.14694093E-11  0.29056424E-11
    4    1   -0.63679737E-03  0.14681628E-11  0.29322167E-02  0.17433245E-12 -0.33557297E-11 -0.15365295E-11
    1    2    0.12864526E-11 -0.43804434E-12 -0.46447675E-11  0.44692467E-11 -0.40452366E-04 -0.50567872E-11
    2    2    0.58219104E-06 -0.56268185E-12  0.68788373E-06 -0.13176123E-11  0.13891218E+01  0.30075369E+00
    3    2   -0.10455185E-11 -0.39268968E-12  0.43554475E-11  0.93475052E-12 -0.96086299E-04 -0.11479197E-11
    4    2    0.53742724E-11 -0.12790728E-11 -0.29702404E-11  0.48352178E-11  0.53978769E-04  0.23069955E-11
    1    3    0.19252696E-02  0.13752368E-10  0.12587845E-02  0.16857126E-11  0.10773628E-12  0.18987620E-11
    2    3    0.72705984E-12  0.16700361E-12 -0.47565468E-11 -0.22964631E-11  0.31143004E-04 -0.53246701E-12
    3    3    0.15889633E-02  0.29130665E-11  0.15524843E-02  0.25773025E-11  0.47751061E+00  0.11278263E+01
    4    3    0.38349976E-02 -0.89543704E-12 -0.71717441E-02  0.25348254E-12 -0.12240482E-11 -0.53816798E-11
    1    4   -0.65374227E-03 -0.16976351E-11  0.28988559E-02 -0.11325680E-10 -0.15383366E-11 -0.36394181E-11
    2    4   -0.44253713E-11 -0.19904722E-11  0.26002123E-11 -0.42630935E-11 -0.28966092E-04  0.88309931E-11
    3    4   -0.10460203E-02 -0.16556791E-11 -0.90863951E-03 -0.46640916E-12  0.16048470E-11 -0.18742509E-11
    4    4    0.32559483E-02 -0.15752677E-12  0.37999820E-02 -0.21363770E-13  0.78138100E+00 -0.15037684E+00

   -2    5    0
    1    1    0.87178789E-03 -0.15284505E-11  0.50377939E-03 -0.10474451E-11  0.86820111E-01 -0.24343036E+00
    2    1   -0.21983826E-11  0.25310712E-11 -0.24712591E-11  0.76795132E-12  0.29690976E-03 -0.16650234E-11
    3    1    0.12676559E-02  0.67200041E-11 -0.25045673E-02 -0.42186484E-11  0.48710021E-12  0.23343793E-11
    4    1   -0.18831692E-02  0.16526830E-11 -0.10492354E-02 -0.56011014E-11 -0.29862453E-11 -0.32526609E-11
    1    2    0.34257397E-11  0.13548926E-11  0.87665857E-13  0.55855819E-11  0.24758798E-03 -0.49577571E-11
    2    2    0.30555552E-06  0.32570062E-11  0.17641308E-06  0.12037650E-11 -0.19067020E+00  0.53795064E+00
    3    2   -0.63949798E-12 -0.17196289E-11  0.33033771E-11  0.15767872E-11  0.45430883E-04 -0.20698704E-11
    4    2    0.18356368E-11  0.83798988E-12 -0.11928711E-11  0.48348799E-12  0.24895086E-04  0.11676671E-11
    1    3   -0.86608401E-03  0.94394485E-11  0.10199545E-02 -0.74726418E-12 -0.40894301E-11 -0.41806540E-11
    2    3    0.99201979E-14  0.13125918E-11  0.17866294E-11 -0.41950339E-12  0.45206592E-05  0.16281510E-11
    3    3    0.10799296E-02  0.23236632E-11  0.11116111E-02  0.10596827E-11 -0.60462408E+00  0.17865093E-01
    4    3    0.28753174E-02  0.73218273E-12  0.19509488E-02 -0.10748003E-11  0.39959744E-12 -0.21333265E-11
    1    4   -0.55992986E-03  0.43912865E-11 -0.17385934E-02 -0.77263746E-11  0.11075471E-11 -0.13269448E-11
    2    4   -0.36361095E-12 -0.16737685E-12 -0.50804982E-11 -0.18535676E-12 -0.82200382E-07  0.56619712E-11
    3    4    0.47319769E-02 -0.78232885E-12 -0.12441294E-02 -0.59031140E-11 -0.27412467E-12 -0.42334625E-11
    4    4   -0.35676480E-02 -0.11878931E-12 -0.25319939E-02  0.96342422E-13  0.90226106E+00 -0.11689548E+01

   -1   -6    0
    1    1    0.37154272E-03 -0.51558584E-12  0.24266002E-04 -0.23189957E-12 -0.79841097E+00  0.68832749E+00
    2    1    0.29729432E-13  0.26610179E-11  0.48521872E-11 -0.28838848E-11  0.73540998E-04 -0.26006034E-11
    3    1   -0.90082906E-03  0.48447550E-12 -0.43736685E-03  0.29085908E-12  0.74195999E-11  0.12200689E-11
    4    1    0.10784289E-03  0.85234012E-12  0.33389685E-02 -0.42731827E-11 -0.17553723E-11 -0.34326047E-11
    1    2    0.40414361E-11  0.23745879E-11  0.31701466E-11  0.23476007E-11  0.51473696E-03 -0.42856747E-11
    2    2    0.10793008E-05  0.28908377E-11  0.48426697E-06  0.12177232E-11  0.15037684E+00 -0.34104704E+00
    3    2   -0.25921953E-11 -0.25959373E-11  0.35938818E-11  0.17429171E-11  0.10115652E-03  0.13434927E-11
    4    2    0.19776929E-11 -0.72848897E-12 -0.28388063E-11 -0.94841973E-12 -0.16299357E-03  0.54915182E-11
    1    3    0.32158625E-02  0.70678854E-11 -0.39301268E-03 -0.70026572E-13 -0.62419501E-11 -0.49743530E-11
    2    3    0.46474331E-11  0.41478809E-11  0.66317492E-11 -0.73926348E-12 -0.61151202E-04 -0.52914790E-11
    3    3   -0.15218139E-02 -0.76635616E-12 -0.53267696E-03 -0.36144330E-12  0.59071080E+00  0.53795064E+00
    4    3    0.24705869E-02  0.84596105E-12 -0.55877129E-02 -0.30470056E-11 -0.12373743E-11  0.23449333E-11
    1    4   -0.43585993E-03 -0.44870193E-11  0.37066406E-02 -0.49102296E-11 -0.37659088E-12 -0.17438984E-11
    2    4    0.75935254E-11 -0.19808594E-11 -0.10696860E-10 -0.63238833E-11  0.14863108E-03  0.37549226E-11
    3    4   -0.10906541E-02  0.99637497E-12 -0.81970114E-02 -0.26382722E-11  0.46129726E-12 -0.11201428E-11
    4    4    0.17992533E-03  0.16652478E-11  0.55947077E-03  0.10299521E-11  0.43410055E+00  0.53171724E+00

   -1   -5    0
    1    1   -0.10165080E-02  0.57190689E-11 -0.32306433E-03  0.21395584E-11  0.23263380E-01  0.16740682E+00
    2    1    0.26417981E-11  0.16114828E-11  0.14738407E-11  0.25382891E-11  0.31606851E-03 -0.28441429E-11
    3    1    0.17968715E-02 -0.32657472E-11 -0.34318555E-02  0.17279830E-11  0.27002220E-11 -0.26008793E-11
    4    1   -0.33124606E-02 -0.26852908E-11  0.81299892E-03  0.25107111E-12  0.50572565E-11 -0.15251812E-12
    1    2   -0.57665704E-12 -0.59978914E-12  0.24800299E-11 -0.11677466E-11 -0.89790321E-04 -0.24147931E-11
    2    2    0.57144035E-05  0.25397508E-12  0.20258420E-05 -0.17485153E-12 -0.77514760E+00  0.94878782E+00
    3    2    0.39079347E-12  0.27809423E-11  0.49826682E-11  0.28802069E-12 -0.44347557E-04 -0.38917829E-11
    4    2   -0.12780590E-11 -0.28093837E-11  0.17290648E-11  0.13461366E-11  0.59426263E-04  0.59515962E-11
    1    3    0.12770420E-03  0.74908873E-12  0.16048629E-03 -0.92303248E-11  0.17735674E-11  0.15439824E-12
    2    3   -0.14134138E-11  0.50525852E-11 -0.17268938E-11  0.22014997E-11  0.97908522E-04 -0.10011684E-11
    3    3    0.78013151E-03 -0.19245721E-11  0.25534847E-03 -0.98448120E-12 -0.31167011E-02  0.41128472E-01
    4    3   -0.45003203E-03  0.79943300E-12  0.24555029E-02  0.14488743E-11 -0.21229019E-11  0.11888946E-11
    1    4   -0.18216003E-02 -0.58723662E-11 -0.17532910E-02 -0.67861718E-11  0.50122462E-12  0.27874218E-11
    2    4    0.43303505E-11  0.12237892E-11 -0.33432525E-11 -0.58201198E-11 -0.87580117E-04  0.39460662E-12
    3    4    0.11792592E-01 -0.18493291E-12  0.21024324E-02 -0.90324170E-12  0.14178709E-11 -0.43836453E-13
    4    4   -0.61958236E-02  0.39686087E-12 -0.26162493E-02 -0.30846390E-12 -0.30075369E+00 -0.22016698E+00

   -1   -4    0
    1    1    0.24081065E-02 -0.10634785E-11  0.74090055E-03 -0.18265641E-12  0.67129751E+00  0.68832748E+00
    2    1   -0.69173651E-12  0.62280867E-11 -0.34917614E-12  0.61943829E-12 -0.54063272E-03 -0.14798074E-11
    3    1    0.15088065E-02  0.22503855E-11  0.49354596E-02 -0.15217981E-11  0.17714644E-11 -0.69282748E-11
    4    1    0.45096326E-02  0.61390874E-12 -0.71988941E-02  0.12609331E-12 -0.23160864E-11  0.91581431E-12
    1    2    0.18549926E-11 -0.11688345E-11 -0.20725768E-11  0.35427180E-11  0.48351597E-04  0.39082987E-11
    2    2    0.28254341E-04 -0.20419898E-11  0.80533329E-05 -0.55619767E-12 -0.22016698E+00 -0.17364022E+00
    3    2   -0.14270510E-11  0.12674936E-11  0.35548434E-11 -0.10349403E-11 -0.55149567E-04 -0.21765647E-12
    4    2   -0.71494231E-12  0.22620647E-11  0.45468873E-11 -0.34600566E-11 -0.29526806E-03 -0.38469431E-11
    1    3   -0.48362583E-02  0.15547733E-11 -0.74122484E-03 -0.26773893E-12 -0.42088058E-11 -0.12468589E-11
    2    3   -0.98075864E-12  0.27338959E-11 -0.27184567E-11  0.17938683E-11 -0.15501059E-03 -0.16696249E-12
    3    3    0.11804677E-01 -0.21174942E-11  0.35677058E-02 -0.16202035E-12  0.54106734E+00 -0.28912200E+00
    4    3    0.16300233E-02  0.12938596E-11 -0.11959858E-02 -0.12569301E-11 -0.16634838E-11  0.31189428E-12
    1    4    0.14422023E-02 -0.54984510E-11 -0.18795402E-02 -0.17505275E-11  0.24623124E-11 -0.10200367E-11
    2    4   -0.30951606E-11  0.22061315E-11  0.71469564E-12 -0.10736472E-11  0.13319571E-03  0.38559266E-11
    3    4   -0.13482236E-01 -0.18670799E-11  0.14362177E-01  0.21150118E-11  0.40441804E-11  0.28694538E-11
    4    4    0.20603829E-01  0.27110481E-11  0.61944814E-02  0.11197768E-11  0.13334687E+00 -0.57323329E-01

   -1   -3    0
    1    1   -0.16874769E-02  0.50738949E-12 -0.34641385E-03  0.20490380E-12  0.26046033E+00  0.62477075E+00
    2    1   -0.41737735E-11  0.34729784E-12 -0.13374068E-11 -0.22797617E-12 -0.46782853E-02  0.37808233E-12
    3    1   -0.70228077E-02 -0.27056151E-11  0.13678129E-08 -0.26270691E-11  0.78297825E-12 -0.91691215E-14
    4    1    0.22844820E-08 -0.85710997E-12  0.11550116E-01  0.84132248E-12 -0.17256912E-11  0.80393057E-12
    1    2    0.98119626E-12 -0.66803138E-11  0.34616011E-12 -0.57815157E-11  0.18196239E-03  0.33150264E-11
    2    2    0.16381905E-03 -0.11948821E-11  0.30799795E-04 -0.18172920E-12 -0.21393358E+00 -0.49765729E+00
    3    2    0.35084511E-11 -0.25779697E-11  0.15728871E-11 -0.22880598E-11  0.76632739E-03  0.44440988E-11
    4    2   -0.69178096E-12  0.44623282E-11  0.32680940E-11  0.15093178E-11  0.25053397E-03 -0.18085607E-11
    1    3    0.39294910E-02  0.17014211E-11 -0.34201989E-03 -0.16286038E-12 -0.42073458E-11  0.52805569E-11
    2    3   -0.33107819E-11 -0.11302918E-11 -0.54314919E-13 -0.20827505E-11 -0.58901454E-03 -0.32875446E-11
    3    3   -0.29390224E-01 -0.45482439E-11 -0.56754757E-02 -0.10249475E-11 -0.67129751E+00  0.11008349E+00
    4    3   -0.17591968E-02 -0.22215579E-11  0.22463275E-02  0.34985284E-12  0.24783469E-11 -0.50653170E-11
    1    4    0.41137114E-02 -0.19574921E-11  0.59110880E-02 -0.17971707E-11 -0.34376831E-12  0.21411624E-11
    2    4   -0.18860713E-11  0.73762925E-12 -0.13311974E-11  0.23103645E-11  0.97747132E-03  0.18197601E-11
    3    4   -0.19951169E-01  0.23220298E-11 -0.21621870E-01  0.34825780E-12  0.29737212E-12 -0.51279332E-12
    4    4   -0.33435160E-01 -0.59921729E-12 -0.63956966E-02 -0.23655925E-12  0.13363616E+01 -0.97205120E+00

   -1   -2    0
    1    1    0.10065292E-07  0.24330722E-11 -0.49559439E-05  0.19881666E-13 -0.19690360E+00  0.98908117E+00
    2    1   -0.36804425E-11 -0.16905718E-11  0.39731144E-11  0.14209764E-12  0.61488398E-02 -0.32874075E-11
    3    1   -0.89556300E-03 -0.27078719E-11 -0.66826170E-02  0.78944173E-12  0.37588232E-11 -0.29827961E-11
    4    1   -0.13209576E-01 -0.23315819E-11  0.28182299E-02 -0.11945902E-11  0.24891425E-11 -0.50493666E-11
    1    2    0.53510125E-11  0.27072436E-11  0.15135311E-11  0.76820834E-12 -0.38423582E-02  0.36129513E-11
    2    2    0.91557284E-10  0.20123239E-11 -0.21360324E-05 -0.84122379E-13  0.19067020E+00 -0.10123446E+01
    3    2    0.27547919E-11 -0.45226853E-11 -0.13274204E-12 -0.92270585E-12  0.16843393E-09 -0.27556788E-11
    4    2   -0.47799370E-11  0.15118669E-11  0.18951838E-11  0.10102857E-11 -0.48773548E-03  0.23794298E-11
    1    3    0.24058155E-01  0.46429066E-11  0.50815067E-02  0.13632411E-11 -0.41601028E-11  0.54002832E-12
    2    3    0.61135274E-11 -0.33161344E-11  0.28263071E-12 -0.14246300E-11  0.23755285E-09  0.25903156E-11
    3    3   -0.44508909E-08 -0.29603969E-11 -0.65092106E-04 -0.65441576E-13 -0.39069050E+00  0.79301269E+00
    4    3    0.54858977E-03 -0.18139387E-11 -0.34522662E-03 -0.11077469E-11  0.16028977E-11 -0.84002721E-12
    1    4   -0.99266058E-02 -0.86379020E-12 -0.69363130E-02  0.85546093E-13  0.10522283E-11 -0.12881379E-11
    2    4   -0.23616960E-11 -0.43719490E-11 -0.10144069E-11  0.24761699E-12 -0.39337186E-02 -0.61548850E-11
    3    4    0.76630427E-01  0.10158586E-11 -0.54391982E-02  0.88204424E-13  0.89245573E-12  0.13100738E-11
    4    4    0.25358721E-08 -0.54860738E-12 -0.11535760E-03  0.78541991E-13 -0.86820111E+00  0.85312049E-10

   -1   -1    0
    1    1   -0.11500094E+00  0.32385277E-11  0.66395819E-01 -0.17339103E-11  0.20479525E+01 -0.12557749E+01
    2    1    0.29253706E-11  0.22977408E-11 -0.27671490E-11 -0.18579965E-11  0.14281603E-01 -0.71010836E-11
    3    1   -0.44007555E-01  0.12505189E-11  0.57561625E-01 -0.13626662E-11  0.47610937E-11 -0.26091925E-11
    4    1    0.60883342E-01 -0.13800907E-11 -0.10537410E+00  0.20237289E-11 -0.13136400E-11 -0.20029829E-11
    1    2   -0.47473879E-11  0.24202388E-11  0.55275726E-12 -0.10040908E-11  0.14315035E-01 -0.34610554E-11
    2    2    0.37842923E-02 -0.33831722E-11 -0.21848622E-02  0.21913829E-11  0.10588713E+01 -0.11859848E+01
    3    2    0.30556301E-12 -0.37402047E-11 -0.22388926E-12  0.12243399E-11 -0.86671413E-02 -0.31693035E-11
    4    2    0.50728690E-11  0.28132511E-11 -0.29819179E-11 -0.12990617E-11 -0.40096782E-02 -0.80439453E-11
    1    3   -0.14582002E+00 -0.90599491E-11  0.47865970E-02  0.12895807E-12  0.45459799E-11  0.26879693E-13
    2    3   -0.34399587E-11  0.26333188E-12  0.14548320E-11  0.57834643E-13 -0.61338173E-03  0.33353095E-11
    3    3    0.15692089E+00 -0.21725165E-11 -0.90598324E-01  0.10096546E-11  0.12293948E+01  0.76351591E+00
    4    3    0.30699869E-01  0.15434348E-11 -0.24292257E-01 -0.13318196E-11 -0.32414995E-11 -0.16709361E-11
    1    4   -0.95438212E-03 -0.10965241E-13  0.15677511E-02 -0.10806996E-12  0.78583964E-12  0.23037017E-11
    2    4   -0.50734678E-11 -0.34617384E-11  0.27869541E-11  0.16256356E-11  0.98416203E-02 -0.34445975E-11
    3    4   -0.37004445E-01  0.15534598E-11  0.49502084E-01 -0.13801719E-11 -0.17869091E-11  0.12445381E-11
    4    4    0.14044952E+00 -0.12584846E-11 -0.81088558E-01  0.73016745E-12  0.78138100E+00 -0.89146449E+00

   -1    0    0
    1    1   -0.10033693E-11 -0.84887067E-13 -0.13301682E+00  0.66660609E-11 -0.37054382E+00 -0.21393358E+00
    2    1   -0.28443443E-12 -0.59798148E-13  0.13853225E-11 -0.40449756E-11  0.61464855E-02 -0.14679430E-10
    3    1   -0.41384197E-02 -0.45225595E-12 -0.14586153E-01 -0.16395443E-11 -0.24609555E-11 -0.22481273E-12
    4    1   -0.12537888E-02  0.24019632E-12  0.10730712E-01  0.73665275E-12  0.28673583E-11  0.19420349E-11
    1    2    0.14747508E-11  0.14544038E-11 -0.70053445E-11 -0.32946837E-11 -0.16647568E+00 -0.52818242E-11
    2    2   -0.45353738E-12  0.11635929E-12  0.43697242E-02  0.12985245E-10 -0.15037684E+00 -0.51468726E+00
    3    2   -0.30327530E-12 -0.59128343E-12 -0.32845260E-12  0.19283845E-11 -0.80239738E-02 -0.82438091E-12
    4    2    0.27915538E-12  0.25812044E-12 -0.67944983E-11  0.75877718E-12 -0.51503126E-02 -0.68893906E-11
    1    3    0.22423650E-01 -0.12293015E-11 -0.46432142E-01  0.23645462E-11 -0.32945925E-11 -0.13609775E-11
    2    3   -0.81230611E-12  0.75713356E-12  0.36234783E-11  0.27591071E-11  0.80239753E-02 -0.84776472E-11
    3    3    0.99497090E-11  0.10478369E-12  0.15254960E+00 -0.47983644E-12 -0.67129751E+00  0.31778366E+00
    4    3    0.10489885E-01  0.15569986E-12 -0.42160700E-01  0.27896924E-11 -0.27753650E-11 -0.22915110E-11
    1    4   -0.48272164E-01  0.85277908E-12  0.73222120E-01 -0.17916609E-11  0.64284142E-11  0.91360452E-12
    2    4    0.47330228E-12  0.11453544E-11  0.45965858E-11 -0.50756790E-11 -0.51503107E-02 -0.88820098E-11
    3    4   -0.17242839E-01  0.83321316E-12  0.52112878E-01 -0.31024225E-11  0.16696278E-11  0.26524317E-11
    4    4   -0.46274709E-11  0.62588064E-13  0.19096748E+00 -0.11692290E-11 -0.60774078E+00  0.23263378E-01

   -1    1    0
    1    1   -0.17324720E-03  0.16112464E-11 -0.29010853E-03  0.29469539E-11 -0.23096355E+00 -0.86820111E-01
    2    1    0.56189054E-12  0.19310279E-11  0.74545714E-12  0.24301451E-11 -0.46708557E-02  0.13065059E-11
    3    1    0.40881199E-02  0.19677028E-12 -0.52516636E-02  0.18024263E-11  0.11467209E-11  0.30493980E-11
    4    1   -0.69100520E-02 -0.25487543E-11 -0.67993972E-02 -0.68822828E-11 -0.52554197E-11 -0.31887895E-11
    1    2    0.14613920E-11  0.17018217E-11 -0.13974503E-12  0.16342168E-11  0.14281595E-01 -0.17747794E-11
    2    2   -0.18498615E-05  0.21096063E-11  0.10680105E-05  0.38838889E-11 -0.47439391E+00  0.77514760E+00
    3    2   -0.15200502E-12 -0.22965151E-12  0.60556072E-12  0.36408816E-11 -0.44482857E-03 -0.44021486E-12
    4    2    0.24823227E-11  0.16843893E-11  0.23327377E-11  0.41874362E-11  0.27983435E-03  0.16709514E-11
    1    3   -0.35479425E-01  0.26725755E-11 -0.64391688E-01  0.58291802E-11 -0.68121396E-11 -0.36111142E-11
    2    3   -0.11549098E-11  0.97058915E-12 -0.19451861E-11  0.17261602E-11 -0.32562525E-02 -0.53585119E-11
    3    3    0.19481253E-01  0.67344101E-12  0.33933960E-01  0.11906977E-11  0.89936813E-01  0.29535540E+00
    4    3    0.34859797E-01  0.74535918E-13  0.47100859E-01 -0.23088066E-12 -0.63017478E-12 -0.50714284E-12
    1    4   -0.56529578E-01  0.46352362E-11 -0.11252597E+00  0.85707502E-11  0.19894997E-11  0.14601183E-11
    2    4    0.23273789E-11 -0.63051828E-12  0.75125742E-11 -0.56142878E-11  0.16552569E-02  0.10205056E-11
    3    4    0.95338581E-03  0.29992095E-12 -0.20942648E-01  0.25177369E-11 -0.50520459E-12  0.39563513E-11
    4    4   -0.19767646E-01  0.24848873E-12 -0.34090133E-01  0.37094253E-12 -0.46526757E-01 -0.22016698E+00

   -1    2    0
    1    1   -0.10634467E-02 -0.25552770E-12 -0.11961383E-02 -0.26107502E-12 -0.49765729E+00 -0.13334687E+00
    2    1   -0.19290244E-11  0.41360966E-11 -0.13685975E-11  0.31442360E-11 -0.54041260E-03  0.94552222E-11
    3    1    0.40535714E-03 -0.17056848E-11  0.58327360E-02  0.14473762E-11  0.19656091E-11  0.20160162E-11
    4    1    0.53477358E-02 -0.13294356E-11 -0.19364850E-02 -0.39156170E-12  0.26422310E-11 -0.44247652E-11
    1    2    0.16123570E-11  0.49328825E-11  0.10835345E-12  0.53459684E-11 -0.38386382E-02  0.32715345E-11
    2    2    0.10858291E-03  0.15517447E-11  0.12647154E-03  0.18107527E-11  0.30075369E+00 -0.38134039E+00
    3    2    0.16830839E-11 -0.68555257E-12 -0.16368497E-11 -0.14126672E-11  0.60339913E-03 -0.40610589E-11
    4    2   -0.20216888E-11  0.22837290E-12 -0.85349262E-12  0.80488275E-13  0.52766183E-03  0.41562212E-11
    1    3   -0.13014606E-02 -0.50132822E-11  0.45322705E-02 -0.46123847E-11 -0.28308462E-11 -0.61980778E-12
    2    3    0.18849784E-11 -0.13678605E-12  0.35540157E-11  0.14161106E-12  0.52336942E-03  0.12033082E-11
    3    3   -0.28758155E-01 -0.17896035E-11 -0.33121965E-01 -0.18583024E-11  0.13627417E+01  0.11340597E+01
    4    3   -0.27442157E-01  0.13904605E-11 -0.27664758E-03 -0.74566170E-12  0.18357464E-11  0.18067155E-11
    1    4    0.20027510E-01  0.13535451E-13  0.18877015E-01  0.23647333E-11 -0.57367329E-12 -0.30809702E-11
    2    4    0.11213431E-11  0.10892286E-11  0.20925426E-11 -0.12202013E-11 -0.93939378E-03 -0.25663595E-11
    3    4    0.11365358E-02  0.24037372E-13  0.46248280E-02 -0.81799327E-12  0.16341660E-11  0.17837805E-11
    4    4   -0.12599177E-01 -0.23879753E-11 -0.14662290E-01 -0.31764467E-11 -0.86820111E-01  0.23096355E+00

   -1    3    0
    1    1    0.18173323E-02  0.25272124E-12  0.16886772E-02  0.25214553E-12 -0.38757380E+00 -0.14464451E+01
    2    1    0.10949870E-11 -0.36814072E-11 -0.29409858E-11  0.82342516E-12  0.31362889E-03  0.10342486E-10
    3    1   -0.20897931E-02 -0.10342824E-11 -0.15854328E-02  0.26645195E-11  0.78252293E-11 -0.22538700E-11
    4    1   -0.87565171E-03 -0.44034058E-11  0.41141041E-02 -0.26814401E-11  0.21936152E-11  0.42069663E-11
    1    2    0.52809172E-11  0.57510798E-11  0.49125818E-11 -0.10528624E-13  0.17889298E-03 -0.20679649E-11
    2    2    0.21101556E-04 -0.65354319E-12  0.20442306E-04 -0.50938398E-12  0.30698709E+00  0.49765729E+00
    3    2    0.21540774E-11  0.52207847E-12 -0.11460393E-11 -0.23305637E-11 -0.28444719E-03 -0.42610889E-11
    4    2   -0.16177587E-11 -0.26366274E-11 -0.62460320E-12  0.26553895E-11  0.10556416E-03  0.93649418E-12
    1    3    0.71629568E-02 -0.29177834E-11  0.24881504E-02 -0.52308344E-11 -0.99695791E-13 -0.43236316E-11
    2    3    0.20895845E-12 -0.72768715E-11 -0.14152307E-11 -0.21812680E-11  0.40781657E-04 -0.21576197E-11
    3    3    0.94272126E-02 -0.31191070E-11  0.87996818E-02 -0.26195721E-11  0.57323329E-01  0.23719695E+00
    4    3    0.39765189E-02  0.23820619E-11 -0.17223482E-01 -0.26675550E-11 -0.24221198E-11  0.89601471E-11
    1    4   -0.22888544E-02 -0.44156679E-11  0.27401655E-02  0.11287877E-11 -0.15798479E-11 -0.10199225E-11
    2    4   -0.68357948E-13  0.28630225E-11  0.13515706E-11  0.45133957E-12 -0.20170212E-03  0.17026738E-11
    3    4   -0.16576761E-02 -0.12396262E-12  0.31949377E-02  0.34563306E-11  0.30976015E-12  0.28528184E-11
    4    4    0.14873523E-01 -0.51047404E-12  0.14056642E-01  0.18753640E-12  0.40293354E-01 -0.97205120E+00

   -1    4    0
    1    1   -0.78448641E-03 -0.22380106E-11 -0.71598504E-03 -0.21703108E-11  0.11922182E+01 -0.21393358E+00
    2    1    0.55230507E-11 -0.69284963E-11 -0.51332053E-11  0.75929582E-13  0.73700041E-04  0.54686687E-11
    3    1    0.20397038E-02 -0.22851894E-11 -0.14035217E-02  0.67426226E-12  0.51507156E-11 -0.40766367E-11
    4    1   -0.23037141E-02 -0.23853641E-11 -0.34785513E-03  0.18512833E-11 -0.64652699E-11  0.45302961E-11
    1    2   -0.21526184E-11 -0.27909807E-11  0.18525825E-11  0.21351475E-11  0.50823370E-04 -0.71299943E-11
    2    2    0.46116365E-05 -0.20945186E-11  0.39359007E-05 -0.17862651E-11  0.11008349E+00  0.23719695E+00
    3    2   -0.22928112E-11 -0.60992599E-12  0.11644220E-11 -0.14503783E-11  0.30762609E-04 -0.22070267E-11
    4    2    0.34721697E-11  0.31657551E-11 -0.50237205E-11 -0.24859242E-13 -0.69016109E-04  0.62902215E-11
    1    3   -0.23999203E-02  0.36707302E-11 -0.46187782E-04  0.46535844E-12  0.13949961E-11  0.51964813E-11
    2    3    0.49954422E-11 -0.33412549E-11  0.20066340E-12 -0.99591459E-12 -0.25792598E-04 -0.26678853E-11
    3    3    0.23756298E-02 -0.40796956E-11  0.20990973E-02 -0.35689290E-11  0.65115083E+00  0.35267873E+00
    4    3    0.89407249E-02  0.63554487E-12  0.71522647E-02 -0.24139267E-12 -0.65701030E-11 -0.25151962E-11
    1    4   -0.22056688E-02 -0.46156435E-11 -0.43984612E-02 -0.38098606E-11  0.11972241E-11 -0.52900884E-12
    2    4   -0.45991250E-12 -0.25926549E-11  0.17900924E-11  0.26063758E-11  0.12577420E-03  0.53181775E-11
    3    4    0.33011580E-02 -0.15447114E-11 -0.38459372E-02  0.16817309E-11  0.38469523E-11 -0.86488354E-12
    4    4   -0.71695777E-02 -0.54121009E-12 -0.56333430E-02 -0.86459811E-12 -0.42786715E+00  0.69456089E+00

   -1    5    0
    1    1    0.21043501E-03 -0.33961308E-11  0.31218447E-03 -0.24765589E-11 -0.67129751E+00 -0.86820111E-01
    2    1    0.29667127E-11  0.42500801E-11 -0.74728871E-11 -0.53296407E-11  0.10200959E-03 -0.32031597E-11
    3    1   -0.45227972E-04  0.78853617E-13  0.25960205E-02 -0.42811351E-11  0.16795714E-11  0.46105474E-12
    4    1    0.26895028E-02 -0.17409099E-11 -0.28299535E-02  0.35793081E-12 -0.29738163E-11 -0.18548042E-12
    1    2    0.13339507E-11 -0.18716857E-11 -0.19719292E-11  0.82939832E-11 -0.89624761E-04 -0.96715485E-11
    2    2    0.95904710E-06  0.68461491E-12  0.69257430E-06  0.30505242E-12  0.75811762E+00 -0.15661025E+00
    3    2   -0.15417679E-12 -0.56809596E-12 -0.81313450E-12  0.16860791E-11 -0.92147421E-04  0.36481767E-11
    4    2    0.35597058E-11 -0.46216766E-11 -0.41101867E-11  0.35351975E-11  0.16528573E-03  0.13306788E-10
    1    3   -0.19453371E-02  0.40957022E-11 -0.65106969E-03  0.60587975E-11 -0.54346677E-11  0.29881592E-11
    2    3    0.11331650E-11  0.56953394E-11  0.24091315E-11 -0.45016609E-11  0.97992003E-04 -0.21678741E-11
    3    3   -0.24472796E-02  0.65147388E-12 -0.19679755E-02  0.51396561E-12  0.60440031E-01  0.63640244E+00
    4    3   -0.78724341E-02 -0.16428894E-11  0.38580045E-02 -0.15966449E-11  0.33640534E-12 -0.43069277E-12
    1    4    0.13895296E-02  0.29448203E-11  0.40525767E-03 -0.81444062E-11  0.25313045E-11 -0.38332629E-11
    2    4   -0.10579226E-11 -0.26709194E-11 -0.13847567E-11 -0.23160727E-11 -0.12731512E-03  0.82804761E-11
    3    4   -0.39368330E-02 -0.76033429E-12  0.58188749E-02  0.28369426E-11  0.12434750E-11 -0.19146700E-11
    4    4    0.21293914E-02 -0.19268523E-11  0.99665766E-03 -0.10715151E-11 -0.38757380E+00 -0.23096355E+00

    0   -6    0
    1    1   -0.68989493E-03  0.64852052E-16 -0.39831102E-03  0.64507153E-15 -0.17364022E+00  0.15274197E-08
    2    1   -0.38372492E-11  0.45007154E-11  0.23409358E-11 -0.81303686E-11  0.16638012E-03 -0.84770990E-11
    3    1    0.81067020E-03 -0.94686178E-12 -0.16196547E-02  0.39818501E-11 -0.33537926E-11  0.22104480E-11
    4    1   -0.32299514E-02 -0.38235047E-11  0.10379836E-02  0.51121652E-11  0.11386918E-11 -0.31605692E-11
    1    2    0.14172368E-11  0.21602726E-11 -0.37381306E-11 -0.94816239E-11  0.16638011E-03  0.84768965E-11
    2    2    0.10062185E-05  0.52431183E-15  0.58094046E-06  0.30271147E-15 -0.15627620E+01  0.65461057E-09
    3    2    0.20221742E-11  0.25402107E-11 -0.25909321E-11 -0.45801105E-11 -0.53079680E-04  0.54503717E-11
    4    2    0.34798436E-13 -0.20094253E-11  0.15065466E-12  0.11435891E-11 -0.34625804E-04  0.46839968E-11
    1    3   -0.55407832E-03 -0.50665989E-11  0.17677981E-02  0.17721075E-11 -0.33537741E-11 -0.22104510E-11
    2    3   -0.51265113E-13  0.27459390E-11  0.37288370E-11 -0.44613332E-11 -0.53079682E-04 -0.54503651E-11
    3    3    0.85117901E-03  0.45326137E-15  0.49142843E-03  0.30744823E-15 -0.26046033E+00  0.98191081E-09
    4    3    0.27392123E-02 -0.26150192E-11  0.48447913E-02  0.21454937E-11  0.17641506E-11 -0.90140819E-12
    1    4   -0.12147532E-02  0.18848960E-11 -0.36041351E-02  0.81741093E-11  0.11386746E-11  0.31606031E-11
    2    4    0.86176735E-12 -0.11207605E-11  0.36697784E-12  0.16566599E-11 -0.34625802E-04 -0.46839923E-11
    3    4    0.55147705E-02 -0.55138001E-12 -0.79352101E-04  0.31863335E-11  0.17641470E-11  0.90141987E-12
    4    4   -0.58651650E-02  0.47356548E-15 -0.33862546E-02  0.22684390E-15  0.86820111E+00  0.15274196E-08

    0   -5    0
    1    1    0.83746953E-05  0.33458065E-11  0.48351491E-05  0.18721929E-11 -0.40293354E-01 -0.10061111E+01
    2    1   -0.20779375E-11  0.18438882E-11 -0.75946035E-13  0.70648796E-12 -0.29010391E-03  0.68686181E-12
    3    1   -0.17652732E-03 -0.53482617E-11  0.41761089E-02  0.13236989E-10  0.18349249E-11 -0.27190882E-11
    4    1    0.30274081E-02 -0.47221039E-11 -0.34975914E-02 -0.25292160E-11  0.55226271E-11 -0.41782944E-11
    1    2   -0.14460355E-11 -0.27905850E-12  0.43245317E-11 -0.33529775E-12  0.16542631E-03  0.49803994E-11
    2    2    0.31152226E-05  0.17141575E-11  0.17985746E-05  0.99250274E-12  0.12557749E+01 -0.49765729E+00
    3    2   -0.66787735E-12 -0.28645642E-11  0.19288413E-11 -0.20269046E-11 -0.84965976E-05 -0.64067694E-12
    4    2    0.14508172E-11 -0.63130343E-11 -0.37910395E-11  0.59412032E-11 -0.54151781E-04  0.20045733E-11
    1    3   -0.26086072E-02 -0.46965517E-11 -0.19861928E-04  0.26716728E-11  0.16986316E-11 -0.72439267E-12
    2    3    0.31239034E-11  0.44782881E-11  0.22540283E-11  0.37130720E-12 -0.51803096E-04 -0.37664251E-11
    3    3    0.28001053E-02  0.13073261E-11  0.16166415E-02  0.92771992E-12  0.82479106E+00  0.87359940E+00
    4    3   -0.30665431E-02 -0.16753271E-11  0.93727797E-03  0.87942322E-13 -0.22572568E-12  0.21856823E-11
    1    4    0.29817296E-02  0.29084961E-11 -0.15533275E-02  0.11292078E-11 -0.79295810E-12 -0.97996706E-12
    2    4    0.21795646E-11 -0.45898721E-12 -0.79024503E-12 -0.10658660E-10  0.23460609E-04 -0.33314399E-11
    3    4   -0.83999167E-02  0.25647899E-11  0.85470045E-02 -0.18448143E-11 -0.38750367E-11  0.19367467E-11
    4    4    0.67426367E-02 -0.33775012E-12  0.38928631E-02 -0.26742692E-12  0.68832748E+00 -0.15270318E+01

    0   -4    0
    1    1    0.26206861E-02  0.26497879E-12  0.15130538E-02  0.10190980E-12  0.86820110E-01  0.15037684E+00
    2    1    0.89855074E-12  0.51627382E-11 -0.15135644E-11 -0.73635721E-12  0.25014597E-03  0.11061002E-11
    3    1   -0.13037175E-02  0.21169112E-11 -0.25966060E-02  0.50410529E-11  0.14712020E-11 -0.31854043E-11
    4    1    0.70877436E-03 -0.49890602E-11  0.48137318E-02  0.33160043E-11  0.17833897E-11 -0.14388226E-11
    1    2    0.43860448E-12  0.15097993E-12 -0.53833803E-11  0.56685086E-12 -0.29015211E-03  0.61708449E-11
    2    2    0.22591840E-04  0.24142275E-11  0.13043152E-04  0.13625312E-11  0.86820112E-01 -0.10526379E+01
    3    2   -0.20291918E-11  0.17325824E-11 -0.11529409E-12  0.24169267E-11  0.21849720E-03 -0.69690680E-11
    4    2    0.13868803E-11 -0.34613759E-11 -0.18310498E-11  0.21819833E-11 -0.10195762E-03  0.25091985E-12
    1    3    0.36345000E-02 -0.46702305E-11  0.40670423E-04 -0.18574022E-11  0.13879604E-11  0.14572318E-11
    2    3   -0.14420927E-11  0.83121810E-11 -0.16481539E-11 -0.40477008E-12  0.16899284E-04  0.15853146E-11
    3    3   -0.96109470E-02  0.33797249E-12 -0.55488831E-02  0.19424219E-11 -0.47751061E+00  0.52631895E+00
    4    3    0.24343916E-02  0.19067631E-11 -0.14085272E-02  0.11177667E-11  0.18629700E-11  0.75730643E-12
    1    4   -0.12668182E-02 -0.27950228E-11  0.51047786E-02  0.10806224E-10  0.26292821E-11 -0.20371261E-11
    2    4   -0.60526755E-11 -0.85666978E-12 -0.19675636E-11 -0.12566892E-10  0.24132701E-03  0.30235410E-11
    3    4   -0.25755776E-02  0.15546045E-11 -0.17337982E-01  0.22508302E-11 -0.24167333E-11 -0.43414814E-12
    4    4   -0.42137039E-02  0.15621319E-11 -0.24327833E-02 -0.85543486E-12  0.13023017E+01  0.75188422E+00

    0   -3    0
    1    1   -0.59682043E-02 -0.31019128E-11 -0.34457443E-02 -0.18123541E-11  0.15627620E+01 -0.13891218E+01
    2    1    0.41540225E-11  0.10019146E-12  0.44052222E-12  0.10313923E-11 -0.57119430E-03 -0.46953888E-11
    3    1   -0.51086826E-03  0.49125158E-11 -0.34723674E-02  0.87091523E-12 -0.29683791E-11  0.82729714E-12
    4    1   -0.83673872E-02 -0.43311608E-11 -0.57865183E-02  0.52656803E-11 -0.35997045E-11  0.44774106E-11
    1    2    0.45674003E-12 -0.48051021E-12 -0.35837524E-11  0.27549458E-11  0.25252971E-03  0.11007837E-11
    2    2    0.13019635E-03  0.24433363E-12  0.75168895E-04  0.16630360E-13 -0.86820111E+00  0.34728044E+00
    3    2    0.21455464E-11  0.19836081E-11 -0.19712600E-11  0.24847664E-11 -0.22969583E-03 -0.43379501E-11
    4    2    0.38254526E-11 -0.67360729E-12  0.32466423E-11  0.25682546E-13  0.32909821E-04 -0.81371548E-11
    1    3    0.89344539E-04 -0.34839036E-11  0.21481019E-02 -0.45939928E-12  0.38233787E-11  0.13573475E-11
    2    3    0.16973966E-11  0.63489895E-11  0.54046540E-13  0.16295230E-11 -0.69352127E-04 -0.34884888E-11
    3    3    0.38724332E-02  0.70491139E-13  0.22357504E-02  0.24101641E-12 -0.60774078E+00  0.17364022E+00
    4    3   -0.37237006E-02 -0.23929737E-11  0.86433712E-03 -0.37899269E-12  0.72278496E-12 -0.38625104E-12
    1    4   -0.25560259E-02  0.11638901E-11 -0.51201405E-02  0.38838094E-11  0.24527637E-11  0.43327236E-12
    2    4   -0.34596487E-11  0.10355873E-11 -0.26006656E-11 -0.45845944E-12 -0.22318726E-03  0.45657725E-11
    3    4    0.30742828E-01  0.19041752E-11  0.15584918E-01  0.20932487E-11  0.20654812E-11 -0.16870615E-11
    4    4   -0.15566812E-01 -0.33584587E-11 -0.89875033E-02 -0.21336017E-11  0.34728044E+00 -0.19100424E+01

    0   -2    0
    1    1   -0.97891847E-03 -0.67152364E-11 -0.56517788E-03 -0.38495930E-11 -0.95502122E+00  0.10526379E+01
    2    1    0.20037081E-11 -0.13788419E-11  0.11691206E-12  0.32999548E-12  0.61488372E-02  0.42472627E-11
    3    1   -0.89555984E-03  0.20610097E-11  0.66826168E-02  0.12147067E-11 -0.29638966E-11  0.90492437E-12
    4    1    0.13209570E-01 -0.49806655E-11  0.28182273E-02 -0.10142887E-11 -0.36974143E-11  0.12808873E-11
    1    2    0.60799530E-11 -0.57488809E-12  0.37073881E-11 -0.26043941E-11 -0.59518111E-03  0.17484319E-11
    2    2    0.16569681E-02 -0.26430021E-11  0.95665097E-03 -0.15948124E-11 -0.13023017E+01  0.45113053E+00
    3    2   -0.64387626E-12 -0.31491390E-11 -0.80615274E-12 -0.17933057E-11  0.65323238E-03 -0.19599841E-11
    4    2    0.39094519E-12  0.20558508E-11 -0.12071453E-11  0.47597419E-12 -0.77179761E-03  0.40409791E-11
    1    3   -0.87337843E-02 -0.40739581E-13 -0.78889645E-02  0.24510026E-11 -0.38897215E-11  0.12911882E-11
    2    3   -0.13724905E-11  0.95923365E-12 -0.10542931E-11  0.33534571E-12 -0.37137330E-03 -0.39900285E-12
    3    3    0.44497906E-01 -0.18813536E-11  0.25690878E-01 -0.11032525E-11 -0.11720715E+01  0.67669580E+00
    4    3   -0.28810515E-02 -0.13924143E-11 -0.45155898E-02 -0.13676988E-11  0.21654502E-11 -0.12970615E-11
    1    4    0.40234942E-02  0.31843680E-11  0.15735616E-02  0.26538365E-11  0.81051041E-12  0.53274678E-12
    2    4   -0.24767923E-11 -0.44729285E-12 -0.14110976E-11 -0.29008579E-12  0.94841257E-03 -0.35934710E-11
    3    4   -0.38139349E-01  0.17464030E-11  0.68080824E-03  0.15783481E-11 -0.59720775E-12  0.66195528E-13
    4    4    0.68171544E-01  0.13993286E-11  0.39358859E-01  0.70486564E-12  0.60774078E+00  0.10526379E+01

    0   -1    0
    1    1    0.11500093E+00  0.83720438E-11  0.66395812E-01  0.49895218E-11  0.56121402E+00  0.17006720E+01
    2    1    0.51727371E-11  0.59513674E-11  0.20303660E-11 -0.12511151E-12 -0.16643683E+00  0.80888714E-11
    3    1    0.10842872E+00 -0.26301275E-11 -0.14743053E-08  0.44878631E-12  0.95123630E-14  0.15963874E-11
    4    1    0.37008141E-08 -0.65769405E-11 -0.62934457E-02 -0.21582157E-12 -0.74260802E-12 -0.60160004E-11
    1    2    0.41128612E-11  0.27422700E-11  0.35622299E-11  0.40251308E-11  0.61634743E-02  0.21752003E-11
    2    2   -0.37842921E-02 -0.51665979E-11 -0.21848621E-02 -0.28489661E-11  0.65426753E+00 -0.19690360E+00
    3    2   -0.25483052E-11 -0.45085623E-11 -0.14498693E-11 -0.20912062E-11  0.86671401E-02  0.18540728E-11
    4    2    0.36739692E-11 -0.23546957E-11  0.20212483E-11 -0.10002372E-11 -0.40096771E-02 -0.12036132E-11
    1    3    0.10465521E-01  0.13686398E-11  0.90588492E-02  0.12585738E-11 -0.10319289E-11  0.13305147E-11
    2    3    0.27985951E-11  0.94052232E-12  0.11820218E-11  0.83530008E-12  0.61338395E-03  0.47616450E-11
    3    3   -0.15692088E+00  0.43658946E-12 -0.90598322E-01 -0.66215913E-13  0.82479105E+00 -0.17903851E+00
    4    3    0.29680928E-01  0.62415066E-13  0.23250690E-01  0.60206435E-12  0.17124437E-12  0.23560216E-12
    1    4   -0.62315109E-02  0.20161534E-12  0.16451056E-03 -0.19044322E-12 -0.13797943E-11 -0.67980610E-11
    2    4   -0.37518280E-11  0.15947417E-11 -0.21639137E-11  0.86084074E-12  0.98416182E-02  0.25229615E-11
    3    4   -0.59640062E-01  0.25329791E-11 -0.43117200E-01  0.16974399E-11  0.13244239E-12 -0.23286156E-11
    4    4   -0.14044952E+00 -0.41345450E-11 -0.81088561E-01 -0.26155438E-11 -0.51468726E+00  0.11797514E+01

    0    0    0
    1    1   -0.61658742E-07  0.00000000E+00  0.18971551E+01  0.00000000E+00 -0.22573229E+01  0.00000000E+00
    2    1    0.52398654E-11 -0.20168264E-12  0.55337336E-11  0.17000514E-12 -0.16647567E+00  0.38491877E-11
    3    1    0.22785666E-01 -0.14231726E-11  0.50129971E-01 -0.27654853E-11  0.54851154E-12 -0.44772627E-11
    4    1    0.52418430E-01  0.87528834E-12  0.73369397E-01 -0.10122139E-12  0.76720484E-12  0.12480981E-11
    1    2    0.52398654E-11  0.20168264E-12  0.55337336E-11 -0.17000514E-12 -0.16647567E+00 -0.38491913E-11
    2    2    0.16417723E+01  0.00000000E+00  0.94787767E+00  0.00000000E+00  0.19100424E+01  0.00000000E+00
    3    2   -0.35041556E-11 -0.62495676E-11  0.21971107E-11  0.13472430E-11  0.43695594E-08  0.77250864E-12
    4    2    0.39331714E-11  0.21400669E-11 -0.29603264E-11 -0.26902717E-11  0.14479669E-02  0.11884629E-11
    1    3    0.22785666E-01  0.14252971E-11  0.50129971E-01  0.26903372E-11  0.54850227E-12  0.44772527E-11
    2    3   -0.35041556E-11  0.62495676E-11  0.21971107E-11 -0.13472430E-11  0.43695594E-08 -0.77250891E-12
    3    3    0.16417723E+01  0.00000000E+00  0.10907435E+01  0.00000000E+00 -0.60774078E+00  0.00000000E+00
    4    3    0.13236480E+00  0.30540353E-11 -0.77080753E-02 -0.31872663E-12 -0.41063065E-11 -0.10998435E-11
    1    4    0.52418430E-01 -0.87044217E-12  0.73369397E-01  0.64606266E-13  0.76720088E-12 -0.12481328E-11
    2    4    0.39331714E-11 -0.21400669E-11 -0.29603264E-11  0.26902717E-11  0.14479669E-02 -0.11884637E-11
    3    4    0.13236480E+00 -0.30543666E-11 -0.77080753E-02  0.29892576E-12 -0.41063170E-11  0.10998375E-11
    4    4    0.16417723E+01  0.00000000E+00  0.80247841E+00  0.00000000E+00  0.52092067E+00  0.00000000E+00

    0    1    0
    1    1    0.11500093E+00 -0.83720438E-11  0.66395812E-01 -0.49895218E-11  0.56121402E+00 -0.17006720E+01
    2    1    0.39527609E-11 -0.38404430E-11  0.36907096E-11 -0.26090956E-11  0.61634743E-02 -0.21751713E-11
    3    1    0.11099970E-01 -0.14934799E-11  0.89843968E-02 -0.13298234E-11 -0.10319482E-11 -0.13305218E-11
    4    1   -0.33132792E-02 -0.32713624E-12 -0.51263921E-02  0.30395906E-13 -0.13797813E-11  0.67980695E-11
    1    2    0.49150041E-11 -0.60740483E-11  0.20079715E-11 -0.84058160E-13 -0.16643683E+00 -0.80888480E-11
    2    2   -0.37842921E-02  0.51665979E-11 -0.21848621E-02  0.28489661E-11  0.65426753E+00  0.19690360E+00
    3    2    0.20690497E-11 -0.10506639E-11  0.20468424E-11 -0.60200371E-12  0.61338395E-03 -0.47616447E-11
    4    2   -0.36108842E-11 -0.16863853E-11 -0.20978792E-11 -0.82790210E-12  0.98416182E-02 -0.25229619E-11
    1    3    0.10489660E+00  0.23996139E-11  0.20392690E-02 -0.14209253E-12  0.94997998E-14 -0.15964195E-11
    2    3   -0.33602797E-11  0.45063183E-11 -0.10968153E-11  0.24911054E-11  0.86671401E-02 -0.18540727E-11
    3    3   -0.15692088E+00 -0.43658946E-12 -0.90598322E-01  0.66215913E-13  0.82479105E+00  0.17903851E+00
    4    3   -0.72041992E-01 -0.26982773E-11 -0.26412134E-01 -0.15855241E-11  0.13243848E-12  0.23286158E-11
    1    4    0.19362001E-02  0.68698807E-11 -0.41462268E-02 -0.17677872E-12 -0.74260187E-12  0.60159775E-11
    2    4    0.36406170E-11  0.17006486E-11  0.23999166E-11  0.16447440E-11 -0.40096771E-02  0.12036118E-11
    3    4    0.27811765E-01 -0.19934804E-12  0.21948954E-01 -0.63527219E-12  0.17124807E-12 -0.23561826E-12
    4    4   -0.14044952E+00  0.41345450E-11 -0.81088561E-01  0.26155438E-11 -0.51468726E+00 -0.11797514E+01

    0    2    0
    1    1   -0.97891847E-03  0.67152364E-11 -0.56517788E-03  0.38495930E-11 -0.95502122E+00 -0.10526379E+01
    2    1    0.55662053E-11  0.11787191E-11  0.46817930E-11 -0.20696349E-12 -0.59518111E-03 -0.17484317E-11
    3    1   -0.10159817E-01 -0.20742671E-11 -0.52083257E-02  0.51912072E-12 -0.38897227E-11 -0.12911838E-11
    4    1    0.29328452E-02 -0.25720717E-11  0.34110205E-02 -0.20913583E-11  0.81051403E-12 -0.53272625E-12
    1    2    0.26674599E-11  0.14343155E-11  0.91241257E-12  0.70069791E-12  0.61488372E-02 -0.42472516E-11
    2    2    0.16569681E-02  0.26430021E-11  0.95665097E-03  0.15948124E-11 -0.13023017E+01 -0.45113053E+00
    3    2   -0.20702044E-11 -0.10645179E-11 -0.68417893E-12 -0.72032296E-12 -0.37137330E-03  0.39900213E-12
    4    2   -0.21444704E-11  0.58893366E-12 -0.14062465E-11  0.16472100E-12  0.94841257E-03  0.35934685E-11
    1    3    0.44304604E-02 -0.40024236E-11 -0.22103668E-02 -0.71780021E-12 -0.29638797E-11 -0.90494409E-12
    2    3   -0.39679271E-12  0.26129000E-11 -0.11760170E-12  0.16843687E-11  0.65323238E-03  0.19599849E-11
    3    3    0.44497906E-01  0.18813536E-11  0.25690878E-01  0.11032525E-11 -0.11720715E+01 -0.67669580E+00
    4    3   -0.18772220E-01 -0.21890537E-11 -0.30727366E-01 -0.67844818E-12 -0.59720902E-12 -0.66191939E-13
    1    4    0.11228153E-01  0.50725766E-11  0.71147832E-02  0.21117764E-11 -0.36974317E-11 -0.12809047E-11
    2    4   -0.75706048E-12 -0.13615663E-11  0.86439666E-12 -0.15253110E-11 -0.77179761E-03 -0.40409797E-11
    3    4   -0.41410959E-02  0.16210944E-11 -0.49004064E-03  0.93931000E-12  0.21654655E-11  0.12970524E-11
    4    4    0.68171544E-01 -0.13993286E-11  0.39358859E-01 -0.70486564E-12  0.60774078E+00 -0.10526379E+01

    0    3    0
    1    1   -0.59682043E-02  0.31019128E-11 -0.34457443E-02  0.18123541E-11  0.15627620E+01  0.13891218E+01
    2    1   -0.25959252E-11 -0.72458143E-12  0.12837475E-11  0.15708308E-11  0.25252971E-03 -0.11008141E-11
    3    1    0.22340222E-02  0.56602885E-12 -0.88286515E-03  0.21865863E-11  0.38233998E-11 -0.13573363E-11
    4    1   -0.50132156E-02 -0.36616563E-11 -0.51623494E-03 -0.39361521E-12  0.24527396E-11 -0.43327072E-12
    1    2    0.45083544E-11 -0.10614568E-11  0.28663235E-11  0.36170072E-12 -0.57119430E-03  0.46954370E-11
    2    2    0.13019635E-03 -0.24433363E-12  0.75168895E-04 -0.16630360E-13 -0.86820111E+00 -0.34728044E+00
    3    2    0.18167766E-12 -0.20579770E-11  0.12565534E-11 -0.41709030E-11 -0.69352127E-04  0.34884885E-11
    4    2   -0.47665753E-11 -0.12560328E-11 -0.18041927E-11 -0.13193654E-11 -0.22318726E-03 -0.45657739E-11
    1    3   -0.30390167E-02 -0.53583778E-11  0.41644887E-03 -0.32002223E-11 -0.29683733E-11 -0.82730007E-12
    2    3   -0.10660756E-11 -0.41656007E-11  0.26381791E-11 -0.71331221E-12 -0.22969583E-03  0.43379498E-11
    3    3    0.38724332E-02 -0.70491139E-13  0.22357504E-02 -0.24101641E-12 -0.60774078E+00 -0.17364022E+00
    4    3    0.30404777E-01 -0.15343061E-11  0.18526113E-01 -0.16237204E-12  0.20655067E-11  0.16870797E-11
    1    4   -0.11138232E-01 -0.89267475E-12 -0.45085993E-02  0.49923337E-11 -0.35996975E-11 -0.44774314E-11
    2    4    0.59690961E-11  0.12562324E-12  0.20636888E-11  0.51403815E-12  0.32909821E-04  0.81371556E-11
    3    4    0.58263366E-03  0.48869003E-12 -0.43183601E-02  0.18114587E-11  0.72280148E-12  0.38625590E-12
    4    4   -0.15566812E-01  0.33584587E-11 -0.89875033E-02  0.21336017E-11  0.34728044E+00  0.19100424E+01

    0    4    0
    1    1    0.26206861E-02 -0.26497879E-12  0.15130538E-02 -0.10190980E-12  0.86820110E-01 -0.15037684E+00
    2    1   -0.68209504E-11 -0.33290040E-11  0.91554251E-12 -0.12504942E-11 -0.29015211E-03 -0.61708553E-11
    3    1    0.93686912E-03  0.19845576E-11  0.25805233E-02  0.29117422E-11  0.13879562E-11 -0.14572278E-11
    4    1    0.36230489E-02 -0.58271216E-11 -0.31218291E-02  0.67217267E-11  0.26292936E-11  0.20371496E-11
    1    2   -0.17838688E-11 -0.36946074E-11  0.91937748E-12 -0.46443240E-11  0.25014597E-03 -0.11060755E-11
    2    2    0.22591840E-04 -0.24142275E-11  0.13043152E-04 -0.13625312E-11  0.86820112E-01  0.10526379E+01
    3    2   -0.13049694E-11  0.69064968E-12 -0.12044053E-12 -0.57489098E-11  0.16899284E-04 -0.15853137E-11
    4    2   -0.16185849E-11  0.83697159E-11 -0.31019758E-11 -0.68271930E-11  0.24132701E-03 -0.30235413E-11
    1    3   -0.39015674E-02 -0.91837017E-11 -0.23931800E-03 -0.31890809E-12  0.14711687E-11  0.31853890E-11
    2    3   -0.35016528E-11 -0.66955822E-11 -0.25172863E-11 -0.16153014E-11  0.21849720E-03  0.69690684E-11
    3    3   -0.96109470E-02 -0.33797249E-12 -0.55488831E-02 -0.19424219E-11 -0.47751061E+00 -0.52631895E+00
    4    3   -0.17530295E-01 -0.31224753E-11  0.57109385E-02  0.15111188E-11 -0.24167425E-11  0.43415611E-12
    1    4    0.45476804E-02  0.24864239E-11 -0.10523182E-02  0.57871852E-11  0.17834002E-11  0.14388109E-11
    2    4   -0.32757648E-13  0.16853689E-12  0.24342819E-11  0.42618321E-11 -0.10195762E-03 -0.25092045E-12
    3    4   -0.14529403E-02 -0.96672290E-12  0.26840699E-02  0.10456360E-11  0.18629956E-11 -0.75730533E-12
    4    4   -0.42137039E-02 -0.15621319E-11 -0.24327833E-02  0.85543486E-12  0.13023017E+01 -0.75188422E+00

    0    5    0
    1    1    0.83746953E-05 -0.33458065E-11  0.48351491E-05 -0.18721929E-11 -0.40293354E-01  0.10061111E+01
    2    1    0.32854592E-11 -0.12404009E-11 -0.28745628E-11 -0.77341704E-12  0.16542631E-03 -0.49804071E-11
    3    1   -0.11562061E-02 -0.85138950E-12 -0.20343517E-02  0.46988292E-11  0.16986254E-11  0.72440310E-12
    4    1   -0.42791749E-03 -0.85974476E-12  0.29566430E-02 -0.14427958E-11 -0.79294665E-12  0.97995922E-12
    1    2   -0.19973122E-11 -0.62925823E-11 -0.20140795E-11 -0.33721367E-11 -0.29010391E-03 -0.68686756E-12
    2    2    0.31152226E-05 -0.17141575E-11  0.17985746E-05 -0.99250274E-12  0.12557749E+01  0.49765729E+00
    3    2    0.82524046E-13 -0.40118086E-12 -0.38054519E-13 -0.26740181E-11 -0.51803096E-04  0.37664256E-11
    4    2    0.27938380E-12  0.60355160E-11  0.22258934E-11 -0.66225996E-11  0.23460609E-04  0.33314402E-11
    1    3    0.42285638E-02 -0.79446958E-11 -0.15465131E-02  0.10391128E-10  0.18349315E-11  0.27190939E-11
    2    3    0.21900717E-11  0.35215557E-11 -0.11257211E-11  0.15972916E-11 -0.84965976E-05  0.64067757E-12
    3    3    0.28001053E-02 -0.13073261E-11  0.16166415E-02 -0.92771992E-12  0.82479106E+00 -0.87359940E+00
    4    3    0.36272634E-02 -0.79625353E-12 -0.11298494E-01 -0.35364488E-11 -0.38750148E-11 -0.19367571E-11
    1    4   -0.31954880E-03  0.10259619E-10  0.45099615E-02  0.48567077E-11  0.55226071E-11  0.41782965E-11
    2    4   -0.38638990E-11 -0.12273542E-11  0.25551501E-11  0.88721919E-11 -0.54151781E-04 -0.20045706E-11
    3    4   -0.29813698E-03  0.98696393E-12 -0.28125299E-02  0.16648360E-11 -0.22573399E-12 -0.21857076E-11
    4    4    0.67426367E-02  0.33775012E-12  0.38928631E-02  0.26742692E-12  0.68832748E+00  0.15270318E+01

    0    6    0
    1    1   -0.68989493E-03 -0.64852052E-16 -0.39831102E-03 -0.64507153E-15 -0.17364022E+00 -0.15274197E-08
    2    1   -0.38372492E-11  0.45007154E-11  0.23409358E-11 -0.81303686E-11  0.16638011E-03 -0.84769082E-11
    3    1    0.81067019E-03 -0.94692993E-12 -0.16196547E-02  0.39818103E-11 -0.33537927E-11  0.22104480E-11
    4    1   -0.32299514E-02 -0.38235429E-11  0.10379836E-02  0.51121221E-11  0.11386917E-11 -0.31605692E-11
    1    2    0.14172368E-11  0.21602726E-11 -0.37381306E-11 -0.94816239E-11  0.16638012E-03  0.84770903E-11
    2    2    0.10062185E-05 -0.52431183E-15  0.58094046E-06 -0.30271147E-15 -0.15627620E+01 -0.65461057E-09
    3    2    0.20221742E-11  0.25402107E-11 -0.25909321E-11 -0.45801105E-11 -0.53079682E-04  0.54503659E-11
    4    2    0.34798432E-13 -0.20094253E-11  0.15065466E-12  0.11435891E-11 -0.34625802E-04  0.46839922E-11
    1    3   -0.55407830E-03 -0.50666785E-11  0.17677981E-02  0.17720773E-11 -0.33537741E-11 -0.22104510E-11
    2    3   -0.51265112E-13  0.27459390E-11  0.37288370E-11 -0.44613332E-11 -0.53079680E-04 -0.54503710E-11
    3    3    0.85117901E-03 -0.45326137E-15  0.49142843E-03 -0.30744823E-15 -0.26046033E+00 -0.98191081E-09
    4    3    0.27392123E-02 -0.26150670E-11  0.48447913E-02  0.21455247E-11  0.17641506E-11 -0.90140819E-12
    1    4   -0.12147532E-02  0.18848594E-11 -0.36041351E-02  0.81740553E-11  0.11386746E-11  0.31606031E-11
    2    4    0.86176735E-12 -0.11207605E-11  0.36697784E-12  0.16566599E-11 -0.34625804E-04 -0.46839970E-11
    3    4    0.55147705E-02 -0.55143130E-12 -0.79352102E-04  0.31863362E-11  0.17641470E-11  0.90141987E-12
    4    4   -0.58651650E-02 -0.47356548E-15 -0.33862546E-02 -0.22684390E-15  0.86820111E+00 -0.15274196E-08

    1   -5    0
    1    1    0.21043501E-03  0.33961308E-11  0.31218447E-03  0.24765589E-11 -0.67129751E+00  0.86820111E-01
    2    1   -0.36609500E-11 -0.87946072E-11  0.93835647E-13  0.42377146E-11 -0.89624761E-04  0.96715181E-11
    3    1   -0.10581873E-02 -0.31519554E-11 -0.15506304E-02  0.23874734E-11 -0.54346385E-11 -0.29881762E-11
    4    1    0.82597275E-03  0.48673051E-11  0.12259698E-02 -0.74190926E-11  0.25312953E-11  0.38332483E-11
    1    2   -0.68867609E-11  0.46723176E-11  0.53991629E-11 -0.55845691E-11  0.10200959E-03  0.32031558E-11
    2    2    0.95904710E-06 -0.68461491E-12  0.69257430E-06 -0.30505242E-12  0.75811762E+00  0.15661025E+00
    3    2    0.24949148E-12  0.47391461E-11 -0.18251896E-11 -0.51714200E-11  0.97992003E-04  0.21678722E-11
    4    2   -0.15231290E-11 -0.62707548E-12 -0.33941927E-13 -0.98395345E-12 -0.12731512E-03 -0.82804771E-11
    1    3    0.26043335E-02 -0.20374357E-11 -0.12389740E-02 -0.69760818E-11  0.16795570E-11 -0.46106524E-12
    2    3    0.17419111E-12 -0.55502781E-11  0.76434705E-12 -0.15895435E-11 -0.92147421E-04 -0.36481784E-11
    3    3   -0.24472796E-02 -0.65147388E-12 -0.19679755E-02 -0.51396561E-12  0.60440031E-01 -0.63640244E+00
    4    3    0.35956270E-02 -0.19889383E-11 -0.59216062E-02  0.24267690E-11  0.12434613E-11  0.19146978E-11
    1    4   -0.12651356E-02 -0.12007984E-11  0.40294235E-02  0.30467146E-12 -0.29738064E-11  0.18548735E-12
    2    4    0.40549656E-12 -0.11072497E-11  0.71944389E-11  0.62107252E-11  0.16528573E-03 -0.13306790E-10
    3    4    0.11043240E-02  0.27613274E-12 -0.88728355E-02  0.16731958E-12  0.33639458E-12  0.43071842E-12
    4    4    0.21293914E-02  0.19268523E-11  0.99665766E-03  0.10715151E-11 -0.38757380E+00  0.23096355E+00

    1   -4    0
    1    1   -0.78448641E-03  0.22380106E-11 -0.71598504E-03  0.21703108E-11  0.11922182E+01  0.21393358E+00
    2    1    0.28716955E-11 -0.28115019E-11 -0.14009751E-11  0.21736629E-11  0.50823370E-04  0.71299956E-11
    3    1   -0.30169275E-03  0.74567124E-12 -0.21977961E-02 -0.67877639E-12  0.13949948E-11 -0.51964809E-11
    4    1   -0.39951114E-02  0.26530109E-11 -0.41971528E-04  0.13947268E-11  0.11972096E-11  0.52897719E-12
    1    2   -0.49054687E-11 -0.19891424E-11  0.72151953E-11  0.43595866E-11  0.73700041E-04 -0.54686856E-11
    2    2    0.46116365E-05  0.20945186E-11  0.39359007E-05  0.17862651E-11  0.11008349E+00 -0.23719695E+00
    3    2    0.10652454E-12  0.57993137E-12  0.35715768E-11  0.16833188E-11 -0.25792598E-04  0.26678850E-11
    4    2    0.20656225E-12 -0.95176056E-12 -0.23593137E-11  0.40031919E-11  0.12577420E-03 -0.53181793E-11
    1    3   -0.14448819E-02 -0.22156501E-11  0.19811971E-02  0.17792186E-12  0.51506928E-11  0.40766262E-11
    2    3    0.21778133E-11 -0.47007388E-12 -0.12418398E-11 -0.19187050E-11  0.30762609E-04  0.22070256E-11
    3    3    0.23756298E-02  0.40796956E-11  0.20990973E-02  0.35689290E-11  0.65115083E+00 -0.35267873E+00
    4    3   -0.25703810E-02  0.12388277E-11  0.36043556E-02  0.55893230E-11  0.38469525E-11  0.86486352E-12
    1    4   -0.13434277E-02 -0.10568769E-11 -0.28509694E-02  0.38170981E-11 -0.64652665E-11 -0.45303052E-11
    2    4   -0.76484874E-11 -0.36003962E-11  0.85858759E-12 -0.56903964E-11 -0.69016109E-04 -0.62902217E-11
    3    4    0.94257417E-02  0.24621515E-11  0.80589491E-02  0.11116262E-12 -0.65701075E-11  0.25151891E-11
    4    4   -0.71695777E-02  0.54121009E-12 -0.56333430E-02  0.86459811E-12 -0.42786715E+00 -0.69456089E+00

    1   -3    0
    1    1    0.18173323E-02 -0.25272124E-12  0.16886772E-02 -0.25214553E-12 -0.38757380E+00  0.14464451E+01
    2    1    0.40632185E-11  0.13508651E-12  0.22196354E-11 -0.54445294E-11  0.17889298E-03  0.20679630E-11
    3    1    0.21296810E-02  0.46536786E-11  0.58585585E-02  0.88854835E-12 -0.99695293E-13  0.43236308E-11
    4    1    0.31320113E-02 -0.11403536E-11 -0.33277278E-02  0.44396531E-11 -0.15798718E-11  0.10199137E-11
    1    2   -0.38761671E-11  0.12071330E-12  0.58236650E-12  0.61329249E-11  0.31362889E-03 -0.10342471E-10
    2    2    0.21101556E-04  0.65354319E-12  0.20442306E-04  0.50938398E-12  0.30698709E+00 -0.49765729E+00
    3    2   -0.11731712E-11  0.34110232E-11  0.63475247E-12  0.74183968E-11  0.40781657E-04  0.21576180E-11
    4    2    0.36159204E-12 -0.39325160E-12 -0.15306474E-11 -0.25686578E-11 -0.20170212E-03 -0.17026739E-11
    1    3   -0.19201926E-02 -0.29122846E-11 -0.17982495E-02  0.18669718E-11  0.78252284E-11  0.22538843E-11
    2    3   -0.62555658E-13  0.14204602E-11  0.35717086E-11 -0.20503611E-11 -0.28444719E-03  0.42610893E-11
    3    3    0.94272126E-02  0.31191070E-11  0.87996818E-02  0.26195721E-11  0.57323329E-01 -0.23719695E+00
    4    3    0.19321958E-02 -0.34213891E-11 -0.31466884E-02  0.18418712E-11  0.30972547E-12 -0.28528410E-11
    1    4    0.40476495E-02  0.34994520E-11 -0.10730274E-02  0.50266169E-11  0.21936260E-11 -0.42069487E-11
    2    4   -0.20036045E-11 -0.46276733E-11 -0.30703802E-11 -0.58712124E-12  0.10556416E-03 -0.93649534E-12
    3    4   -0.17750112E-01  0.40912695E-11  0.31390163E-02 -0.18388337E-11 -0.24221092E-11 -0.89601819E-11
    4    4    0.14873523E-01  0.51047404E-12  0.14056642E-01 -0.18753640E-12  0.40293354E-01  0.97205120E+00

    1   -2    0
    1    1   -0.10634467E-02  0.25552770E-12 -0.11961383E-02  0.26107502E-12 -0.49765729E+00  0.13334687E+00
    2    1    0.15661783E-13 -0.52865071E-11  0.22065989E-11 -0.57921103E-11 -0.38386382E-02 -0.32715627E-11
    3    1    0.56812270E-02  0.43525397E-11 -0.72888412E-03  0.45351272E-11 -0.28308491E-11  0.61980524E-12
    4    1    0.14281929E-01 -0.19227904E-11  0.19514776E-01  0.13891410E-11 -0.57365730E-12  0.30809737E-11
    1    2   -0.14809145E-11 -0.15935845E-11 -0.37245610E-11 -0.35003956E-11 -0.54041260E-03 -0.94552007E-11
    2    2    0.10858291E-03 -0.15517447E-11  0.12647154E-03 -0.18107527E-11  0.30075369E+00  0.38134039E+00
    3    2    0.28827989E-11  0.58308940E-12  0.12638567E-11  0.13551113E-11  0.52336942E-03 -0.12033069E-11
    4    2    0.14834877E-11  0.15129133E-11  0.73638529E-12  0.46492716E-12 -0.93939378E-03  0.25663566E-11
    1    3    0.68033495E-02 -0.23521745E-11  0.23650712E-02  0.98864889E-12  0.19655984E-11 -0.20160017E-11
    2    3   -0.15929034E-11  0.87299955E-12  0.10454599E-11 -0.11996298E-12  0.60339913E-03  0.40610587E-11
    3    3   -0.28758155E-01  0.17896035E-11 -0.33121965E-01  0.18583024E-11  0.13627417E+01 -0.11340597E+01
    4    3    0.40984487E-02  0.12722410E-11  0.64395339E-02  0.95206319E-12  0.16341942E-11 -0.17837737E-11
    1    4   -0.22458681E-02  0.11062974E-11  0.61228613E-02  0.41176978E-11  0.26422420E-11  0.44247578E-11
    2    4   -0.42917106E-12 -0.21024920E-12 -0.12132931E-11 -0.42206117E-12  0.52766183E-03 -0.41562215E-11
    3    4    0.68061878E-03  0.13873734E-11 -0.24776581E-01  0.68977736E-12  0.18357564E-11 -0.18067106E-11
    4    4   -0.12599177E-01  0.23879753E-11 -0.14662290E-01  0.31764467E-11 -0.86820111E-01 -0.23096355E+00

    1   -1    0
    1    1   -0.17324720E-03 -0.16112464E-11 -0.29010853E-03 -0.29469539E-11 -0.23096355E+00  0.86820111E-01
    2    1   -0.68485725E-12 -0.83667788E-12  0.10188257E-11 -0.24007440E-11  0.14281595E-01  0.17747591E-11
    3    1   -0.44007558E-01 -0.41447262E-11 -0.57561629E-01 -0.48964781E-11 -0.68121416E-11  0.36111384E-11
    4    1   -0.60883346E-01 -0.49043561E-11 -0.10537410E+00 -0.74188707E-11  0.19895328E-11 -0.14600913E-11
    1    2    0.27654827E-12 -0.11912052E-11  0.14207466E-11 -0.25091649E-11 -0.46708557E-02 -0.13065056E-11
    2    2   -0.18498615E-05 -0.21096063E-11  0.10680105E-05 -0.38838889E-11 -0.47439391E+00 -0.77514760E+00
    3    2   -0.12475597E-11 -0.95708216E-12 -0.20546438E-11 -0.11026236E-11 -0.32562525E-02  0.53585103E-11
    4    2    0.44451726E-11  0.35408349E-11  0.60497411E-11  0.34956261E-11  0.16552569E-02 -0.10205061E-11
    1    3   -0.70020653E-02 -0.14996656E-11 -0.40800578E-03 -0.15142628E-12  0.11467005E-11 -0.30493706E-11
    2    3    0.52148091E-12 -0.23802361E-11  0.13139939E-11 -0.31592579E-11 -0.44482857E-03  0.44021267E-12
    3    3    0.19481253E-01 -0.67344101E-12  0.33933960E-01 -0.11906977E-11  0.89936813E-01 -0.29535540E+00
    4    3   -0.11174930E-01 -0.14508328E-11 -0.14844060E-01 -0.21055013E-11 -0.50518968E-12 -0.39563367E-11
    1    4   -0.29029927E-02  0.47888165E-11 -0.11695616E-01  0.57272752E-11 -0.52554550E-11  0.31887931E-11
    2    4    0.13755508E-11 -0.27209700E-11  0.29148482E-11 -0.41354821E-11  0.27983435E-03 -0.16709506E-11
    3    4    0.31470296E-01  0.33531625E-12  0.55433514E-01 -0.75585317E-13 -0.63018643E-12  0.50714348E-12
    4    4   -0.19767646E-01 -0.24848873E-12 -0.34090133E-01 -0.37094253E-12 -0.46526757E-01  0.22016698E+00

    1    0    0
    1    1   -0.10033693E-11  0.84887067E-13 -0.13301682E+00 -0.66660609E-11 -0.37054382E+00  0.21393358E+00
    2    1    0.13977694E-11 -0.18492206E-11 -0.70071569E-11  0.31636367E-11 -0.16647568E+00  0.52818195E-11
    3    1    0.22785669E-01  0.73181818E-12 -0.50129973E-01 -0.23190551E-11 -0.32945776E-11  0.13609938E-11
    4    1   -0.52418435E-01 -0.70401061E-12  0.73369398E-01  0.16713606E-11  0.64284210E-11 -0.91357964E-12
    1    2    0.39201055E-12  0.11591839E-11  0.13932639E-11  0.39766426E-11  0.61464855E-02  0.14679432E-10
    2    2   -0.45353738E-12 -0.11635929E-12  0.43697242E-02 -0.12985245E-10 -0.15037684E+00  0.51468726E+00
    3    2    0.25442040E-12 -0.13244742E-12  0.37513011E-11 -0.27421398E-11  0.80239753E-02  0.84776454E-11
    4    2   -0.54188924E-13 -0.13743593E-12  0.44847713E-11  0.52738912E-11 -0.51503107E-02  0.88820120E-11
    1    3   -0.32526470E-03  0.52615156E-12 -0.14927062E-01  0.15344177E-11 -0.24609497E-11  0.22483828E-12
    2    3    0.69781201E-13  0.97804796E-13 -0.46093695E-12 -0.23355442E-11 -0.80239738E-02  0.82437754E-12
    3    3    0.99497090E-11 -0.10478369E-12  0.15254960E+00  0.47983644E-12 -0.67129751E+00 -0.31778366E+00
    4    3   -0.38988213E-02 -0.35953960E-12  0.49142356E-01  0.33369534E-11  0.16696514E-11 -0.26524445E-11
    1    4    0.32003319E-02 -0.29467206E-13  0.10986782E-01 -0.63326513E-12  0.28673284E-11 -0.19420328E-11
    2    4   -0.30576446E-12 -0.75985684E-13 -0.73395932E-11 -0.65411219E-12 -0.51503126E-02  0.68893915E-11
    3    4   -0.38988200E-02 -0.58713871E-13 -0.49142342E-01 -0.28209933E-11 -0.27753573E-11  0.22915021E-11
    4    4   -0.46274709E-11 -0.62588064E-13  0.19096748E+00  0.11692290E-11 -0.60774078E+00 -0.23263378E-01

    1    1    0
    1    1   -0.11500094E+00 -0.32385277E-11  0.66395819E-01  0.17339103E-11  0.20479525E+01  0.12557749E+01
    2    1   -0.50769657E-11 -0.28715320E-11  0.10566685E-12  0.95793858E-13  0.14315035E-01  0.34610201E-11
    3    1   -0.15411066E+00  0.94224206E-11 -0.20127725E-08  0.25389589E-12  0.45460078E-11 -0.26861390E-13
    4    1   -0.67457204E-08 -0.12206219E-14 -0.14246128E-02 -0.63843245E-14  0.78584120E-12 -0.23036885E-11
    1    2    0.19940882E-11 -0.14280117E-11 -0.37710227E-11  0.26006237E-11  0.14281603E-01  0.71011020E-11
    2    2    0.37842923E-02  0.33831722E-11 -0.21848622E-02 -0.21913829E-11  0.10588713E+01  0.11859848E+01
    3    2   -0.34752865E-11 -0.15316452E-13  0.20517320E-11 -0.10522321E-13 -0.61338173E-03 -0.33353104E-11
    4    2   -0.51906126E-11  0.35770650E-11  0.27006080E-11 -0.21463408E-11  0.98416203E-02  0.34445974E-11
    1    3   -0.41712596E-01 -0.96228864E-12  0.64770995E-01  0.17425187E-11  0.47610884E-11  0.26091959E-11
    2    3    0.59539047E-12  0.35327186E-11 -0.52093425E-12 -0.18480924E-11 -0.86671413E-02  0.31693061E-11
    3    3    0.15692089E+00  0.21725165E-11 -0.90598324E-01 -0.10096546E-11  0.12293948E+01 -0.76351591E+00
    4    3   -0.53851724E-01 -0.18235415E-11  0.30230492E-01  0.10524078E-11 -0.17869087E-11 -0.12445244E-11
    1    4    0.62037652E-01  0.12638187E-11 -0.11790924E+00 -0.22479488E-11 -0.13136255E-11  0.20029641E-11
    2    4    0.51976658E-11 -0.29362681E-11 -0.31683537E-11  0.18911864E-11 -0.40096782E-02  0.80439458E-11
    3    4    0.31092422E-01 -0.16733006E-11 -0.21684719E-01  0.11652356E-11 -0.32415071E-11  0.16709349E-11
    4    4    0.14044952E+00  0.12584846E-11 -0.81088558E-01 -0.73016745E-12  0.78138100E+00  0.89146449E+00

    1    2    0
    1    1    0.10065292E-07 -0.24330722E-11 -0.49559439E-05 -0.19881666E-13 -0.19690360E+00 -0.98908117E+00
    2    1    0.56076671E-11 -0.31464987E-11  0.11627295E-11 -0.59462738E-12 -0.38423582E-02 -0.36129444E-11
    3    1    0.23971310E-01 -0.47194653E-11  0.46449969E-02 -0.12591618E-11 -0.41601209E-11 -0.54002284E-12
    4    1   -0.10465335E-01  0.12115337E-11  0.18234478E-03  0.11914978E-12  0.10522100E-11  0.12881609E-11
    1    2   -0.53746752E-11  0.17430154E-11  0.11049463E-11 -0.62304377E-12  0.61488398E-02  0.32874027E-11
    2    2    0.91557284E-10 -0.20123239E-11 -0.21360324E-05  0.84122379E-13  0.19067020E+00  0.10123446E+01
    3    2    0.56953394E-11  0.32644891E-11  0.19633949E-12 -0.53778304E-12  0.23755285E-09 -0.25903158E-11
    4    2   -0.24074244E-11  0.37882635E-11  0.55530148E-12  0.53622754E-12 -0.39337186E-02  0.61548850E-11
    1    3    0.19933190E-02  0.31809806E-11  0.69636801E-03 -0.83730253E-12  0.37587903E-11  0.29827972E-11
    2    3    0.26968480E-11  0.56135105E-11  0.16280355E-12 -0.78371281E-12  0.16843393E-09  0.27556805E-11
    3    3   -0.44508909E-08  0.29603969E-11 -0.65092106E-04  0.65441576E-13 -0.39069050E+00 -0.79301269E+00
    4    3    0.83943655E-01 -0.81007675E-12  0.12169036E-02  0.66900910E-13  0.89247225E-12 -0.13100423E-11
    1    4   -0.15600845E-01  0.22905160E-11  0.77063126E-02 -0.12710265E-11  0.24891386E-11  0.50493963E-11
    2    4   -0.49007058E-11 -0.13294719E-11 -0.10708606E-11  0.45988717E-12 -0.48773548E-03 -0.23794304E-11
    3    4    0.15908799E-02  0.16010836E-11 -0.25654035E-03 -0.16746647E-12  0.16028946E-11  0.84004709E-12
    4    4    0.25358721E-08  0.54860738E-12 -0.11535760E-03 -0.78541991E-13 -0.86820111E+00 -0.85312049E-10

    1    3    0
    1    1   -0.16874769E-02 -0.50738949E-12 -0.34641385E-03 -0.20490380E-12  0.26046033E+00 -0.62477075E+00
    2    1    0.74407275E-12  0.84930194E-11  0.25355125E-12  0.55766853E-12  0.18196239E-03 -0.33150416E-11
    3    1    0.31279086E-02 -0.49229433E-12  0.26150982E-02 -0.60304883E-12 -0.42073619E-11 -0.52805628E-11
    4    1    0.55905107E-02  0.28848267E-12 -0.14459952E-02  0.38750470E-13 -0.34376705E-12 -0.21411491E-11
    1    2   -0.39184301E-11  0.13341155E-11  0.39628783E-12 -0.44988294E-12 -0.46782853E-02 -0.37809664E-12
    2    2    0.16381905E-03  0.11948821E-11  0.30799795E-04  0.18172920E-12 -0.21393358E+00  0.49765729E+00
    3    2   -0.44624663E-11  0.11760536E-11 -0.99802086E-12 -0.99249086E-12 -0.58901454E-03  0.32875434E-11
    4    2   -0.28800703E-11 -0.15320602E-11  0.47198905E-12  0.14612409E-11  0.97747132E-03 -0.18197597E-11
    1    3   -0.11626234E-01  0.18959374E-11  0.31449010E-03 -0.14650680E-11  0.78297661E-12  0.91637140E-14
    2    3    0.52733009E-11  0.42937745E-11 -0.73266900E-13 -0.79253847E-12  0.76632739E-03 -0.44440991E-11
    3    3   -0.29390224E-01  0.45482439E-11 -0.56754757E-02  0.10249475E-11 -0.67129751E+00 -0.11008349E+00
    4    3   -0.29822733E-01 -0.20526025E-11  0.90419269E-02 -0.58268819E-12  0.29739095E-12  0.51281354E-12
    1    4    0.24755306E-02 -0.15063229E-11 -0.74535700E-02  0.80495274E-12 -0.17256888E-11 -0.80394271E-12
    2    4   -0.93440995E-12 -0.44613286E-11 -0.25361178E-11 -0.47772249E-12  0.25053397E-03  0.18085620E-11
    3    4   -0.12246107E-02  0.13576424E-11 -0.19598252E-02  0.59393308E-12  0.24783578E-11  0.50653316E-11
    4    4   -0.33435160E-01  0.59921729E-12 -0.63956966E-02  0.23655925E-12  0.13363616E+01  0.97205120E+00

    1    4    0
    1    1    0.24081065E-02  0.10634785E-11  0.74090055E-03  0.18265641E-12  0.67129751E+00 -0.68832748E+00
    2    1   -0.22258908E-11  0.65689784E-12  0.18346049E-11  0.32588322E-11  0.48351597E-04 -0.39082969E-11
    3    1   -0.37139978E-02 -0.27520261E-12 -0.21498872E-02 -0.93127420E-12 -0.42087913E-11  0.12468770E-11
    4    1   -0.26044262E-04  0.31406862E-11  0.19863224E-02  0.22028111E-11  0.24623270E-11  0.10200320E-11
    1    2   -0.35866323E-11 -0.45193179E-11 -0.21970416E-12 -0.17019101E-11 -0.54063272E-03  0.14797990E-11
    2    2    0.28254341E-04  0.20419898E-11  0.80533329E-05  0.55619767E-12 -0.22016698E+00  0.17364022E+00
    3    2   -0.23196713E-11 -0.14494866E-11  0.14154489E-11 -0.19698661E-12 -0.15501059E-03  0.16696394E-12
    4    2   -0.34255973E-11  0.12882596E-11 -0.23485663E-11 -0.18657501E-11  0.13319571E-03 -0.38559254E-11
    1    3    0.63999750E-02 -0.31003432E-11 -0.21496321E-02 -0.19617029E-11  0.17714832E-11  0.69282860E-11
    2    3    0.11571458E-11  0.10325554E-12 -0.36926967E-11 -0.14252860E-11 -0.55149567E-04  0.21765775E-12
    3    3    0.11804677E-01  0.21174942E-11  0.35677058E-02  0.16202035E-12  0.54106734E+00  0.28912200E+00
    4    3   -0.42070376E-02  0.18855223E-11 -0.17928173E-01  0.18908609E-11  0.40442054E-11 -0.28694625E-11
    1    4    0.25257472E-02 -0.38709062E-11  0.67864012E-02 -0.38413521E-12 -0.23161124E-11 -0.91580663E-12
    2    4   -0.59635679E-12  0.47735400E-12 -0.44030393E-11 -0.40154347E-11 -0.29526806E-03  0.38469417E-11
    3    4    0.26526611E-03 -0.14416564E-11  0.20515275E-02 -0.46326301E-12 -0.16634673E-11 -0.31188522E-12
    4    4    0.20603829E-01 -0.27110481E-11  0.61944814E-02 -0.11197768E-11  0.13334687E+00  0.57323329E-01

    1    5    0
    1    1   -0.10165080E-02 -0.57190689E-11 -0.32306433E-03 -0.21395584E-11  0.23263380E-01 -0.16740682E+00
    2    1    0.29250532E-11  0.28848079E-11 -0.12819522E-11  0.44187216E-12 -0.89790321E-04  0.24147922E-11
    3    1    0.34821829E-03  0.49590617E-11 -0.59976733E-04 -0.60817641E-11  0.17735631E-11 -0.15440471E-12
    4    1   -0.28122708E-02  0.52168829E-11 -0.22252775E-03 -0.89422781E-12  0.50122326E-12 -0.27874461E-11
    1    2   -0.36876967E-11 -0.40642805E-11 -0.12492723E-11  0.73687942E-12  0.31606851E-03  0.28441628E-11
    2    2    0.57144035E-05 -0.25397508E-12  0.20258420E-05  0.17485153E-12 -0.77514760E+00 -0.94878782E+00
    3    2   -0.23399818E-11  0.35566469E-12  0.19761132E-12 -0.68996407E-12  0.97908522E-04  0.10011688E-11
    4    2   -0.13764514E-11  0.34223917E-11  0.49247553E-11 -0.49516394E-11 -0.87580117E-04 -0.39460580E-12
    1    3   -0.38259878E-03 -0.32088659E-12  0.31936588E-02  0.21937468E-11  0.27002041E-11  0.26008719E-11
    2    3    0.27441064E-11 -0.15874335E-12 -0.37479209E-11 -0.12589359E-11 -0.44347557E-04  0.38917838E-11
    3    3    0.78013151E-03  0.19245721E-11  0.25534847E-03  0.98448120E-12 -0.31167011E-02 -0.41128472E-01
    4    3    0.12312782E-01  0.22233394E-11  0.68102507E-02 -0.88439817E-12  0.14178609E-11  0.43826991E-13
    1    4   -0.27249431E-02  0.62356015E-11 -0.26821425E-02  0.31581858E-11  0.50572529E-11  0.15252479E-12
    2    4   -0.36201894E-11 -0.41968158E-12 -0.32267278E-11  0.23881375E-11  0.59426263E-04 -0.59515949E-11
    3    4    0.24144804E-02 -0.21346666E-11 -0.18379236E-02  0.12977977E-11 -0.21228815E-11 -0.11888881E-11
    4    4   -0.61958236E-02 -0.39686087E-12 -0.26162493E-02  0.30846390E-12 -0.30075369E+00  0.22016698E+00

    1    6    0
    1    1    0.37154272E-03  0.51558584E-12  0.24266002E-04  0.23189957E-12 -0.79841097E+00 -0.68832749E+00
    2    1    0.35163275E-11 -0.75319419E-12  0.99258816E-12  0.82420901E-12  0.51473696E-03  0.42856429E-11
    3    1    0.44114788E-03  0.11616833E-11  0.23939657E-02 -0.25472467E-11 -0.62419562E-11  0.49743609E-11
    4    1    0.25756829E-02  0.46282896E-11 -0.26012081E-02  0.45611358E-12 -0.37657644E-12  0.17438922E-11
    1    2    0.20400202E-11  0.15099368E-11 -0.37907924E-11 -0.32462091E-11  0.73540998E-04  0.26006235E-11
    2    2    0.10793008E-05 -0.28908377E-11  0.48426697E-06 -0.12177232E-11  0.15037684E+00  0.34104704E+00
    3    2    0.37768741E-11  0.76393743E-12 -0.19604647E-11 -0.24668853E-11 -0.61151202E-04  0.52914780E-11
    4    2   -0.76591219E-11  0.41839496E-11  0.11022470E-10 -0.29064494E-11  0.14863108E-03 -0.37549224E-11
    1    3   -0.22203555E-02  0.35299252E-11 -0.93199129E-03  0.85854417E-12  0.74196033E-11 -0.12200623E-11
    2    3   -0.59655556E-12 -0.26549482E-12 -0.55970355E-11  0.32250832E-11  0.10115652E-03 -0.13434943E-11
    3    3   -0.15218139E-02  0.76635616E-12 -0.53267696E-03  0.36144330E-12  0.59071080E+00 -0.53795064E+00
    4    3   -0.81373619E-02  0.10987601E-11  0.40289772E-02 -0.23304002E-11  0.46131423E-12  0.11201303E-11
    1    4    0.24689349E-02  0.42494227E-11 -0.20724270E-02 -0.27375745E-11 -0.17553613E-11  0.34326145E-11
    2    4   -0.31495439E-11  0.39195120E-11  0.26147257E-11  0.13936522E-11 -0.16299357E-03 -0.54915183E-11
    3    4   -0.41734249E-02  0.28889655E-11  0.47442915E-02 -0.21570541E-11 -0.12373596E-11 -0.23449504E-11
    4    4    0.17992533E-03 -0.16652478E-11  0.55947077E-03 -0.10299521E-11  0.43410055E+00 -0.53171724E+00

    2   -5    0
    1    1    0.87178789E-03  0.15284505E-11  0.50377939E-03  0.10474451E-11  0.86820111E-01  0.24343036E+00
    2    1   -0.36417812E-11 -0.25601110E-11 -0.11617813E-11  0.39748682E-11  0.24758798E-03  0.49577428E-11
    3    1    0.10420207E-02  0.94768289E-12 -0.10074660E-02 -0.61012136E-11 -0.40894479E-11  0.41806610E-11
    4    1   -0.18649673E-02  0.33347991E-11  0.25731983E-03 -0.84601575E-11  0.11075422E-11  0.13269565E-11
    1    2    0.42533058E-11  0.38896797E-11  0.41733310E-11  0.73954111E-13  0.29690976E-03  0.16650355E-11
    2    2    0.30555552E-06 -0.32570062E-11  0.17641308E-06 -0.12037650E-11 -0.19067020E+00 -0.53795064E+00
    3    2    0.37595790E-11  0.43137522E-12 -0.23771750E-13 -0.11181169E-11  0.45206592E-05 -0.16281517E-11
    4    2   -0.33708591E-11 -0.50588644E-12  0.29709839E-11 -0.49014261E-12 -0.82200382E-07 -0.56619726E-11
    1    3   -0.30812109E-03  0.10230239E-10  0.29129726E-02 -0.38877773E-11  0.48709251E-12 -0.23343631E-11
    2    3   -0.15016721E-12 -0.20729210E-11 -0.50639039E-11  0.13342227E-11  0.45430883E-04  0.20698703E-11
    3    3    0.10799296E-02 -0.23236632E-11  0.11116111E-02 -0.10596827E-11 -0.60462408E+00 -0.17865093E-01
    4    3    0.20512644E-02  0.11643537E-11  0.40154153E-02 -0.44715736E-11 -0.27410702E-12  0.42334589E-11
    1    4   -0.20984542E-02 -0.40746730E-11 -0.90515678E-03 -0.97122348E-11 -0.29862427E-11  0.32526713E-11
    2    4    0.93325407E-12  0.17097510E-11  0.37118461E-11  0.10633121E-11  0.24895086E-04 -0.11676698E-11
    3    4    0.28789596E-02 -0.62182160E-12  0.22726839E-02 -0.22124569E-11  0.39958488E-12  0.21333290E-11
    4    4   -0.35676480E-02  0.11878931E-12 -0.25319939E-02 -0.96342422E-13  0.90226106E+00  0.11689548E+01

    2   -4    0
    1    1   -0.88284166E-03 -0.98308926E-12 -0.88877717E-03 -0.36344061E-12  0.86820111E-01  0.75188422E+00
    2    1   -0.65745313E-11 -0.54301979E-11  0.95554159E-12  0.15624843E-13 -0.40452366E-04  0.50567961E-11
    3    1    0.10101083E-02  0.12968014E-11  0.18452153E-02 -0.87876864E-11  0.10775632E-12 -0.18987598E-11
    4    1    0.24318092E-02  0.41723721E-11 -0.18550470E-02 -0.65058070E-11 -0.15383593E-11  0.36394127E-11
    1    2   -0.21486563E-11  0.75262650E-12  0.18251903E-11 -0.19911105E-11  0.29598670E-03  0.30860134E-11
    2    2    0.58219104E-06  0.56268185E-12  0.68788373E-06  0.13176123E-11  0.13891218E+01 -0.30075369E+00
    3    2   -0.36346354E-11  0.20480634E-11  0.21320295E-11 -0.10460957E-11  0.31143004E-04  0.53246424E-12
    4    2    0.23326856E-11  0.99442107E-12 -0.41578511E-11 -0.16335451E-11 -0.28966092E-04 -0.88309944E-11
    1    3   -0.42339875E-03  0.30417790E-11 -0.20216210E-02 -0.39069486E-11 -0.14693944E-11 -0.29056496E-11
    2    3    0.19182306E-11 -0.54431964E-11 -0.55128971E-11 -0.44323769E-11 -0.96086299E-04  0.11479179E-11
    3    3    0.15889633E-02 -0.29130665E-11  0.15524843E-02 -0.25773025E-11  0.47751061E+00 -0.11278263E+01
    4    3   -0.13858407E-02  0.24389232E-12 -0.82103475E-03  0.16073704E-11  0.16048428E-11  0.18742619E-11
    1    4    0.29704163E-02 -0.41688463E-11 -0.82490429E-03 -0.62953396E-11 -0.33557237E-11  0.15365449E-11
    2    4   -0.66588380E-11 -0.29520605E-11  0.19426015E-11  0.58836218E-11  0.53978769E-04 -0.23069944E-11
    3    4   -0.76679983E-02 -0.26225849E-11  0.32704062E-02 -0.19941939E-11 -0.12240541E-11  0.53816602E-11
    4    4    0.32559483E-02  0.15752677E-12  0.37999820E-02  0.21363770E-13  0.78138100E+00  0.15037684E+00

    2   -3    0
    1    1   -0.36140662E-03  0.19810571E-11 -0.43262050E-03  0.29670650E-11  0.19690360E+00  0.98908117E+00
    2    1    0.88946191E-12  0.15726247E-11  0.88659414E-12 -0.97508248E-12 -0.54110690E-03  0.28728170E-12
    3    1   -0.96851169E-03  0.13424186E-11 -0.18870365E-02 -0.54396580E-11  0.12975617E-11  0.57794249E-12
    4    1   -0.17984436E-02  0.19061037E-11  0.34004504E-02 -0.39779174E-12 -0.21766429E-12 -0.21905024E-11
    1    2   -0.17696156E-11  0.13825725E-11 -0.33607756E-11  0.94450054E-12 -0.11994933E-03 -0.58848545E-11
    2    2    0.17662002E-05 -0.15275224E-11  0.26812972E-05 -0.16230682E-11  0.75188422E+00 -0.65426753E+00
    3    2   -0.16889100E-11  0.17952189E-11  0.39385844E-11 -0.17307127E-11  0.19633501E-03  0.56287448E-11
    4    2   -0.21221355E-11  0.80733347E-12 -0.14186788E-11  0.33902567E-13 -0.15498306E-03 -0.40557645E-11
    1    3    0.38232855E-02  0.16815551E-11 -0.51299159E-03  0.53333946E-11  0.32042807E-12  0.67953548E-12
    2    3    0.21321586E-11 -0.17888651E-11 -0.11863853E-11 -0.52776201E-11 -0.15013376E-04  0.50505473E-11
    3    3   -0.78007489E-02  0.16810632E-11 -0.10421695E-01  0.20152020E-11 -0.11161946E+01  0.25422693E+00
    4    3    0.26115129E-02 -0.29642894E-11  0.71007324E-03 -0.17934061E-12  0.16985898E-11  0.44908043E-12
    1    4   -0.35671270E-02  0.21236155E-11  0.37433165E-02 -0.40394564E-11  0.37995195E-11 -0.28577169E-11
    2    4   -0.49291155E-11 -0.80466050E-11 -0.37031512E-11  0.22229234E-11  0.43015713E-04 -0.29508813E-12
    3    4    0.60871080E-02  0.40146554E-12 -0.12911064E-01 -0.23327151E-11 -0.30611465E-11  0.18602268E-11
    4    4   -0.66187692E-03 -0.95262871E-12 -0.13770118E-02 -0.11957505E-11  0.26046033E+00  0.92552444E+00

    2   -2    0
    1    1    0.28476729E-04 -0.37344997E-12 -0.23524899E-04 -0.80173932E-12 -0.26046033E+00  0.15037684E+00
    2    1    0.39754743E-11  0.26145559E-11  0.39872938E-11 -0.20950641E-11  0.69412705E-03  0.63915015E-12
    3    1   -0.52023182E-02  0.56430864E-12 -0.22301489E-02  0.40541747E-12  0.37437157E-11  0.67941757E-11
    4    1   -0.29265521E-02  0.29096815E-12 -0.65696951E-02  0.34230871E-11 -0.28905309E-11  0.39519298E-12
    1    2    0.12256109E-13  0.16193883E-11 -0.15880931E-11 -0.18876428E-11  0.31716141E-03 -0.63753431E-12
    2    2   -0.53496051E-06 -0.33609060E-11  0.30885413E-06 -0.57505849E-11  0.17364022E+00 -0.12030147E+01
    3    2   -0.44375233E-11  0.62931469E-12  0.27658178E-11  0.42523323E-12 -0.25444174E-03  0.14297637E-11
    4    2   -0.28251878E-11  0.84803087E-13 -0.29839115E-11  0.84754990E-12  0.14003925E-03  0.38964611E-11
    1    3   -0.70525218E-02  0.10297964E-11  0.21612342E-02  0.58177981E-11 -0.15280280E-11 -0.76637815E-11
    2    3    0.12661775E-11 -0.39560235E-12  0.35110256E-11  0.13426912E-11 -0.23223080E-03  0.24663020E-11
    3    3    0.72728355E-02 -0.78472060E-12  0.13115081E-01 -0.13498352E-11  0.30387039E+00  0.22556526E+00
    4    3   -0.77151802E-02 -0.40871359E-12 -0.98949912E-03 -0.19342469E-11  0.13385068E-11  0.34388648E-11
    1    4    0.87551875E-03  0.48285365E-11 -0.62680376E-02  0.12127615E-11  0.27027930E-11  0.35092842E-11
    2    4    0.13384520E-11  0.16292287E-11 -0.13689919E-11 -0.18371876E-11  0.14245959E-03  0.51087579E-11
    3    4    0.65865636E-02 -0.35824636E-12  0.21748392E-01 -0.24506328E-11 -0.22258849E-11 -0.25706029E-11
    4    4   -0.78060339E-02  0.13147580E-11 -0.13179171E-01  0.26161005E-11  0.86820111E+00 -0.21660045E-09

    2   -1    0
    1    1    0.50275345E-03  0.13943142E-11  0.15163652E-02  0.41863171E-11 -0.51468726E+00  0.24343036E+00
    2    1   -0.14635613E-11 -0.11386243E-12 -0.47299438E-11  0.84737847E-12 -0.38289945E-02 -0.91547234E-12
    3    1    0.12152372E-01 -0.87623958E-12  0.14009850E-01  0.39108482E-11 -0.16115888E-11  0.24837323E-13
    4    1    0.32712455E-02 -0.55320080E-12  0.12295721E-01 -0.36899722E-11  0.38513840E-11 -0.80244543E-12
    1    2   -0.22649473E-11 -0.51999469E-13 -0.56721028E-11  0.10456122E-11 -0.53884605E-03 -0.44846488E-11
    2    2   -0.55236112E-04 -0.50248109E-13 -0.15727134E-03 -0.28081487E-13 -0.55041745E+00  0.58447740E+00
    3    2   -0.15761341E-11 -0.20805598E-12 -0.33484759E-11 -0.26007755E-11  0.11122537E-02 -0.51452800E-11
    4    2    0.33424090E-12  0.30109336E-12 -0.14952522E-11  0.20595843E-11  0.70712424E-04 -0.75001569E-11
    1    3    0.43026856E-02 -0.10705337E-11 -0.49454355E-02  0.93811864E-12 -0.17427527E-11 -0.33370364E-11
    2    3   -0.24744075E-11  0.16362430E-11  0.58516118E-12  0.46773612E-12 -0.16007266E-03  0.88386887E-12
    3    3    0.70569352E-02  0.15441782E-12  0.20092650E-01  0.30304600E-12 -0.30387039E+00 -0.28661665E-01
    4    3    0.86432596E-02 -0.23064989E-11 -0.32779530E-02 -0.48330035E-11  0.10440927E-11  0.26950407E-11
    1    4    0.23011802E-02  0.23051358E-11  0.64298523E-02 -0.14836450E-11 -0.65864789E-12  0.99652166E-12
    2    4    0.10196586E-11 -0.32270695E-13  0.26614547E-11 -0.32705345E-11 -0.78978392E-03 -0.71115462E-11
    3    4   -0.11912571E-01 -0.45131437E-12 -0.14626091E-01 -0.25796379E-11  0.46279756E-11  0.12999438E-12
    4    4    0.13614403E-01 -0.42398734E-12  0.39577770E-01 -0.18117485E-11 -0.26046033E+00  0.71782427E+00

    2    0    0
    1    1    0.44529018E-12  0.78394539E-13  0.16404233E-02 -0.23145852E-12 -0.43410056E+00 -0.45113053E+00
    2    1    0.26448171E-12 -0.34793911E-13 -0.25752681E-11  0.21860474E-11  0.61464845E-02  0.35375995E-11
    3    1   -0.41384207E-02  0.60033868E-12  0.14586154E-01 -0.20792054E-11  0.22128203E-11 -0.20095461E-11
    4    1    0.12537884E-02  0.28156993E-12  0.10730715E-01 -0.87099154E-12  0.26564787E-11  0.78451546E-12
    1    2    0.18017922E-11  0.17777998E-11  0.50964146E-11 -0.63025908E-12 -0.58732089E-03  0.50436025E-11
    2    2   -0.29764169E-13  0.87482105E-14 -0.19133019E-02  0.21138122E-11 -0.43410056E+00 -0.15037684E+00
    3    2   -0.73647072E-12 -0.11157562E-11 -0.30009365E-11 -0.35862046E-11  0.97924491E-03 -0.11891010E-11
    4    2    0.49528126E-12  0.75226644E-13 -0.14043888E-11  0.84889811E-11 -0.14784159E-03 -0.99311234E-12
    1    3    0.10912809E-02  0.33875749E-12  0.10542400E-01 -0.31327610E-11 -0.20827607E-11 -0.54196664E-11
    2    3    0.57346085E-12 -0.73202877E-12  0.42383872E-12 -0.42186512E-11 -0.97924526E-03 -0.75046607E-11
    3    3    0.45839753E-12 -0.11663673E-12 -0.91704238E-01 -0.60610393E-11  0.60774078E+00 -0.44589332E-13
    4    3   -0.61595817E-02  0.93679383E-12  0.21415282E-01 -0.18156021E-11  0.25287647E-11  0.10787244E-11
    1    4   -0.20411999E-02  0.71088068E-12 -0.68252767E-02  0.11633720E-11 -0.49342207E-11 -0.19268787E-11
    2    4   -0.55161509E-12  0.76574222E-12 -0.52052872E-11  0.20236020E-11 -0.14784134E-03  0.56699378E-12
    3    4    0.28964589E-02 -0.80155672E-12 -0.20483027E-01  0.44583066E-12 -0.15792343E-11  0.40920556E-11
    4    4   -0.91409844E-12 -0.11147160E-12 -0.37217036E-01  0.30139565E-11 -0.26046033E+00  0.15037684E+00

    2    1    0
    1    1    0.17325233E-03 -0.15548097E-11 -0.29011742E-03  0.25427178E-11  0.86820111E-01 -0.11456914E+01
    2    1   -0.67561929E-11 -0.14407910E-12  0.61920769E-11  0.33743947E-12  0.61634759E-02  0.17184533E-11
    3    1    0.11099975E-01  0.18800292E-12 -0.89844010E-02  0.40108453E-13  0.51225097E-11  0.14565939E-11
    4    1    0.33132833E-02  0.10321045E-11 -0.51263963E-02 -0.12606265E-11 -0.54088054E-12 -0.18079041E-11
    1    2    0.36536357E-12 -0.11675054E-11  0.11644369E-11  0.59071194E-11 -0.38289965E-02  0.77377868E-11
    2    2    0.18499022E-05  0.20423997E-11  0.10679400E-05 -0.35387140E-11  0.71159086E+00 -0.36431042E+00
    3    2   -0.43612388E-12  0.11057677E-11  0.14339331E-11 -0.21703164E-11  0.44482743E-03 -0.53742765E-11
    4    2   -0.16759299E-11 -0.76094535E-12  0.27658162E-11  0.14511689E-11  0.27983348E-03 -0.90210771E-11
    1    3    0.52136001E-02  0.19395614E-11 -0.21162780E-01 -0.55059094E-11 -0.29230395E-11 -0.12202003E-11
    2    3    0.11031429E-11 -0.69120039E-13 -0.17330207E-11 -0.36886904E-12  0.32562532E-02 -0.86440403E-12
    3    3   -0.19481255E-01  0.10050392E-11  0.33933963E-01 -0.20333049E-11 -0.31167016E-02  0.13712567E+01
    4    3    0.36581650E-01  0.77235934E-13 -0.52944814E-01 -0.60192006E-13  0.37042916E-11 -0.16050825E-11
    1    4   -0.53771450E-02 -0.51398676E-12  0.14248309E-01 -0.15533652E-11 -0.24786756E-11 -0.42292397E-11
    2    4    0.17945655E-11  0.99077815E-13 -0.27710850E-11 -0.63794831E-12  0.16552571E-02  0.61462371E-11
    3    4   -0.61423365E-02  0.15528356E-12  0.20200507E-01  0.95126269E-13  0.11154807E-11 -0.20079804E-11
    4    4    0.19767647E-01 -0.35647245E-12 -0.34090134E-01  0.65355295E-12 -0.90226106E+00 -0.56744742E+00

    2    2    0
    1    1    0.97891290E-03 -0.33314801E-12 -0.56517466E-03  0.17576045E-12 -0.13023017E+01 -0.45113053E+00
    2    1   -0.86855249E-11 -0.78068455E-11  0.18641714E-11  0.16341478E-11 -0.38423577E-02  0.37888440E-11
    3    1    0.23971302E-01 -0.13211969E-11 -0.46449945E-02  0.23972461E-12  0.50268187E-11  0.28862264E-11
    4    1    0.10465337E-01 -0.34009687E-13  0.18234556E-03 -0.96412429E-12  0.31593792E-12 -0.45853859E-11
    1    2   -0.50603366E-11 -0.18866620E-11  0.49288569E-11  0.10409005E-11 -0.38386398E-02  0.48157704E-11
    2    2   -0.16569681E-02 -0.68615317E-12  0.95665100E-03  0.47845452E-12 -0.86820111E+00 -0.12030147E+01
    3    2   -0.99381778E-12 -0.58780054E-11  0.66801509E-12  0.26873140E-11  0.37137293E-03 -0.50672745E-11
    4    2    0.12305727E-11  0.44446937E-11  0.98032728E-13 -0.23426147E-11  0.94841273E-03  0.30962624E-11
    1    3    0.85305451E-03  0.36403265E-11 -0.30970188E-02 -0.32895621E-11  0.16858518E-11 -0.70335386E-12
    2    3   -0.41963137E-11 -0.43205567E-11  0.20600762E-11  0.19694259E-11 -0.65323266E-03  0.43409608E-11
    3    3   -0.44497901E-01  0.13849531E-11  0.25690875E-01 -0.80951565E-12 -0.21705028E+00 -0.11278263E+01
    4    3   -0.36567712E-01  0.29305711E-12  0.28192888E-01  0.33165919E-12 -0.18898981E-12 -0.52274229E-12
    1    4   -0.18715328E-01 -0.10967376E-11  0.19258423E-01  0.91729180E-12  0.58143853E-12 -0.14547558E-11
    2    4   -0.25225472E-11 -0.16585616E-11  0.19773698E-11  0.16238095E-11 -0.77179785E-03 -0.12299097E-11
    3    4   -0.38512396E-02 -0.13113481E-11  0.92276771E-03  0.95102244E-12 -0.36787470E-12 -0.80577304E-12
    4    4   -0.68171544E-01  0.18745235E-11  0.39358859E-01 -0.96923576E-12 -0.95502122E+00  0.15037684E+00

    2    3    0
    1    1    0.16874733E-02 -0.66239863E-12 -0.34641314E-03  0.10926373E-12  0.49765729E+00  0.81544095E+00
    2    1   -0.23015994E-11 -0.23180919E-11 -0.17905934E-11  0.16641934E-11  0.70015714E-03  0.83913388E-12
    3    1   -0.99515376E-02 -0.10089070E-10 -0.17758931E-09 -0.14081595E-11  0.21000696E-11  0.81954172E-12
    4    1   -0.14580275E-08  0.26777978E-11 -0.21740732E-02 -0.33748559E-11 -0.27308359E-11  0.10623510E-11
    1    2   -0.42042470E-11 -0.28507040E-11  0.41244957E-11 -0.99159167E-12 -0.57119436E-03  0.37658841E-12
    2    2   -0.16381903E-03 -0.35497074E-11  0.30799792E-04  0.62205471E-12 -0.75188422E+00  0.12557749E+01
    3    2   -0.39758954E-12  0.36264946E-11 -0.10386622E-11 -0.22318633E-11  0.58901456E-03  0.36453166E-11
    4    2    0.27840549E-11  0.75985312E-11 -0.38290906E-12  0.68481281E-12  0.97747117E-03 -0.69601016E-11
    1    3   -0.12931541E-02  0.65222237E-11 -0.57546954E-03 -0.21019997E-11  0.29594895E-11  0.29258827E-12
    2    3   -0.70816615E-12 -0.30831219E-11  0.16050275E-12  0.10046669E-11 -0.76632741E-03 -0.19770838E-11
    3    3    0.29390225E-01 -0.13567822E-11 -0.56754760E-02  0.56776849E-13  0.12898349E+01  0.94878782E+00
    4    3   -0.20945309E-01 -0.22799895E-11 -0.96204416E-02 -0.41564042E-12  0.18701087E-12 -0.70327240E-12
    1    4    0.11566888E-01  0.63754172E-12 -0.46286974E-02 -0.22350217E-11 -0.42019449E-11 -0.61283994E-12
    2    4   -0.76398498E-11  0.13181319E-11  0.98301272E-12  0.23311116E-11  0.25053415E-03 -0.41685146E-11
    3    4   -0.10350409E-02  0.90532144E-12  0.15658703E-02  0.11882930E-12  0.71340925E-12 -0.22185808E-11
    4    4    0.33435158E-01 -0.62099512E-12 -0.63956963E-02  0.80956726E-13  0.26046033E+00  0.57824399E+00

    2    4    0
    1    1    0.81984217E-09  0.73956644E-13  0.36285080E-04  0.10110888E-12  0.11286614E+01  0.15037684E+00
    2    1   -0.20668254E-11 -0.79238946E-12 -0.15740514E-11  0.40809632E-12 -0.54383158E-03  0.14536680E-11
    3    1    0.47079735E-04 -0.46813923E-11 -0.21836515E-02 -0.39245314E-11 -0.12041590E-11  0.34149661E-12
    4    1   -0.34507292E-02  0.20477867E-11  0.15086273E-02 -0.34589363E-11 -0.31815606E-11 -0.54964814E-12
    1    2    0.47809770E-11  0.33565560E-11  0.16182859E-12  0.19448868E-11 -0.54063288E-03  0.42282291E-11
    2    2    0.90039725E-11 -0.30499583E-11 -0.61771660E-06  0.46729404E-13 -0.69456089E+00  0.90226106E+00
    3    2   -0.23323405E-11  0.77324347E-11 -0.58516843E-12  0.14731190E-11 -0.17605635E-10 -0.29244452E-12
    4    2   -0.93744117E-12 -0.55151050E-13 -0.40322919E-11  0.52000234E-11 -0.30199552E-03  0.44514908E-11
    1    3    0.46583738E-02  0.68236406E-12  0.19518570E-02 -0.97217064E-12 -0.21876110E-11 -0.48796324E-12
    2    3    0.40969457E-11 -0.34745992E-11 -0.16205311E-11  0.28749701E-11  0.23722116E-10 -0.80214056E-11
    3    3   -0.14000270E-08 -0.85608409E-12 -0.12036268E-03  0.12957391E-12 -0.43410055E-01  0.22556527E+00
    4    3    0.29307430E-01  0.14643362E-11  0.16625960E-02  0.18280880E-11  0.13827668E-11 -0.31802585E-11
    1    4   -0.50715407E-02 -0.23671886E-11  0.63080931E-02 -0.28028275E-11  0.16971219E-12 -0.14812669E-11
    2    4   -0.84613278E-11  0.41349550E-11 -0.72296428E-12  0.17200094E-11 -0.25649031E-03 -0.47172990E-11
    3    4    0.22245883E-02 -0.26066346E-11  0.19935638E-03 -0.64843229E-12  0.38095548E-11  0.27412926E-12
    4    4    0.65170524E-09 -0.44498026E-12 -0.32083560E-03  0.51561976E-13  0.52092067E+00  0.60150737E+00

    2    5    0
    1    1   -0.57320805E-03 -0.21047091E-11 -0.99371219E-04  0.15268906E-12  0.68832748E+00 -0.11456914E+01
    2    1    0.41176911E-11  0.42853146E-11 -0.23428127E-11 -0.11892994E-12 -0.39941531E-04  0.65265653E-12
    3    1    0.14167033E-02  0.13929013E-11  0.20739093E-02 -0.62957056E-11  0.13782665E-11 -0.10392771E-12
    4    1    0.20148463E-02  0.42687200E-11 -0.13954212E-02 -0.36834082E-11 -0.36395724E-11  0.37659395E-12
    1    2    0.37462652E-12  0.25234456E-12 -0.81707457E-12  0.28287519E-11  0.31883297E-03 -0.14647723E-11
    2    2    0.32051746E-05  0.14065527E-11  0.18892652E-06  0.19136667E-12 -0.20541859E+01 -0.28372371E+00
    3    2   -0.19769771E-11  0.91222758E-12  0.15224210E-11  0.46218734E-11 -0.33896747E-04 -0.16717019E-11
    4    2    0.35606449E-11  0.21706270E-11 -0.54918991E-11  0.31318199E-11  0.24684434E-03 -0.84628776E-13
    1    3   -0.50993803E-02  0.56639496E-11 -0.14031870E-03  0.14905513E-11 -0.46262036E-12 -0.10272743E-11
    2    3    0.13810954E-11  0.35380784E-11 -0.27256227E-11  0.14659804E-11  0.36580770E-04 -0.95714772E-12
    3    3   -0.64907149E-02  0.12332518E-12 -0.79670510E-03  0.23753026E-12 -0.30387039E+00 -0.72322255E+00
    4    3   -0.12369045E-01  0.15378886E-11  0.96426358E-02 -0.96620433E-12  0.26969801E-11 -0.86641452E-12
    1    4    0.10506736E-02 -0.21189643E-11 -0.83026649E-02 -0.27006146E-11  0.32963750E-12 -0.65094381E-12
    2    4   -0.73392842E-11 -0.16324726E-11 -0.58857251E-11  0.38135138E-13 -0.38359430E-04 -0.14454547E-11
    3    4   -0.21070833E-02 -0.24760164E-11  0.13457669E-03 -0.35710323E-11 -0.10464165E-11 -0.42904044E-12
    4    4   -0.88296482E-02  0.12150652E-11 -0.80023412E-03  0.33115860E-12 -0.26046033E+00 -0.10185780E+01

    2    6    0
    1    1   -0.12010551E-02 -0.82473091E-14 -0.31693300E-03  0.50241408E-12 -0.13023017E+01  0.16541453E+01
    2    1    0.40096181E-11  0.15836549E-11  0.68476359E-11 -0.19136342E-11  0.24622792E-03 -0.76736035E-12
    3    1   -0.10403157E-02  0.27149677E-11 -0.50929986E-03 -0.10740054E-10  0.64246902E-12  0.63002711E-11
    4    1    0.36952781E-03  0.17472938E-11  0.18494349E-02  0.14629646E-11 -0.81654600E-12 -0.14211598E-11
    1    2    0.35455359E-11 -0.39285661E-12 -0.74125888E-11  0.85246563E-11 -0.12006644E-03  0.16397775E-11
    2    2    0.88681370E-06 -0.34268601E-11  0.16024778E-06 -0.12876577E-11 -0.60774078E+00  0.15037684E+00
    3    2   -0.53447625E-12  0.12263807E-11  0.22337378E-11  0.51835230E-11 -0.10574677E-04 -0.46005013E-12
    4    2   -0.22492021E-11  0.59389471E-12  0.64857946E-11  0.18138485E-11  0.40965289E-04  0.76757328E-11
    1    3    0.19964253E-02  0.96206464E-11 -0.25519524E-02 -0.41267532E-11 -0.35861764E-12 -0.33027193E-11
    2    3    0.50826196E-11  0.32088861E-11  0.26319701E-11  0.24149063E-11 -0.53108499E-05  0.20973824E-11
    3    3    0.17019299E-02 -0.11339866E-11  0.13508716E-03 -0.37065143E-12 -0.86820112E-01 -0.98279715E-09
    4    3    0.57959763E-03  0.12735798E-12 -0.10170764E-01 -0.49650986E-12  0.11986219E-11 -0.51904698E-12
    1    4    0.55602696E-03 -0.30167649E-11  0.55544450E-02 -0.46308677E-11  0.34686659E-11 -0.34514893E-11
    2    4    0.22676059E-11  0.42902507E-11 -0.89717756E-11 -0.42025430E-11 -0.11053907E-03  0.47972685E-11
    3    4    0.13048872E-03 -0.25469614E-11 -0.23989191E-02 -0.32153156E-11  0.13599681E-11 -0.48216410E-11
    4    4    0.59692653E-02 -0.95458472E-12  0.16026927E-02 -0.48701581E-12 -0.95502122E+00  0.75188422E+00

    3   -4    0
    1    1    0.29944052E-03 -0.15043577E-11  0.71351465E-03 -0.22974921E-11  0.26046033E+00  0.79841097E+00
    2    1    0.79054734E-12  0.40289071E-11 -0.21343977E-11 -0.20532585E-11 -0.32436027E-04  0.20461302E-12
    3    1   -0.12624874E-02  0.86554495E-12  0.46594360E-03  0.12789859E-12  0.28276450E-11  0.15965310E-11
    4    1   -0.33902606E-03  0.10352474E-11  0.11106086E-02  0.59481727E-12  0.32582648E-11 -0.11319009E-11
    1    2   -0.12974539E-11 -0.17377274E-12  0.83305008E-11 -0.10086115E-11  0.24701416E-03 -0.54253819E-11
    2    2    0.54832530E-07  0.21845365E-11  0.81937820E-07  0.15629650E-11 -0.59071080E+00  0.68832748E+00
    3    2    0.39339453E-11 -0.23943485E-11 -0.20596866E-11  0.88102669E-12  0.72919232E-04 -0.41509491E-11
    4    2    0.16697410E-11 -0.49761123E-11 -0.43087018E-11  0.39050204E-11 -0.12479028E-03  0.52110454E-11
    1    3    0.10767287E-02  0.12844393E-11 -0.20831370E-03 -0.33385941E-11 -0.96507512E-12  0.36448588E-11
    2    3   -0.22212962E-11 -0.31344195E-11 -0.34421950E-11 -0.46150642E-11 -0.41430682E-04  0.27647921E-11
    3    3   -0.15477147E-02 -0.25104268E-12 -0.24415724E-02  0.53436899E-12  0.17052352E+00  0.57284571E+00
    4    3    0.21042773E-02  0.23522802E-11 -0.30319251E-02 -0.53270925E-12  0.82501226E-12  0.81849266E-12
    1    4   -0.21165239E-03 -0.57815046E-11  0.12990983E-02 -0.57660648E-11 -0.53593342E-11  0.25759025E-11
    2    4   -0.53429893E-11  0.73269972E-12 -0.95236118E-12  0.79473424E-12 -0.28974955E-04  0.43148006E-11
    3    4    0.33108957E-02  0.86815651E-12 -0.53945723E-02  0.28615311E-11 -0.31536046E-11  0.11608163E-11
    4    4    0.15515064E-02 -0.41357640E-12  0.90343946E-03 -0.56101900E-12  0.32401707E+00  0.73485424E+00

    3   -3    0
    1    1    0.38318231E-04 -0.14948156E-11 -0.16872502E-04 -0.29772521E-11  0.52092067E+00 -0.34728044E+00
    2    1    0.48959628E-11  0.48392390E-11 -0.16438791E-11  0.13352362E-11  0.66927376E-03 -0.10379637E-10
    3    1   -0.11349720E-03  0.14552108E-11 -0.77132922E-03 -0.21276735E-11  0.79575158E-11 -0.35805148E-11
    4    1   -0.21982339E-03  0.56086429E-11 -0.30843269E-03 -0.33452035E-11 -0.26643434E-11 -0.16806601E-11
    1    2    0.27588543E-11  0.17348352E-11 -0.10558869E-11 -0.67273490E-11 -0.73211139E-04 -0.47641385E-11
    2    2   -0.72478042E-07  0.16445937E-11  0.41844881E-07  0.23403111E-11 -0.17364022E+00 -0.13891218E+01
    3    2   -0.59781869E-12  0.15432099E-11  0.21737202E-11  0.49342278E-12 -0.14709015E-03  0.46547412E-11
    4    2    0.16355403E-11 -0.31047820E-11 -0.45321470E-11 -0.10722917E-13  0.87080044E-04  0.26875624E-11
    1    3   -0.30176589E-02 -0.17163551E-13  0.18946877E-02  0.15098714E-11 -0.11879496E-11 -0.33380869E-11
    2    3    0.20299910E-12 -0.11463399E-11 -0.79481523E-12 -0.16003429E-11 -0.16048964E-04 -0.51724906E-11
    3    3    0.24472581E-02 -0.40378833E-12  0.55273076E-02 -0.12769690E-12 -0.26046033E+00 -0.52092067E+00
    4    3   -0.39297769E-02  0.11591824E-11  0.20524320E-02 -0.19813140E-11 -0.30932614E-11 -0.19663174E-11
    1    4    0.12666884E-02  0.31062734E-11 -0.12148071E-02 -0.47177312E-11  0.25611487E-11  0.57786592E-11
    2    4   -0.18530461E-11 -0.42307972E-11 -0.37220773E-11  0.53549207E-11  0.92944421E-05  0.78435838E-12
    3    4    0.11336017E-03  0.11371573E-11  0.79184159E-02 -0.13453989E-11 -0.15782968E-11 -0.20098250E-11
    4    4   -0.31230478E-02  0.73251930E-12 -0.53152247E-02  0.12336594E-11  0.12154816E+01 -0.76766031E-09

    3   -2    0
    1    1    0.19115554E-03 -0.50404364E-12  0.52453519E-03 -0.11793301E-11  0.15565286E+01  0.10991647E+01
    2    1    0.23183868E-11  0.25392297E-11 -0.71914202E-12  0.35724576E-12 -0.53956963E-03 -0.68861668E-11
    3    1    0.42692654E-02 -0.13800438E-11  0.64303885E-03  0.12939107E-11  0.58538195E-11  0.12355957E-11
    4    1    0.16852816E-03  0.12550930E-11 -0.18520623E-02  0.11876638E-12 -0.40688670E-11 -0.59102096E-11
    1    2    0.22524218E-11  0.18314515E-12 -0.24257992E-11  0.30099105E-12 -0.11979865E-03  0.22253636E-11
    2    2   -0.14389721E-05 -0.15660655E-11 -0.28702258E-05 -0.42785478E-11 -0.10526379E+01 -0.99286920E-01
    3    2    0.52476158E-12  0.39557617E-11  0.38660149E-11 -0.13095149E-11  0.23352042E-03  0.50556421E-11
    4    2   -0.71007709E-11 -0.68599564E-12  0.14225707E-11  0.25581020E-11 -0.96047879E-04  0.70954136E-11
    1    3    0.43989995E-02 -0.32643066E-11 -0.34934789E-02  0.33434083E-11 -0.25046282E-11 -0.14415791E-11
    2    3    0.14390192E-11 -0.48591726E-12  0.12794396E-11  0.27226357E-11 -0.44480613E-04 -0.27544980E-11
    3    3    0.13708641E-02  0.10030363E-11  0.23322046E-02  0.27107633E-11 -0.65115083E+00 -0.69995917E+00
    4    3    0.53551332E-02  0.10882073E-11 -0.37155680E-02  0.12639527E-12 -0.43339651E-12 -0.18241050E-12
    1    4    0.62321198E-03  0.32924966E-11  0.13256822E-02  0.76013069E-12  0.56214362E-11 -0.88916027E-12
    2    4    0.26979768E-11  0.24659545E-11 -0.10450833E-11  0.29721600E-11 -0.15095365E-04  0.10819270E-10
    3    4   -0.70057975E-02  0.23248632E-11 -0.47589851E-02 -0.67614263E-12 -0.45008247E-12 -0.23628616E-11
    4    4    0.44918194E-02  0.57773588E-12  0.11031774E-01  0.14445467E-11 -0.41707058E+00  0.40293354E-01

    3   -1    0
    1    1   -0.54709274E-03  0.62774417E-12 -0.23928526E-02  0.22008350E-11 -0.68832748E+00  0.41707058E+00
    2    1    0.14608251E-11  0.11006696E-11 -0.20342316E-11  0.47385696E-11  0.17898194E-03 -0.13366868E-12
    3    1   -0.52186881E-02 -0.28718318E-11  0.79584764E-03 -0.24989747E-11  0.18123039E-11  0.24833312E-11
    4    1    0.22405078E-02  0.11957057E-11  0.45601665E-02 -0.25457790E-11  0.12366319E-11 -0.44870847E-11
    1    2   -0.14274261E-11 -0.17177852E-11 -0.20716424E-12 -0.23666005E-11  0.31443695E-03  0.20355664E-11
    2    2   -0.71527776E-05 -0.85890670E-12 -0.28495633E-04 -0.39638889E-11  0.19690360E+00 -0.13363616E+01
    3    2   -0.16538321E-11  0.32406781E-11  0.23949952E-11 -0.92093977E-12  0.18915596E-03 -0.19389885E-11
    4    2   -0.14270350E-11 -0.70384025E-12 -0.10658004E-11  0.38036467E-12  0.66280939E-04  0.12734217E-11
    1    3   -0.10505718E-02  0.13796477E-11  0.46277259E-02  0.41638225E-12 -0.34700843E-11 -0.56068137E-12
    2    3   -0.21183502E-11  0.56604720E-12 -0.22436634E-11  0.92380812E-11 -0.23161275E-03 -0.24343870E-11
    3    3   -0.56610924E-02 -0.98431246E-13 -0.23881241E-01 -0.26164921E-12 -0.56433072E+00 -0.10007129E+01
    4    3   -0.34367322E-02 -0.11334990E-11  0.99132265E-02 -0.33486897E-11 -0.25680093E-11  0.79437116E-12
    1    4   -0.17185479E-02  0.10941228E-11  0.28742396E-03  0.14774294E-11  0.12118312E-11  0.77948267E-12
    2    4    0.23688476E-11  0.21308853E-11  0.38053390E-11 -0.20544331E-11  0.19870075E-03  0.15199458E-11
    3    4    0.61827809E-02  0.43493623E-12 -0.88484772E-02 -0.13589015E-11  0.19646598E-11 -0.50210313E-11
    4    4   -0.17199716E-02 -0.12247018E-12 -0.76966325E-02 -0.96071697E-12 -0.12728049E+01 -0.14634751E+01

    3    0    0
    1    1   -0.21312358E-14  0.16993351E-13  0.68186124E-02 -0.39933109E-11  0.52092067E+00  0.34728044E+00
    2    1    0.10207239E-11 -0.57052324E-12 -0.30176489E-11  0.15960751E-11 -0.58732090E-03  0.70906172E-13
    3    1   -0.32304592E-03 -0.17890095E-11 -0.94784495E-02  0.45249112E-11  0.21945549E-11 -0.32888181E-11
    4    1   -0.28497256E-02 -0.52676975E-12 -0.61341852E-02 -0.77292771E-11  0.92402500E-12  0.19214008E-11
    1    2   -0.34234203E-11 -0.96187217E-12  0.63548341E-12  0.27044733E-11  0.25243882E-03 -0.14628630E-11
    2    2   -0.97110196E-15 -0.73391813E-14 -0.15033778E-03  0.14659580E-11 -0.52092067E+00 -0.17364022E+01
    3    2    0.83068636E-12  0.38501750E-12 -0.43499225E-11  0.35317208E-12 -0.14250564E-03 -0.35518716E-11
    4    2    0.86258588E-12 -0.17863715E-11 -0.20521512E-11  0.46713750E-11  0.16072152E-03  0.40192904E-11
    1    3   -0.32486607E-02  0.26419645E-11 -0.42994037E-02 -0.58716007E-11  0.50135827E-12  0.13806128E-11
    2    3   -0.21073857E-12  0.13539314E-11 -0.91602107E-12  0.40963082E-11  0.14250571E-03  0.15948112E-11
    3    3   -0.35401944E-12 -0.17087677E-13  0.28788786E-01  0.17107930E-12  0.78138100E+00  0.34728044E+00
    4    3    0.97001025E-03  0.38832303E-12 -0.20091386E-01  0.12898581E-11  0.42911829E-12 -0.67617298E-12
    1    4   -0.15777919E-03 -0.21563458E-11 -0.21790031E-02 -0.16189077E-11 -0.16298335E-11 -0.28440661E-11
    2    4   -0.54897127E-13  0.30003454E-11 -0.18773969E-12  0.38180605E-12  0.16072157E-03 -0.18925956E-11
    3    4    0.63736195E-03 -0.17414477E-12  0.21925463E-01 -0.33390046E-11  0.16046239E-11  0.30016681E-11
    4    4    0.20816029E-12 -0.89526260E-13 -0.16113460E-01  0.24521680E-11 -0.34728044E+00 -0.86820111E+00

    3    1    0
    1    1   -0.50275408E-03  0.40958795E-12  0.15163671E-02 -0.11265745E-11  0.86196771E+00  0.62477075E+00
    2    1    0.42155255E-12  0.94713796E-12  0.33213598E-11 -0.10865533E-12 -0.46708566E-02 -0.46784193E-11
    3    1    0.40881183E-02 -0.72716537E-12  0.52516667E-02  0.23519819E-11  0.20276654E-11 -0.17214566E-11
    4    1    0.69100537E-02  0.10554690E-11 -0.67993980E-02 -0.33352605E-11 -0.45842695E-11  0.26504311E-11
    1    2   -0.51937297E-12 -0.43970806E-12 -0.40964073E-11  0.15391583E-11  0.17898221E-03 -0.14120695E-10
    2    2    0.55236113E-04 -0.18741126E-11 -0.15727134E-03  0.56042770E-11 -0.10385009E+00  0.21393358E+00
    3    2    0.96876766E-13  0.23280795E-12 -0.58903692E-11 -0.11853913E-11  0.16007296E-03 -0.73432042E-11
    4    2    0.20320406E-11  0.26392177E-11 -0.16593212E-11 -0.22193071E-11 -0.78978363E-03 -0.66750345E-11
    1    3    0.25697342E-02 -0.37849202E-12  0.20779888E-02 -0.18196338E-11 -0.22723168E-11  0.16419517E-11
    2    3    0.11259708E-11 -0.64545813E-12 -0.92651476E-12  0.14419688E-11 -0.11122539E-02 -0.21433699E-11
    3    3   -0.70569345E-02 -0.26731373E-12  0.20092648E-01  0.31958117E-12  0.95190452E+00 -0.75188422E-01
    4    3   -0.21723037E-02 -0.15066375E-11  0.17432360E-01  0.31055213E-11 -0.63949682E-12 -0.38113967E-11
    1    4   -0.48164209E-03 -0.18163072E-11  0.67140391E-02 -0.22380079E-12 -0.15078146E-11 -0.34183461E-11
    2    4    0.18881928E-11  0.90674076E-12 -0.24707491E-11 -0.15302305E-11  0.70712373E-04 -0.13804076E-11
    3    4   -0.58453258E-02  0.85307792E-12 -0.50576211E-02 -0.87332596E-12  0.33906916E-11  0.36607903E-12
    4    4   -0.13614403E-01  0.44597008E-12  0.39577770E-01 -0.11031928E-11  0.92552444E+00 -0.86196771E+00

    3    2    0
    1    1    0.10634455E-02  0.23446293E-11 -0.11961369E-02 -0.26465215E-11  0.35351385E+00 -0.40460377E+00
    2    1    0.25600534E-12  0.34136329E-11  0.11541037E-12 -0.16064150E-11 -0.59518117E-03 -0.17599008E-11
    3    1   -0.10159817E-01 -0.33870141E-11  0.52083242E-02  0.33058137E-11 -0.85514113E-12  0.72160995E-12
    4    1   -0.29328474E-02  0.73910287E-12  0.34110222E-02 -0.76837968E-12 -0.23575242E-11  0.28746835E-11
    1    2   -0.19932932E-11  0.17185467E-12  0.28835754E-11 -0.33946023E-11  0.69412760E-03 -0.30257534E-11
    2    2   -0.10858291E-03 -0.22295898E-11  0.12647154E-03  0.26049972E-11  0.10526379E+01 -0.25053164E+01
    3    2    0.26165744E-11  0.35427413E-12 -0.39275398E-11  0.50554877E-12 -0.60339891E-03 -0.27735042E-11
    4    2    0.26913384E-11 -0.13665699E-11 -0.35608473E-14  0.33870285E-11  0.52766182E-03 -0.12945292E-11
    1    3   -0.14298727E-02  0.22447394E-12  0.54028304E-02  0.17032403E-11 -0.34238323E-11 -0.15124154E-11
    2    3   -0.87514783E-13 -0.13292885E-11 -0.10952317E-11  0.16238150E-11 -0.52336937E-03  0.42218411E-11
    3    3    0.28758154E-01 -0.12727444E-11 -0.33121964E-01  0.13141335E-11 -0.65115083E+00  0.35267873E+00
    4    3   -0.17927107E-01 -0.58183195E-13  0.31896586E-02 -0.13805350E-12 -0.79841410E-12 -0.24544519E-11
    1    4    0.53572674E-02 -0.12647224E-11 -0.72945324E-02  0.10516100E-11  0.30933508E-11 -0.20856075E-12
    2    4   -0.25110214E-11 -0.21934590E-11  0.50585471E-11  0.20365194E-11 -0.93939388E-03  0.85241855E-12
    3    4    0.28566452E-02  0.50686609E-12 -0.53523778E-02 -0.86756856E-12  0.10940487E-11  0.14841328E-11
    4    4    0.12599177E-01 -0.69098427E-12 -0.14662289E-01  0.71285100E-12 -0.13193316E+01 -0.56121402E+00

    3    3    0
    1    1    0.59682066E-02  0.39339636E-11 -0.34457456E-02 -0.23093505E-11  0.17364022E+00 -0.69456089E+00
    2    1   -0.15262703E-11  0.37966067E-11  0.22777969E-11 -0.66202817E-12  0.18196222E-03 -0.46308551E-11
    3    1    0.31279107E-02 -0.15487116E-11 -0.26150988E-02 -0.29663160E-12  0.85294177E-12 -0.10769098E-11
    4    1   -0.55905100E-02  0.14711152E-11 -0.14459967E-02 -0.73070226E-12  0.12789832E-12 -0.15796956E-11
    1    2   -0.33190221E-11 -0.17160895E-11  0.47635898E-11  0.43978620E-12  0.17889307E-03 -0.48422648E-11
    2    2   -0.13019635E-03  0.11816124E-11  0.75168898E-04 -0.66757595E-12 -0.12154816E+01  0.34728044E+00
    3    2    0.64344516E-12  0.91117487E-12 -0.18589667E-11  0.42382014E-12  0.69352178E-04  0.22813782E-11
    4    2    0.46299312E-11  0.18548276E-11 -0.10793178E-11 -0.11121860E-11 -0.22318732E-03 -0.81333248E-11
    1    3    0.63613098E-02 -0.12236495E-11 -0.27748709E-02  0.11192918E-11 -0.28651361E-11 -0.17690568E-11
    2    3   -0.47733670E-11 -0.56814575E-11  0.33379920E-12  0.22280885E-11  0.22969598E-03  0.44422328E-12
    3    3   -0.38724366E-02 -0.13169808E-11  0.22357524E-02  0.77110891E-12 -0.95502122E+00 -0.17364022E+00
    4    3    0.35325293E-01 -0.62335434E-12 -0.17944374E-01 -0.76158289E-12 -0.32779645E-11 -0.38234633E-11
    1    4    0.77743587E-04  0.24639573E-12  0.28519575E-02  0.37937407E-11  0.99645362E-13 -0.30707441E-12
    2    4   -0.63047962E-12 -0.12851690E-11  0.11676115E-11  0.20848321E-11  0.32909871E-04 -0.12652404E-11
    3    4   -0.10412089E-02 -0.23551582E-11  0.37082619E-02  0.38971545E-11 -0.62506538E-12  0.29029391E-11
    4    4    0.15566813E-01 -0.10126499E-11 -0.89875038E-02  0.54588010E-12  0.15627620E+01 -0.12049757E-08

    3    4    0
    1    1   -0.24081068E-02  0.32872829E-11  0.74090067E-03 -0.10886175E-11  0.26046033E+00 -0.10385009E+00
    2    1   -0.13483914E-11 -0.11365294E-11  0.17849327E-11  0.18347302E-12 -0.54383151E-03  0.36996951E-11
    3    1    0.47078899E-04 -0.28603514E-11  0.21836519E-02  0.45518372E-13 -0.54051695E-11 -0.34437623E-11
    4    1    0.34507305E-02 -0.16367612E-11  0.15086281E-02  0.20714067E-11  0.35075876E-12  0.59102120E-11
    1    2    0.22206779E-11  0.21597970E-11  0.35315918E-11 -0.19378741E-11  0.25014607E-03  0.86330270E-12
    2    2   -0.28254340E-04 -0.85065733E-12  0.80533314E-05  0.34464597E-12 -0.14929719E+01 -0.51468726E+00
    3    2   -0.19323479E-12  0.20881773E-11  0.51328091E-12  0.16729973E-11  0.15501062E-03  0.27916790E-11
    4    2   -0.16316147E-11 -0.28736685E-11  0.11222297E-11  0.20551356E-11  0.13319584E-03  0.68985975E-13
    1    3   -0.42217845E-02  0.51962846E-12  0.51657274E-03  0.61429979E-12  0.27121941E-11 -0.30400396E-12
    2    3   -0.56882278E-11 -0.51209044E-11  0.56166405E-12 -0.14861823E-12  0.55149511E-04  0.16503252E-11
    3    3   -0.11804675E-01 -0.25447888E-11  0.35677052E-02  0.64347507E-12 -0.43098385E+00  0.12171518E+00
    4    3   -0.11619589E-01 -0.34292155E-12  0.15964035E-01 -0.38722796E-12  0.19694815E-11 -0.10018295E-11
    1    4   -0.36652235E-02  0.84401767E-12 -0.10035606E-02 -0.14481712E-11 -0.28011867E-11  0.30201755E-11
    2    4   -0.38434849E-11  0.12621599E-12  0.35113363E-11  0.27174648E-11 -0.29526811E-03 -0.39714835E-11
    3    4    0.21960022E-03 -0.63500416E-12 -0.14978672E-02  0.15823237E-11 -0.17818785E-11  0.23735278E-11
    4    4   -0.20603830E-01 -0.14018155E-11  0.61944814E-02  0.44294852E-12  0.23263378E-01  0.13334687E+00

    3    5    0
    1    1    0.57320792E-03 -0.17361620E-11 -0.99371222E-04  0.20122619E-12 -0.34104704E+00 -0.27749031E+00
    2    1    0.68727323E-12 -0.55814854E-12  0.15025910E-11  0.46607078E-11  0.67023121E-03 -0.65612208E-12
    3    1   -0.32620463E-03  0.48667954E-12 -0.58977391E-10  0.16608102E-11  0.48494106E-11 -0.75897656E-11
    4    1   -0.71092411E-09  0.15701595E-11 -0.53700205E-04  0.19083066E-11 -0.27333479E-11  0.73402608E-11
    1    2    0.17539178E-11  0.11543531E-11 -0.65405619E-13  0.17530060E-11  0.31606851E-03 -0.23647839E-11
    2    2   -0.32051685E-05 -0.38356321E-11  0.18892549E-06  0.47443191E-12  0.79841097E+00 -0.38757380E+00
    3    2    0.78750522E-13  0.18550700E-11 -0.10014221E-11  0.45525678E-12  0.33896739E-04  0.17916915E-11
    4    2    0.25417130E-11 -0.96216268E-12 -0.54163734E-11  0.29090301E-11  0.24684431E-03  0.19870452E-11
    1    3    0.11576096E-02 -0.13830651E-11 -0.30641136E-02 -0.33203678E-11 -0.45544213E-11 -0.12295829E-11
    2    3   -0.23721359E-11 -0.20431925E-11  0.10997266E-11  0.87237999E-12 -0.36580784E-04  0.12927445E-11
    3    3    0.64907156E-02 -0.17955633E-11 -0.79670530E-03  0.21290261E-12  0.35039715E+00  0.75188422E-01
    4    3   -0.85550916E-02 -0.64082615E-12 -0.10799402E-01 -0.15356555E-12 -0.20912446E-11 -0.98003644E-12
    1    4    0.32753577E-02 -0.14081839E-12 -0.21180583E-02 -0.40968569E-11  0.16757883E-11  0.77531652E-12
    2    4   -0.66971666E-11 -0.25021297E-11  0.20997402E-11  0.35949897E-11 -0.38359420E-04 -0.43815595E-11
    3    4   -0.15161211E-02 -0.22474953E-11 -0.60516990E-03  0.32734676E-12  0.19193947E-11  0.11215229E-11
    4    4    0.88296478E-02  0.26236658E-11 -0.80023398E-03 -0.14339138E-12 -0.57824400E+00  0.34104704E+00

    3    6    0
    1    1    0.31750804E-09  0.37627076E-11  0.42661892E-04 -0.55405333E-13  0.17364022E+00  0.13891218E+01
    2    1    0.14076914E-11 -0.87645205E-12  0.59272276E-12 -0.16177426E-11 -0.33186289E-04 -0.39141999E-11
    3    1    0.53667574E-03  0.96104145E-12 -0.14199815E-02  0.43389292E-11 -0.17221233E-11  0.31976459E-12
    4    1   -0.92589601E-03 -0.42090818E-12 -0.43425579E-03  0.11383172E-10 -0.17804321E-11  0.19091714E-11
    1    2   -0.35402707E-12  0.20779459E-11  0.42607535E-12 -0.86314951E-12 -0.12006646E-03  0.10582761E-11
    2    2    0.86135643E-12 -0.37303017E-12 -0.83691028E-07 -0.60086354E-12  0.52092067E+00 -0.21847502E-08
    3    2    0.12001219E-12 -0.38474851E-11  0.19189821E-11  0.29115928E-12  0.59301494E-12  0.69296161E-11
    4    2    0.58597776E-12 -0.14413903E-11 -0.28998398E-11  0.40789236E-11 -0.16784576E-03  0.75760887E-11
    1    3    0.85041475E-03  0.52273413E-11  0.26832825E-02 -0.31791088E-11  0.17453019E-11 -0.27070711E-12
    2    3    0.12359107E-11 -0.48955114E-13  0.59884078E-11  0.19157464E-11  0.15607671E-10  0.66332386E-11
    3    3   -0.42531257E-09  0.60979412E-12  0.26531531E-03  0.37472369E-12 -0.26046033E+00  0.34728045E+00
    4    3    0.92696960E-02 -0.20563457E-11  0.11428906E-02  0.97772101E-12  0.12584747E-11 -0.71716946E-12
    1    4   -0.14354774E-02 -0.74203021E-11  0.49361494E-02 -0.28113783E-11 -0.19589231E-11 -0.14636315E-11
    2    4    0.27055097E-11 -0.19033846E-11 -0.46405893E-11  0.91427390E-12 -0.17914976E-04  0.38589270E-11
    3    4    0.19748631E-02  0.23057600E-12  0.39943391E-03  0.97262612E-12 -0.14585341E-11 -0.17827654E-11
    4    4    0.27587210E-09 -0.30883911E-12 -0.95977166E-03  0.99210353E-13 -0.34728044E+00 -0.52092067E+00

    3    7    0
    1    1    0.76117945E-03  0.30973813E-12 -0.10083584E-03 -0.22394374E-11  0.51468726E+00  0.13193316E+01
    2    1    0.29658203E-12 -0.21167573E-11  0.45305305E-12  0.11445481E-11  0.39304343E-04 -0.31223407E-11
    3    1    0.30598457E-03 -0.19207067E-11  0.38332827E-03  0.43335091E-11  0.40162175E-11  0.24364915E-11
    4    1    0.47935627E-03 -0.12741652E-11 -0.27701826E-03  0.65211696E-11 -0.17466389E-13  0.47744744E-12
    1    2    0.14158023E-11 -0.31879055E-11  0.19396998E-11  0.30951276E-11 -0.72940376E-04  0.29198100E-11
    2    2    0.98373969E-07 -0.64916648E-12  0.65170276E-08 -0.79052520E-12  0.49765729E+00  0.46816051E+00
    3    2    0.14182711E-11 -0.43864669E-11 -0.41224129E-12  0.54513221E-11 -0.69287772E-04  0.26505427E-11
    4    2   -0.16283292E-11 -0.34040003E-11  0.26540598E-11  0.29449972E-11  0.12524579E-03  0.56510379E-11
    1    3   -0.29310854E-03  0.52066163E-11 -0.30834729E-03 -0.48360117E-11 -0.38718636E-11  0.25905846E-11
    2    3    0.94722331E-12 -0.66555047E-13  0.33934175E-11  0.22247161E-11 -0.42235052E-04  0.35084037E-11
    3    3   -0.43711515E-03 -0.17339645E-13 -0.28626996E-03 -0.62480403E-14 -0.56433072E+00  0.65343242E+00
    4    3   -0.36092754E-02 -0.66785457E-12  0.44553652E-02 -0.55828315E-12 -0.19527641E-11  0.86045878E-12
    1    4    0.31223661E-03 -0.41609188E-11 -0.39053976E-02 -0.33285976E-12  0.27087244E-11 -0.47105977E-11
    2    4    0.64564207E-11  0.57020798E-11 -0.52927189E-11 -0.25865692E-11 -0.21157324E-04  0.53278506E-11
    3    4   -0.19198398E-02  0.10307135E-11  0.20940694E-02  0.71257437E-12 -0.75625155E-12 -0.51561735E-11
    4    4   -0.15798115E-02  0.18822014E-11  0.75924537E-03  0.95354649E-12  0.23096355E+00  0.94255442E+00

    4   -4    0
    1    1    0.85502248E-10  0.83576006E-12  0.29657868E-05 -0.11374595E-11  0.60774078E+00 -0.10526379E+01
    2    1    0.36386702E-11  0.11112411E-11  0.16971638E-11  0.17039877E-11  0.33702817E-03  0.33943293E-11
    3    1    0.19345843E-03 -0.70600834E-11 -0.44117108E-03  0.18083693E-11  0.20031363E-11 -0.21700039E-12
    4    1   -0.68800615E-03 -0.36813406E-11 -0.41618065E-03  0.71218362E-11  0.18578583E-11 -0.26201691E-11
    1    2   -0.29428362E-11 -0.86717573E-11  0.15562775E-11  0.21190132E-11  0.24701419E-03  0.78116177E-11
    2    2    0.10004467E-11  0.64074093E-12  0.84033865E-12  0.19967120E-11 -0.17364022E+00 -0.60150737E+00
    3    2   -0.73269052E-12 -0.97853891E-13 -0.39729479E-12  0.19870723E-11  0.40858564E-11 -0.33603402E-11
    4    2    0.12151587E-11 -0.20039400E-11  0.45196963E-12  0.16859657E-11 -0.23034433E-05 -0.19588623E-11
    1    3    0.38913512E-03 -0.10422028E-10  0.53437578E-03  0.10860633E-10 -0.19213297E-11  0.60382184E-11
    2    3   -0.41017569E-11 -0.31212948E-11  0.20327540E-11  0.52536864E-11  0.72021769E-11 -0.58904346E-12
    3    3   -0.14554697E-09 -0.20597781E-12  0.22577580E-02 -0.10261683E-11  0.13457117E+01  0.37594211E+00
    4    3   -0.93813709E-03 -0.45638076E-12  0.63035796E-03  0.31429394E-11  0.24209189E-11  0.36197418E-12
    1    4    0.10104111E-03  0.44139224E-11  0.82363205E-03  0.81079114E-11 -0.81407775E-12 -0.28271410E-11
    2    4   -0.12426499E-11  0.72709760E-11 -0.34087860E-11 -0.59103507E-12 -0.22697739E-05 -0.58814827E-11
    3    4   -0.10012749E-02  0.13919241E-11  0.62093126E-03  0.10521201E-11 -0.10147637E-11  0.16307698E-11
    4    4    0.97614869E-10 -0.47053355E-12 -0.22951873E-02 -0.54039325E-12 -0.15627620E+01  0.60150737E+00

    4   -3    0
    1    1   -0.47208070E-03 -0.75464472E-12 -0.61422129E-03  0.38244755E-12 -0.37054382E+00 -0.16740682E+00
    2    1    0.59768984E-11 -0.47337926E-12  0.11650251E-11  0.56611339E-11 -0.32101801E-04  0.13393353E-11
    3    1    0.79640125E-03 -0.16173603E-11  0.80332691E-03 -0.20107458E-11  0.12415562E-11 -0.58096053E-11
    4    1    0.12795034E-02 -0.71593740E-12 -0.76936730E-03 -0.72933819E-12  0.24056962E-11  0.10103251E-11
    1    2    0.23242666E-11 -0.37083703E-11 -0.20480895E-12  0.52555098E-12  0.24760306E-03 -0.61440952E-11
    2    2   -0.43542088E-07  0.25234751E-12 -0.88449186E-07  0.35651343E-12 -0.79841098E+00  0.46816051E+00
    3    2    0.46178191E-11 -0.52291897E-12 -0.18557525E-11 -0.17234153E-12  0.14604481E-03  0.24873157E-11
    4    2    0.38651451E-11 -0.32226429E-11 -0.31396735E-11  0.11229810E-11 -0.31623479E-05  0.53123362E-11
    1    3    0.97751014E-03  0.19996541E-11 -0.24891814E-03  0.90864961E-11 -0.30265019E-12  0.23578886E-11
    2    3    0.57223940E-12 -0.51929323E-11  0.24877624E-11  0.22847266E-11  0.63354560E-05 -0.37355008E-11
    3    3    0.53078441E-03  0.32491674E-12 -0.13776113E-02  0.13049631E-12 -0.30698709E+00 -0.42786715E+00
    4    3    0.17110592E-02 -0.92134769E-12 -0.80516878E-03 -0.23613728E-11 -0.76608415E-12  0.18912282E-11
    1    4    0.19173144E-03  0.82718842E-11  0.23613794E-03  0.46141393E-12 -0.22498491E-12 -0.25090279E-11
    2    4   -0.20779934E-11  0.24295852E-11 -0.14774554E-11  0.86290689E-11  0.47437881E-04 -0.65643832E-11
    3    4   -0.13807116E-02 -0.76557735E-12 -0.55229750E-03  0.25508107E-11 -0.95082679E-13  0.24623704E-11
    4    4    0.40859453E-03  0.97712745E-13  0.25017119E-02  0.42048645E-12  0.60774078E+00  0.62477075E+00

    4   -2    0
    1    1    0.32902336E-03  0.10237445E-11  0.12081531E-02  0.19827980E-11  0.60774078E+00 -0.10526379E+01
    2    1    0.47762366E-11 -0.25836512E-11  0.35028947E-12  0.41153216E-11 -0.40523189E-04 -0.20948412E-11
    3    1   -0.27372091E-02  0.68269077E-12  0.47673214E-03 -0.22207618E-11  0.85691183E-12 -0.50275805E-11
    4    1    0.19326826E-03  0.58962297E-11  0.16587888E-02 -0.14621777E-11 -0.40772652E-11  0.34776540E-11
    1    2    0.16794908E-11 -0.15130341E-11 -0.28191054E-11 -0.12125795E-11  0.29610378E-03 -0.27810126E-11
    2    2   -0.30462886E-06 -0.18428314E-12 -0.84813189E-06 -0.58358656E-12 -0.52092067E+00 -0.60150737E+00
    3    2    0.26705960E-11  0.16605204E-11  0.34999797E-11  0.10275365E-11  0.38857902E-04  0.82712671E-11
    4    2   -0.46444386E-11  0.67668052E-12  0.17787569E-11 -0.86136298E-12 -0.11550854E-04  0.56012475E-11
    1    3   -0.41534810E-03 -0.53757407E-11  0.24180549E-02 -0.47564875E-12  0.25519661E-11 -0.73215285E-13
    2    3    0.26443839E-11 -0.78532854E-11  0.33418677E-11  0.59992202E-11 -0.96666187E-04 -0.77872849E-11
    3    3   -0.19364191E-02 -0.91866185E-12 -0.68269254E-02 -0.42291851E-11 -0.39069050E+00  0.82707264E+00
    4    3   -0.66250267E-03  0.23454165E-11  0.22628313E-02 -0.32209461E-11  0.61136825E-12  0.73085171E-12
    1    4   -0.21141890E-02  0.38607576E-11  0.57741344E-03  0.49627835E-11 -0.31698079E-12  0.25459239E-11
    2    4    0.52760381E-11  0.47206581E-11  0.48345694E-13  0.91204330E-11  0.59238313E-04  0.18729764E-11
    3    4    0.46623077E-02 -0.44935687E-11 -0.24688529E-02  0.99157597E-12  0.13097540E-12 -0.95281055E-12
    4    4    0.37889571E-04 -0.29503656E-12  0.11910942E-03 -0.92953661E-12  0.86820112E-01 -0.15037684E+00

    4   -1    0
    1    1    0.22910611E-03 -0.12675473E-12  0.10439909E-02 -0.12422442E-11  0.86196771E+00  0.10991647E+01
    2    1   -0.12603078E-11 -0.88353729E-11 -0.20909168E-11 -0.38641281E-11  0.49141683E-04  0.75767264E-11
    3    1    0.15723850E-02  0.11758947E-11 -0.32272701E-02 -0.19721378E-11 -0.85492630E-12 -0.21874934E-11
    4    1   -0.11247970E-02  0.53944428E-11 -0.20752094E-02 -0.94301981E-13 -0.10635709E-11  0.87861371E-12
    1    2   -0.61085345E-12 -0.75711900E-11  0.39092777E-12  0.16750973E-12  0.73791167E-04  0.59860994E-11
    2    2   -0.11027715E-05  0.24652589E-13 -0.59617445E-05  0.17740366E-12 -0.31778366E+00  0.63556733E-01
    3    2    0.60202493E-11 -0.57076836E-12  0.31781414E-11 -0.25089526E-11 -0.12232162E-03  0.29502672E-11
    4    2   -0.43567302E-11  0.10442675E-11  0.95655132E-12 -0.48884560E-14 -0.43411658E-04 -0.40443575E-12
    1    3   -0.28340400E-02 -0.23425111E-11 -0.19780911E-02 -0.17690036E-11 -0.17311826E-11  0.75252141E-11
    2    3   -0.18163130E-11 -0.35244945E-11  0.21439624E-11  0.28164099E-11  0.73714321E-04 -0.53472793E-11
    3    3    0.17576515E-02 -0.22458316E-12  0.12420259E-01 -0.17443226E-11 -0.25734363E+00  0.25169481E+01
    4    3   -0.16031393E-02 -0.15867546E-11 -0.47631134E-02 -0.29484515E-11 -0.13378010E-11  0.11551847E-11
    1    4    0.96587120E-03 -0.64412978E-12 -0.19006764E-02  0.29101854E-11  0.62843435E-12 -0.54667929E-11
    2    4    0.22315808E-11  0.84885764E-13  0.60006001E-11  0.88063722E-11  0.64125078E-05 -0.70337667E-11
    3    4   -0.12566673E-02 -0.10446921E-11  0.88572552E-02  0.46138001E-12  0.14939414E-11 -0.11195054E-11
    4    4   -0.11713515E-02 -0.39244541E-12 -0.71143189E-02 -0.24664548E-11  0.64803413E+00  0.72862084E+00

    4    0    0
    1    1   -0.21911290E-09  0.42767439E-13 -0.30610532E-02  0.41176368E-11  0.86820110E-01  0.15037684E+00
    2    1   -0.96213758E-12 -0.13316556E-11 -0.83673313E-12 -0.25899283E-11  0.25243886E-03  0.94869084E-11
    3    1    0.41653733E-02 -0.19082762E-11  0.37378157E-02  0.19171430E-11 -0.20407747E-11 -0.26872100E-11
    4    1    0.33126559E-03 -0.43750715E-11 -0.14774762E-02 -0.18316873E-11  0.11046319E-11  0.39526543E-11
    1    2   -0.32440087E-11 -0.34607595E-11  0.18129853E-11  0.56485375E-11 -0.29102199E-03  0.57227229E-11
    2    2    0.27930731E-10  0.18222620E-13 -0.26085503E-04  0.71045210E-12  0.86820112E-01  0.45113053E+00
    3    2    0.36829717E-11 -0.20992288E-11  0.18284555E-12 -0.34615534E-12  0.19752191E-03  0.97140774E-12
    4    2   -0.81592359E-12 -0.14874393E-11  0.22482907E-11  0.16782490E-11 -0.13334406E-03  0.42752111E-11
    1    3    0.45443218E-02  0.19681620E-11 -0.11009956E-02 -0.61353314E-11  0.81004912E-12  0.37613552E-11
    2    3    0.30821301E-12  0.32173310E-11  0.37196909E-11  0.11447310E-11 -0.19752194E-03  0.23878594E-11
    3    3    0.11506365E-10  0.85020749E-13  0.15107558E-02 -0.37849082E-11 -0.60774078E+00  0.30075369E+00
    4    3    0.48492116E-02  0.44973430E-12  0.43020347E-02  0.85485585E-12  0.18898436E-11  0.92370181E-12
    1    4    0.99221767E-03 -0.54621573E-11  0.34132029E-02 -0.10638045E-11  0.74486358E-12 -0.47757564E-11
    2    4    0.39029496E-12  0.27962171E-11  0.28415634E-11  0.25937563E-11 -0.13334410E-03 -0.54453441E-12
    3    4   -0.49164686E-02 -0.24264378E-11 -0.65954051E-02  0.10097661E-11  0.58299890E-12  0.31660249E-11
    4    4    0.44825367E-10  0.58084180E-13  0.14021259E-01  0.14834054E-14  0.78138100E+00 -0.15037684E+00

    4    1    0
    1    1    0.54709262E-03  0.76025102E-12 -0.23928521E-02 -0.31213083E-11  0.16836421E+01  0.23263378E-01
    2    1   -0.33258087E-11 -0.57384095E-12  0.46030064E-11 -0.49360493E-11 -0.53884585E-03  0.16377093E-11
    3    1   -0.76381948E-02 -0.39408610E-11  0.89332672E-03  0.37991651E-11  0.14954450E-11 -0.30034517E-11
    4    1   -0.74754594E-03 -0.15804510E-11  0.47098438E-02  0.75180111E-12 -0.18358301E-11  0.46411726E-11
    1    2   -0.34950565E-11 -0.23824427E-11 -0.42655759E-11  0.64352259E-11  0.49141710E-04 -0.10206424E-10
    2    2    0.71527772E-05 -0.37199410E-12 -0.28495632E-04  0.18164448E-11 -0.45736393E+00  0.45736393E+00
    3    2    0.22747183E-11  0.16721859E-11 -0.23497948E-11 -0.23134882E-11  0.23161268E-03  0.18533317E-11
    4    2   -0.12941062E-11  0.26706238E-11 -0.29397896E-12 -0.41110138E-11  0.19870071E-03  0.16571204E-11
    1    3   -0.24026470E-02  0.81057791E-12  0.37909289E-02 -0.27120887E-11  0.27096471E-11  0.47499384E-11
    2    3    0.15684618E-11  0.31339326E-11  0.67453884E-11  0.10072622E-11 -0.18915592E-03  0.53681384E-11
    3    3    0.56610922E-02 -0.10531279E-12 -0.23881240E-01  0.24567219E-12  0.34416374E+00 -0.49225900E+00
    4    3   -0.93144584E-02 -0.18450057E-11  0.56915673E-02  0.11015209E-11  0.21042011E-11 -0.26743615E-11
    1    4    0.28226882E-03 -0.24214842E-11 -0.35259636E-02 -0.21288098E-11 -0.95448632E-12 -0.51160365E-11
    2    4    0.28913311E-11  0.15312661E-11 -0.34749966E-11 -0.31082949E-11  0.66280912E-04 -0.30835580E-11
    3    4    0.58555814E-02  0.73801170E-12 -0.67029978E-02  0.68465577E-12  0.65547154E-12 -0.16120922E-11
    4    4    0.17199716E-02  0.39932066E-12 -0.76966326E-02 -0.10701633E-11 -0.13334687E+00  0.10385009E+00

    4    2    0
    1    1   -0.28476335E-04 -0.32384560E-11 -0.23525633E-04  0.54172505E-11  0.60774078E+00  0.13533916E+01
    2    1    0.14441158E-11 -0.22223887E-11  0.12716719E-11 -0.62978446E-12 -0.54041255E-03  0.23628517E-11
    3    1    0.40535824E-03 -0.19131577E-11 -0.58327364E-02  0.25519996E-11  0.22729228E-11 -0.18456823E-11
    4    1   -0.53477366E-02 -0.23385909E-11 -0.19364860E-02 -0.26354807E-11 -0.14378835E-11  0.19614834E-11
    1    2    0.13253827E-11  0.22250302E-11 -0.10687343E-11 -0.43078367E-11 -0.53956972E-03 -0.60487320E-11
    2    2    0.53495778E-06 -0.37187156E-11  0.30885906E-06  0.61748949E-11 -0.57348744E-09  0.30075369E+00
    3    2    0.36668175E-12  0.28130016E-11 -0.54302703E-11 -0.10530616E-11  0.23223076E-03  0.27715059E-11
    4    2    0.59351273E-12  0.25088338E-12 -0.14380365E-11  0.12527923E-11  0.14245954E-03  0.65066780E-11
    1    3   -0.11923534E-02 -0.27170237E-11 -0.32074921E-02  0.46305895E-11 -0.29517359E-11 -0.14187114E-11
    2    3    0.12138618E-11  0.33705033E-11 -0.13082961E-11  0.39010912E-12  0.25444178E-03 -0.18970216E-12
    3    3   -0.72728363E-02  0.30867473E-12  0.13115082E-01 -0.58696230E-12 -0.39069050E+00  0.37594211E+00
    4    3    0.15571996E-01  0.31436409E-12 -0.15510121E-01  0.94049590E-12  0.22334584E-11 -0.34261226E-12
    1    4    0.14697371E-02  0.42286807E-11 -0.24293458E-02 -0.35764070E-11  0.33699849E-11  0.14587009E-11
    2    4    0.99283977E-12 -0.30733689E-12 -0.12655881E-11 -0.38908804E-11  0.14003929E-03 -0.30926067E-11
    3    4    0.27134837E-02 -0.98451488E-12  0.76412617E-02 -0.11603137E-11  0.30603334E-11  0.39285347E-12
    4    4    0.78060342E-02 -0.91945816E-13 -0.13179171E-01  0.61717204E-12 -0.12154816E+01 -0.43471010E-09

    4    3    0
    1    1   -0.18173322E-02  0.24977459E-12  0.16886771E-02  0.18860347E-13 -0.67129751E+00 -0.10356079E+01
    2    1    0.28065765E-11  0.66080832E-11 -0.20438930E-11 -0.37624479E-11  0.25252985E-03  0.32372319E-11
    3    1    0.22340213E-02  0.16912054E-11  0.88286628E-03 -0.80887300E-12 -0.34266782E-12 -0.16974545E-11
    4    1    0.50132171E-02  0.22159306E-12 -0.51623495E-03  0.31787197E-11 -0.19985946E-11  0.32010720E-11
    1    2   -0.10486297E-12  0.17986329E-11  0.17874967E-12 -0.33198175E-11 -0.54110693E-03 -0.53114462E-11
    2    2   -0.21101553E-04 -0.12453529E-11  0.20442304E-04  0.12085452E-11  0.10385009E+00  0.13363616E+01
    3    2    0.13509495E-11  0.33833513E-11 -0.27555408E-11 -0.16717911E-11  0.28444713E-03  0.77317748E-11
    4    2    0.47700437E-11 -0.22056228E-13 -0.13063846E-11  0.15049389E-11  0.10556421E-03 -0.44854307E-11
    1    3   -0.27093831E-02 -0.21002591E-11  0.24389850E-02  0.64267972E-11  0.15884400E-11 -0.12767910E-11
    2    3    0.23406408E-11  0.39757292E-11  0.14112486E-11 -0.44912906E-12 -0.40781746E-04 -0.15595210E-11
    3    3   -0.94272106E-02  0.35530801E-12  0.87996799E-02 -0.35779517E-12 -0.90849446E+00 -0.77514760E+00
    4    3   -0.42746413E-02  0.14453589E-11  0.17087921E-01 -0.22012912E-11 -0.11266869E-11 -0.66095492E-12
    1    4   -0.22834812E-02  0.53203406E-11 -0.77651070E-03  0.73230250E-12  0.54764655E-12  0.14256279E-11
    2    4    0.19401767E-11 -0.66126184E-12 -0.39292864E-11 -0.25991162E-11 -0.20170215E-03 -0.26122794E-11
    3    4   -0.10843818E-02  0.55151731E-12 -0.24206096E-02 -0.47096210E-12 -0.15237202E-11 -0.78318088E-12
    4    4   -0.14873523E-01 -0.16017502E-11  0.14056643E-01  0.16429686E-11  0.60774078E+00  0.27749031E+00

    4    4    0
    1    1   -0.26206859E-02 -0.22687820E-12  0.15130537E-02  0.91126759E-13 -0.43410056E+00 -0.45113053E+00
    2    1    0.47421805E-13 -0.13496326E-11  0.18997057E-11 -0.24272650E-11  0.48351671E-04 -0.79007742E-12
    3    1   -0.37139979E-02  0.41139088E-11  0.21498868E-02 -0.21526891E-11  0.20016581E-11 -0.25419451E-11
    4    1    0.26042557E-04  0.15022516E-11  0.19863234E-02  0.43178565E-11 -0.78544846E-12 -0.32457160E-11
    1    2    0.22515863E-11  0.12365027E-12 -0.11233016E-11  0.51586600E-11  0.50823473E-04  0.45735817E-11
    2    2   -0.22590943E-04  0.44618035E-11  0.13042887E-04 -0.25851493E-11 -0.17364022E+01 -0.30075369E+00
    3    2    0.44684608E-11  0.51106860E-11 -0.33272354E-11  0.19660009E-11 -0.16899295E-04 -0.16532156E-11
    4    2   -0.24382566E-12 -0.53558247E-11  0.36273312E-11  0.29549565E-11  0.24132698E-03  0.26229599E-11
    1    3   -0.16247905E-02 -0.74778050E-11 -0.19912581E-03  0.54262028E-11 -0.50242519E-11  0.90746901E-12
    2    3   -0.10534947E-11  0.23096763E-11 -0.20687246E-11 -0.15130048E-11 -0.21849720E-03 -0.35051328E-11
    3    3    0.96109483E-02  0.19355567E-12 -0.55488836E-02 -0.26594699E-12 -0.73797095E+00  0.22556526E+00
    4    3   -0.14566715E-01 -0.32233905E-12 -0.52540225E-02  0.59655826E-12  0.33690291E-11 -0.22204864E-11
    1    4    0.32139887E-02  0.41363385E-11 -0.44415441E-02  0.12367988E-10  0.10379230E-11 -0.51616403E-11
    2    4    0.54517496E-11  0.36127733E-11 -0.19623865E-11 -0.46688499E-12 -0.10195761E-03  0.49361502E-11
    3    4   -0.41870688E-03 -0.10558159E-12 -0.25484393E-02  0.33508686E-11 -0.31074564E-12 -0.74761795E-12
    4    4    0.42137046E-02 -0.16242990E-11 -0.24327835E-02  0.11432235E-11  0.78138100E+00  0.45113053E+00

    4    5    0
    1    1    0.10165084E-02 -0.16683655E-11 -0.32306453E-03  0.67023991E-12 -0.34104704E+00  0.40460377E+00
    2    1    0.10254422E-11 -0.87008734E-12 -0.20958636E-11 -0.54699422E-11 -0.39941542E-04  0.28986902E-11
    3    1    0.14167034E-02  0.44116875E-11 -0.20739095E-02  0.21844412E-11  0.22225152E-11 -0.22136242E-11
    4    1   -0.20148462E-02  0.12806480E-11 -0.13954224E-02  0.67370360E-11 -0.94844302E-12 -0.41907924E-11
    1    2    0.42754933E-11 -0.13265627E-11  0.25743504E-11  0.37569489E-11 -0.29010385E-03 -0.29125801E-11
    2    2   -0.57144070E-05 -0.73909672E-12  0.20258447E-05  0.27130164E-12  0.11859848E+01  0.23719695E+00
    3    2    0.14513021E-11 -0.33984515E-12  0.25249759E-13  0.22446135E-11 -0.97908505E-04  0.24225816E-11
    4    2    0.18093010E-11  0.20080885E-11  0.66984049E-12 -0.60822331E-11 -0.87580141E-04 -0.20954016E-11
    1    3    0.36461955E-02 -0.12263211E-10  0.14938807E-02  0.46532519E-11  0.36446755E-12 -0.15346992E-11
    2    3   -0.31587657E-11  0.51478924E-12  0.27358699E-11 -0.69047671E-11  0.44347607E-04  0.59234271E-12
    3    3   -0.78013287E-03 -0.19929902E-11  0.25534906E-03  0.63535028E-12  0.34416374E+00 -0.26129545E+00
    4    3    0.14148894E-01  0.23656115E-11 -0.51608725E-02  0.20411723E-11  0.14860916E-11  0.15263332E-11
    1    4   -0.53418337E-03  0.20932105E-11  0.42836285E-02  0.95453853E-11 -0.20892323E-11  0.41320746E-12
    2    4   -0.65476789E-13 -0.36305387E-11  0.44441343E-11  0.47815010E-11  0.59426282E-04  0.34251135E-11
    3    4    0.20498807E-02  0.67061030E-12  0.15292631E-02  0.35201130E-11 -0.71539894E-12  0.12618103E-12
    4    4    0.61958242E-02 -0.27541554E-13 -0.26162495E-02  0.19609032E-12  0.46526758E-01  0.10759013E+01

    4    6    0
    1    1    0.12010545E-02  0.34427535E-11 -0.31693283E-03 -0.14954440E-11  0.60774078E+00 -0.75188422E+00
    2    1   -0.30046062E-11  0.18002350E-11 -0.10696851E-11  0.78387289E-12 -0.33186293E-04 -0.86054915E-11
    3    1    0.53667570E-03  0.58129985E-12  0.14199816E-02  0.90169921E-11  0.11600484E-11 -0.22102446E-11
    4    1    0.92589654E-03 -0.61517252E-12 -0.43425521E-03  0.81756535E-11 -0.16273494E-11  0.32490711E-12
    1    2   -0.26263615E-12 -0.17158327E-11 -0.59862402E-11 -0.37990680E-11  0.73541010E-04  0.55084485E-11
    2    2   -0.88681691E-06 -0.48936723E-12  0.16024776E-06  0.17623533E-12  0.26046033E+00  0.75188422E+00
    3    2   -0.51967613E-12  0.11153016E-11 -0.45101452E-11 -0.65112123E-11  0.10574688E-04 -0.12631528E-12
    4    2   -0.76740375E-12 -0.14709196E-11 -0.87134702E-12 -0.34282439E-11  0.40965335E-04  0.87726037E-13
    1    3   -0.25245860E-02 -0.76392760E-11  0.85593885E-03 -0.70151219E-12 -0.71901629E-12  0.73409056E-13
    2    3   -0.19823859E-11  0.55690930E-12  0.58737379E-11  0.60288702E-12  0.53108228E-05  0.25198506E-12
    3    3   -0.17019295E-02 -0.11619831E-11  0.13508719E-03 -0.16987323E-12 -0.26046033E+00 -0.30075369E+00
    4    3   -0.20724998E-02 -0.19299863E-11  0.91707723E-02  0.26353014E-11 -0.87237284E-12  0.53152673E-12
    1    4   -0.21488149E-02 -0.76433876E-11 -0.21067076E-02  0.75248916E-11  0.46804298E-11  0.29182019E-11
    2    4    0.31885871E-11 -0.42680371E-11  0.72875109E-11  0.25109379E-11 -0.11053908E-03  0.24574142E-11
    3    4   -0.46257084E-03  0.62839821E-12  0.20635187E-02 -0.17638249E-11  0.34139654E-11  0.19380172E-12
    4    4   -0.59692656E-02  0.17046351E-11  0.16026927E-02 -0.63333518E-12  0.86820110E-01 -0.75188422E+00

    4    7    0
    1    1   -0.76117953E-03  0.10430493E-11 -0.10083582E-03  0.10383361E-12 -0.12088006E+00 -0.32401707E+00
    2    1   -0.42746400E-11 -0.37756501E-11 -0.39088755E-11  0.11239262E-12  0.33744673E-03 -0.50411085E-11
    3    1   -0.10538185E-02 -0.29144468E-11  0.64513934E-10  0.36279414E-11 -0.18092447E-11 -0.63867708E-12
    4    1   -0.22720403E-09 -0.24557446E-11  0.11447698E-03  0.13076135E-10 -0.46318086E-11  0.10055392E-11
    1    2    0.12954635E-12 -0.32373915E-11  0.16063673E-11 -0.37889711E-11  0.29690976E-03  0.31568392E-11
    2    2   -0.98374401E-07 -0.35905220E-12  0.65166123E-08  0.48385189E-12 -0.75811762E+00 -0.75811762E+00
    3    2   -0.17431492E-11 -0.40446917E-12 -0.23605012E-11 -0.40867809E-11  0.69287761E-04  0.78953138E-12
    4    2    0.23512890E-11  0.84390700E-12  0.38570815E-11 -0.46395100E-12  0.12524578E-03 -0.94230654E-11
    1    3    0.44581266E-03 -0.91109997E-11 -0.26594460E-02  0.57237451E-11 -0.15778115E-12  0.54254457E-11
    2    3    0.44675281E-12 -0.20574423E-11  0.79442399E-11  0.10057368E-10  0.42235046E-04 -0.91476792E-12
    3    3    0.43711547E-03  0.38465444E-12 -0.28627035E-03 -0.43059913E-12 -0.25734363E+00  0.12441432E+01
    4    3   -0.22455788E-02 -0.10179496E-11 -0.53315642E-02  0.49373260E-11 -0.16104596E-11  0.26545872E-11
    1    4    0.19320457E-02  0.20462759E-11 -0.32324915E-03  0.12647526E-10 -0.85375521E-12 -0.32304468E-11
    2    4    0.70916128E-11  0.74119186E-11  0.21846372E-11  0.52498506E-11 -0.21157313E-04 -0.41649462E-11
    3    4   -0.97278473E-03  0.19127737E-11 -0.23329888E-02  0.52764517E-11 -0.37788677E-12  0.46693578E-11
    4    4    0.15798113E-02  0.57692219E-12  0.75924557E-03  0.71206051E-12 -0.73485424E+00  0.79841097E+00

    5   -2    0
    1    1    0.28387914E-10 -0.72802007E-14 -0.10056941E-02 -0.16276685E-11 -0.49765729E+00  0.81544095E+00
    2    1   -0.10564446E-11 -0.93948589E-12  0.49407321E-11  0.16985912E-11  0.24700265E-03 -0.16222347E-11
    3    1    0.13332911E-02  0.18312235E-11 -0.15056315E-02  0.51824728E-12 -0.11186489E-11  0.32418467E-11
    4    1   -0.74061205E-03  0.51950713E-11 -0.66919618E-04  0.94231212E-12  0.51956730E-11 -0.57706515E-12
    1    2   -0.22518102E-11  0.22934149E-11  0.72932175E-12  0.31758932E-11  0.29610376E-03 -0.33850490E-11
    2    2    0.71385532E-12 -0.64161306E-12 -0.35282139E-06 -0.11526279E-11 -0.71159086E+00 -0.49142389E+00
    3    2    0.27672355E-11 -0.24977302E-12 -0.14638747E-11  0.96543628E-12 -0.47058919E-11  0.14537783E-10
    4    2   -0.41861473E-12  0.59994270E-11  0.14730211E-11  0.22396575E-12 -0.78361508E-05 -0.44141161E-12
    1    3   -0.11683947E-02  0.19406889E-11 -0.20600549E-02 -0.56565753E-12  0.62339694E-11 -0.28577451E-11
    2    3    0.61507733E-11 -0.56640929E-11  0.49741541E-11  0.24097912E-11 -0.30752765E-11  0.36346063E-11
    3    3   -0.52732791E-10  0.31848764E-12  0.70642139E-02  0.71067024E-12 -0.39069050E+00 -0.94338953E+00
    4    3   -0.20525740E-02  0.12837049E-11 -0.32315388E-04  0.22611281E-12 -0.24949409E-12 -0.92169189E-12
    1    4    0.21091438E-02 -0.11644529E-12  0.22201046E-03  0.84764953E-12 -0.16547351E-11  0.20111542E-11
    2    4    0.23698703E-11  0.20666016E-11 -0.57286171E-11  0.74600912E-11 -0.53597789E-04  0.53586678E-11
    3    4   -0.28885313E-02 -0.81415343E-12  0.61585548E-03 -0.63016275E-12 -0.95970140E-12 -0.48210571E-11
    4    4    0.10547388E-10 -0.26881926E-13 -0.45536293E-02 -0.16111450E-11 -0.86820111E+00 -0.54912923E-09

    5   -1    0
    1    1   -0.16695346E-03 -0.23235602E-12 -0.34080611E-03 -0.37233775E-11 -0.37054382E+00  0.86820111E-01
    2    1   -0.35650344E-11 -0.44210500E-11  0.60986644E-12 -0.59434027E-12 -0.89170070E-04  0.24732042E-11
    3    1    0.13928029E-02  0.56643767E-11  0.21541031E-02 -0.34950443E-11 -0.59880517E-11 -0.46817893E-12
    4    1   -0.55231153E-03  0.79166103E-11 -0.10920773E-02  0.31106931E-11 -0.29103016E-11 -0.81680759E-12
    1    2   -0.35199025E-11  0.31316181E-11  0.18568788E-11 -0.43426241E-11  0.10161678E-03 -0.15256743E-11
    2    2   -0.12026270E-06 -0.18278846E-12 -0.11768337E-05  0.81922793E-12  0.45736393E+00  0.10588713E+01
    3    2    0.41800185E-11 -0.50044434E-11  0.19349771E-11 -0.19598124E-11  0.16038313E-03  0.72144366E-11
    4    2    0.16204069E-11  0.56790416E-11 -0.12732636E-11 -0.87415594E-13 -0.21183267E-04 -0.21203846E-11
    1    3    0.44494874E-02 -0.17119497E-11 -0.17970801E-03 -0.51635139E-11  0.57930645E-11  0.17604117E-11
    2    3   -0.19480600E-11 -0.10779504E-10 -0.95893385E-12  0.81919500E-12 -0.18897779E-03  0.57615348E-11
    3    3    0.16781281E-03 -0.18249096E-12 -0.32045365E-02 -0.13434583E-11 -0.84182103E+00  0.11548178E+00
    4    3    0.15912697E-02  0.37819801E-11  0.16464656E-03  0.72520576E-12 -0.29534421E-11  0.10371623E-11
    1    4    0.45608461E-04 -0.31618739E-11  0.15355397E-02  0.48503127E-11 -0.25121532E-11  0.32743992E-11
    2    4    0.22255959E-11  0.94136020E-12  0.20137825E-11  0.95765360E-11 -0.63992623E-05 -0.48269361E-11
    3    4   -0.48505215E-03 -0.95033725E-12 -0.30189432E-02 -0.54227681E-12 -0.65216060E-12 -0.43068169E-11
    4    4    0.35362357E-03  0.78413838E-14  0.42223822E-02 -0.14320435E-11  0.21393358E+00 -0.12728049E+01

    5    0    0
    1    1    0.75027441E-13  0.11357668E-13 -0.56661726E-06  0.94810488E-12 -0.67129751E+00 -0.38757380E+00
    2    1   -0.45443316E-11 -0.39823931E-11 -0.12052066E-11 -0.42312535E-11 -0.29102197E-03  0.26751171E-11
    3    1   -0.54789628E-02  0.60014194E-11  0.40904092E-03  0.16620822E-11 -0.16936604E-11  0.13631663E-11
    4    1    0.12781087E-02 -0.39088470E-11  0.22257187E-02 -0.16709524E-11  0.29088171E-11  0.20756218E-11
    1    2    0.29292594E-12  0.47800978E-11  0.15455780E-11 -0.15459083E-11  0.16631098E-03  0.55121995E-11
    2    2   -0.26107371E-13 -0.30516388E-13 -0.35971513E-05  0.47979661E-11  0.15037684E+00 -0.68832749E+00
    3    2    0.63628371E-11 -0.19863848E-11  0.16210745E-12 -0.51888026E-11  0.44507812E-04  0.23879698E-11
    4    2    0.48028326E-12  0.26770706E-11  0.21645534E-11  0.91537120E-12  0.36839389E-04 -0.23223825E-11
    1    3   -0.27556340E-02  0.48490515E-11  0.31990552E-02 -0.29320697E-11  0.51963262E-11 -0.11476305E-11
    2    3   -0.17737021E-11 -0.49858656E-11 -0.39935716E-11 -0.29780500E-11 -0.44507804E-04  0.73551603E-11
    3    3    0.19953440E-13 -0.59988798E-13 -0.96446135E-02  0.68544497E-12 -0.37054382E+00  0.11859848E+01
    4    3   -0.38206539E-02 -0.61027354E-12  0.18225788E-02  0.21259887E-11 -0.19712439E-11  0.78251720E-12
    1    4   -0.26101655E-03 -0.63878915E-11 -0.69860729E-03 -0.11562771E-11  0.17339744E-11  0.10599967E-12
    2    4   -0.24339028E-11 -0.27376415E-11  0.29706445E-11  0.81368089E-11  0.36839391E-04 -0.26240409E-11
    3    4    0.36713708E-02  0.17336446E-11 -0.96872809E-03 -0.17572327E-11 -0.34899950E-11  0.19380076E-11
    4    4   -0.74935717E-14  0.34244634E-13 -0.62270367E-03  0.16260676E-11 -0.60774078E+00 -0.32401707E+00

    5    1    0
    1    1   -0.22910604E-03 -0.11466266E-12  0.10439905E-02  0.94310897E-12  0.32401707E+00  0.10356079E+01
    2    1   -0.56384742E-11 -0.31541467E-12 -0.34525158E-11  0.15144419E-11  0.31443695E-03 -0.67183916E-11
    3    1    0.35889015E-02 -0.26675372E-11 -0.33002291E-02 -0.19779602E-13 -0.74502749E-11  0.28749854E-11
    4    1   -0.21634939E-02 -0.14172775E-11 -0.72456359E-03 -0.13566495E-11  0.23141249E-11 -0.14720711E-11
    1    2    0.19336274E-11  0.86406102E-11 -0.27726731E-11  0.31743331E-11 -0.89170099E-04  0.39569617E-11
    2    2    0.11027721E-05 -0.13186020E-12 -0.59617463E-05  0.55533623E-12  0.42786715E+00  0.25422693E+00
    3    2    0.52365088E-11  0.40705288E-11  0.17003556E-11  0.16764479E-11 -0.73714294E-04  0.20826069E-11
    4    2   -0.42173042E-11 -0.85071074E-12  0.93393906E-12 -0.56960602E-12  0.64124823E-05 -0.31158912E-11
    1    3   -0.65240919E-03 -0.33692173E-11 -0.28055201E-02  0.34235664E-11  0.46429252E-11 -0.24015548E-11
    2    3   -0.39942075E-12  0.62529305E-12  0.45434494E-11 -0.82722199E-11  0.12232164E-03  0.89017414E-11
    3    3   -0.17576515E-02 -0.14106577E-12  0.12420259E-01  0.44265160E-12 -0.60462407E+00 -0.16952737E+01
    4    3    0.45463873E-02 -0.18903103E-11 -0.71672333E-02  0.34192621E-11  0.63345034E-12  0.11095288E-11
    1    4   -0.21760654E-03  0.62017270E-12 -0.15289118E-02  0.43907169E-11  0.19811622E-11  0.95803535E-12
    2    4    0.13436715E-11 -0.25366746E-11  0.63790084E-12  0.93134647E-12 -0.43411635E-04  0.46106860E-11
    3    4   -0.24129359E-03  0.45930099E-11  0.62678008E-02  0.18425800E-11 -0.19918578E-12 -0.16957310E-11
    4    4    0.11713515E-02  0.18869038E-12 -0.71143190E-02 -0.13483277E-11  0.30075369E+00  0.82167435E+00

    5    2    0
    1    1   -0.19115541E-03  0.23059571E-12  0.52453480E-03 -0.16552198E-11 -0.19690360E+00  0.73485424E+00
    2    1   -0.31458390E-11 -0.23625492E-11 -0.72307650E-12  0.14759611E-11  0.31716139E-03 -0.60773431E-11
    3    1    0.61160154E-02 -0.13767215E-11  0.44767540E-02  0.63251258E-12 -0.23508713E-11  0.44835286E-11
    4    1    0.49397979E-02 -0.20368985E-11 -0.11055654E-02 -0.14614406E-11  0.72377487E-12  0.27107585E-12
    1    2    0.49541484E-12  0.26504529E-11 -0.49033086E-11 -0.86851578E-12 -0.40523253E-04  0.55265408E-11
    2    2    0.14389721E-05 -0.14623876E-11 -0.28702260E-05  0.24611431E-11 -0.30075369E+00 -0.14231817E+01
    3    2   -0.97412929E-12  0.33716079E-11  0.10818041E-11  0.25582381E-11  0.44480613E-04  0.10065470E-10
    4    2   -0.57251050E-11 -0.29402134E-11  0.10257197E-11  0.55473205E-12 -0.15095336E-04  0.37925508E-11
    1    3    0.23487829E-02 -0.27697554E-11  0.11280192E-03  0.74640109E-11  0.59009030E-11 -0.22583663E-11
    2    3    0.24990410E-11 -0.16435438E-11  0.34643527E-11 -0.20999001E-11 -0.23352044E-03  0.86058496E-11
    3    3   -0.13708636E-02 -0.83411121E-12  0.23322033E-02  0.19967537E-11  0.46048064E+00 -0.81421826E-01
    4    3    0.69315250E-03 -0.30098135E-12  0.69852756E-02 -0.11998499E-11 -0.28026012E-13  0.23051224E-11
    1    4   -0.13814598E-02  0.28278252E-11  0.28022876E-02  0.36794297E-11  0.46295199E-11  0.34408904E-11
    2    4    0.61001824E-12 -0.20194055E-11 -0.32516355E-11 -0.44818795E-11 -0.96047887E-04  0.38582783E-11
    3    4   -0.51787131E-02 -0.29240485E-11 -0.20290374E-02 -0.96109482E-12 -0.19929806E-11 -0.46457365E-12
    4    4   -0.44918195E-02 -0.37341159E-12  0.11031774E-01  0.15790727E-11 -0.86820112E-01  0.12728049E+01

    5    3    0
    1    1    0.36140629E-03 -0.61409406E-12 -0.43262008E-03  0.89238686E-12  0.26046033E+00  0.27749031E+00
    2    1    0.50924587E-11  0.33066602E-12 -0.44939456E-11  0.63840355E-12  0.31362889E-03  0.11953756E-11
    3    1   -0.20897935E-02  0.30843087E-11  0.15854322E-02  0.15225227E-11 -0.12111489E-11  0.65852515E-11
    4    1    0.87565104E-03 -0.15811145E-11  0.41141052E-02  0.27996192E-11  0.33667294E-11 -0.28395178E-11
    1    2   -0.14302787E-11  0.29664622E-11 -0.17705570E-11 -0.49088476E-11  0.66927370E-03  0.28761635E-11
    2    2   -0.17661998E-05 -0.31287375E-11  0.26812968E-05  0.37327726E-11  0.38757380E+00  0.19690360E+00
    3    2    0.19757447E-11  0.16561480E-11  0.25881303E-11 -0.67218513E-12  0.15013370E-04  0.36024071E-11
    4    2    0.44273689E-12 -0.35099407E-11 -0.10447767E-11 -0.13812643E-11  0.43015707E-04  0.35202792E-11
    1    3    0.52067581E-04 -0.43398846E-12 -0.56216844E-03  0.29205370E-11  0.16684878E-11  0.33971086E-13
    2    3    0.24445973E-11  0.86707605E-12 -0.29635511E-11  0.19927396E-11 -0.19633499E-03  0.26813260E-11
    3    3    0.78007485E-02  0.63183009E-12 -0.10421695E-01 -0.73675788E-12 -0.37054382E+00 -0.41083718E+00
    4    3   -0.11705702E-01 -0.27985123E-11 -0.25571064E-02 -0.34275240E-11 -0.32592948E-11  0.58810840E-12
    1    4   -0.55596426E-03  0.36631647E-11  0.80528375E-03 -0.26864913E-11  0.19039278E-12  0.15314547E-11
    2    4   -0.38855322E-11 -0.21195660E-11 -0.10472283E-11 -0.35291336E-11 -0.15498305E-03 -0.74165719E-11
    3    4   -0.12681934E-02 -0.11188837E-11 -0.22096093E-02 -0.45112109E-11 -0.13036256E-11 -0.24181747E-11
    4    4    0.66187685E-03  0.12128447E-11 -0.13770118E-02 -0.17436321E-11 -0.46816050E+00  0.69790136E-01

    5    4    0
    1    1    0.78448644E-03 -0.22757855E-11 -0.71598500E-03  0.18537515E-11  0.89146449E+00 -0.38757380E+00
    2    1   -0.36735607E-12 -0.11530642E-11 -0.14974982E-11  0.12189182E-11 -0.29015203E-03 -0.40783587E-12
    3    1    0.93686940E-03  0.37181214E-11 -0.25805234E-02 -0.76877304E-12 -0.28843539E-11  0.22451008E-11
    4    1   -0.36230491E-02  0.13645534E-11 -0.31218302E-02  0.17050681E-11 -0.26046067E-11  0.25731764E-11
    1    2   -0.39982854E-11  0.15159199E-11 -0.29582643E-11 -0.38272188E-11 -0.40452430E-04  0.12994399E-11
    2    2   -0.46116343E-05  0.22024201E-11  0.39358977E-05 -0.16157496E-11  0.41083718E+00  0.63556732E-01
    3    2   -0.13643307E-11 -0.83041614E-12  0.84376341E-12 -0.22187251E-12 -0.30762611E-04 -0.95878575E-12
    4    2    0.42529662E-12 -0.38041963E-11  0.28147196E-11  0.23586171E-11 -0.69016130E-04  0.25272798E-11
    1    3    0.21456579E-02  0.17211567E-11 -0.13067199E-02  0.29573260E-11  0.56740809E-11 -0.70370569E-13
    2    3    0.26278402E-11  0.14244902E-11  0.24942887E-11  0.42106987E-11  0.25792645E-04 -0.44270775E-11
    3    3   -0.23756310E-02  0.17793256E-11  0.20990982E-02 -0.13551460E-11  0.65115083E+00  0.69995918E+00
    4    3    0.11663004E-01  0.13165741E-12 -0.78936293E-02 -0.24671009E-11  0.72257999E-12  0.73578908E-13
    1    4    0.19341831E-03  0.48721849E-11  0.29359411E-02 -0.61277882E-11 -0.97013835E-12  0.48686824E-13
    2    4    0.18082806E-11  0.61947488E-11 -0.58685354E-11  0.18465655E-11  0.12577422E-03 -0.36659977E-11
    3    4    0.26418288E-02  0.91243338E-13  0.33473554E-02 -0.63643739E-11 -0.18373546E-11  0.46276968E-11
    4    4    0.71695781E-02 -0.21365386E-11 -0.56333433E-02  0.17042008E-11  0.77514759E+00 -0.69456089E+00

    5    5    0
    1    1   -0.83750901E-05 -0.29448533E-11  0.48353770E-05  0.16811990E-11 -0.65883070E+00  0.65426754E+00
    2    1    0.68369380E-12 -0.36527067E-11 -0.24632971E-11  0.10653772E-11 -0.89790317E-04 -0.28933238E-11
    3    1    0.34821843E-03  0.11301184E-11  0.59977163E-04  0.20481622E-11 -0.27362780E-11  0.30934203E-11
    4    1    0.28122719E-02 -0.11774240E-11 -0.22252730E-03 -0.20483531E-11 -0.10088767E-11 -0.41019695E-11
    1    2   -0.20671914E-11 -0.34509325E-11 -0.41532808E-11  0.85951574E-11 -0.89624784E-04 -0.41516898E-12
    2    2   -0.31152262E-05  0.46402882E-11  0.17985767E-05 -0.27118954E-11  0.15661025E+00 -0.31778366E+00
    3    2    0.64619990E-12 -0.76195259E-12 -0.16811314E-12  0.67738810E-12  0.51803082E-04 -0.97707087E-11
    4    2    0.40374719E-12 -0.92077043E-12  0.24348943E-11 -0.51509945E-11  0.23460632E-04  0.11551442E-11
    1    3   -0.25475348E-02 -0.35381273E-11  0.92003522E-03 -0.64335698E-11 -0.26603134E-11  0.19224202E-11
    2    3   -0.44904900E-11 -0.10199510E-11 -0.53312953E-11 -0.17949702E-11  0.84965756E-05 -0.21465052E-11
    3    3   -0.28001045E-02  0.17067725E-11  0.16166411E-02 -0.10334940E-11 -0.27437361E+00  0.58987568E+00
    4    3    0.55416043E-03  0.27633723E-11  0.10903557E-01 -0.17299492E-11  0.59244558E-13 -0.22396317E-11
    1    4   -0.16252528E-02  0.39915421E-12  0.49850506E-03  0.40834840E-11  0.96309561E-12 -0.81453131E-11
    2    4   -0.29493949E-12  0.40769899E-11 -0.12022663E-11  0.24749378E-11 -0.54151775E-04  0.58432446E-11
    3    4   -0.72644512E-03 -0.73995118E-13  0.28719657E-02 -0.97530556E-12 -0.14411893E-11  0.69850209E-12
    4    4   -0.67426372E-02  0.34257363E-12  0.38928634E-02 -0.18699690E-12  0.78138100E+00  0.11922182E+01

    5    6    0
    1    1   -0.37154287E-03 -0.93471899E-12  0.24266093E-04  0.62298430E-12  0.10385009E+00  0.51468726E+00
    2    1    0.10386209E-11  0.26233756E-11 -0.16630116E-11  0.34892806E-12  0.24622792E-03 -0.14503351E-11
    3    1   -0.10403157E-02  0.13361589E-11  0.50929994E-03  0.34546640E-11 -0.17389973E-11  0.61270557E-11
    4    1   -0.36952828E-03 -0.44197884E-11  0.18494352E-02 -0.61313257E-11  0.26932593E-11 -0.29957520E-11
    1    2   -0.29414190E-11 -0.23434381E-11 -0.32629453E-13 -0.39917348E-12  0.16638013E-03 -0.13428497E-11
    2    2   -0.10793033E-05  0.10628399E-11  0.48426840E-06 -0.67479681E-12 -0.15037684E+00 -0.86196771E+00
    3    2   -0.44992017E-11 -0.56037804E-11  0.15505747E-12 -0.15546936E-11  0.61151190E-04 -0.21172134E-11
    4    2   -0.30598834E-11 -0.25457091E-12  0.76564935E-12 -0.79188651E-11  0.14863108E-03  0.70777254E-11
    1    3    0.16239818E-04 -0.11373750E-11 -0.19072409E-02 -0.92875517E-11  0.21471566E-11  0.55932410E-12
    2    3   -0.24089432E-11 -0.10313007E-11 -0.12062147E-11 -0.75847044E-11 -0.10115653E-03  0.31027706E-11
    3    3    0.15218144E-02  0.14272904E-11 -0.53267730E-03 -0.64779258E-12  0.14929719E+01  0.36431042E+00
    4    3   -0.72589069E-02  0.89905046E-12 -0.44964429E-02  0.15605816E-11  0.15483358E-11 -0.21045402E-11
    1    4    0.15476235E-02 -0.10071919E-10 -0.35154191E-02  0.55378223E-12 -0.88800491E-12  0.58657601E-13
    2    4   -0.59086636E-12 -0.58140038E-11  0.25600992E-11  0.13582217E-11 -0.16299355E-03  0.98407308E-11
    3    4   -0.35130024E-02 -0.35740535E-12 -0.42708593E-02 -0.16088114E-11 -0.95856362E-12  0.72190539E-13
    4    4   -0.17992555E-03  0.15205375E-11  0.55947093E-03 -0.94437446E-12  0.43410056E+00  0.15735586E+01

    6    0    0
    1    1    0.28744802E-13  0.13346406E-21  0.80788549E-03 -0.53278185E-15 -0.17364022E+00 -0.65460763E-09
    2    1    0.12777960E-11  0.18203865E-11 -0.24359017E-13  0.17386503E-11  0.16631098E-03  0.39084734E-11
    3    1    0.30459576E-02  0.29148013E-11 -0.23119972E-02  0.89219369E-12 -0.15418883E-11  0.11789866E-11
    4    1   -0.31311785E-03 -0.68550427E-11 -0.88106195E-03  0.21351814E-11 -0.28574088E-11 -0.10294148E-11
    1    2   -0.12777960E-11  0.18203865E-11  0.23735507E-11 -0.24271010E-11  0.16631097E-03 -0.39082703E-11
    2    2   -0.33933360E-13 -0.52583401E-15 -0.11618792E-05 -0.30534059E-15 -0.17364022E+00 -0.21820174E-09
    3    2    0.15005965E-11 -0.74084956E-11 -0.61141813E-12  0.54770497E-12  0.14308759E-10 -0.48468963E-11
    4    2    0.47117214E-11  0.44523467E-12  0.15577845E-11 -0.13140430E-11  0.57012815E-04  0.55384618E-12
    1    3   -0.30459576E-02  0.29506618E-11 -0.29893818E-02 -0.38359748E-11 -0.15419007E-11 -0.11789825E-11
    2    3   -0.15005965E-11 -0.74084956E-11 -0.43298502E-11 -0.18249760E-11  0.11466920E-10  0.48468959E-11
    3    3   -0.87891933E-14 -0.52583418E-15  0.10285760E-01 -0.39837282E-15 -0.40805452E+01 -0.50908782E-14
    4    3    0.21500700E-02 -0.23429403E-12 -0.39617222E-03  0.20267058E-11  0.23850873E-12 -0.20020009E-11
    1    4    0.31311785E-03 -0.68423511E-11 -0.71700589E-03 -0.55273286E-11 -0.28574405E-11  0.10294141E-11
    2    4   -0.47117214E-11  0.44523467E-12 -0.24132489E-11  0.35433136E-11  0.57012815E-04 -0.55384298E-12
    3    4   -0.21500700E-02 -0.15556409E-12  0.39617217E-03  0.59048271E-12  0.23851792E-12  0.20020031E-11
    4    4    0.77496603E-14 -0.52583418E-15 -0.51066606E-02 -0.35296742E-15 -0.52092067E+00  0.21820352E-09

    6    1    0
    1    1    0.16695344E-03 -0.36182797E-12 -0.34080594E-03  0.57955377E-11 -0.73485424E+00  0.79841097E+00
    2    1   -0.95823274E-12  0.18573322E-11 -0.41385196E-11  0.73480922E-11  0.73791164E-04  0.13372314E-11
    3    1    0.24658119E-02  0.30937910E-12  0.25127148E-02  0.37584023E-11 -0.18294082E-11 -0.17232073E-11
    4    1    0.13507021E-02 -0.54803095E-11 -0.52763367E-03 -0.47694712E-12  0.12468779E-11 -0.76619107E-13
    1    2    0.47327003E-11 -0.97982527E-12  0.25860793E-12  0.16913440E-11  0.51441531E-03 -0.92979357E-12
    2    2    0.12026280E-06 -0.88610543E-13 -0.11768380E-05  0.31631093E-11 -0.56121402E+00 -0.54418404E+00
    3    2    0.44714362E-12 -0.17149604E-11  0.27794637E-11  0.16619422E-12  0.18897778E-03 -0.30703140E-11
    4    2   -0.19725548E-11 -0.38793715E-13 -0.16278895E-11  0.15494730E-12 -0.63992306E-05 -0.69477053E-11
    1    3    0.40319635E-02  0.16995042E-11  0.30234785E-04  0.26100486E-11 -0.23951168E-11 -0.29131749E-11
    2    3   -0.51465052E-12  0.19193310E-11 -0.66490373E-11  0.14466698E-11 -0.16038315E-03 -0.46098568E-11
    3    3   -0.16781279E-03 -0.13390114E-12 -0.32045369E-02  0.14827139E-11 -0.13860051E+01 -0.20230189E+00
    4    3   -0.55321041E-03 -0.20224149E-11  0.25476002E-02 -0.44917164E-12  0.14105840E-11  0.63238530E-12
    1    4   -0.15476540E-03  0.10939649E-11  0.29333479E-02 -0.56659101E-11  0.84129206E-12 -0.19244441E-11
    2    4   -0.36034346E-11  0.33257600E-11 -0.91561581E-12  0.14487827E-11 -0.21183278E-04  0.27609655E-11
    3    4   -0.10258847E-02  0.28746684E-11 -0.18390572E-02 -0.31584490E-13 -0.23476548E-11  0.69379548E-12
    4    4   -0.35362358E-03 -0.22022228E-12  0.42223824E-02  0.18008573E-11  0.26046033E+00 -0.27749031E+00

    6    2    0
    1    1   -0.32902345E-03 -0.57402715E-12  0.12081535E-02 -0.10291715E-11 -0.26046033E+00  0.15037684E+00
    2    1   -0.38103622E-12  0.52530512E-11 -0.15060430E-12  0.47257105E-11 -0.11979865E-03 -0.36187739E-11
    3    1   -0.62611311E-02 -0.34648943E-11 -0.31865725E-03  0.84563335E-12  0.11009036E-11  0.50201166E-11
    4    1   -0.23731285E-03 -0.34659910E-11  0.14971566E-02 -0.47761986E-11  0.37145587E-11 -0.39873434E-11
    1    2    0.60156904E-11  0.44876081E-11 -0.33845966E-12  0.27092274E-11  0.24700270E-03  0.15057259E-11
    2    2    0.30462966E-06 -0.28542706E-14 -0.84813532E-06 -0.30593692E-12 -0.86820112E-01  0.45113053E+00
    3    2   -0.52994405E-12  0.22071653E-11  0.47265071E-12  0.53042300E-11  0.96666189E-04 -0.13369143E-11
    4    2   -0.53888822E-11 -0.30318958E-11  0.23189417E-11 -0.17512666E-12  0.59238318E-04 -0.35360932E-11
    1    3   -0.18026224E-02 -0.91882816E-11  0.16236515E-02  0.37940490E-13 -0.41317609E-11 -0.55692211E-11
    2    3    0.18558595E-12 -0.37375947E-12 -0.46408309E-11 -0.18136283E-11 -0.38857901E-04 -0.51954864E-11
    3    3    0.19364190E-02 -0.11978049E-12 -0.68269247E-02 -0.68868522E-13  0.56433072E+00 -0.67669580E+00
    4    3   -0.53175996E-02  0.25974942E-11 -0.29872973E-03 -0.20707191E-11  0.35767060E-11  0.16217970E-11
    1    4   -0.50628158E-03  0.23955714E-11 -0.78710677E-03  0.61047127E-11  0.19743236E-11  0.20902133E-11
    2    4   -0.18026371E-11  0.45133156E-11 -0.89654082E-12  0.35022636E-12 -0.11550843E-04  0.81893261E-11
    3    4    0.13891240E-02 -0.14112847E-11 -0.12210650E-02  0.49096291E-11  0.25273923E-11 -0.12418274E-11
    4    4   -0.37889576E-04 -0.17810341E-12  0.11910929E-03  0.12474683E-11  0.86820109E-01 -0.15037684E+00

    6    3    0
    1    1   -0.38318019E-04  0.37203951E-11 -0.16872739E-04 -0.50786025E-11 -0.17364022E+00 -0.34728044E+00
    2    1    0.69879043E-12  0.33135864E-11 -0.88360286E-12  0.36710841E-11 -0.11994935E-03  0.98852458E-12
    3    1   -0.10396031E-02  0.51889915E-11 -0.33321607E-02 -0.85019231E-13 -0.28503077E-12  0.44066438E-11
    4    1   -0.41306835E-02  0.22997409E-11 -0.29157134E-02  0.44245287E-11  0.44681271E-11 -0.30636556E-11
    1    2   -0.54586871E-12 -0.17963724E-11 -0.11388783E-11 -0.33869178E-11 -0.32101780E-04  0.18893899E-11
    2    2    0.72477454E-07 -0.93715183E-12  0.41845599E-07  0.24186512E-12 -0.52092067E+00  0.69456089E+00
    3    2    0.29421114E-11  0.13300510E-11  0.25659132E-11  0.17064773E-11  0.16048991E-04  0.11043057E-10
    4    2   -0.82845742E-12 -0.34943431E-11 -0.22012501E-11  0.93573075E-12  0.92944338E-05  0.32117104E-11
    1    3    0.12665925E-04  0.31025063E-11 -0.68943391E-03 -0.50563161E-11  0.15057359E-11  0.29993131E-11
    2    3    0.68701141E-11 -0.44404947E-11 -0.34053150E-11  0.26635607E-11  0.14709016E-03  0.69513205E-12
    3    3   -0.24472583E-02 -0.43938160E-13  0.55273080E-02 -0.16726464E-12  0.86820113E-01  0.19100424E+01
    4    3    0.72179406E-02  0.25209048E-11 -0.33913188E-02 -0.21259773E-11  0.17671365E-11 -0.36388793E-11
    1    4    0.14794120E-02 -0.56222350E-11  0.26573552E-03 -0.22029665E-11 -0.23495385E-11  0.19922899E-11
    2    4   -0.44111328E-11  0.18600961E-11 -0.38673397E-11 -0.23510453E-11  0.87080057E-04  0.71080493E-12
    3    4    0.40921672E-02 -0.40108694E-11  0.24135449E-02  0.24813027E-11 -0.41892910E-12 -0.21879053E-11
    4    4    0.31230480E-02  0.68666145E-12 -0.53152250E-02 -0.17646468E-11  0.10418413E+01 -0.12154816E+01

    6    4    0
    1    1    0.88284155E-03 -0.25155613E-11 -0.88877706E-03  0.21731996E-11  0.86820112E-01  0.10526379E+01
    2    1   -0.29083706E-11 -0.75048366E-12 -0.16592534E-11  0.10182022E-11  0.73700047E-04  0.30097732E-11
    3    1    0.20397038E-02  0.54486931E-12  0.14035218E-02  0.16526010E-12  0.45424696E-11 -0.22398025E-11
    4    1    0.23037149E-02  0.15224695E-11 -0.34785528E-03 -0.33287067E-11 -0.11985096E-13 -0.20593854E-11
    1    2   -0.29562803E-11 -0.17582718E-12  0.25037986E-11  0.10463544E-11 -0.32436005E-04  0.26496789E-11
    2    2   -0.58218848E-06 -0.66337214E-12  0.68788255E-06  0.55229042E-12  0.60774078E+00  0.15037684E+00
    3    2    0.59509294E-11 -0.32206030E-12  0.45865242E-11  0.83874489E-12  0.96086292E-04  0.39529070E-12
    4    2   -0.32393962E-11 -0.13495606E-11 -0.13408200E-11  0.40278905E-11  0.53978799E-04  0.83643036E-11
    1    3    0.60654871E-03  0.12686853E-10  0.11739816E-02 -0.54329333E-11 -0.28697596E-12 -0.12405355E-11
    2    3    0.22027033E-11 -0.34979248E-11 -0.36075646E-11  0.67700862E-11 -0.31143029E-04 -0.13994291E-11
    3    3   -0.15889626E-02  0.95474561E-12  0.15524835E-02 -0.59872636E-12  0.21705028E+00 -0.11278263E+01
    4    3    0.15438503E-02 -0.98479781E-12  0.77435297E-02 -0.32117916E-11  0.16862095E-11 -0.13692593E-11
    1    4   -0.97411995E-03 -0.22725362E-11 -0.23191481E-03 -0.13788343E-10 -0.25034786E-11 -0.33354349E-11
    2    4   -0.13484483E-11  0.87361661E-11  0.37399755E-12  0.50421828E-11 -0.28966113E-04 -0.88230763E-11
    3    4   -0.11207759E-02 -0.10087290E-11  0.14449978E-02 -0.43975437E-11  0.19856735E-11  0.12935791E-11
    4    4   -0.32559486E-02 -0.88962475E-12  0.37999823E-02  0.82028243E-12  0.78138100E+00 -0.45113053E+00

    6    5    0
    1    1   -0.21043503E-03  0.25680284E-11  0.31218445E-03 -0.20393513E-11 -0.13334687E+00 -0.10385009E+00
    2    1   -0.18371130E-11 -0.34625711E-11 -0.39765521E-11  0.21969145E-11  0.16542630E-03  0.81387872E-11
    3    1   -0.11562060E-02  0.28353987E-11  0.20343518E-02  0.15533739E-11  0.16317861E-11 -0.13235942E-11
    4    1    0.42791716E-03 -0.24216554E-11  0.29566437E-02 -0.18426589E-12 -0.70786116E-12 -0.10998397E-11
    1    2    0.16315182E-11 -0.45886222E-12 -0.98692267E-12  0.31614330E-11  0.24758802E-03 -0.40116948E-11
    2    2   -0.95904603E-06 -0.57319340E-12  0.69257358E-06  0.44855460E-12  0.40293352E-01 -0.84493773E+00
    3    2   -0.54015905E-12 -0.49559920E-11 -0.17281835E-11 -0.25392652E-11  0.92147410E-04  0.13437526E-11
    4    2    0.70862785E-12  0.24207059E-11 -0.43888498E-11 -0.34710670E-11  0.16528572E-03 -0.52826219E-11
    1    3   -0.58942311E-03  0.92972319E-11 -0.11923751E-02 -0.44183751E-11  0.35832110E-12 -0.14093463E-11
    2    3    0.97623670E-12 -0.95865583E-12  0.38982540E-11  0.35774691E-11 -0.97992017E-04 -0.67239329E-11
    3    3    0.24472798E-02  0.14598823E-11 -0.19679756E-02 -0.10921099E-11 -0.78449770E+00  0.54958233E+00
    4    3   -0.77218209E-02  0.21039166E-11 -0.35913828E-02  0.27131441E-12  0.28566652E-11 -0.11596584E-11
    1    4    0.87500472E-03 -0.50671042E-11 -0.20224840E-02 -0.17271770E-10  0.64839864E-13 -0.17620322E-11
    2    4    0.97458341E-14  0.52723878E-11 -0.20979724E-11  0.33283014E-11 -0.12731510E-03 -0.87993314E-11
    3    4   -0.37855705E-02  0.11179141E-11 -0.54815874E-02 -0.81755403E-12  0.13084845E-11  0.41389650E-13
    4    4   -0.21293915E-02 -0.52704249E-12  0.99665770E-03  0.24015501E-12  0.26046033E+00  0.62477075E+00

    6    6    0
    1    1    0.68989567E-03  0.20515790E-16 -0.39831145E-03 -0.38639187E-15 -0.15627620E+01  0.26184295E-08
    2    1    0.84095741E-12 -0.56277000E-12 -0.13023813E-11 -0.73677805E-12  0.51473693E-03  0.37675009E-11
    3    1    0.44114762E-03 -0.47054216E-11 -0.23939660E-02  0.17395270E-11 -0.25781070E-11  0.24291458E-11
    4    1   -0.25756833E-02 -0.53394637E-11 -0.26012088E-02 -0.12014763E-10  0.15309648E-11 -0.95354687E-12
    1    2    0.21034930E-11 -0.24026274E-12 -0.39759796E-12 -0.92297770E-12  0.51473693E-03 -0.37675095E-11
    2    2   -0.10062203E-05 -0.32502500E-15  0.58094169E-06 -0.18652280E-15  0.12154816E+01  0.87281464E-09
    3    2    0.35379847E-11 -0.20516174E-11 -0.15073447E-12 -0.69256228E-11  0.53079693E-04 -0.18308327E-11
    4    2   -0.53626852E-11 -0.99046465E-12 -0.49255146E-12 -0.12706422E-11 -0.34625799E-04  0.44476832E-11
    1    3    0.31291180E-02  0.78596797E-11  0.33267218E-03 -0.55540330E-11 -0.25781204E-11 -0.24291766E-11
    2    3    0.15214720E-11 -0.26745765E-11 -0.27703442E-11 -0.65659572E-11  0.53079693E-04  0.18308345E-11
    3    3   -0.85117992E-03 -0.35570499E-15  0.49142896E-03 -0.20536900E-15  0.43410056E+00 -0.98190788E-09
    4    3    0.38483362E-02 -0.10667341E-11 -0.47659871E-02  0.21730877E-12  0.44473199E-11  0.64528860E-12
    1    4    0.54111961E-03 -0.79581443E-11  0.37758647E-02 -0.10528641E-10  0.15309565E-11  0.95355076E-12
    2    4   -0.16806684E-11 -0.42113231E-11  0.45590335E-11  0.58892131E-12 -0.34625800E-04 -0.44476862E-11
    3    4    0.53782797E-02  0.26356672E-11 -0.56100214E-03 -0.17749780E-11  0.44473143E-11 -0.64532769E-12
    4    4    0.58651655E-02 -0.35119863E-15 -0.33862549E-02 -0.13363965E-15  0.19100424E+01  0.87281344E-09

    7    2    0
    1    1    0.31474137E-10  0.72749966E-14 -0.10056941E-02  0.16277136E-11 -0.49765729E+00 -0.81544095E+00
    2    1    0.18972548E-11  0.17289071E-11  0.15172758E-11  0.98342880E-12  0.29610376E-03  0.33850780E-11
    3    1    0.16770797E-02  0.19586962E-11 -0.24069920E-02  0.55092148E-13  0.62339477E-11  0.28577439E-11
    4    1   -0.24781090E-02 -0.45822861E-12 -0.11103066E-02 -0.22819403E-11 -0.16547288E-11 -0.20111499E-11
    1    2    0.16146648E-11 -0.36291634E-12 -0.32924521E-12  0.14716900E-11  0.24700266E-03  0.16222074E-11
    2    2    0.39866892E-12  0.64163562E-12 -0.35282139E-06  0.11526487E-11 -0.71159086E+00  0.49142388E+00
    3    2   -0.61585671E-11 -0.49321965E-11  0.11778073E-11 -0.95349041E-12 -0.48263865E-11 -0.36346069E-11
    4    2   -0.15750112E-11  0.15143356E-11 -0.32265058E-12 -0.29674368E-11 -0.53597789E-04 -0.53586695E-11
    1    3   -0.16154931E-02  0.13768272E-11 -0.16059080E-02  0.43690109E-11 -0.11186271E-11 -0.32418573E-11
    2    3   -0.41136483E-11 -0.45973487E-12 -0.73622682E-11  0.57692267E-11 -0.62247489E-11 -0.14537784E-10
    3    3    0.30725526E-10 -0.31848070E-12  0.70642139E-02 -0.71067371E-12 -0.39069050E+00  0.94338953E+00
    4    3    0.44920186E-02 -0.46623206E-12 -0.30991782E-03 -0.20352482E-11 -0.95969724E-12  0.48210603E-11
    1    4    0.72567439E-03  0.58464987E-11 -0.73325453E-03  0.14436253E-11  0.51957006E-11  0.57706760E-12
    2    4   -0.62784106E-13  0.76790563E-11  0.61937291E-11  0.73070026E-12 -0.78361508E-05  0.44141413E-12
    3    4    0.16731352E-02  0.55278170E-12  0.18675298E-03 -0.34453910E-11 -0.24949196E-12  0.92170256E-12
    4    4    0.47111131E-10  0.26914885E-13 -0.45536293E-02  0.16109958E-11 -0.86820111E+00 -0.60035242E-09

    7    3    0
    1    1    0.47208059E-03  0.13861763E-11 -0.61422122E-03 -0.25469414E-11  0.21393358E+00  0.57323329E-01
    2    1    0.17034195E-11  0.28971840E-11  0.23453621E-11  0.17500429E-11 -0.73211091E-04 -0.33226202E-11
    3    1    0.26257743E-02  0.89091699E-12  0.24009394E-02  0.19910221E-11 -0.81798476E-12  0.34732413E-11
    4    1    0.26611158E-02  0.63394948E-11 -0.62527380E-03  0.40326512E-11 -0.83287667E-12 -0.27270967E-11
    1    2    0.55160367E-13 -0.17822830E-11 -0.25467274E-11  0.45737452E-12  0.39200720E-04 -0.29271414E-11
    2    2    0.43544269E-07  0.82682125E-12 -0.88451042E-07 -0.27961162E-11  0.90849446E+00  0.19690360E+00
    3    2    0.18569268E-11 -0.77929599E-12 -0.51618050E-12  0.15051877E-11 -0.63354711E-05 -0.23278789E-11
    4    2    0.25645511E-11  0.14734219E-11  0.10888615E-12  0.12714225E-11  0.47437889E-04  0.25491666E-11
    1    3    0.39067380E-03 -0.10003410E-10  0.68179166E-04 -0.51764730E-11 -0.21284474E-11  0.23401192E-11
    2    3   -0.20542345E-11 -0.31724440E-11 -0.25705972E-11  0.28808927E-11 -0.14604481E-03 -0.24301970E-11
    3    3   -0.53078424E-03 -0.71584687E-12 -0.13776119E-02  0.16438456E-12 -0.14464451E+01 -0.63556732E-01
    4    3   -0.10503786E-02  0.76273134E-12  0.28016545E-02 -0.31714725E-11 -0.31684608E-11  0.13592492E-11
    1    4   -0.98612704E-04 -0.40432350E-11  0.41753358E-03  0.87380627E-11  0.54833963E-11  0.35658237E-13
    2    4   -0.36742076E-11 -0.17104686E-12  0.29597250E-11 -0.17304186E-11 -0.31623668E-05  0.61077818E-11
    3    4   -0.22174380E-02 -0.18964425E-12  0.32969993E-03  0.34358295E-11  0.17917063E-11 -0.18579196E-11
    4    4   -0.40859462E-03 -0.14167053E-13  0.25017121E-02 -0.19344480E-11 -0.56121402E+00 -0.69790135E-01

    7    4    0
    1    1   -0.29944056E-03  0.25687185E-11  0.71351458E-03 -0.19503800E-11  0.37054382E+00 -0.51468726E+00
    2    1    0.33777911E-11  0.35495465E-11  0.55453617E-11 -0.73655304E-12  0.29598668E-03 -0.51552620E-11
    3    1   -0.23324212E-02 -0.12004479E-11  0.18276472E-03 -0.16616595E-11  0.17495473E-11 -0.34480375E-11
    4    1    0.63679721E-03  0.41986056E-11  0.29322172E-02  0.87413815E-12 -0.16276524E-11  0.37791544E-12
    1    2    0.33570658E-11  0.29968773E-11 -0.13329315E-11 -0.42372616E-11  0.33702818E-03 -0.90927721E-12
    2    2   -0.54831505E-07  0.19745247E-11  0.81937495E-07 -0.34145956E-11 -0.82167435E+00 -0.17364022E+00
    3    2    0.24075429E-11  0.13951991E-11  0.26298459E-11  0.99278591E-12  0.41430670E-04 -0.38659200E-12
    4    2    0.22518930E-11  0.38228768E-11  0.15381022E-11  0.31947505E-11 -0.28974964E-04  0.72735469E-11
    1    3    0.34046884E-04  0.44581551E-11  0.52584704E-03 -0.54879895E-11 -0.33199183E-11 -0.19687753E-11
    2    3    0.40318619E-11  0.81772635E-12  0.26016401E-11  0.57046535E-12 -0.72919236E-04  0.47856100E-11
    3    3    0.15477147E-02 -0.16302373E-11 -0.24415720E-02  0.41334557E-13  0.24031365E+00  0.46276222E+00
    4    3   -0.53937739E-02  0.68216873E-12 -0.29103258E-02  0.12572125E-12 -0.33169039E-11 -0.37042277E-11
    1    4    0.53710893E-03 -0.10482773E-10 -0.54160180E-03  0.28808699E-11  0.28874991E-12  0.13215667E-11
    2    4    0.60035656E-12  0.56194827E-11 -0.26338879E-11 -0.13717798E-11 -0.12479025E-03  0.12021701E-10
    3    4   -0.26725940E-02 -0.34257536E-11 -0.32980233E-02  0.48765834E-11  0.27600364E-11  0.37381346E-11
    4    4   -0.15515064E-02 -0.45614554E-14  0.90343937E-03  0.15590600E-12  0.73485424E+00  0.14464451E+01

    7    5    0
    1    1   -0.87178755E-03  0.10621880E-11  0.50377923E-03 -0.89368852E-12  0.12728049E+01 -0.86820111E-01
    2    1   -0.20441063E-11 -0.50825900E-11  0.23519467E-11 -0.34189180E-11  0.10200957E-03 -0.38813234E-11
    3    1   -0.45228367E-04 -0.47060005E-11 -0.25960208E-02 -0.25649823E-11 -0.13256910E-12 -0.20014729E-11
    4    1   -0.26895032E-02  0.20463334E-11 -0.28299542E-02  0.29540039E-11  0.10540170E-11 -0.37042192E-11
    1    2    0.51380390E-11 -0.20470744E-12  0.39297602E-11  0.18722043E-11  0.39304305E-04  0.42115878E-11
    2    2   -0.30555724E-06  0.24403974E-12  0.17641356E-06 -0.16588980E-12  0.12711346E+00 -0.42786715E+00
    3    2    0.34832937E-11  0.13392279E-11  0.40934961E-11 -0.34512472E-12 -0.45430861E-04 -0.47222183E-11
    4    2   -0.41001586E-11  0.46415095E-11 -0.66916448E-11  0.51316155E-11  0.24895080E-04 -0.86245658E-12
    1    3    0.36346004E-03  0.77116635E-11 -0.12688918E-03  0.22843167E-11 -0.20422802E-11 -0.44803583E-11
    2    3   -0.42879163E-11  0.15487705E-11  0.39702220E-11 -0.31276517E-11 -0.45206480E-05  0.34564683E-11
    3    3   -0.10799303E-02 -0.18965039E-11  0.11116115E-02  0.12196176E-11  0.69144419E+00  0.74648593E+00
    4    3    0.38020774E-02 -0.23894227E-11 -0.25898890E-02 -0.39636507E-11 -0.11336212E-11 -0.28263136E-11
    1    4    0.56226624E-04 -0.23712060E-11  0.35923548E-03 -0.69722579E-11  0.72983784E-12 -0.31722309E-11
    2    4    0.26289716E-11  0.16814687E-11  0.78199166E-13 -0.17946721E-11 -0.82198154E-07  0.23866935E-11
    3    4    0.49077454E-02  0.31307823E-12  0.11837897E-03  0.19403582E-11 -0.20748827E-11  0.24986934E-11
    4    4    0.35676483E-02 -0.97123720E-12 -0.25319941E-02  0.45151680E-12 -0.64803413E+00 -0.82167435E+00

    8    4    0
    1    1    0.77896825E-10 -0.83576844E-12  0.29657868E-05  0.11374996E-11  0.60774078E+00  0.10526379E+01
    2    1    0.21675827E-11 -0.55452294E-11 -0.10507159E-11 -0.21304650E-12  0.24701419E-03 -0.78115349E-11
    3    1    0.76714451E-03 -0.52804169E-11 -0.16313348E-02  0.54727786E-11 -0.19213440E-11 -0.60382056E-11
    4    1   -0.15415267E-02  0.35877723E-11 -0.94657342E-03  0.39282169E-11 -0.81408441E-12  0.28271149E-11
    1    2   -0.45498630E-11  0.17337750E-12 -0.14867753E-11 -0.46210758E-12  0.33702817E-03 -0.33943467E-11
    2    2    0.93460179E-12 -0.64072604E-12  0.84017905E-12 -0.19967159E-11 -0.17364022E+00  0.60150737E+00
    3    2    0.34562485E-11 -0.15544283E-11 -0.89159004E-12  0.27038847E-11  0.71531371E-11  0.58903854E-12
    4    2    0.18553259E-12  0.38171930E-11  0.31326290E-11  0.21313258E-12 -0.22697739E-05  0.58814837E-11
    1    3    0.38620515E-03 -0.11156419E-10 -0.69127683E-03 -0.78028621E-12  0.20031433E-11  0.21699700E-12
    2    3    0.17851231E-11 -0.16725207E-11  0.22393529E-11  0.16186671E-11  0.34517606E-11  0.33603409E-11
    3    3   -0.11765556E-09  0.20600862E-12  0.22577580E-02  0.10260980E-11  0.13457117E+01 -0.37594211E+00
    4    3    0.39766607E-02  0.24722601E-13 -0.17632009E-03  0.15325500E-11 -0.10147663E-11 -0.16307593E-11
    1    4   -0.35688602E-03 -0.14299660E-11 -0.24324984E-03  0.11671466E-10  0.18578719E-11  0.26201690E-11
    2    4   -0.21944538E-11 -0.36628359E-11 -0.60718414E-12  0.19106983E-11 -0.23034433E-05  0.19588629E-11
    3    4    0.39978557E-02  0.18701370E-11 -0.18949285E-03  0.46987092E-11  0.24209100E-11 -0.36198219E-12
    4    4    0.10984307E-09  0.47059307E-12 -0.22951873E-02  0.54034136E-12 -0.15627620E+01 -0.60150737E+00
